﻿Year,EmployerType,EmployerName,DepartmentOrSubdivision,Position,ElectedOfficial,Judicial,OtherPositions,MinPositionSalary,MaxPositionSalary,ReportedBaseWage,RegularPay,OvertimePay,LumpSumPay,OtherPay,TotalWages,DefinedBenefitPlanContribution,EmployeesRetirementCostCovered,DeferredCompensationPlan,HealthDentalVision,TotalRetirementAndHealthContribution,PensionFormula,EmployerURL,EmployerPopulation,LastUpdatedDate,EmployerCounty,SpecialDistrictActivities,IncludesUnfundedLiability,SpecialDistrictType
2023,State Department,Agricultural Labor Relations Board,,"General Counsel, Agriculture Labor Relations Board",False,False,,206244,212436,,192074,0,0,10572,202646,46733,0,0,23377,70110,Public Employees Retirement System,https://www.calhr.ca.gov,,08/06/2024,,,True,
2023,State Department,Agricultural Labor Relations Board,,"Attorney IV, Range A",False,False,,139728,179448,,175093,0,0,7301,182394,56418,0,0,3235,59653,Public Employees Retirement System,https://www.calhr.ca.gov,,08/06/2024,,,True,
2023,State Department,Agricultural Labor Relations Board,,Supervising Administrative Law Judge,False,False,,141792,187440,,176312,0,0,2485,178797,60374,0,0,18130,78504,Public Employees Retirement System,https://www.calhr.ca.gov,,08/06/2024,,,True,
2023,State Department,Agricultural Labor Relations Board,,"Chairperson, Agricultural Labor Relations Board",False,False,,181156,181156,,171156,0,0,493,171649,56985,0,0,18906,75891,Public Employees Retirement System,https://www.calhr.ca.gov,,08/06/2024,,,True,
2023,State Department,Agricultural Labor Relations Board,,"Member, Agriculture Labor Relations Board",False,False,,175578,175578,,166961,0,0,0,166961,46733,0,0,9397,56130,Public Employees Retirement System,https://www.calhr.ca.gov,,08/06/2024,,,True,
2023,State Department,Agricultural Labor Relations Board,,"Member, Agriculture Labor Relations Board",False,False,,175578,175578,,163405,0,0,900,164305,55230,0,0,9397,64627,Public Employees Retirement System,https://www.calhr.ca.gov,,08/06/2024,,,True,
2023,State Department,Agricultural Labor Relations Board,,"Member, Agriculture Labor Relations Board",False,False,,175578,175578,,164072,0,0,100,164172,55230,0,0,9397,64627,Public Employees Retirement System,https://www.calhr.ca.gov,,08/06/2024,,,True,
2023,State Department,Agricultural Labor Relations Board,,"Attorney IV, Range A",False,False,,139728,179448,,155930,0,0,7511,163441,46733,0,0,22693,69426,Public Employees Retirement System,https://www.calhr.ca.gov,,08/06/2024,,,True,
2023,State Department,Agricultural Labor Relations Board,,"Administrative Law Judge, Range B",False,False,,129384,170160,,162895,0,0,100,162995,54808,0,0,22693,77500,Public Employees Retirement System,https://www.calhr.ca.gov,,08/06/2024,,,True,
2023,State Department,Agricultural Labor Relations Board,,"Member, Agriculture Labor Relations Board",False,False,,175578,175578,,161250,0,0,850,162100,55230,0,0,23377,78607,Public Employees Retirement System,https://www.calhr.ca.gov,,08/06/2024,,,True,
2023,State Department,Agricultural Labor Relations Board,,"C.E.A., Range B",False,False,,117060,241728,,149492,0,0,8524,158016,51423,0,0,23377,74800,Public Employees Retirement System,https://www.calhr.ca.gov,,08/06/2024,,,True,
2023,State Department,Agricultural Labor Relations Board,,"Attorney III, Range A",False,False,,126432,162312,,154961,0,0,300,155261,51030,0,0,8857,59887,Public Employees Retirement System,https://www.calhr.ca.gov,,08/06/2024,,,True,
2023,State Department,Agricultural Labor Relations Board,,"Executive Secretary, Agriculture Labor Relations Board",False,False,,149364,166404,,146530,0,0,8269,154799,52122,0,0,23377,75499,Public Employees Retirement System,https://www.calhr.ca.gov,,08/06/2024,,,True,
2023,State Department,Agricultural Labor Relations Board,,"Attorney III, Range A",False,False,,126432,162312,,151603,0,0,300,151903,46733,0,0,22693,69426,Public Employees Retirement System,https://www.calhr.ca.gov,,08/06/2024,,,True,
2023,State Department,Agricultural Labor Relations Board,,"Associate General Counsel, Unfair Labor Practices, Agricultural Labor Relations Board",False,False,,139980,163824,,141336,0,0,6265,147601,48197,0,0,23377,71574,Public Employees Retirement System,https://www.calhr.ca.gov,,08/06/2024,,,True,
2023,State Department,Agricultural Labor Relations Board,,"Attorney III, Range A",False,False,,126432,162312,,135310,0,0,0,135310,46401,0,0,22693,69094,Public Employees Retirement System,https://www.calhr.ca.gov,,08/06/2024,,,True,
2023,State Department,Agricultural Labor Relations Board,,"Attorney, Range B",False,False,,104496,134076,,128031,0,0,600,128631,42544,0,0,8857,51401,Public Employees Retirement System,https://www.calhr.ca.gov,,08/06/2024,,,True,
2023,State Department,Agricultural Labor Relations Board,,"Attorney, Range B",False,False,,104496,134076,,123548,0,0,600,124148,41063,0,0,22693,63756,Public Employees Retirement System,https://www.calhr.ca.gov,,08/06/2024,,,True,
2023,State Department,Agricultural Labor Relations Board,,"Attorney, Range B",False,False,,104496,134076,,113297,0,0,10585,123882,40708,0,0,10309,51017,Public Employees Retirement System,https://www.calhr.ca.gov,,08/06/2024,,,True,
2023,State Department,Agricultural Labor Relations Board,,"Administrative Law Judge, Range B",False,False,,129384,170160,,65749,0,57244,200,123193,16863,0,0,831,17694,Public Employees Retirement System,https://www.calhr.ca.gov,,08/06/2024,,,True,
2023,State Department,Agricultural Labor Relations Board,,"Information Technology Specialist II, Range A",False,False,,97560,130716,,120378,0,0,600,120978,39883,0,0,136,40019,Public Employees Retirement System,https://www.calhr.ca.gov,,08/06/2024,,,True,
2023,State Department,Agricultural Labor Relations Board,,"Attorney, Range B",False,False,,104496,134076,,112705,0,0,600,113305,37297,0,0,17569,54866,Public Employees Retirement System,https://www.calhr.ca.gov,,08/06/2024,,,True,
2023,State Department,Agricultural Labor Relations Board,,"Administrative Law Judge, Range B",False,False,,129384,170160,,112577,0,0,450,113027,39934,0,0,22864,62798,Public Employees Retirement System,https://www.calhr.ca.gov,,08/06/2024,,,True,
2023,State Department,Agricultural Labor Relations Board,,"Attorney III, Range A",False,False,,126432,162312,,103835,0,0,3160,106995,38908,0,0,17569,56477,Public Employees Retirement System,https://www.calhr.ca.gov,,08/06/2024,,,True,
2023,State Department,Agricultural Labor Relations Board,,"Attorney, Range B",False,False,,104496,134076,,99462,0,0,2042,101503,33270,0,0,13213,46483,Public Employees Retirement System,https://www.calhr.ca.gov,,08/06/2024,,,True,
2023,State Department,Agricultural Labor Relations Board,,"Attorney, Range B",False,False,,104496,134076,,98046,0,0,2180,100226,32565,0,0,8857,41421,Public Employees Retirement System,https://www.calhr.ca.gov,,08/06/2024,,,True,
2023,State Department,Agricultural Labor Relations Board,,"Attorney, Range B",False,False,,104496,134076,,93504,0,0,2104,95608,30766,0,0,8857,39623,Public Employees Retirement System,https://www.calhr.ca.gov,,08/06/2024,,,True,
2023,State Department,Agricultural Labor Relations Board,,Staff Services Manager I,False,False,,81120,100776,,88614,0,0,6183,94797,31700,0,0,23377,55076,Public Employees Retirement System,https://www.calhr.ca.gov,,08/06/2024,,,True,
2023,State Department,Agricultural Labor Relations Board,,"Attorney, Range A",False,False,,92844,116760,,91729,0,0,2104,93833,30488,0,0,8857,39344,Public Employees Retirement System,https://www.calhr.ca.gov,,08/06/2024,,,True,
2023,State Department,Agricultural Labor Relations Board,,"Field Examiner III, Agricultural Labor Relations Board",False,False,,74916,93780,,84525,1977,0,6014,92516,30267,0,0,9397,39664,Public Employees Retirement System,https://www.calhr.ca.gov,,08/06/2024,,,True,
2023,State Department,Agricultural Labor Relations Board,,Staff Services Manager I,False,False,,81120,100776,,82597,0,0,5852,88449,29021,0,0,23377,52398,Public Employees Retirement System,https://www.calhr.ca.gov,,08/06/2024,,,True,
2023,State Department,Agricultural Labor Relations Board,,"Field Examiner III, Agricultural Labor Relations Board",False,False,,74916,93780,,79074,1776,0,6916,87766,28606,0,0,22925,51531,Public Employees Retirement System,https://www.calhr.ca.gov,,08/06/2024,,,True,
2023,State Department,Agricultural Labor Relations Board,,"Attorney, Range B",False,False,,104496,134076,,85209,0,0,1911,87120,28256,0,0,8165,36421,Public Employees Retirement System,https://www.calhr.ca.gov,,08/06/2024,,,True,
2023,State Department,Agricultural Labor Relations Board,,"Associate Governmental Program Analyst, Range A",False,False,,68208,85368,,79975,0,0,5608,85583,26854,0,0,8861,35716,Public Employees Retirement System,https://www.calhr.ca.gov,,08/06/2024,,,True,
2023,State Department,Agricultural Labor Relations Board,,"Attorney, Range B",False,False,,104496,134076,,59777,0,0,23774,83551,19441,0,0,136,19577,Public Employees Retirement System,https://www.calhr.ca.gov,,08/06/2024,,,True,
2023,State Department,Agricultural Labor Relations Board,,"Field Examiner II, Agricultural Labor Relations Board",False,False,,68208,85368,,80999,0,0,2420,83419,27622,0,0,9627,37249,Public Employees Retirement System,https://www.calhr.ca.gov,,08/06/2024,,,True,
2023,State Department,Agricultural Labor Relations Board,,"Field Examiner II, Agricultural Labor Relations Board",False,False,,68208,85368,,79272,1324,0,2420,83016,27622,0,0,17567,45189,Public Employees Retirement System,https://www.calhr.ca.gov,,08/06/2024,,,True,
2023,State Department,Agricultural Labor Relations Board,,"Field Examiner II, Agricultural Labor Relations Board",False,False,,68208,85368,,78952,884,0,600,80435,25601,0,0,1816,27417,Public Employees Retirement System,https://www.calhr.ca.gov,,08/06/2024,,,True,
2023,State Department,Agricultural Labor Relations Board,,"Field Examiner II, Agricultural Labor Relations Board",False,False,,68208,85368,,72040,1287,0,5320,78647,24518,0,0,8637,33156,Public Employees Retirement System,https://www.calhr.ca.gov,,08/06/2024,,,True,
2023,State Department,Agricultural Labor Relations Board,,Staff Services Manager I,False,False,,81120,100776,,65757,0,0,7888,73645,24223,0,0,8864,33087,Public Employees Retirement System,https://www.calhr.ca.gov,,08/06/2024,,,True,
2023,State Department,Agricultural Labor Relations Board,,"Field Examiner II, Agricultural Labor Relations Board",False,False,,68208,85368,,70484,0,0,1820,72304,25309,0,0,22698,48008,Public Employees Retirement System,https://www.calhr.ca.gov,,08/06/2024,,,True,
2023,State Department,Agricultural Labor Relations Board,,"Field Examiner I, Agricultural Labor Relations Board, Range B",False,False,,56712,70992,,70932,0,0,600,71532,23100,0,0,2202,25302,Public Employees Retirement System,https://www.calhr.ca.gov,,08/06/2024,,,True,
2023,State Department,Agricultural Labor Relations Board,,"Attorney IV, Range A",False,False,,139728,179448,,70667,0,0,0,70667,0,0,0,0,0,,https://www.calhr.ca.gov,,08/06/2024,,,True,
2023,State Department,Agricultural Labor Relations Board,,"Field Examiner I, Agricultural Labor Relations Board, Range B",False,False,,56712,70992,,63945,1599,0,4963,70507,21504,0,0,8710,30214,Public Employees Retirement System,https://www.calhr.ca.gov,,08/06/2024,,,True,
2023,State Department,Agricultural Labor Relations Board,,"Staff Services Analyst, Range C",False,False,,56712,70992,,64391,0,0,4477,68869,23100,0,0,17581,40681,Public Employees Retirement System,https://www.calhr.ca.gov,,08/06/2024,,,True,
2023,State Department,Agricultural Labor Relations Board,,"Associate Governmental Program Analyst, Range A",False,False,,68208,85368,,67260,747,0,-9,67999,22586,0,0,3581,26167,Public Employees Retirement System,https://www.calhr.ca.gov,,08/06/2024,,,True,
2023,State Department,Agricultural Labor Relations Board,,"Field Examiner I, Agricultural Labor Relations Board, Range B",False,False,,56712,70992,,66491,817,0,600,67908,22029,0,0,666,22695,Public Employees Retirement System,https://www.calhr.ca.gov,,08/06/2024,,,True,
2023,State Department,Agricultural Labor Relations Board,,"Associate Governmental Program Analyst, Range A",False,False,,68208,85368,,65129,0,0,2434,67563,22262,0,0,8637,30900,Public Employees Retirement System,https://www.calhr.ca.gov,,08/06/2024,,,True,
2023,State Department,Agricultural Labor Relations Board,,"Attorney III, Range A",False,False,,126432,162312,,66732,0,0,302,67034,21904,0,0,15128,37032,Public Employees Retirement System,https://www.calhr.ca.gov,,08/06/2024,,,True,
2023,State Department,Agricultural Labor Relations Board,,"Staff Services Analyst, Range C",False,False,,56712,70992,,63790,0,0,2875,66665,23017,0,0,26076,49093,Public Employees Retirement System,https://www.calhr.ca.gov,,08/06/2024,,,True,
2023,State Department,Agricultural Labor Relations Board,,"Associate Governmental Program Analyst, Range A",False,False,,68208,85368,,60492,0,0,2308,62800,20614,0,0,15982,36597,Public Employees Retirement System,https://www.calhr.ca.gov,,08/06/2024,,,True,
2023,State Department,Agricultural Labor Relations Board,,"Legal Secretary, Range B",False,False,,51924,65016,,57544,0,0,2270,59814,20052,0,0,8861,28914,Public Employees Retirement System,https://www.calhr.ca.gov,,08/06/2024,,,True,
2023,State Department,Agricultural Labor Relations Board,,"Field Examiner II, Agricultural Labor Relations Board",False,False,,68208,85368,,55732,0,0,2393,58125,19732,0,0,18494,38226,Public Employees Retirement System,https://www.calhr.ca.gov,,08/06/2024,,,True,
2023,State Department,Agricultural Labor Relations Board,,"Senior Legal Typist, Range B",False,False,,46680,58356,,52400,55,0,4308,56762,18718,0,0,17567,36285,Public Employees Retirement System,https://www.calhr.ca.gov,,08/06/2024,,,True,
2023,State Department,Agricultural Labor Relations Board,,"Staff Services Analyst, Range C",False,False,,56712,70992,,53947,0,0,2420,56367,18758,0,0,8579,27337,Public Employees Retirement System,https://www.calhr.ca.gov,,08/06/2024,,,True,
2023,State Department,Agricultural Labor Relations Board,,"Staff Services Analyst, Range C",False,False,,56712,70992,,48897,0,0,1817,50713,16309,0,0,7906,24214,Public Employees Retirement System,https://www.calhr.ca.gov,,08/06/2024,,,True,
2023,State Department,Agricultural Labor Relations Board,,"Office Technician (Typing), Range A",False,False,,43308,54216,,46803,645,0,1945,49393,12561,0,0,9080,21641,Public Employees Retirement System,https://www.calhr.ca.gov,,08/06/2024,,,True,
2023,State Department,Agricultural Labor Relations Board,,"Field Examiner I, Agricultural Labor Relations Board, Range B",False,False,,56712,70992,,45026,0,0,2420,47446,15803,0,0,8637,24440,Public Employees Retirement System,https://www.calhr.ca.gov,,08/06/2024,,,True,
2023,State Department,Agricultural Labor Relations Board,,"Field Examiner I, Agricultural Labor Relations Board, Range B",False,False,,56712,70992,,42619,501,0,2420,45540,15006,0,0,8675,23681,Public Employees Retirement System,https://www.calhr.ca.gov,,08/06/2024,,,True,
2023,State Department,Agricultural Labor Relations Board,,"Legal Secretary, Range B",False,False,,51924,65016,,40856,0,0,1560,42416,15238,0,0,21823,37061,Public Employees Retirement System,https://www.calhr.ca.gov,,08/06/2024,,,True,
2023,State Department,Agricultural Labor Relations Board,,"Associate General Counsel, Unfair Labor Practices, Agricultural Labor Relations Board",False,False,,139980,163824,,34955,0,6555,105,41615,11573,0,0,4553,16126,Public Employees Retirement System,https://www.calhr.ca.gov,,08/06/2024,,,True,
2023,State Department,Agricultural Labor Relations Board,,"Associate Governmental Program Analyst, Range A",False,False,,68208,85368,,37305,0,0,0,37305,0,0,0,0,0,,https://www.calhr.ca.gov,,08/06/2024,,,True,
2023,State Department,Agricultural Labor Relations Board,,"Field Examiner III, Agricultural Labor Relations Board",False,False,,74916,93780,,22051,774,753,9732,33310,8809,0,0,4698,13507,Public Employees Retirement System,https://www.calhr.ca.gov,,08/06/2024,,,True,
2023,State Department,Agricultural Labor Relations Board,,"Field Examiner II, Agricultural Labor Relations Board",False,False,,68208,85368,,24748,0,0,980,25728,8339,0,0,7582,15921,Public Employees Retirement System,https://www.calhr.ca.gov,,08/06/2024,,,True,
2023,State Department,Agricultural Labor Relations Board,,"Attorney, Range B",False,False,,104496,134076,,23170,0,0,-26,23143,7601,0,0,1475,9077,Public Employees Retirement System,https://www.calhr.ca.gov,,08/06/2024,,,True,
2023,State Department,Agricultural Labor Relations Board,,"Legal Secretary, Range A",False,False,,49440,61908,,13449,0,0,-207,13242,4851,0,0,7178,12030,Public Employees Retirement System,https://www.calhr.ca.gov,,08/06/2024,,,True,
2023,State Department,Agricultural Labor Relations Board,,"Administrative Law Judge, Range B",False,False,,129384,170160,,7677,0,0,0,7677,0,0,0,0,0,,https://www.calhr.ca.gov,,08/06/2024,,,True,
2023,State Department,Agricultural Labor Relations Board,,"Legal Secretary, Range B",False,False,,51924,65016,,6632,0,275,570,7477,2486,0,0,3653,6139,Public Employees Retirement System,https://www.calhr.ca.gov,,08/06/2024,,,True,

