﻿Year,EmployerType,EmployerName,DepartmentOrSubdivision,Position,ElectedOfficial,Judicial,OtherPositions,MinPositionSalary,MaxPositionSalary,ReportedBaseWage,RegularPay,OvertimePay,LumpSumPay,OtherPay,TotalWages,DefinedBenefitPlanContribution,EmployeesRetirementCostCovered,DeferredCompensationPlan,HealthDentalVision,TotalRetirementAndHealthContribution,PensionFormula,EmployerURL,EmployerPopulation,LastUpdatedDate,EmployerCounty,SpecialDistrictActivities,IncludesUnfundedLiability,SpecialDistrictType
2023,State Department,"Equalization, Board of",,Executive Director/Board of Equalization,False,False,,219552,239832,,206086,0,0,10048,216134,69063,0,0,18217,87279,Public Employees Retirement System,https://www.calhr.ca.gov,,08/06/2024,,,True,
2023,State Department,"Equalization, Board of",,"C.E.A., Range C",False,False,,117060,241728,,196605,0,0,8341,204946,65205,0,0,136,65341,Public Employees Retirement System,https://www.calhr.ca.gov,,08/06/2024,,,True,
2023,State Department,"Equalization, Board of",,Senior Petroleum and Mining Appraisal Engineer,False,False,,150288,188136,,187307,0,0,8012,195319,62922,0,0,23214,86136,Public Employees Retirement System,https://www.calhr.ca.gov,,08/06/2024,,,True,
2023,State Department,"Equalization, Board of",,"Attorney V, Range A",False,False,,147480,188220,,176433,0,0,630,177063,59207,0,0,22693,81899,Public Employees Retirement System,https://www.calhr.ca.gov,,08/06/2024,,,True,
2023,State Department,"Equalization, Board of",,Deputy to Board Member/Board of Equalization,False,False,,162888,181428,,165725,0,0,8990,174715,54863,0,0,9397,64259,Public Employees Retirement System,https://www.calhr.ca.gov,,08/06/2024,,,True,
2023,State Department,"Equalization, Board of",,"Attorney IV, Range A",False,False,,139728,179448,,170160,0,0,600,170760,56259,0,0,22693,78952,Public Employees Retirement System,https://www.calhr.ca.gov,,08/06/2024,,,True,
2023,State Department,"Equalization, Board of",,Board Member/Board of Equalization,True,False,,175576,175576,,169776,0,0,23,169799,53765,0,0,1897,55662,Public Employees Retirement System,https://www.calhr.ca.gov,,08/06/2024,,,True,
2023,State Department,"Equalization, Board of",,Board Member/Board of Equalization,True,False,,175576,175576,,166409,0,0,83,166492,0,0,0,9397,9397,,https://www.calhr.ca.gov,,08/06/2024,,,True,
2023,State Department,"Equalization, Board of",,"C.E.A., Range C",False,False,,117060,241728,,157893,0,0,8394,166287,53515,0,0,18217,71732,Public Employees Retirement System,https://www.calhr.ca.gov,,08/06/2024,,,True,
2023,State Department,"Equalization, Board of",,"C.E.A., Range B",False,False,,117060,241728,,153372,0,0,8225,161597,52513,0,0,23377,75889,Public Employees Retirement System,https://www.calhr.ca.gov,,08/06/2024,,,True,
2023,State Department,"Equalization, Board of",,Board Member/Board of Equalization,True,False,,175576,175576,,160063,0,0,0,160063,46733,0,0,23377,70110,Public Employees Retirement System,https://www.calhr.ca.gov,,08/06/2024,,,True,
2023,State Department,"Equalization, Board of",,Deputy to Board Member/Board of Equalization,False,False,,162888,181428,,150836,0,0,8502,159338,51239,0,0,23377,74616,Public Employees Retirement System,https://www.calhr.ca.gov,,08/06/2024,,,True,
2023,State Department,"Equalization, Board of",,"Attorney IV, Range A",False,False,,139728,179448,,144399,0,0,7436,151835,46276,0,0,3327,49603,Public Employees Retirement System,https://www.calhr.ca.gov,,08/06/2024,,,True,
2023,State Department,"Equalization, Board of",,"C.E.A., Range B",False,False,,117060,241728,,143254,0,0,8070,151324,47993,0,0,9397,57389,Public Employees Retirement System,https://www.calhr.ca.gov,,08/06/2024,,,True,
2023,State Department,"Equalization, Board of",,"C.E.A., Range A",False,False,,117060,241728,,143039,0,0,6165,149204,46874,0,0,2330,49205,Public Employees Retirement System,https://www.calhr.ca.gov,,08/06/2024,,,True,
2023,State Department,"Equalization, Board of",,"Attorney III, Range A",False,False,,126432,162312,,147113,0,0,550,147663,51030,0,0,17569,68599,Public Employees Retirement System,https://www.calhr.ca.gov,,08/06/2024,,,True,
2023,State Department,"Equalization, Board of",,Board Member/Board of Equalization,True,False,,175576,175576,,145670,0,0,-90,145580,46733,0,0,16698,63432,Public Employees Retirement System,https://www.calhr.ca.gov,,08/06/2024,,,True,
2023,State Department,"Equalization, Board of",,Deputy to Board Member/Board of Equalization,False,False,,162888,181428,,138155,0,0,5112,143267,45297,0,0,113,45409,Public Employees Retirement System,https://www.calhr.ca.gov,,08/06/2024,,,True,
2023,State Department,"Equalization, Board of",,Deputy to Board Member/Board of Equalization,False,False,,162888,181428,,141581,0,0,1296,142877,46733,0,0,8610,55343,Public Employees Retirement System,https://www.calhr.ca.gov,,08/06/2024,,,True,
2023,State Department,"Equalization, Board of",,Senior Specialist Property Appraiser (Board of Equalization),False,False,,86424,108156,,107748,1568,30803,2520,142639,36905,0,0,18851,55756,Public Employees Retirement System,https://www.calhr.ca.gov,,08/06/2024,,,True,
2023,State Department,"Equalization, Board of",,"C.E.A., Range A",False,False,,117060,241728,,132527,0,0,600,133127,43908,0,0,1890,45798,Public Employees Retirement System,https://www.calhr.ca.gov,,08/06/2024,,,True,
2023,State Department,"Equalization, Board of",,"Assistant to Board Member/Board of Equalization, Range A",False,False,,115932,129144,,125766,0,0,4458,130224,40625,0,0,1996,42621,Public Employees Retirement System,https://www.calhr.ca.gov,,08/06/2024,,,True,
2023,State Department,"Equalization, Board of",,"Attorney III, Range A",False,False,,126432,162312,,129333,0,0,463,129796,43858,0,0,23106,66963,Public Employees Retirement System,https://www.calhr.ca.gov,,08/06/2024,,,True,
2023,State Department,"Equalization, Board of",,"Assistant to Board Member/Board of Equalization, Range A",False,False,,115932,129144,,120071,0,0,7242,127313,40625,0,0,18217,58842,Public Employees Retirement System,https://www.calhr.ca.gov,,08/06/2024,,,True,
2023,State Department,"Equalization, Board of",,"Business Taxes Specialist III, Board of Equalization",False,False,,110292,131484,,118164,0,0,5510,123674,39396,0,0,2129,41525,Public Employees Retirement System,https://www.calhr.ca.gov,,08/06/2024,,,True,
2023,State Department,"Equalization, Board of",,"Business Taxes Administrator II, Board of Equalization",False,False,,95820,125208,,113775,0,0,7095,120870,39386,0,0,23377,62762,Public Employees Retirement System,https://www.calhr.ca.gov,,08/06/2024,,,True,
2023,State Department,"Equalization, Board of",,Principal Property Appraiser (Board of Equalization),False,False,,108984,123756,,115925,0,0,4731,120656,38930,0,0,9397,48327,Public Employees Retirement System,https://www.calhr.ca.gov,,08/06/2024,,,True,
2023,State Department,"Equalization, Board of",,"Business Taxes Specialist III, Board of Equalization",False,False,,110292,131484,,117207,0,0,2420,119627,41360,0,0,17567,58927,Public Employees Retirement System,https://www.calhr.ca.gov,,08/06/2024,,,True,
2023,State Department,"Equalization, Board of",,"Business Taxes Specialist II, Board of Equalization",False,False,,90708,119244,,111664,0,0,6873,118537,37511,0,0,16114,53625,Public Employees Retirement System,https://www.calhr.ca.gov,,08/06/2024,,,True,
2023,State Department,"Equalization, Board of",,"Assistant to Board Member/Board of Equalization, Range A",False,False,,115932,129144,,115820,0,0,2420,118240,38292,0,0,9397,47689,Public Employees Retirement System,https://www.calhr.ca.gov,,08/06/2024,,,True,
2023,State Department,"Equalization, Board of",,Principal Property Appraiser (Board of Equalization),False,False,,108984,123756,,111193,0,0,6873,118066,38110,0,0,18217,56327,Public Employees Retirement System,https://www.calhr.ca.gov,,08/06/2024,,,True,
2023,State Department,"Equalization, Board of",,"Business Taxes Specialist III, Board of Equalization",False,False,,110292,131484,,114066,0,0,2420,116486,41194,0,0,22698,63892,Public Employees Retirement System,https://www.calhr.ca.gov,,08/06/2024,,,True,
2023,State Department,"Equalization, Board of",,Principal Property Appraiser (Board of Equalization),False,False,,108984,123756,,112384,0,0,2420,114804,38930,0,0,23377,62307,Public Employees Retirement System,https://www.calhr.ca.gov,,08/06/2024,,,True,
2023,State Department,"Equalization, Board of",,Principal Property Appraiser (Board of Equalization),False,False,,108984,123756,,109586,0,0,4598,114184,36998,0,0,9397,46395,Public Employees Retirement System,https://www.calhr.ca.gov,,08/06/2024,,,True,
2023,State Department,"Equalization, Board of",,Senior Specialist Property Auditor Appraiser (Board of Equalization),False,False,,86424,113580,,105718,1315,0,6661,113694,35727,0,0,8861,44589,Public Employees Retirement System,https://www.calhr.ca.gov,,08/06/2024,,,True,
2023,State Department,"Equalization, Board of",,"Research Data Specialist III, Range A",False,False,,94932,118824,,111398,0,0,600,111998,36350,0,0,1816,38166,Public Employees Retirement System,https://www.calhr.ca.gov,,08/06/2024,,,True,
2023,State Department,"Equalization, Board of",,"Attorney, Range B",False,False,,104496,134076,,110325,0,0,600,110925,36540,0,0,8857,45397,Public Employees Retirement System,https://www.calhr.ca.gov,,08/06/2024,,,True,
2023,State Department,"Equalization, Board of",,"Research Data Specialist III, Range A",False,False,,94932,118824,,104138,0,0,6646,110784,36350,0,0,22698,59049,Public Employees Retirement System,https://www.calhr.ca.gov,,08/06/2024,,,True,
2023,State Department,"Equalization, Board of",,Senior Specialist Property Auditor Appraiser (Board of Equalization),False,False,,86424,113580,,109413,0,0,600,110013,35727,0,0,1816,37543,Public Employees Retirement System,https://www.calhr.ca.gov,,08/06/2024,,,True,
2023,State Department,"Equalization, Board of",,Staff Services Manager II (Supervisory),False,False,,89040,110628,,103419,0,0,6526,109945,34798,0,0,9397,44195,Public Employees Retirement System,https://www.calhr.ca.gov,,08/06/2024,,,True,
2023,State Department,"Equalization, Board of",,Senior Specialist Property Auditor Appraiser (Board of Equalization),False,False,,86424,113580,,100943,1287,0,6661,108891,35401,0,0,22698,58099,Public Employees Retirement System,https://www.calhr.ca.gov,,08/06/2024,,,True,
2023,State Department,"Equalization, Board of",,Senior Specialist Property Auditor Appraiser (Board of Equalization),False,False,,86424,113580,,100822,658,0,6661,108140,35253,0,0,22698,57951,Public Employees Retirement System,https://www.calhr.ca.gov,,08/06/2024,,,True,
2023,State Department,"Equalization, Board of",,Principal Property Appraiser (Board of Equalization),False,False,,108984,123756,,107685,0,0,381,108066,36301,0,0,25213,61514,Public Employees Retirement System,https://www.calhr.ca.gov,,08/06/2024,,,True,
2023,State Department,"Equalization, Board of",,Supervising Property Appraiser (Board of Equalization),False,False,,91368,113568,,101530,0,0,6490,108020,34407,0,0,9397,43804,Public Employees Retirement System,https://www.calhr.ca.gov,,08/06/2024,,,True,
2023,State Department,"Equalization, Board of",,Supervising Property Appraiser (Board of Equalization),False,False,,91368,113568,,101512,0,0,6490,108002,34155,0,0,9397,43551,Public Employees Retirement System,https://www.calhr.ca.gov,,08/06/2024,,,True,
2023,State Department,"Equalization, Board of",,Senior Specialist Property Auditor Appraiser (Board of Equalization),False,False,,86424,113580,,103595,1315,0,2420,107330,35727,0,0,17991,53718,Public Employees Retirement System,https://www.calhr.ca.gov,,08/06/2024,,,True,
2023,State Department,"Equalization, Board of",,"Research Data Specialist III, Range A",False,False,,94932,118824,,104138,0,0,2420,106558,36350,0,0,22698,59049,Public Employees Retirement System,https://www.calhr.ca.gov,,08/06/2024,,,True,
2023,State Department,"Equalization, Board of",,Supervising Property Appraiser (Board of Equalization),False,False,,91368,113568,,103988,0,0,2420,106408,35724,0,0,18217,53940,Public Employees Retirement System,https://www.calhr.ca.gov,,08/06/2024,,,True,
2023,State Department,"Equalization, Board of",,Senior Specialist Property Auditor Appraiser (Board of Equalization),False,False,,86424,113580,,103736,0,0,2420,106156,35727,0,0,17567,53294,Public Employees Retirement System,https://www.calhr.ca.gov,,08/06/2024,,,True,
2023,State Department,"Equalization, Board of",,Supervising Property Appraiser (Board of Equalization),False,False,,91368,113568,,103483,0,0,2420,105903,35724,0,0,18217,53940,Public Employees Retirement System,https://www.calhr.ca.gov,,08/06/2024,,,True,
2023,State Department,"Equalization, Board of",,Senior Specialist Property Auditor Appraiser (Board of Equalization),False,False,,86424,113580,,102899,0,0,2420,105319,35371,0,0,17581,52952,Public Employees Retirement System,https://www.calhr.ca.gov,,08/06/2024,,,True,
2023,State Department,"Equalization, Board of",,Senior Specialist Property Appraiser (Board of Equalization),False,False,,86424,108156,,98827,0,0,6458,105286,34021,0,0,17567,51587,Public Employees Retirement System,https://www.calhr.ca.gov,,08/06/2024,,,True,
2023,State Department,"Equalization, Board of",,Senior Specialist Property Appraiser (Board of Equalization),False,False,,86424,108156,,98581,0,0,6458,105039,34021,0,0,17581,51602,Public Employees Retirement System,https://www.calhr.ca.gov,,08/06/2024,,,True,
2023,State Department,"Equalization, Board of",,Staff Services Manager I,False,False,,81120,100776,,94334,4514,0,6183,105031,31722,0,0,18217,49939,Public Employees Retirement System,https://www.calhr.ca.gov,,08/06/2024,,,True,
2023,State Department,"Equalization, Board of",,Senior Specialist Property Appraiser (Board of Equalization),False,False,,86424,108156,,104364,0,0,600,104964,34021,0,0,1816,35837,Public Employees Retirement System,https://www.calhr.ca.gov,,08/06/2024,,,True,
2023,State Department,"Equalization, Board of",,"Assistant to Board Member/Board of Equalization, Range A",False,False,,115932,129144,,103199,0,0,1428,104627,34075,0,0,8602,42676,Public Employees Retirement System,https://www.calhr.ca.gov,,08/06/2024,,,True,
2023,State Department,"Equalization, Board of",,Senior Specialist Property Auditor Appraiser (Board of Equalization),False,False,,86424,113580,,102041,0,0,2306,104347,35727,0,0,22698,58426,Public Employees Retirement System,https://www.calhr.ca.gov,,08/06/2024,,,True,
2023,State Department,"Equalization, Board of",,Supervising Property Appraiser (Board of Equalization),False,False,,91368,113568,,101637,0,0,2420,104057,34073,0,0,9397,43470,Public Employees Retirement System,https://www.calhr.ca.gov,,08/06/2024,,,True,
2023,State Department,"Equalization, Board of",,Senior Specialist Property Appraiser (Board of Equalization),False,False,,86424,108156,,100618,0,0,2420,103038,34021,0,0,8637,42658,Public Employees Retirement System,https://www.calhr.ca.gov,,08/06/2024,,,True,
2023,State Department,"Equalization, Board of",,Senior Specialist Property Appraiser (Board of Equalization),False,False,,86424,108156,,100567,0,0,2420,102987,34021,0,0,8861,42882,Public Employees Retirement System,https://www.calhr.ca.gov,,08/06/2024,,,True,
2023,State Department,"Equalization, Board of",,"Attorney III, Range A",False,False,,126432,162312,,100812,0,0,1965,102777,36933,0,0,22693,59626,Public Employees Retirement System,https://www.calhr.ca.gov,,08/06/2024,,,True,
2023,State Department,"Equalization, Board of",,Senior Specialist Property Auditor Appraiser (Board of Equalization),False,False,,86424,113580,,99289,632,0,2109,102030,34151,0,0,17567,51717,Public Employees Retirement System,https://www.calhr.ca.gov,,08/06/2024,,,True,
2023,State Department,"Equalization, Board of",,Senior Specialist Property Auditor Appraiser (Board of Equalization),False,False,,86424,113580,,99483,0,0,2420,101903,34809,0,0,22698,57507,Public Employees Retirement System,https://www.calhr.ca.gov,,08/06/2024,,,True,
2023,State Department,"Equalization, Board of",,Senior Specialist Property Appraiser (Board of Equalization),False,False,,86424,108156,,98823,0,0,2420,101243,34021,0,0,17581,51602,Public Employees Retirement System,https://www.calhr.ca.gov,,08/06/2024,,,True,
2023,State Department,"Equalization, Board of",,Senior Specialist Property Auditor Appraiser (Board of Equalization),False,False,,86424,113580,,97110,0,0,2712,99821,34030,0,0,22767,56797,Public Employees Retirement System,https://www.calhr.ca.gov,,08/06/2024,,,True,
2023,State Department,"Equalization, Board of",,Senior Specialist Property Appraiser (Board of Equalization),False,False,,86424,108156,,96754,0,0,2420,99174,34021,0,0,22767,56788,Public Employees Retirement System,https://www.calhr.ca.gov,,08/06/2024,,,True,
2023,State Department,"Equalization, Board of",,Supervising Property Appraiser (Board of Equalization),False,False,,91368,113568,,95870,0,0,2443,98313,33617,0,0,23377,56994,Public Employees Retirement System,https://www.calhr.ca.gov,,08/06/2024,,,True,
2023,State Department,"Equalization, Board of",,Staff Services Manager I,False,False,,81120,100776,,92106,0,0,6183,98289,31700,0,0,18217,49916,Public Employees Retirement System,https://www.calhr.ca.gov,,08/06/2024,,,True,
2023,State Department,"Equalization, Board of",,Senior Specialist Property Appraiser (Board of Equalization),False,False,,86424,108156,,95458,0,0,2469,97928,32143,0,0,11264,43407,Public Employees Retirement System,https://www.calhr.ca.gov,,08/06/2024,,,True,
2023,State Department,"Equalization, Board of",,Supervising Property Appraiser (Board of Equalization),False,False,,91368,113568,,91072,0,0,4771,95843,31822,0,0,23377,55199,Public Employees Retirement System,https://www.calhr.ca.gov,,08/06/2024,,,True,
2023,State Department,"Equalization, Board of",,Associate Property Auditor Appraiser (Board of Equalization),False,False,,75168,98856,,91741,1150,0,2420,95311,31096,0,0,8861,39958,Public Employees Retirement System,https://www.calhr.ca.gov,,08/06/2024,,,True,
2023,State Department,"Equalization, Board of",,Senior Specialist Property Auditor Appraiser (Board of Equalization),False,False,,86424,113580,,92474,0,0,2420,94894,32494,0,0,22767,55261,Public Employees Retirement System,https://www.calhr.ca.gov,,08/06/2024,,,True,
2023,State Department,"Equalization, Board of",,Associate Property Auditor Appraiser (Board of Equalization),False,False,,75168,98856,,91741,0,0,2370,94111,31096,0,0,8861,39958,Public Employees Retirement System,https://www.calhr.ca.gov,,08/06/2024,,,True,
2023,State Department,"Equalization, Board of",,Associate Property Auditor Appraiser (Board of Equalization),False,False,,75168,98856,,91639,0,0,2420,94059,31096,0,0,8861,39958,Public Employees Retirement System,https://www.calhr.ca.gov,,08/06/2024,,,True,
2023,State Department,"Equalization, Board of",,Associate Property Appraiser (Board of Equalization),False,False,,75168,94164,,87189,0,0,5936,93125,29620,0,0,9203,38822,Public Employees Retirement System,https://www.calhr.ca.gov,,08/06/2024,,,True,
2023,State Department,"Equalization, Board of",,"Attorney, Range B",False,False,,104496,134076,,90128,0,0,2164,92292,32306,0,0,22693,54999,Public Employees Retirement System,https://www.calhr.ca.gov,,08/06/2024,,,True,
2023,State Department,"Equalization, Board of",,Associate Property Auditor Appraiser (Board of Equalization),False,False,,75168,98856,,88677,0,0,2716,91393,31096,0,0,19173,50269,Public Employees Retirement System,https://www.calhr.ca.gov,,08/06/2024,,,True,
2023,State Department,"Equalization, Board of",,Associate Property Auditor Appraiser (Board of Equalization),False,False,,75168,98856,,88790,0,0,2420,91210,30068,0,0,8637,38705,Public Employees Retirement System,https://www.calhr.ca.gov,,08/06/2024,,,True,
2023,State Department,"Equalization, Board of",,Research Data Supervisor I,False,False,,85176,105816,,88746,0,0,2420,91166,30876,0,0,22517,53393,Public Employees Retirement System,https://www.calhr.ca.gov,,08/06/2024,,,True,
2023,State Department,"Equalization, Board of",,Associate Property Appraiser (Board of Equalization),False,False,,75168,94164,,85160,0,0,5936,91096,29620,0,0,17991,47610,Public Employees Retirement System,https://www.calhr.ca.gov,,08/06/2024,,,True,
2023,State Department,"Equalization, Board of",,Associate Property Appraiser (Board of Equalization),False,False,,75168,94164,,90462,0,0,600,91062,29620,0,0,2485,32104,Public Employees Retirement System,https://www.calhr.ca.gov,,08/06/2024,,,True,
2023,State Department,"Equalization, Board of",,Senior Specialist Property Appraiser (Board of Equalization),False,False,,86424,108156,,88255,0,0,2420,90675,29936,0,0,8822,38758,Public Employees Retirement System,https://www.calhr.ca.gov,,08/06/2024,,,True,
2023,State Department,"Equalization, Board of",,"Research Data Specialist I, Range A",False,False,,78660,98472,,87882,0,0,2420,90302,30125,0,0,22767,52891,Public Employees Retirement System,https://www.calhr.ca.gov,,08/06/2024,,,True,
2023,State Department,"Equalization, Board of",,Associate Property Appraiser (Board of Equalization),False,False,,75168,94164,,89121,0,0,600,89721,28970,0,0,1816,30786,Public Employees Retirement System,https://www.calhr.ca.gov,,08/06/2024,,,True,
2023,State Department,"Equalization, Board of",,Associate Property Appraiser (Board of Equalization),False,False,,75168,94164,,84204,0,0,5497,89701,29620,0,0,22074,51693,Public Employees Retirement System,https://www.calhr.ca.gov,,08/06/2024,,,True,
2023,State Department,"Equalization, Board of",,Supervising Property Appraiser (Board of Equalization),False,False,,91368,113568,,86850,0,0,2370,89220,29277,0,0,9484,38760,Public Employees Retirement System,https://www.calhr.ca.gov,,08/06/2024,,,True,
2023,State Department,"Equalization, Board of",,Senior Specialist Property Appraiser (Board of Equalization),False,False,,86424,108156,,85341,0,0,2420,87761,28974,0,0,8861,37835,Public Employees Retirement System,https://www.calhr.ca.gov,,08/06/2024,,,True,
2023,State Department,"Equalization, Board of",,"Research Data Analyst II, Range A",False,False,,75180,94176,,81052,0,0,6093,87145,28810,0,0,22698,51509,Public Employees Retirement System,https://www.calhr.ca.gov,,08/06/2024,,,True,
2023,State Department,"Equalization, Board of",,Associate Property Appraiser (Board of Equalization),False,False,,75168,94164,,84073,0,0,2420,86493,29620,0,0,17567,47186,Public Employees Retirement System,https://www.calhr.ca.gov,,08/06/2024,,,True,
2023,State Department,"Equalization, Board of",,Senior Specialist Property Appraiser (Board of Equalization),False,False,,86424,108156,,83447,0,0,2420,85867,28298,0,0,8637,36935,Public Employees Retirement System,https://www.calhr.ca.gov,,08/06/2024,,,True,
2023,State Department,"Equalization, Board of",,Senior Specialist Property Auditor Appraiser (Board of Equalization),False,False,,86424,113580,,80770,2142,0,2420,85332,28185,0,0,17567,45752,Public Employees Retirement System,https://www.calhr.ca.gov,,08/06/2024,,,True,
2023,State Department,"Equalization, Board of",,"Associate Governmental Program Analyst, Range A",False,False,,68208,85368,,78818,0,0,5608,84426,26854,0,0,9217,36071,Public Employees Retirement System,https://www.calhr.ca.gov,,08/06/2024,,,True,
2023,State Department,"Equalization, Board of",,"Associate Governmental Program Analyst, Range A",False,False,,68208,85368,,80128,0,0,2420,82548,26854,0,0,8404,35258,Public Employees Retirement System,https://www.calhr.ca.gov,,08/06/2024,,,True,
2023,State Department,"Equalization, Board of",,Staff Services Manager I,False,False,,81120,100776,,78887,0,0,2420,81307,27321,0,0,23377,50698,Public Employees Retirement System,https://www.calhr.ca.gov,,08/06/2024,,,True,
2023,State Department,"Equalization, Board of",,Senior Specialist Property Appraiser (Board of Equalization),False,False,,86424,108156,,78400,0,0,1917,80316,27416,0,0,21544,48960,Public Employees Retirement System,https://www.calhr.ca.gov,,08/06/2024,,,True,
2023,State Department,"Equalization, Board of",,"Associate Governmental Program Analyst, Range A",False,False,,68208,85368,,79337,0,0,600,79937,25728,0,0,1816,27544,Public Employees Retirement System,https://www.calhr.ca.gov,,08/06/2024,,,True,
2023,State Department,"Equalization, Board of",,"Attorney III, Range A",False,False,,126432,162312,,79716,0,0,0,79716,0,0,0,0,0,,https://www.calhr.ca.gov,,08/06/2024,,,True,
2023,State Department,"Equalization, Board of",,"Associate Governmental Program Analyst, Range A",False,False,,68208,85368,,76954,0,0,2420,79374,26854,0,0,17567,44421,Public Employees Retirement System,https://www.calhr.ca.gov,,08/06/2024,,,True,
2023,State Department,"Equalization, Board of",,"Associate Governmental Program Analyst, Range A",False,False,,68208,85368,,76954,0,0,2420,79374,26854,0,0,17567,44421,Public Employees Retirement System,https://www.calhr.ca.gov,,08/06/2024,,,True,
2023,State Department,"Equalization, Board of",,"Associate Governmental Program Analyst, Range A",False,False,,68208,85368,,76747,0,0,2420,79167,26854,0,0,17581,44435,Public Employees Retirement System,https://www.calhr.ca.gov,,08/06/2024,,,True,
2023,State Department,"Equalization, Board of",,Senior Specialist Property Appraiser (Board of Equalization),False,False,,86424,108156,,76421,0,0,2420,78841,27091,0,0,22001,49093,Public Employees Retirement System,https://www.calhr.ca.gov,,08/06/2024,,,True,
2023,State Department,"Equalization, Board of",,Associate Property Auditor Appraiser (Board of Equalization),False,False,,75168,98856,,75094,972,0,2420,78486,26736,0,0,22767,49503,Public Employees Retirement System,https://www.calhr.ca.gov,,08/06/2024,,,True,
2023,State Department,"Equalization, Board of",,Senior Specialist Property Appraiser (Board of Equalization),False,False,,86424,108156,,76801,0,0,1675,78476,26193,0,0,8599,34791,Public Employees Retirement System,https://www.calhr.ca.gov,,08/06/2024,,,True,
2023,State Department,"Equalization, Board of",,Associate Property Appraiser (Board of Equalization),False,False,,75168,94164,,74742,0,0,3648,78390,25414,0,0,8934,34347,Public Employees Retirement System,https://www.calhr.ca.gov,,08/06/2024,,,True,
2023,State Department,"Equalization, Board of",,Senior Specialist Property Appraiser (Board of Equalization),False,False,,86424,108156,,74326,1075,0,2420,77821,26359,0,0,8637,34996,Public Employees Retirement System,https://www.calhr.ca.gov,,08/06/2024,,,True,
2023,State Department,"Equalization, Board of",,"Associate Governmental Program Analyst, Range A",False,False,,68208,85368,,75395,0,0,2420,77815,26854,0,0,17581,44435,Public Employees Retirement System,https://www.calhr.ca.gov,,08/06/2024,,,True,
2023,State Department,"Equalization, Board of",,Associate Property Appraiser (Board of Equalization),False,False,,75168,94164,,73296,1912,0,2420,77628,24934,0,0,8637,33572,Public Employees Retirement System,https://www.calhr.ca.gov,,08/06/2024,,,True,
2023,State Department,"Equalization, Board of",,"Associate Governmental Program Analyst, Range A",False,False,,68208,85368,,74714,0,0,2420,77134,25445,0,0,8861,34306,Public Employees Retirement System,https://www.calhr.ca.gov,,08/06/2024,,,True,
2023,State Department,"Equalization, Board of",,"Administrative Assistant II, Range L",False,False,,70260,87948,,73476,0,0,2220,75696,25054,0,0,9080,34135,Public Employees Retirement System,https://www.calhr.ca.gov,,08/06/2024,,,True,
2023,State Department,"Equalization, Board of",,"Associate Governmental Program Analyst, Range A",False,False,,68208,85368,,69173,0,0,5203,74376,23648,0,0,8822,32470,Public Employees Retirement System,https://www.calhr.ca.gov,,08/06/2024,,,True,
2023,State Department,"Equalization, Board of",,Hearing Reporter,False,False,,81564,102060,,70479,0,0,2270,72749,24034,0,0,17953,41987,Public Employees Retirement System,https://www.calhr.ca.gov,,08/06/2024,,,True,
2023,State Department,"Equalization, Board of",,"Research Data Analyst I, Range C",False,False,,62544,78288,,70326,0,0,2420,72746,23950,0,0,8637,32587,Public Employees Retirement System,https://www.calhr.ca.gov,,08/06/2024,,,True,
2023,State Department,"Equalization, Board of",,Associate Property Appraiser (Board of Equalization),False,False,,75168,94164,,67046,1760,0,2450,71256,23573,0,0,17581,41154,Public Employees Retirement System,https://www.calhr.ca.gov,,08/06/2024,,,True,
2023,State Department,"Equalization, Board of",,Associate Property Appraiser (Board of Equalization),False,False,,75168,94164,,67986,0,0,2420,70406,24246,0,0,21987,46233,Public Employees Retirement System,https://www.calhr.ca.gov,,08/06/2024,,,True,
2023,State Department,"Equalization, Board of",,Associate Property Auditor Appraiser (Board of Equalization),False,False,,75168,98856,,65985,0,0,2420,68405,23294,0,0,17581,40875,Public Employees Retirement System,https://www.calhr.ca.gov,,08/06/2024,,,True,
2023,State Department,"Equalization, Board of",,"Administrative Assistant I, Range A",False,False,,56712,70992,,67131,0,0,699,67830,22332,0,0,357,22689,Public Employees Retirement System,https://www.calhr.ca.gov,,08/06/2024,,,True,
2023,State Department,"Equalization, Board of",,"Associate Governmental Program Analyst, Range A",False,False,,68208,85368,,65326,0,0,1881,67207,23186,0,0,21987,45173,Public Employees Retirement System,https://www.calhr.ca.gov,,08/06/2024,,,True,
2023,State Department,"Equalization, Board of",,Associate Property Auditor Appraiser (Board of Equalization),False,False,,75168,98856,,63648,0,0,3052,66699,21737,0,0,8404,30140,Public Employees Retirement System,https://www.calhr.ca.gov,,08/06/2024,,,True,
2023,State Department,"Equalization, Board of",,"Staff Services Analyst, Range C",False,False,,56712,70992,,66088,0,0,600,66688,21896,0,0,136,22032,Public Employees Retirement System,https://www.calhr.ca.gov,,08/06/2024,,,True,
2023,State Department,"Equalization, Board of",,"Research Data Analyst II, Range A",False,False,,75180,94176,,64093,0,0,2370,66463,22890,0,0,17567,40457,Public Employees Retirement System,https://www.calhr.ca.gov,,08/06/2024,,,True,
2023,State Department,"Equalization, Board of",,"Associate Governmental Program Analyst, Range A",False,False,,68208,85368,,63820,0,0,2420,66240,21909,0,0,22074,43983,Public Employees Retirement System,https://www.calhr.ca.gov,,08/06/2024,,,True,
2023,State Department,"Equalization, Board of",,"Associate Governmental Program Analyst, Range A",False,False,,68208,85368,,63423,0,0,2060,65483,22019,0,0,22767,44786,Public Employees Retirement System,https://www.calhr.ca.gov,,08/06/2024,,,True,
2023,State Department,"Equalization, Board of",,"Associate Governmental Program Analyst, Range A",False,False,,68208,85368,,61048,0,0,2420,63468,20910,0,0,8637,29547,Public Employees Retirement System,https://www.calhr.ca.gov,,08/06/2024,,,True,
2023,State Department,"Equalization, Board of",,"C.E.A., Range A",False,False,,117060,241728,,61524,0,0,77,61600,20664,0,0,11688,32352,Public Employees Retirement System,https://www.calhr.ca.gov,,08/06/2024,,,True,
2023,State Department,"Equalization, Board of",,Associate Property Auditor Appraiser (Board of Equalization),False,False,,75168,98856,,60653,0,0,590,61243,19811,0,0,1079,20890,Public Employees Retirement System,https://www.calhr.ca.gov,,08/06/2024,,,True,
2023,State Department,"Equalization, Board of",,Assistant Property Appraiser (Board of Equalization),False,False,,62532,78312,,58499,0,0,2420,60919,19919,0,0,17080,37000,Public Employees Retirement System,https://www.calhr.ca.gov,,08/06/2024,,,True,
2023,State Department,"Equalization, Board of",,Associate Property Auditor Appraiser (Board of Equalization),False,False,,75168,98856,,60326,0,0,450,60776,19709,0,0,2120,21829,Public Employees Retirement System,https://www.calhr.ca.gov,,08/06/2024,,,True,
2023,State Department,"Equalization, Board of",,"Tax Counsel III (Specialist), Range A",False,False,,122700,157416,,0,0,58508,0,58508,0,0,0,0,0,Public Employees Retirement System,https://www.calhr.ca.gov,,08/06/2024,,,True,
2023,State Department,"Equalization, Board of",,"Staff Services Analyst, Range C",False,False,,56712,70992,,57863,0,0,550,58413,18969,0,0,2526,21495,Public Employees Retirement System,https://www.calhr.ca.gov,,08/06/2024,,,True,
2023,State Department,"Equalization, Board of",,"Tax Technician III, Board of Equalization",False,False,,48024,60168,,52631,0,0,4426,57057,18407,0,0,21971,40378,Public Employees Retirement System,https://www.calhr.ca.gov,,08/06/2024,,,True,
2023,State Department,"Equalization, Board of",,"Staff Services Analyst, Range C",False,False,,56712,70992,,52433,2295,0,1859,56587,18643,0,0,17186,35829,Public Employees Retirement System,https://www.calhr.ca.gov,,08/06/2024,,,True,
2023,State Department,"Equalization, Board of",,Assistant Property Appraiser (Board of Equalization),False,False,,62532,78312,,53765,0,0,2375,56139,19150,0,0,17513,36663,Public Employees Retirement System,https://www.calhr.ca.gov,,08/06/2024,,,True,
2023,State Department,"Equalization, Board of",,"Office Technician (Typing), Range A",False,False,,43308,54216,,48847,0,4196,2546,55589,16942,0,0,9965,26907,Public Employees Retirement System,https://www.calhr.ca.gov,,08/06/2024,,,True,
2023,State Department,"Equalization, Board of",,"Staff Services Analyst, Range C",False,False,,56712,70992,,52306,0,0,2420,54726,18290,0,0,12586,30876,Public Employees Retirement System,https://www.calhr.ca.gov,,08/06/2024,,,True,
2023,State Department,"Equalization, Board of",,Assistant Property Auditor Appraiser (Board of Equalization),False,False,,62532,82212,,51868,139,0,2420,54427,17489,0,0,8637,26126,Public Employees Retirement System,https://www.calhr.ca.gov,,08/06/2024,,,True,
2023,State Department,"Equalization, Board of",,"Tax Technician III, Board of Equalization",False,False,,48024,60168,,49629,0,0,2420,52049,18407,0,0,22767,41174,Public Employees Retirement System,https://www.calhr.ca.gov,,08/06/2024,,,True,
2023,State Department,"Equalization, Board of",,Special Consultant,False,False,,0,1200000,,0,0,51311,0,51311,0,0,0,0,0,Public Employees Retirement System,https://www.calhr.ca.gov,,08/06/2024,,,True,
2023,State Department,"Equalization, Board of",,"Tax Technician II, Board of Equalization",False,False,,44328,55560,,49610,0,0,600,50210,15884,0,0,1816,17700,Public Employees Retirement System,https://www.calhr.ca.gov,,08/06/2024,,,True,
2023,State Department,"Equalization, Board of",,Assistant Property Appraiser (Board of Equalization),False,False,,62532,78312,,47274,0,0,2420,49694,16310,0,0,8637,24948,Public Employees Retirement System,https://www.calhr.ca.gov,,08/06/2024,,,True,
2023,State Department,"Equalization, Board of",,"Office Technician (General), Range A",False,False,,42516,53280,,47350,0,0,2120,49470,16389,0,0,8861,25250,Public Employees Retirement System,https://www.calhr.ca.gov,,08/06/2024,,,True,
2023,State Department,"Equalization, Board of",,Assistant Property Appraiser (Board of Equalization),False,False,,62532,78312,,47202,0,0,1636,48838,16124,0,0,7186,23310,Public Employees Retirement System,https://www.calhr.ca.gov,,08/06/2024,,,True,
2023,State Department,"Equalization, Board of",,Supervising Property Appraiser (Board of Equalization),False,False,,91368,113568,,49541,0,0,-838,48703,18152,0,0,11700,29852,Public Employees Retirement System,https://www.calhr.ca.gov,,08/06/2024,,,True,
2023,State Department,"Equalization, Board of",,"Executive Assistant, Range A",False,False,,53532,66996,,46119,0,0,2420,48539,17335,0,0,22767,40102,Public Employees Retirement System,https://www.calhr.ca.gov,,08/06/2024,,,True,
2023,State Department,"Equalization, Board of",,Associate Property Appraiser (Board of Equalization),False,False,,75168,94164,,46748,0,0,1016,47764,15861,0,0,5758,21619,Public Employees Retirement System,https://www.calhr.ca.gov,,08/06/2024,,,True,
2023,State Department,"Equalization, Board of",,"Office Technician (Typing), Range A",False,False,,43308,54216,,45168,0,0,2420,47588,16675,0,0,16768,33443,Public Employees Retirement System,https://www.calhr.ca.gov,,08/06/2024,,,True,
2023,State Department,"Equalization, Board of",,"Tax Technician III, Board of Equalization",False,False,,48024,60168,,43811,955,0,2345,47111,16403,0,0,22698,39102,Public Employees Retirement System,https://www.calhr.ca.gov,,08/06/2024,,,True,
2023,State Department,"Equalization, Board of",,"Attorney IV, Range A",False,False,,139728,179448,,43507,0,0,0,43507,0,0,0,0,0,,https://www.calhr.ca.gov,,08/06/2024,,,True,
2023,State Department,"Equalization, Board of",,"Tax Technician II, Board of Equalization",False,False,,44328,55560,,40757,0,0,2420,43177,15460,0,0,22698,38159,Public Employees Retirement System,https://www.calhr.ca.gov,,08/06/2024,,,True,
2023,State Department,"Equalization, Board of",,Information Officer II,False,False,,84816,105396,,42562,0,0,0,42562,0,0,0,0,0,,https://www.calhr.ca.gov,,08/06/2024,,,True,
2023,State Department,"Equalization, Board of",,Associate Property Appraiser (Board of Equalization),False,False,,75168,94164,,40319,0,0,300,40619,13473,0,0,3618,17091,Public Employees Retirement System,https://www.calhr.ca.gov,,08/06/2024,,,True,
2023,State Department,"Equalization, Board of",,Assistant Property Auditor Appraiser (Board of Equalization),False,False,,62532,82212,,37157,0,1096,2220,40473,12727,0,0,5714,18441,Public Employees Retirement System,https://www.calhr.ca.gov,,08/06/2024,,,True,
2023,State Department,"Equalization, Board of",,Junior Property Appraiser,False,False,,43680,52104,,38387,0,0,1956,40343,13278,0,0,8626,21903,Public Employees Retirement System,https://www.calhr.ca.gov,,08/06/2024,,,True,
2023,State Department,"Equalization, Board of",,Junior Property Appraiser,False,False,,43680,52104,,38940,0,0,600,39540,12343,0,0,1816,14159,Public Employees Retirement System,https://www.calhr.ca.gov,,08/06/2024,,,True,
2023,State Department,"Equalization, Board of",,Junior Property Appraiser,False,False,,43680,52104,,32081,0,0,590,32671,10348,0,0,1079,11426,Public Employees Retirement System,https://www.calhr.ca.gov,,08/06/2024,,,True,
2023,State Department,"Equalization, Board of",,"Office Technician (General), Range A",False,False,,42516,53280,,26735,0,3262,2170,32168,9285,0,0,5211,14496,Public Employees Retirement System,https://www.calhr.ca.gov,,08/06/2024,,,True,
2023,State Department,"Equalization, Board of",,"Staff Services Analyst, Range C",False,False,,56712,70992,,20320,0,0,1016,21336,7107,0,0,5591,12698,Public Employees Retirement System,https://www.calhr.ca.gov,,08/06/2024,,,True,
2023,State Department,"Equalization, Board of",,"Associate Governmental Program Analyst, Range A",False,False,,68208,85368,,21030,0,0,0,21030,0,0,0,0,0,,https://www.calhr.ca.gov,,08/06/2024,,,True,
2023,State Department,"Equalization, Board of",,Junior Property Appraiser,False,False,,43680,52104,,19925,0,0,300,20225,6595,0,0,57,6652,Public Employees Retirement System,https://www.calhr.ca.gov,,08/06/2024,,,True,
2023,State Department,"Equalization, Board of",,"Attorney IV, Range A",False,False,,139728,179448,,20086,0,0,0,20086,0,0,0,0,0,,https://www.calhr.ca.gov,,08/06/2024,,,True,
2023,State Department,"Equalization, Board of",,"Staff Services Analyst, Range C",False,False,,56712,70992,,19880,0,0,-49,19830,6874,0,0,5586,12460,Public Employees Retirement System,https://www.calhr.ca.gov,,08/06/2024,,,True,
2023,State Department,"Equalization, Board of",,Deputy to Board Member/Board of Equalization,False,False,,162888,181428,,0,0,18906,0,18906,0,0,0,0,0,Public Employees Retirement System,https://www.calhr.ca.gov,,08/06/2024,,,True,
2023,State Department,"Equalization, Board of",,Senior Specialist Property Auditor Appraiser (Board of Equalization),False,False,,86424,113580,,17228,0,0,0,17228,0,0,0,0,0,,https://www.calhr.ca.gov,,08/06/2024,,,True,
2023,State Department,"Equalization, Board of",,"C.E.A., Range A",False,False,,117060,241728,,13026,0,2045,570,15641,4408,0,0,1565,5974,Public Employees Retirement System,https://www.calhr.ca.gov,,08/06/2024,,,True,
2023,State Department,"Equalization, Board of",,Assistant Property Auditor Appraiser (Board of Equalization),False,False,,62532,82212,,14650,0,0,65,14715,4979,0,0,5586,10565,Public Employees Retirement System,https://www.calhr.ca.gov,,08/06/2024,,,True,
2023,State Department,"Equalization, Board of",,"Associate Governmental Program Analyst, Range A",False,False,,68208,85368,,11694,0,0,-169,11525,4071,0,0,4181,8251,Public Employees Retirement System,https://www.calhr.ca.gov,,08/06/2024,,,True,
2023,State Department,"Equalization, Board of",,Senior Specialist Property Appraiser (Board of Equalization),False,False,,86424,108156,,7875,0,3157,0,11032,2673,0,0,738,3411,Public Employees Retirement System,https://www.calhr.ca.gov,,08/06/2024,,,True,
2023,State Department,"Equalization, Board of",,Senior Specialist Property Appraiser (Board of Equalization),False,False,,86424,108156,,10515,0,0,0,10515,0,0,0,0,0,,https://www.calhr.ca.gov,,08/06/2024,,,True,
2023,State Department,"Equalization, Board of",,Assistant Property Appraiser (Board of Equalization),False,False,,62532,78312,,7232,0,2053,310,9595,2496,0,0,1400,3896,Public Employees Retirement System,https://www.calhr.ca.gov,,08/06/2024,,,True,
2023,State Department,"Equalization, Board of",,"Research Data Analyst I, Range C",False,False,,62544,78288,,9303,0,0,100,9403,3177,0,0,1392,4569,Public Employees Retirement System,https://www.calhr.ca.gov,,08/06/2024,,,True,
2023,State Department,"Equalization, Board of",,Senior Specialist Property Appraiser (Board of Equalization),False,False,,86424,108156,,9114,0,0,100,9214,3007,0,0,11,3018,Public Employees Retirement System,https://www.calhr.ca.gov,,08/06/2024,,,True,
2023,State Department,"Equalization, Board of",,"Associate Governmental Program Analyst, Range A",False,False,,68208,85368,,8771,0,0,100,8871,2894,0,0,11,2905,Public Employees Retirement System,https://www.calhr.ca.gov,,08/06/2024,,,True,
2023,State Department,"Equalization, Board of",,"Attorney, Range B",False,False,,104496,134076,,8474,0,0,50,8524,2787,0,0,1891,4678,Public Employees Retirement System,https://www.calhr.ca.gov,,08/06/2024,,,True,
2023,State Department,"Equalization, Board of",,Senior Specialist Property Auditor Appraiser (Board of Equalization),False,False,,86424,113580,,6759,0,0,0,6759,0,0,0,0,0,,https://www.calhr.ca.gov,,08/06/2024,,,True,
2023,State Department,"Equalization, Board of",,Hearing Reporter,False,False,,81564,102060,,3295,0,0,0,3295,1093,0,0,0,1093,Public Employees Retirement System,https://www.calhr.ca.gov,,08/06/2024,,,True,
2023,State Department,"Equalization, Board of",,Associate Property Appraiser (Board of Equalization),False,False,,75168,94164,,2209,0,0,50,2259,729,0,0,0,729,Public Employees Retirement System,https://www.calhr.ca.gov,,08/06/2024,,,True,
2023,State Department,"Equalization, Board of",,"Office Assistant (Typing), Range B",False,False,,40152,50280,,1986,0,0,50,2036,655,0,0,0,655,Public Employees Retirement System,https://www.calhr.ca.gov,,08/06/2024,,,True,

