﻿Year,EmployerType,EmployerName,DepartmentOrSubdivision,Position,ElectedOfficial,Judicial,OtherPositions,MinPositionSalary,MaxPositionSalary,ReportedBaseWage,RegularPay,OvertimePay,LumpSumPay,OtherPay,TotalWages,DefinedBenefitPlanContribution,EmployeesRetirementCostCovered,DeferredCompensationPlan,HealthDentalVision,TotalRetirementAndHealthContribution,PensionFormula,EmployerURL,EmployerPopulation,LastUpdatedDate,EmployerCounty,SpecialDistrictActivities,IncludesUnfundedLiability,SpecialDistrictType
2023,State Department,"Governors of Community Colleges, Board of",,Deputy Chancellor,False,False,,240096,290952,,272842,0,0,9710,282552,46733,0,0,770,47504,Public Employees Retirement System,https://www.calhr.ca.gov,,08/06/2024,,,True,
2023,State Department,"Governors of Community Colleges, Board of",,"C.E.A., Range B",False,False,,117060,241728,,211877,0,0,2120,213997,71893,0,0,23377,95270,Public Employees Retirement System,https://www.calhr.ca.gov,,08/06/2024,,,True,
2023,State Department,"Governors of Community Colleges, Board of",,Chancellor,False,False,,423588,423588,,205455,0,0,-118,205337,46733,0,0,4695,51429,Public Employees Retirement System,https://www.calhr.ca.gov,,08/06/2024,,,True,
2023,State Department,"Governors of Community Colleges, Board of",,"Executive Vice Chancellor, Institutional Supports and Success",False,False,,170400,195840,,181676,0,0,7594,189270,46733,0,0,1996,48729,Public Employees Retirement System,https://www.calhr.ca.gov,,08/06/2024,,,True,
2023,State Department,"Governors of Community Colleges, Board of",,"Attorney IV, Range A",False,False,,139728,179448,,169111,0,0,10640,179751,46733,0,0,22693,69426,Public Employees Retirement System,https://www.calhr.ca.gov,,08/06/2024,,,True,
2023,State Department,"Governors of Community Colleges, Board of",,"Attorney V, Range A",False,False,,147480,188220,,178276,0,0,600,178876,57354,0,0,1996,59350,Public Employees Retirement System,https://www.calhr.ca.gov,,08/06/2024,,,True,
2023,State Department,"Governors of Community Colleges, Board of",,"C.E.A., Range B",False,False,,117060,241728,,161673,0,0,8881,170554,54424,0,0,9397,63821,Public Employees Retirement System,https://www.calhr.ca.gov,,08/06/2024,,,True,
2023,State Department,"Governors of Community Colleges, Board of",,"Executive Vice Chancellor, Data, Evidence, and Analytics",False,False,,170400,189864,,168977,0,0,600,169577,51285,0,0,136,51421,Public Employees Retirement System,https://www.calhr.ca.gov,,08/06/2024,,,True,
2023,State Department,"Governors of Community Colleges, Board of",,"Executive Vice Chancellor, Educational Services and Support",False,False,,170400,195840,,162348,0,0,2217,164565,48981,0,0,9397,58377,Public Employees Retirement System,https://www.calhr.ca.gov,,08/06/2024,,,True,
2023,State Department,"Governors of Community Colleges, Board of",,Community College Administrator I,False,False,,106536,133392,,80065,0,70807,7496,158368,27628,0,0,12144,39772,Public Employees Retirement System,https://www.calhr.ca.gov,,08/06/2024,,,True,
2023,State Department,"Governors of Community Colleges, Board of",,"Vice Chancellor, Governmental Relations",False,False,"Member, Student Aid Commission/Student Aid Commission",130608,163476,,145292,0,0,7936,153228,48487,0,0,18217,66704,Public Employees Retirement System,https://www.calhr.ca.gov,,08/06/2024,,,True,
2023,State Department,"Governors of Community Colleges, Board of",,"Community College Program Assistant, Range A",False,False,,80736,101052,,93828,0,51638,6194,151660,31788,0,0,8861,40649,Public Employees Retirement System,https://www.calhr.ca.gov,,08/06/2024,,,True,
2023,State Department,"Governors of Community Colleges, Board of",,Vice Chancellor of Finance and Facilities,False,False,,143340,159696,,139819,0,0,7954,147773,46838,0,0,18217,65055,Public Employees Retirement System,https://www.calhr.ca.gov,,08/06/2024,,,True,
2023,State Department,"Governors of Community Colleges, Board of",,"C.E.A., Range B",False,False,,117060,241728,,138005,0,0,8160,146165,46175,0,0,23377,69552,Public Employees Retirement System,https://www.calhr.ca.gov,,08/06/2024,,,True,
2023,State Department,"Governors of Community Colleges, Board of",,Information Technology Manager I,False,False,,106188,142284,,136652,0,0,5914,142566,44758,0,0,3450,48208,Public Employees Retirement System,https://www.calhr.ca.gov,,08/06/2024,,,True,
2023,State Department,"Governors of Community Colleges, Board of",,"C.E.A., Range B",False,False,,117060,241728,,136152,0,0,2420,138572,44378,0,0,18217,62595,Public Employees Retirement System,https://www.calhr.ca.gov,,08/06/2024,,,True,
2023,State Department,"Governors of Community Colleges, Board of",,Information Technology Manager I,False,False,,106188,142284,,129975,0,0,7734,137709,44758,0,0,23377,68135,Public Employees Retirement System,https://www.calhr.ca.gov,,08/06/2024,,,True,
2023,State Department,"Governors of Community Colleges, Board of",,"Director, Communications",False,False,,127500,142008,,131264,0,0,2420,133684,44670,0,0,23377,68047,Public Employees Retirement System,https://www.calhr.ca.gov,,08/06/2024,,,True,
2023,State Department,"Governors of Community Colleges, Board of",,Education Administrator I,False,False,,106632,133560,,83224,0,47463,2250,132937,28921,0,0,17533,46453,Public Employees Retirement System,https://www.calhr.ca.gov,,08/06/2024,,,True,
2023,State Department,"Governors of Community Colleges, Board of",,Community College Administrator I,False,False,,106536,133392,,124938,0,0,7418,132356,41960,0,0,9397,51356,Public Employees Retirement System,https://www.calhr.ca.gov,,08/06/2024,,,True,
2023,State Department,"Governors of Community Colleges, Board of",,Information Technology Specialist III,False,False,,107532,144108,,124901,0,0,7302,132203,41885,0,0,22349,64233,Public Employees Retirement System,https://www.calhr.ca.gov,,08/06/2024,,,True,
2023,State Department,"Governors of Community Colleges, Board of",,Education Administrator I,False,False,,106632,133560,,124728,0,0,7407,132135,41821,0,0,9397,51218,Public Employees Retirement System,https://www.calhr.ca.gov,,08/06/2024,,,True,
2023,State Department,"Governors of Community Colleges, Board of",,Education Administrator I,False,False,,106632,133560,,123936,0,0,7407,131343,41898,0,0,18217,60115,Public Employees Retirement System,https://www.calhr.ca.gov,,08/06/2024,,,True,
2023,State Department,"Governors of Community Colleges, Board of",,"Information Technology Specialist II, Range A",False,False,,97560,130716,,124360,0,0,5482,129842,41119,0,0,2826,43945,Public Employees Retirement System,https://www.calhr.ca.gov,,08/06/2024,,,True,
2023,State Department,"Governors of Community Colleges, Board of",,"Assistant Vice Chancellor,Student Equity and Success",False,False,,127500,142008,,127091,0,0,2427,129518,44281,0,0,18217,62498,Public Employees Retirement System,https://www.calhr.ca.gov,,08/06/2024,,,True,
2023,State Department,"Governors of Community Colleges, Board of",,"Information Technology Specialist II, Range A",False,False,,97560,130716,,121678,0,0,7341,129019,41119,0,0,9381,50500,Public Employees Retirement System,https://www.calhr.ca.gov,,08/06/2024,,,True,
2023,State Department,"Governors of Community Colleges, Board of",,Education Administrator I,False,False,,106632,133560,,125502,0,0,2465,127967,42013,0,0,9397,51410,Public Employees Retirement System,https://www.calhr.ca.gov,,08/06/2024,,,True,
2023,State Department,"Governors of Community Colleges, Board of",,Information Technology Specialist III,False,False,,107532,144108,,126288,0,0,550,126838,41841,0,0,136,41977,Public Employees Retirement System,https://www.calhr.ca.gov,,08/06/2024,,,True,
2023,State Department,"Governors of Community Colleges, Board of",,"Information Technology Specialist II, Range A",False,False,,97560,130716,,118528,0,0,7302,125830,41119,0,0,22698,63817,Public Employees Retirement System,https://www.calhr.ca.gov,,08/06/2024,,,True,
2023,State Department,"Governors of Community Colleges, Board of",,"Information Technology Specialist II, Range A",False,False,,97560,130716,,118505,0,0,7302,125807,41119,0,0,22767,63886,Public Employees Retirement System,https://www.calhr.ca.gov,,08/06/2024,,,True,
2023,State Department,"Governors of Community Colleges, Board of",,"Attorney, Range B",False,False,,104496,134076,,123760,0,0,1936,125696,40807,0,0,17569,58376,Public Employees Retirement System,https://www.calhr.ca.gov,,08/06/2024,,,True,
2023,State Department,"Governors of Community Colleges, Board of",,"Information Technology Specialist II, Range A",False,False,,97560,130716,,121904,0,0,2420,124324,41119,0,0,8822,49941,Public Employees Retirement System,https://www.calhr.ca.gov,,08/06/2024,,,True,
2023,State Department,"Governors of Community Colleges, Board of",,"C.E.A., Range A",False,False,,117060,241728,,122124,0,0,2150,124274,41677,0,0,18217,59894,Public Employees Retirement System,https://www.calhr.ca.gov,,08/06/2024,,,True,
2023,State Department,"Governors of Community Colleges, Board of",,Community College Administrator II,False,False,,117780,140052,,116024,0,0,5987,122011,40220,0,0,9397,49617,Public Employees Retirement System,https://www.calhr.ca.gov,,08/06/2024,,,True,
2023,State Department,"Governors of Community Colleges, Board of",,Community College Administrator I,False,False,,106536,133392,,114078,0,0,6310,120388,38553,0,0,9397,47950,Public Employees Retirement System,https://www.calhr.ca.gov,,08/06/2024,,,True,
2023,State Department,"Governors of Community Colleges, Board of",,"Information Technology Specialist I, Range C",False,False,,88956,119184,,111161,0,0,6962,118123,37492,0,0,17615,55106,Public Employees Retirement System,https://www.calhr.ca.gov,,08/06/2024,,,True,
2023,State Department,"Governors of Community Colleges, Board of",,"Information Technology Specialist I, Range C",False,False,,88956,119184,,112795,0,0,5050,117845,37371,0,0,136,37507,Public Employees Retirement System,https://www.calhr.ca.gov,,08/06/2024,,,True,
2023,State Department,"Governors of Community Colleges, Board of",,Accounting Administrator III,False,False,,108264,122916,,115194,0,0,2420,117614,38666,0,0,9397,48062,Public Employees Retirement System,https://www.calhr.ca.gov,,08/06/2024,,,True,
2023,State Department,"Governors of Community Colleges, Board of",,Education Administrator I,False,False,,106632,133560,,114517,0,0,2420,116937,38526,0,0,9397,47923,Public Employees Retirement System,https://www.calhr.ca.gov,,08/06/2024,,,True,
2023,State Department,"Governors of Community Colleges, Board of",,"Information Technology Specialist I, Range C",False,False,,88956,119184,,111782,0,0,5050,116832,37492,0,0,2051,39543,Public Employees Retirement System,https://www.calhr.ca.gov,,08/06/2024,,,True,
2023,State Department,"Governors of Community Colleges, Board of",,"Information Technology Specialist II, Range A",False,False,,97560,130716,,114389,0,0,2364,116753,39205,0,0,18218,57423,Public Employees Retirement System,https://www.calhr.ca.gov,,08/06/2024,,,True,
2023,State Department,"Governors of Community Colleges, Board of",,"Community College Specialist, Range A",False,False,,93168,116616,,108756,0,0,6774,115530,36683,0,0,8787,45470,Public Employees Retirement System,https://www.calhr.ca.gov,,08/06/2024,,,True,
2023,State Department,"Governors of Community Colleges, Board of",,Community College Administrator I,False,False,,106536,133392,,109483,0,0,3869,113352,38518,0,0,23215,61734,Public Employees Retirement System,https://www.calhr.ca.gov,,08/06/2024,,,True,
2023,State Department,"Governors of Community Colleges, Board of",,"Community College Specialist, Range A",False,False,,93168,116616,,112400,0,0,600,113000,36683,0,0,1816,38499,Public Employees Retirement System,https://www.calhr.ca.gov,,08/06/2024,,,True,
2023,State Department,"Governors of Community Colleges, Board of",,"Attorney, Range B",False,False,,104496,134076,,110609,0,0,2062,112671,36457,0,0,8818,45276,Public Employees Retirement System,https://www.calhr.ca.gov,,08/06/2024,,,True,
2023,State Department,"Governors of Community Colleges, Board of",,"Community College Specialist, Range A",False,False,,93168,116616,,111547,0,0,600,112147,36576,0,0,2826,39403,Public Employees Retirement System,https://www.calhr.ca.gov,,08/06/2024,,,True,
2023,State Department,"Governors of Community Colleges, Board of",,Community College Administrator I,False,False,,106536,133392,,105032,0,0,6993,112025,38504,0,0,18217,56721,Public Employees Retirement System,https://www.calhr.ca.gov,,08/06/2024,,,True,
2023,State Department,"Governors of Community Colleges, Board of",,"Community College Specialist, Range A",False,False,,93168,116616,,105139,0,0,6774,111913,36683,0,0,22698,59382,Public Employees Retirement System,https://www.calhr.ca.gov,,08/06/2024,,,True,
2023,State Department,"Governors of Community Colleges, Board of",,"Community College Specialist, Range A",False,False,,93168,116616,,105139,0,0,6774,111913,36683,0,0,22698,59382,Public Employees Retirement System,https://www.calhr.ca.gov,,08/06/2024,,,True,
2023,State Department,"Governors of Community Colleges, Board of",,"Community College Specialist, Range A",False,False,,93168,116616,,110364,0,0,623,110987,36683,0,0,593,37277,Public Employees Retirement System,https://www.calhr.ca.gov,,08/06/2024,,,True,
2023,State Department,"Governors of Community Colleges, Board of",,"Community College Specialist, Range A",False,False,,93168,116616,,106660,0,0,2450,109110,36683,0,0,17567,54250,Public Employees Retirement System,https://www.calhr.ca.gov,,08/06/2024,,,True,
2023,State Department,"Governors of Community Colleges, Board of",,"Community College Specialist, Range A",False,False,,93168,116616,,106621,0,0,2420,109041,36683,0,0,17567,54250,Public Employees Retirement System,https://www.calhr.ca.gov,,08/06/2024,,,True,
2023,State Department,"Governors of Community Colleges, Board of",,"Community College Specialist, Range A",False,False,,93168,116616,,101299,0,0,6774,108073,35823,0,0,22698,58521,Public Employees Retirement System,https://www.calhr.ca.gov,,08/06/2024,,,True,
2023,State Department,"Governors of Community Colleges, Board of",,"Community College Specialist, Range A",False,False,,93168,116616,,105389,0,0,2450,107839,36683,0,0,17581,54264,Public Employees Retirement System,https://www.calhr.ca.gov,,08/06/2024,,,True,
2023,State Department,"Governors of Community Colleges, Board of",,"Community College Specialist, Range A",False,False,,93168,116616,,105389,0,0,2420,107809,36683,0,0,17581,54264,Public Employees Retirement System,https://www.calhr.ca.gov,,08/06/2024,,,True,
2023,State Department,"Governors of Community Colleges, Board of",,"Community College Specialist, Range A",False,False,,93168,116616,,105139,0,0,2450,107589,36683,0,0,22698,59382,Public Employees Retirement System,https://www.calhr.ca.gov,,08/06/2024,,,True,
2023,State Department,"Governors of Community Colleges, Board of",,"Community College Specialist, Range A",False,False,,93168,116616,,105104,0,0,2420,107524,36683,0,0,22767,59450,Public Employees Retirement System,https://www.calhr.ca.gov,,08/06/2024,,,True,
2023,State Department,"Governors of Community Colleges, Board of",,"Community College Specialist, Range A",False,False,,93168,116616,,104936,0,0,2420,107356,36683,0,0,22698,59382,Public Employees Retirement System,https://www.calhr.ca.gov,,08/06/2024,,,True,
2023,State Department,"Governors of Community Colleges, Board of",,Staff Services Manager III,False,False,,108264,122916,,104769,0,0,2420,107189,36365,0,0,23377,59742,Public Employees Retirement System,https://www.calhr.ca.gov,,08/06/2024,,,True,
2023,State Department,"Governors of Community Colleges, Board of",,Staff Services Manager III,False,False,,108264,122916,,99756,0,0,6187,105944,34917,0,0,18217,53134,Public Employees Retirement System,https://www.calhr.ca.gov,,08/06/2024,,,True,
2023,State Department,"Governors of Community Colleges, Board of",,Accounting Administrator II,False,False,,89040,110628,,102648,0,0,2420,105068,34549,0,0,9397,43946,Public Employees Retirement System,https://www.calhr.ca.gov,,08/06/2024,,,True,
2023,State Department,"Governors of Community Colleges, Board of",,Staff Services Manager III,False,False,,108264,122916,,102468,0,0,2420,104888,34488,0,0,9397,43885,Public Employees Retirement System,https://www.calhr.ca.gov,,08/06/2024,,,True,
2023,State Department,"Governors of Community Colleges, Board of",,"Community College Specialist, Range A",False,False,,93168,116616,,102455,0,0,2420,104875,34645,0,0,8861,43507,Public Employees Retirement System,https://www.calhr.ca.gov,,08/06/2024,,,True,
2023,State Department,"Governors of Community Colleges, Board of",,"Community College Specialist, Range A",False,False,,93168,116616,,98115,0,0,6404,104519,33117,0,0,8593,41710,Public Employees Retirement System,https://www.calhr.ca.gov,,08/06/2024,,,True,
2023,State Department,"Governors of Community Colleges, Board of",,"Associate Governmental Program Analyst, Range A",False,False,,68208,85368,,71791,0,0,32387,104178,25644,0,0,32645,58289,Public Employees Retirement System,https://www.calhr.ca.gov,,08/06/2024,,,True,
2023,State Department,"Governors of Community Colleges, Board of",,"Community College Specialist, Range A",False,False,,93168,116616,,101316,0,0,2420,103736,35423,0,0,22767,58190,Public Employees Retirement System,https://www.calhr.ca.gov,,08/06/2024,,,True,
2023,State Department,"Governors of Community Colleges, Board of",,Research Data Manager,False,False,,113676,129060,,102758,0,0,600,103358,34044,0,0,704,34747,Public Employees Retirement System,https://www.calhr.ca.gov,,08/06/2024,,,True,
2023,State Department,"Governors of Community Colleges, Board of",,"Community College Specialist, Range A",False,False,,93168,116616,,96842,0,0,2420,99262,33941,0,0,22767,56707,Public Employees Retirement System,https://www.calhr.ca.gov,,08/06/2024,,,True,
2023,State Department,"Governors of Community Colleges, Board of",,"Community College Specialist, Range A",False,False,,93168,116616,,83774,0,0,13729,97502,28043,0,0,22698,50741,Public Employees Retirement System,https://www.calhr.ca.gov,,08/06/2024,,,True,
2023,State Department,"Governors of Community Colleges, Board of",,Community College Administrator I,False,False,,106536,133392,,95241,0,0,2173,97414,33407,0,0,23159,56566,Public Employees Retirement System,https://www.calhr.ca.gov,,08/06/2024,,,True,
2023,State Department,"Governors of Community Colleges, Board of",,Information Officer II,False,False,,84816,105396,,94877,0,0,2420,97297,32737,0,0,18217,50953,Public Employees Retirement System,https://www.calhr.ca.gov,,08/06/2024,,,True,
2023,State Department,"Governors of Community Colleges, Board of",,Staff Services Manager I,False,False,,81120,100776,,93761,0,0,3258,97018,33990,0,0,23377,57367,Public Employees Retirement System,https://www.calhr.ca.gov,,08/06/2024,,,True,
2023,State Department,"Governors of Community Colleges, Board of",,Staff Services Manager I,False,False,,81120,100776,,90561,0,0,6183,96744,31700,0,0,23377,55076,Public Employees Retirement System,https://www.calhr.ca.gov,,08/06/2024,,,True,
2023,State Department,"Governors of Community Colleges, Board of",,Staff Services Manager II (Supervisory),False,False,,89040,110628,,90389,0,0,5940,96329,30535,0,0,9397,39932,Public Employees Retirement System,https://www.calhr.ca.gov,,08/06/2024,,,True,
2023,State Department,"Governors of Community Colleges, Board of",,"Accounting Administrator I (Specialist), Range A",False,False,,74916,93780,,74640,0,20482,550,95672,24825,0,0,949,25774,Public Employees Retirement System,https://www.calhr.ca.gov,,08/06/2024,,,True,
2023,State Department,"Governors of Community Colleges, Board of",,"Community College Specialist, Range A",False,False,,93168,116616,,86284,0,7075,2110,95470,28530,0,0,10278,38808,Public Employees Retirement System,https://www.calhr.ca.gov,,08/06/2024,,,True,
2023,State Department,"Governors of Community Colleges, Board of",,"Community College Specialist, Range A",False,False,,93168,116616,,92306,0,0,2546,94852,31552,0,0,13116,44668,Public Employees Retirement System,https://www.calhr.ca.gov,,08/06/2024,,,True,
2023,State Department,"Governors of Community Colleges, Board of",,"Community College Program Assistant, Range A",False,False,,80736,101052,,91884,0,0,2420,94304,31788,0,0,17567,49354,Public Employees Retirement System,https://www.calhr.ca.gov,,08/06/2024,,,True,
2023,State Department,"Governors of Community Colleges, Board of",,"Information Technology Associate, Range D",False,False,,73764,98856,,91627,0,0,2420,94047,31096,0,0,9203,40299,Public Employees Retirement System,https://www.calhr.ca.gov,,08/06/2024,,,True,
2023,State Department,"Governors of Community Colleges, Board of",,"Community College Specialist, Range A",False,False,,93168,116616,,87621,0,0,5899,93520,29680,0,0,8637,38317,Public Employees Retirement System,https://www.calhr.ca.gov,,08/06/2024,,,True,
2023,State Department,"Governors of Community Colleges, Board of",,"Community College Specialist, Range A",False,False,,93168,116616,,86428,0,0,6160,92588,30059,0,0,17567,47626,Public Employees Retirement System,https://www.calhr.ca.gov,,08/06/2024,,,True,
2023,State Department,"Governors of Community Colleges, Board of",,"Community College Specialist, Range A",False,False,,93168,116616,,91187,0,0,1259,92446,31014,0,0,11698,42712,Public Employees Retirement System,https://www.calhr.ca.gov,,08/06/2024,,,True,
2023,State Department,"Governors of Community Colleges, Board of",,"Community College Specialist, Range A",False,False,,93168,116616,,90014,0,0,2420,92434,31679,0,0,22767,54446,Public Employees Retirement System,https://www.calhr.ca.gov,,08/06/2024,,,True,
2023,State Department,"Governors of Community Colleges, Board of",,"Information Technology Specialist I, Range C",False,False,,88956,119184,,90773,0,0,1157,91930,31444,0,0,18310,49753,Public Employees Retirement System,https://www.calhr.ca.gov,,08/06/2024,,,True,
2023,State Department,"Governors of Community Colleges, Board of",,"Community College Specialist, Range A",False,False,,93168,116616,,76271,0,15978,-686,91563,24944,0,0,24522,49467,Public Employees Retirement System,https://www.calhr.ca.gov,,08/06/2024,,,True,
2023,State Department,"Governors of Community Colleges, Board of",,"Community College Specialist, Range A",False,False,,93168,116616,,88358,0,0,2420,90778,30652,0,0,17147,47799,Public Employees Retirement System,https://www.calhr.ca.gov,,08/06/2024,,,True,
2023,State Department,"Governors of Community Colleges, Board of",,Information Officer II,False,False,,84816,105396,,86380,0,0,4345,90725,32048,0,0,23377,55425,Public Employees Retirement System,https://www.calhr.ca.gov,,08/06/2024,,,True,
2023,State Department,"Governors of Community Colleges, Board of",,Staff Services Manager I,False,False,,81120,100776,,86185,0,0,4178,90363,29135,0,0,18217,47352,Public Employees Retirement System,https://www.calhr.ca.gov,,08/06/2024,,,True,
2023,State Department,"Governors of Community Colleges, Board of",,"Research Data Specialist II, Range A",False,False,,86412,108156,,87320,0,0,2470,89790,30959,0,0,22698,53657,Public Employees Retirement System,https://www.calhr.ca.gov,,08/06/2024,,,True,
2023,State Department,"Governors of Community Colleges, Board of",,"Executive Vice Chancellor, Educational Services and Support",False,False,,170400,195840,,44117,0,44648,930,89695,9977,0,0,6072,16048,Public Employees Retirement System,https://www.calhr.ca.gov,,08/06/2024,,,True,
2023,State Department,"Governors of Community Colleges, Board of",,"Associate Accounting Analyst, Range A",False,False,,71604,89688,,83635,0,0,5769,89404,28212,0,0,13911,42123,Public Employees Retirement System,https://www.calhr.ca.gov,,08/06/2024,,,True,
2023,State Department,"Governors of Community Colleges, Board of",,"Information Technology Specialist I, Range A",False,False,,73668,98736,,86338,0,0,2420,88758,29306,0,0,8861,38167,Public Employees Retirement System,https://www.calhr.ca.gov,,08/06/2024,,,True,
2023,State Department,"Governors of Community Colleges, Board of",,Staff Services Manager I,False,False,,81120,100776,,85924,0,0,2475,88399,28793,0,0,24483,53276,Public Employees Retirement System,https://www.calhr.ca.gov,,08/06/2024,,,True,
2023,State Department,"Governors of Community Colleges, Board of",,"Graphic Designer III, Range A",False,False,,71088,89004,,83491,1448,0,2470,87409,27997,0,0,8861,36859,Public Employees Retirement System,https://www.calhr.ca.gov,,08/06/2024,,,True,
2023,State Department,"Governors of Community Colleges, Board of",,"Community College Specialist, Range A",False,False,,93168,116616,,84568,0,0,2420,86988,28424,0,0,9217,37641,Public Employees Retirement System,https://www.calhr.ca.gov,,08/06/2024,,,True,
2023,State Department,"Governors of Community Colleges, Board of",,"Information Technology Specialist II, Range A",False,False,,97560,130716,,84561,0,0,2420,86981,28596,0,0,16768,45364,Public Employees Retirement System,https://www.calhr.ca.gov,,08/06/2024,,,True,
2023,State Department,"Governors of Community Colleges, Board of",,"Community College Specialist, Range A",False,False,,93168,116616,,84422,0,0,2420,86842,28705,0,0,8861,37566,Public Employees Retirement System,https://www.calhr.ca.gov,,08/06/2024,,,True,
2023,State Department,"Governors of Community Colleges, Board of",,Accounting Administrator I (Supervisor),False,False,,81120,100776,,84173,0,0,2420,86593,29537,0,0,23377,52914,Public Employees Retirement System,https://www.calhr.ca.gov,,08/06/2024,,,True,
2023,State Department,"Governors of Community Colleges, Board of",,"Community College Program Assistant, Range A",False,False,,80736,101052,,82947,0,0,2420,85367,31788,0,0,22698,54486,Public Employees Retirement System,https://www.calhr.ca.gov,,08/06/2024,,,True,
2023,State Department,"Governors of Community Colleges, Board of",,"Associate Governmental Program Analyst, Range A",False,False,,68208,85368,,81175,0,0,3695,84871,26338,0,0,1816,28154,Public Employees Retirement System,https://www.calhr.ca.gov,,08/06/2024,,,True,
2023,State Department,"Governors of Community Colleges, Board of",,"Associate Personnel Analyst, Range A",False,False,,68208,85368,,78936,0,0,5608,84544,26854,0,0,8861,35716,Public Employees Retirement System,https://www.calhr.ca.gov,,08/06/2024,,,True,
2023,State Department,"Governors of Community Colleges, Board of",,"Associate Governmental Program Analyst, Range A",False,False,,68208,85368,,78848,0,0,5607,84455,26854,0,0,8822,35676,Public Employees Retirement System,https://www.calhr.ca.gov,,08/06/2024,,,True,
2023,State Department,"Governors of Community Colleges, Board of",,"Community College Specialist, Range A",False,False,,93168,116616,,82027,0,0,2420,84447,27826,0,0,8637,36463,Public Employees Retirement System,https://www.calhr.ca.gov,,08/06/2024,,,True,
2023,State Department,"Governors of Community Colleges, Board of",,"Community College Specialist, Range A",False,False,,93168,116616,,77242,0,0,6295,83537,29792,0,0,22357,52149,Public Employees Retirement System,https://www.calhr.ca.gov,,08/06/2024,,,True,
2023,State Department,"Governors of Community Colleges, Board of",,Information Officer II,False,False,,84816,105396,,77755,0,0,5587,83342,26459,0,0,9474,35932,Public Employees Retirement System,https://www.calhr.ca.gov,,08/06/2024,,,True,
2023,State Department,"Governors of Community Colleges, Board of",,Staff Services Manager I,False,False,,81120,100776,,80785,0,0,2420,83205,23011,0,0,9300,32310,Public Employees Retirement System,https://www.calhr.ca.gov,,08/06/2024,,,True,
2023,State Department,"Governors of Community Colleges, Board of",,"Community College Specialist, Range A",False,False,,93168,116616,,80632,0,0,2420,83052,27398,0,0,8637,36035,Public Employees Retirement System,https://www.calhr.ca.gov,,08/06/2024,,,True,
2023,State Department,"Governors of Community Colleges, Board of",,"Community College Program Assistant, Range A",False,False,,80736,101052,,80174,0,0,2420,82594,28414,0,0,22767,51181,Public Employees Retirement System,https://www.calhr.ca.gov,,08/06/2024,,,True,
2023,State Department,"Governors of Community Colleges, Board of",,"Associate Governmental Program Analyst, Range A",False,False,,68208,85368,,79714,0,0,2420,82134,27322,0,0,23094,50416,Public Employees Retirement System,https://www.calhr.ca.gov,,08/06/2024,,,True,
2023,State Department,"Governors of Community Colleges, Board of",,"Community College Program Assistant, Range A",False,False,,80736,101052,,79627,0,0,2393,82020,27007,0,0,9109,36116,Public Employees Retirement System,https://www.calhr.ca.gov,,08/06/2024,,,True,
2023,State Department,"Governors of Community Colleges, Board of",,"Attorney, Range A",False,False,,92844,116760,,80483,0,0,1302,81785,26380,0,0,8895,35275,Public Employees Retirement System,https://www.calhr.ca.gov,,08/06/2024,,,True,
2023,State Department,"Governors of Community Colleges, Board of",,"Senior Personnel Specialist, Range A",False,False,,64056,80268,,71380,0,0,10074,81455,24555,0,0,22767,47321,Public Employees Retirement System,https://www.calhr.ca.gov,,08/06/2024,,,True,
2023,State Department,"Governors of Community Colleges, Board of",,"Associate Governmental Program Analyst, Range A",False,False,,68208,85368,,78936,0,0,2420,81356,26854,0,0,8861,35716,Public Employees Retirement System,https://www.calhr.ca.gov,,08/06/2024,,,True,
2023,State Department,"Governors of Community Colleges, Board of",,"Community College Program Assistant, Range A",False,False,,80736,101052,,75861,0,0,5190,81051,25869,0,0,8861,34730,Public Employees Retirement System,https://www.calhr.ca.gov,,08/06/2024,,,True,
2023,State Department,"Governors of Community Colleges, Board of",,"Associate Governmental Program Analyst, Range A",False,False,,68208,85368,,78342,0,0,2420,80762,26854,0,0,22698,49553,Public Employees Retirement System,https://www.calhr.ca.gov,,08/06/2024,,,True,
2023,State Department,"Governors of Community Colleges, Board of",,"Associate Governmental Program Analyst, Range A",False,False,,68208,85368,,78201,0,0,2420,80621,26599,0,0,8822,35421,Public Employees Retirement System,https://www.calhr.ca.gov,,08/06/2024,,,True,
2023,State Department,"Governors of Community Colleges, Board of",,"Associate Governmental Program Analyst, Range A",False,False,,68208,85368,,77574,0,0,2420,79994,26359,0,0,8861,35220,Public Employees Retirement System,https://www.calhr.ca.gov,,08/06/2024,,,True,
2023,State Department,"Governors of Community Colleges, Board of",,"Accounting Administrator I (Specialist), Range A",False,False,,74916,93780,,78991,0,0,600,79591,26293,0,0,949,27242,Public Employees Retirement System,https://www.calhr.ca.gov,,08/06/2024,,,True,
2023,State Department,"Governors of Community Colleges, Board of",,Staff Services Manager I,False,False,,81120,100776,,76797,0,0,2246,79042,25525,0,0,9397,34922,Public Employees Retirement System,https://www.calhr.ca.gov,,08/06/2024,,,True,
2023,State Department,"Governors of Community Colleges, Board of",,"Associate Governmental Program Analyst, Range A",False,False,,68208,85368,,76431,0,0,2420,78851,26668,0,0,17567,44234,Public Employees Retirement System,https://www.calhr.ca.gov,,08/06/2024,,,True,
2023,State Department,"Governors of Community Colleges, Board of",,"Community College Program Assistant, Range A",False,False,,80736,101052,,76380,0,0,2420,78800,26040,0,0,8861,34902,Public Employees Retirement System,https://www.calhr.ca.gov,,08/06/2024,,,True,
2023,State Department,"Governors of Community Colleges, Board of",,Staff Services Manager I,False,False,,81120,100776,,76248,0,0,2517,78765,25733,0,0,18217,43950,Public Employees Retirement System,https://www.calhr.ca.gov,,08/06/2024,,,True,
2023,State Department,"Governors of Community Colleges, Board of",,"Associate Governmental Program Analyst, Range A",False,False,,68208,85368,,75886,0,0,2452,78338,24768,0,0,2895,27663,Public Employees Retirement System,https://www.calhr.ca.gov,,08/06/2024,,,True,
2023,State Department,"Governors of Community Colleges, Board of",,Staff Services Manager I,False,False,,81120,100776,,75715,0,0,2420,78135,25625,0,0,9397,35022,Public Employees Retirement System,https://www.calhr.ca.gov,,08/06/2024,,,True,
2023,State Department,"Governors of Community Colleges, Board of",,"Information Technology Associate, Range C",False,False,,67068,89892,,70780,314,0,5113,76207,25522,0,0,22767,48289,Public Employees Retirement System,https://www.calhr.ca.gov,,08/06/2024,,,True,
2023,State Department,"Governors of Community Colleges, Board of",,"Senior Legal Analyst, Range A",False,False,,71604,89688,,70215,2377,0,2420,75013,24511,0,0,22698,47209,Public Employees Retirement System,https://www.calhr.ca.gov,,08/06/2024,,,True,
2023,State Department,"Governors of Community Colleges, Board of",,"Community College Specialist, Range A",False,False,,93168,116616,,72414,0,0,1800,74214,24483,0,0,14292,38775,Public Employees Retirement System,https://www.calhr.ca.gov,,08/06/2024,,,True,
2023,State Department,"Governors of Community Colleges, Board of",,"Associate Governmental Program Analyst, Range A",False,False,,68208,85368,,71218,0,0,2465,73683,24198,0,0,17151,41349,Public Employees Retirement System,https://www.calhr.ca.gov,,08/06/2024,,,True,
2023,State Department,"Governors of Community Colleges, Board of",,"Associate Governmental Program Analyst, Range A",False,False,,68208,85368,,70988,0,0,2420,73408,24250,0,0,8822,33072,Public Employees Retirement System,https://www.calhr.ca.gov,,08/06/2024,,,True,
2023,State Department,"Governors of Community Colleges, Board of",,"Community College Program Assistant, Range A",False,False,,80736,101052,,70967,0,0,2420,73387,24338,0,0,22074,46412,Public Employees Retirement System,https://www.calhr.ca.gov,,08/06/2024,,,True,
2023,State Department,"Governors of Community Colleges, Board of",,"Community College Specialist, Range A",False,False,,93168,116616,,71821,0,0,1332,73153,24483,0,0,18394,42877,Public Employees Retirement System,https://www.calhr.ca.gov,,08/06/2024,,,True,
2023,State Department,"Governors of Community Colleges, Board of",,"Associate Governmental Program Analyst, Range A",False,False,,68208,85368,,70688,0,0,2431,73119,25749,0,0,12471,38221,Public Employees Retirement System,https://www.calhr.ca.gov,,08/06/2024,,,True,
2023,State Department,"Governors of Community Colleges, Board of",,"Community College Program Assistant, Range A",False,False,,80736,101052,,70210,0,55,2420,72685,25100,0,0,22698,47798,Public Employees Retirement System,https://www.calhr.ca.gov,,08/06/2024,,,True,
2023,State Department,"Governors of Community Colleges, Board of",,"Associate Governmental Program Analyst, Range A",False,False,,68208,85368,,72282,0,224,36,72542,21142,0,0,23574,44716,Public Employees Retirement System,https://www.calhr.ca.gov,,08/06/2024,,,True,
2023,State Department,"Governors of Community Colleges, Board of",,"Associate Governmental Program Analyst, Range A",False,False,,68208,85368,,70102,0,0,2420,72522,23554,0,0,8822,32376,Public Employees Retirement System,https://www.calhr.ca.gov,,08/06/2024,,,True,
2023,State Department,"Governors of Community Colleges, Board of",,"Community College Program Assistant, Range A",False,False,,80736,101052,,69769,0,0,2420,72189,24837,0,0,22074,46910,Public Employees Retirement System,https://www.calhr.ca.gov,,08/06/2024,,,True,
2023,State Department,"Governors of Community Colleges, Board of",,"Information Technology Specialist I, Range A",False,False,,73668,98736,,68573,0,0,2420,70993,23369,0,0,8656,32025,Public Employees Retirement System,https://www.calhr.ca.gov,,08/06/2024,,,True,
2023,State Department,"Governors of Community Colleges, Board of",,"Accounting Administrator I (Specialist), Range A",False,False,,74916,93780,,67743,0,0,2420,70163,24064,0,0,8861,32925,Public Employees Retirement System,https://www.calhr.ca.gov,,08/06/2024,,,True,
2023,State Department,"Governors of Community Colleges, Board of",,"Associate Governmental Program Analyst, Range A",False,False,,68208,85368,,66732,0,0,2382,69114,23750,0,0,8881,32631,Public Employees Retirement System,https://www.calhr.ca.gov,,08/06/2024,,,True,
2023,State Department,"Governors of Community Colleges, Board of",,"Associate Governmental Program Analyst, Range A",False,False,,68208,85368,,67177,0,0,1778,68955,22492,0,0,7906,30398,Public Employees Retirement System,https://www.calhr.ca.gov,,08/06/2024,,,True,
2023,State Department,"Governors of Community Colleges, Board of",,"Community College Specialist, Range A",False,False,,93168,116616,,6982,0,61929,0,68911,2470,0,0,1897,4367,Public Employees Retirement System,https://www.calhr.ca.gov,,08/06/2024,,,True,
2023,State Department,"Governors of Community Colleges, Board of",,"Associate Governmental Program Analyst, Range A",False,False,,68208,85368,,65231,0,0,2420,67651,22262,0,0,8637,30900,Public Employees Retirement System,https://www.calhr.ca.gov,,08/06/2024,,,True,
2023,State Department,"Governors of Community Colleges, Board of",,"Associate Governmental Program Analyst, Range A",False,False,,68208,85368,,64402,0,0,2420,66822,22174,0,0,8637,30811,Public Employees Retirement System,https://www.calhr.ca.gov,,08/06/2024,,,True,
2023,State Department,"Governors of Community Colleges, Board of",,"Associate Governmental Program Analyst, Range A",False,False,,68208,85368,,64382,0,0,2420,66802,21637,0,0,8404,30040,Public Employees Retirement System,https://www.calhr.ca.gov,,08/06/2024,,,True,
2023,State Department,"Governors of Community Colleges, Board of",,"Associate Governmental Program Analyst, Range A",False,False,,68208,85368,,63466,0,0,2420,65886,21389,0,0,8822,30211,Public Employees Retirement System,https://www.calhr.ca.gov,,08/06/2024,,,True,
2023,State Department,"Governors of Community Colleges, Board of",,"Associate Governmental Program Analyst, Range A",False,False,,68208,85368,,65254,0,0,600,65854,21727,0,0,666,22393,Public Employees Retirement System,https://www.calhr.ca.gov,,08/06/2024,,,True,
2023,State Department,"Governors of Community Colleges, Board of",,"Associate Governmental Program Analyst, Range A",False,False,,68208,85368,,63520,0,0,2194,65714,21727,0,0,8900,30628,Public Employees Retirement System,https://www.calhr.ca.gov,,08/06/2024,,,True,
2023,State Department,"Governors of Community Colleges, Board of",,"Associate Accounting Analyst, Range A",False,False,,71604,89688,,63205,0,0,2420,65625,22905,0,0,22767,45672,Public Employees Retirement System,https://www.calhr.ca.gov,,08/06/2024,,,True,
2023,State Department,"Governors of Community Colleges, Board of",,"Accounting Analyst, Range C",False,False,,59568,74556,,62889,0,0,2420,65309,21520,0,0,8637,30158,Public Employees Retirement System,https://www.calhr.ca.gov,,08/06/2024,,,True,
2023,State Department,"Governors of Community Colleges, Board of",,"Community College Program Assistant, Range A",False,False,,80736,101052,,59672,0,0,4727,64399,21357,0,0,19063,40420,Public Employees Retirement System,https://www.calhr.ca.gov,,08/06/2024,,,True,
2023,State Department,"Governors of Community Colleges, Board of",,"Associate Governmental Program Analyst, Range A",False,False,,68208,85368,,61339,209,0,2220,63768,22351,0,0,22074,44424,Public Employees Retirement System,https://www.calhr.ca.gov,,08/06/2024,,,True,
2023,State Department,"Governors of Community Colleges, Board of",,"Associate Governmental Program Analyst, Range A",False,False,,68208,85368,,61294,0,0,2395,63688,20975,0,0,8716,29691,Public Employees Retirement System,https://www.calhr.ca.gov,,08/06/2024,,,True,
2023,State Department,"Governors of Community Colleges, Board of",,"Community College Program Assistant, Range A",False,False,,80736,101052,,62766,0,0,640,63406,20420,0,0,1359,21779,Public Employees Retirement System,https://www.calhr.ca.gov,,08/06/2024,,,True,
2023,State Department,"Governors of Community Colleges, Board of",,"Associate Governmental Program Analyst, Range A",False,False,,68208,85368,,60675,0,0,2420,63095,21818,0,0,21576,43394,Public Employees Retirement System,https://www.calhr.ca.gov,,08/06/2024,,,True,
2023,State Department,"Governors of Community Colleges, Board of",,"Associate Governmental Program Analyst, Range A",False,False,,68208,85368,,60208,0,0,2420,62628,20564,0,0,8593,29157,Public Employees Retirement System,https://www.calhr.ca.gov,,08/06/2024,,,True,
2023,State Department,"Governors of Community Colleges, Board of",,"Associate Governmental Program Analyst, Range A",False,False,,68208,85368,,60083,0,0,2220,62303,20507,0,0,17151,37658,Public Employees Retirement System,https://www.calhr.ca.gov,,08/06/2024,,,True,
2023,State Department,"Governors of Community Colleges, Board of",,"Associate Governmental Program Analyst, Range A",False,False,,68208,85368,,59647,153,0,2010,61810,21030,0,0,17151,38181,Public Employees Retirement System,https://www.calhr.ca.gov,,08/06/2024,,,True,
2023,State Department,"Governors of Community Colleges, Board of",,"Community College Specialist, Range A",False,False,,93168,116616,,59069,0,0,2162,61231,20236,0,0,19951,40187,Public Employees Retirement System,https://www.calhr.ca.gov,,08/06/2024,,,True,
2023,State Department,"Governors of Community Colleges, Board of",,"Staff Services Analyst, Range C",False,False,,56712,70992,,60614,0,0,600,61214,20082,0,0,136,20218,Public Employees Retirement System,https://www.calhr.ca.gov,,08/06/2024,,,True,
2023,State Department,"Governors of Community Colleges, Board of",,"Research Data Specialist I, Range A",False,False,,78660,98472,,59927,0,0,796,60723,21030,0,0,16927,37957,Public Employees Retirement System,https://www.calhr.ca.gov,,08/06/2024,,,True,
2023,State Department,"Governors of Community Colleges, Board of",,"Community College Program Assistant, Range A",False,False,,80736,101052,,59256,0,0,1332,60589,20320,0,0,18383,38703,Public Employees Retirement System,https://www.calhr.ca.gov,,08/06/2024,,,True,
2023,State Department,"Governors of Community Colleges, Board of",,"Associate Governmental Program Analyst, Range A",False,False,,68208,85368,,58079,0,0,2420,60499,20141,0,0,22698,42839,Public Employees Retirement System,https://www.calhr.ca.gov,,08/06/2024,,,True,
2023,State Department,"Governors of Community Colleges, Board of",,"Accounting Analyst, Range C",False,False,,59568,74556,,57993,0,0,2420,60413,19840,0,0,17567,37407,Public Employees Retirement System,https://www.calhr.ca.gov,,08/06/2024,,,True,
2023,State Department,"Governors of Community Colleges, Board of",,"Associate Governmental Program Analyst, Range A",False,False,,68208,85368,,58468,0,0,136,58605,13593,0,0,4393,17985,Public Employees Retirement System,https://www.calhr.ca.gov,,08/06/2024,,,True,
2023,State Department,"Governors of Community Colleges, Board of",,Community College Administrator I,False,False,,106536,133392,,57649,0,0,560,58209,19506,0,0,9108,28615,Public Employees Retirement System,https://www.calhr.ca.gov,,08/06/2024,,,True,
2023,State Department,"Governors of Community Colleges, Board of",,"Associate Governmental Program Analyst, Range A",False,False,,68208,85368,,54747,0,0,2160,56907,19745,0,0,22073,41818,Public Employees Retirement System,https://www.calhr.ca.gov,,08/06/2024,,,True,
2023,State Department,"Governors of Community Colleges, Board of",,"Staff Services Analyst, Range C",False,False,,56712,70992,,54022,0,0,2420,56442,18583,0,0,8593,27176,Public Employees Retirement System,https://www.calhr.ca.gov,,08/06/2024,,,True,
2023,State Department,"Governors of Community Colleges, Board of",,"Staff Services Analyst, Range C",False,False,,56712,70992,,53360,0,0,2420,55780,18363,0,0,7907,26269,Public Employees Retirement System,https://www.calhr.ca.gov,,08/06/2024,,,True,
2023,State Department,"Governors of Community Colleges, Board of",,"Executive Assistant, Range A",False,False,,53532,66996,,53029,0,0,2420,55449,19177,0,0,22074,41250,Public Employees Retirement System,https://www.calhr.ca.gov,,08/06/2024,,,True,
2023,State Department,"Governors of Community Colleges, Board of",,"Information Technology Specialist II, Range A",False,False,,97560,130716,,53694,0,0,50,53744,0,0,0,0,0,,https://www.calhr.ca.gov,,08/06/2024,,,True,
2023,State Department,"Governors of Community Colleges, Board of",,"Accountant Trainee, Range A",False,False,,50244,59904,,51188,0,0,2420,53608,17643,0,0,8637,26280,Public Employees Retirement System,https://www.calhr.ca.gov,,08/06/2024,,,True,
2023,State Department,"Governors of Community Colleges, Board of",,"Associate Governmental Program Analyst, Range A",False,False,,68208,85368,,51577,0,0,1960,53537,17519,0,0,8593,26112,Public Employees Retirement System,https://www.calhr.ca.gov,,08/06/2024,,,True,
2023,State Department,"Governors of Community Colleges, Board of",,"Staff Services Analyst, Range C",False,False,,56712,70992,,52270,0,0,550,52820,17317,0,0,147,17464,Public Employees Retirement System,https://www.calhr.ca.gov,,08/06/2024,,,True,
2023,State Department,"Governors of Community Colleges, Board of",,"Staff Services Analyst, Range B",False,False,,47292,59196,,49964,0,0,2420,52384,17288,0,0,8861,26149,Public Employees Retirement System,https://www.calhr.ca.gov,,08/06/2024,,,True,
2023,State Department,"Governors of Community Colleges, Board of",,"Research Data Specialist II, Range A",False,False,,86412,108156,,49434,0,0,1854,51288,17328,0,0,13591,30919,Public Employees Retirement System,https://www.calhr.ca.gov,,08/06/2024,,,True,
2023,State Department,"Governors of Community Colleges, Board of",,"Associate Governmental Program Analyst, Range A",False,False,,68208,85368,,48482,0,0,1995,50477,16713,0,0,8637,25351,Public Employees Retirement System,https://www.calhr.ca.gov,,08/06/2024,,,True,
2023,State Department,"Governors of Community Colleges, Board of",,"Staff Services Analyst, Range C",False,False,,56712,70992,,46837,0,0,2320,49157,16166,0,0,9600,25766,Public Employees Retirement System,https://www.calhr.ca.gov,,08/06/2024,,,True,
2023,State Department,"Governors of Community Colleges, Board of",,"Office Technician (General), Range A",False,False,,42516,53280,,45455,0,0,3196,48650,15970,0,0,8822,24792,Public Employees Retirement System,https://www.calhr.ca.gov,,08/06/2024,,,True,
2023,State Department,"Governors of Community Colleges, Board of",,"Community College Program Assistant, Range A",False,False,,80736,101052,,47314,0,0,400,47714,15443,0,0,919,16362,Public Employees Retirement System,https://www.calhr.ca.gov,,08/06/2024,,,True,
2023,State Department,"Governors of Community Colleges, Board of",,"Community College Program Assistant, Range A",False,False,,80736,101052,,46292,0,0,263,46555,16199,0,0,11037,27236,Public Employees Retirement System,https://www.calhr.ca.gov,,08/06/2024,,,True,
2023,State Department,"Governors of Community Colleges, Board of",,"Graduate Student Assistant, Range D",False,False,,49092,55116,,44934,0,0,600,45534,0,0,0,0,0,,https://www.calhr.ca.gov,,08/06/2024,,,True,
2023,State Department,"Governors of Community Colleges, Board of",,Staff Services Manager II (Supervisory),False,False,,89040,110628,,45035,0,0,0,45035,0,0,0,0,0,,https://www.calhr.ca.gov,,08/06/2024,,,True,
2023,State Department,"Governors of Community Colleges, Board of",,"Community College Specialist, Range A",False,False,,93168,116616,,40783,0,2570,1600,44953,14692,0,0,5038,19731,Public Employees Retirement System,https://www.calhr.ca.gov,,08/06/2024,,,True,
2023,State Department,"Governors of Community Colleges, Board of",,"Associate Governmental Program Analyst, Range A",False,False,,68208,85368,,41027,0,0,2114,43141,14544,0,0,12918,27461,Public Employees Retirement System,https://www.calhr.ca.gov,,08/06/2024,,,True,
2023,State Department,"Governors of Community Colleges, Board of",,"Research Data Specialist II, Range A",False,False,,86412,108156,,40484,0,2106,300,42889,13425,0,0,68,13493,Public Employees Retirement System,https://www.calhr.ca.gov,,08/06/2024,,,True,
2023,State Department,"Governors of Community Colleges, Board of",,"Associate Governmental Program Analyst, Range A",False,False,,68208,85368,,41199,0,0,0,41199,0,0,0,0,0,,https://www.calhr.ca.gov,,08/06/2024,,,True,
2023,State Department,"Governors of Community Colleges, Board of",,"Office Assistant (General), Range B",False,False,,39372,49284,,37547,0,0,2420,39967,13090,0,0,8637,21727,Public Employees Retirement System,https://www.calhr.ca.gov,,08/06/2024,,,True,
2023,State Department,"Governors of Community Colleges, Board of",,"Community College Specialist, Range A",False,False,,93168,116616,,9201,0,29428,0,38629,3019,0,0,235,3254,Public Employees Retirement System,https://www.calhr.ca.gov,,08/06/2024,,,True,
2023,State Department,"Governors of Community Colleges, Board of",,"Community College Specialist, Range A",False,False,,93168,116616,,35005,0,0,42,35047,11858,0,0,8965,20823,Public Employees Retirement System,https://www.calhr.ca.gov,,08/06/2024,,,True,
2023,State Department,"Governors of Community Colleges, Board of",,"Staff Services Analyst, Range C",False,False,,56712,70992,,34742,0,0,0,34742,0,0,0,0,0,,https://www.calhr.ca.gov,,08/06/2024,,,True,
2023,State Department,"Governors of Community Colleges, Board of",,"Community College Program Assistant, Range A",False,False,,80736,101052,,27111,0,5692,1240,34043,9548,0,0,6986,16534,Public Employees Retirement System,https://www.calhr.ca.gov,,08/06/2024,,,True,
2023,State Department,"Governors of Community Colleges, Board of",,"Community College Specialist, Range A",False,False,,93168,116616,,33276,0,0,42,33319,11293,0,0,9063,20356,Public Employees Retirement System,https://www.calhr.ca.gov,,08/06/2024,,,True,
2023,State Department,"Governors of Community Colleges, Board of",,"Community College Program Assistant, Range A",False,False,,80736,101052,,33184,0,0,0,33184,0,0,0,0,0,,https://www.calhr.ca.gov,,08/06/2024,,,True,
2023,State Department,"Governors of Community Colleges, Board of",,"Associate Governmental Program Analyst, Range A",False,False,,68208,85368,,31701,0,0,100,31801,0,0,0,0,0,,https://www.calhr.ca.gov,,08/06/2024,,,True,
2023,State Department,"Governors of Community Colleges, Board of",,"Research Data Specialist II, Range A",False,False,,86412,108156,,31376,0,0,200,31576,10479,0,0,2879,13358,Public Employees Retirement System,https://www.calhr.ca.gov,,08/06/2024,,,True,
2023,State Department,"Governors of Community Colleges, Board of",,"Office Technician (Typing), Range A",False,False,,43308,54216,,29767,0,0,1390,31157,9410,0,0,7208,16618,Public Employees Retirement System,https://www.calhr.ca.gov,,08/06/2024,,,True,
2023,State Department,"Governors of Community Colleges, Board of",,"Associate Governmental Program Analyst, Range A",False,False,,68208,85368,,29964,0,0,92,30056,10298,0,0,10975,21273,Public Employees Retirement System,https://www.calhr.ca.gov,,08/06/2024,,,True,
2023,State Department,"Governors of Community Colleges, Board of",,"Information Technology Specialist I, Range B",False,False,,81012,108576,,29815,0,0,-869,28946,10311,0,0,6987,17297,Public Employees Retirement System,https://www.calhr.ca.gov,,08/06/2024,,,True,
2023,State Department,"Governors of Community Colleges, Board of",,"Community College Program Assistant, Range A",False,False,,80736,101052,,28831,0,0,0,28831,0,0,0,0,0,,https://www.calhr.ca.gov,,08/06/2024,,,True,
2023,State Department,"Governors of Community Colleges, Board of",,Community College Administrator I,False,False,,106536,133392,,28352,0,0,120,28472,9427,0,0,6069,15496,Public Employees Retirement System,https://www.calhr.ca.gov,,08/06/2024,,,True,
2023,State Department,"Governors of Community Colleges, Board of",,"Staff Services Analyst, Range C",False,False,,56712,70992,,23820,0,0,228,24048,7990,0,0,3599,11589,Public Employees Retirement System,https://www.calhr.ca.gov,,08/06/2024,,,True,
2023,State Department,"Governors of Community Colleges, Board of",,"Student Assistant, Range D",False,False,,43860,48276,,18474,0,0,550,19024,0,0,0,0,0,Part-Time Seasonal and Temporary (PST) Retirement Plan,https://www.calhr.ca.gov,,08/06/2024,,,True,
2023,State Department,"Governors of Community Colleges, Board of",,"Community College Program Assistant, Range A",False,False,,80736,101052,,17363,0,0,-14,17349,5844,0,0,2090,7933,Public Employees Retirement System,https://www.calhr.ca.gov,,08/06/2024,,,True,
2023,State Department,"Governors of Community Colleges, Board of",,"Research Data Specialist I, Range A",False,False,,78660,98472,,15869,0,0,290,16159,5194,0,0,303,5497,Public Employees Retirement System,https://www.calhr.ca.gov,,08/06/2024,,,True,
2023,State Department,"Governors of Community Colleges, Board of",,"Associate Governmental Program Analyst, Range A",False,False,,68208,85368,,14460,0,0,290,14750,4729,0,0,303,5032,Public Employees Retirement System,https://www.calhr.ca.gov,,08/06/2024,,,True,
2023,State Department,"Governors of Community Colleges, Board of",,"Research Data Specialist II, Range A",False,False,,86412,108156,,14668,0,0,-54,14614,4839,0,0,1401,6240,Public Employees Retirement System,https://www.calhr.ca.gov,,08/06/2024,,,True,
2023,State Department,"Governors of Community Colleges, Board of",,"Staff Services Analyst, Range C",False,False,,56712,70992,,13358,0,0,150,13508,4321,0,0,314,4635,Public Employees Retirement System,https://www.calhr.ca.gov,,08/06/2024,,,True,
2023,State Department,"Governors of Community Colleges, Board of",,"Graduate Student Assistant, Range C",False,False,,47136,52932,,12034,0,656,400,13090,0,0,0,0,0,,https://www.calhr.ca.gov,,08/06/2024,,,True,
2023,State Department,"Governors of Community Colleges, Board of",,"Student Assistant, Range C",False,False,,40980,45108,,12676,0,0,250,12926,0,0,0,0,0,Part-Time Seasonal and Temporary (PST) Retirement Plan,https://www.calhr.ca.gov,,08/06/2024,,,True,
2023,State Department,"Governors of Community Colleges, Board of",,"Student Assistant, Range D",False,False,,43860,48276,,7931,0,768,200,8899,0,0,0,0,0,,https://www.calhr.ca.gov,,08/06/2024,,,True,
2023,State Department,"Governors of Community Colleges, Board of",,"Information Technology Specialist I, Range C",False,False,,88956,119184,,7065,0,0,0,7065,0,0,0,0,0,,https://www.calhr.ca.gov,,08/06/2024,,,True,
2023,State Department,"Governors of Community Colleges, Board of",,Community College Administrator I,False,False,,106536,133392,,6862,0,0,-803,6059,2264,0,0,0,2264,Public Employees Retirement System,https://www.calhr.ca.gov,,08/06/2024,,,True,
2023,State Department,"Governors of Community Colleges, Board of",,"Board Members, California Community Colleges",False,False,,25920,25920,,4600,0,0,0,4600,0,0,0,0,0,Part-Time Seasonal and Temporary (PST) Retirement Plan,https://www.calhr.ca.gov,,08/06/2024,,,True,
2023,State Department,"Governors of Community Colleges, Board of",,"Community College Specialist, Range A",False,False,,93168,116616,,0,0,0,4215,4215,1276,0,0,0,1276,Public Employees Retirement System,https://www.calhr.ca.gov,,08/06/2024,,,True,
2023,State Department,"Governors of Community Colleges, Board of",,"Board Members, California Community Colleges",False,False,,25920,25920,,3000,0,0,0,3000,0,0,0,0,0,Part-Time Seasonal and Temporary (PST) Retirement Plan,https://www.calhr.ca.gov,,08/06/2024,,,True,
2023,State Department,"Governors of Community Colleges, Board of",,"Board Members, California Community Colleges",False,False,,25920,25920,,1900,0,0,0,1900,0,0,0,0,0,Part-Time Seasonal and Temporary (PST) Retirement Plan,https://www.calhr.ca.gov,,08/06/2024,,,True,
2023,State Department,"Governors of Community Colleges, Board of",,"Board Members, California Community Colleges",False,False,,25920,25920,,1800,0,0,0,1800,0,0,0,0,0,Part-Time Seasonal and Temporary (PST) Retirement Plan,https://www.calhr.ca.gov,,08/06/2024,,,True,
2023,State Department,"Governors of Community Colleges, Board of",,"Board Members, California Community Colleges",False,False,,25920,25920,,1600,0,0,0,1600,0,0,0,0,0,Part-Time Seasonal and Temporary (PST) Retirement Plan,https://www.calhr.ca.gov,,08/06/2024,,,True,
2023,State Department,"Governors of Community Colleges, Board of",,"Student Assistant, Range B",False,False,,38328,42132,,879,0,120,450,1449,0,0,0,0,0,,https://www.calhr.ca.gov,,08/06/2024,,,True,
2023,State Department,"Governors of Community Colleges, Board of",,"Board Members, California Community Colleges",False,False,,25920,25920,,1400,0,0,0,1400,0,0,0,0,0,Part-Time Seasonal and Temporary (PST) Retirement Plan,https://www.calhr.ca.gov,,08/06/2024,,,True,
2023,State Department,"Governors of Community Colleges, Board of",,"Board Members, California Community Colleges",False,False,,25920,25920,,600,0,0,0,600,0,0,0,0,0,Part-Time Seasonal and Temporary (PST) Retirement Plan,https://www.calhr.ca.gov,,08/06/2024,,,True,
2023,State Department,"Governors of Community Colleges, Board of",,"Board Members, California Community Colleges",False,False,,25920,25920,,600,0,0,0,600,0,0,0,0,0,Part-Time Seasonal and Temporary (PST) Retirement Plan,https://www.calhr.ca.gov,,08/06/2024,,,True,
2023,State Department,"Governors of Community Colleges, Board of",,"Board Members, California Community Colleges",False,False,,25920,25920,,500,0,0,0,500,0,0,0,0,0,Part-Time Seasonal and Temporary (PST) Retirement Plan,https://www.calhr.ca.gov,,08/06/2024,,,True,
2023,State Department,"Governors of Community Colleges, Board of",,"Board Members, California Community Colleges",False,False,,25920,25920,,400,0,0,0,400,0,0,0,0,0,Part-Time Seasonal and Temporary (PST) Retirement Plan,https://www.calhr.ca.gov,,08/06/2024,,,True,
2023,State Department,"Governors of Community Colleges, Board of",,"Board Members, California Community Colleges",False,False,,25920,25920,,200,0,0,0,200,0,0,0,0,0,Part-Time Seasonal and Temporary (PST) Retirement Plan,https://www.calhr.ca.gov,,08/06/2024,,,True,
2023,State Department,"Governors of Community Colleges, Board of",,"Board Members, California Community Colleges",False,False,,25920,25920,,200,0,0,0,200,0,0,0,0,0,Part-Time Seasonal and Temporary (PST) Retirement Plan,https://www.calhr.ca.gov,,08/06/2024,,,True,

