﻿Year,EmployerType,EmployerName,DepartmentOrSubdivision,Position,ElectedOfficial,Judicial,OtherPositions,MinPositionSalary,MaxPositionSalary,ReportedBaseWage,RegularPay,OvertimePay,LumpSumPay,OtherPay,TotalWages,DefinedBenefitPlanContribution,EmployeesRetirementCostCovered,DeferredCompensationPlan,HealthDentalVision,TotalRetirementAndHealthContribution,PensionFormula,EmployerURL,EmployerPopulation,LastUpdatedDate,EmployerCounty,SpecialDistrictActivities,IncludesUnfundedLiability,SpecialDistrictType
2023,State Department,"Pilot Commissioners, Board of",Bays SF S. Pablo & Suisun,"Executive Director/Board of Pilot Commissioners, Range F",False,False,,188532,188532,,171494,0,0,8935,180429,59304,0,0,18217,77521,Public Employees Retirement System,https://www.calhr.ca.gov,,08/06/2024,,,True,
2023,State Department,"Pilot Commissioners, Board of",Bays SF S. Pablo & Suisun,"C.E.A., Range A",False,False,,117060,241728,,114176,0,0,6251,120427,38688,0,0,9397,48085,Public Employees Retirement System,https://www.calhr.ca.gov,,08/06/2024,,,True,
2023,State Department,"Pilot Commissioners, Board of",Bays SF S. Pablo & Suisun,Staff Services Manager I,False,False,,81120,100776,,78388,0,0,4991,83379,26740,0,0,9397,36136,Public Employees Retirement System,https://www.calhr.ca.gov,,08/06/2024,,,True,
2023,State Department,"Pilot Commissioners, Board of",Bays SF S. Pablo & Suisun,"Commissioner-3/State Board of Pilot Commissioners, San Francisco San Pablo and Suisun Bays",False,False,,0,7200,,51664,0,0,0,51664,0,0,0,0,0,,https://www.calhr.ca.gov,,08/06/2024,,,True,
2023,State Department,"Pilot Commissioners, Board of",Bays SF S. Pablo & Suisun,"Commissioner-3/State Board of Pilot Commissioners, San Francisco San Pablo and Suisun Bays",False,False,,0,7200,,7200,0,0,0,7200,0,0,0,0,0,Part-Time Seasonal and Temporary (PST) Retirement Plan,https://www.calhr.ca.gov,,08/06/2024,,,True,
2023,State Department,"Pilot Commissioners, Board of",Bays SF S. Pablo & Suisun,"Commissioner-3/State Board of Pilot Commissioners, San Francisco San Pablo and Suisun Bays",False,False,,0,7200,,7200,0,0,0,7200,0,0,0,0,0,Part-Time Seasonal and Temporary (PST) Retirement Plan,https://www.calhr.ca.gov,,08/06/2024,,,True,

