﻿Year,EmployerType,EmployerName,DepartmentOrSubdivision,Position,ElectedOfficial,Judicial,OtherPositions,MinPositionSalary,MaxPositionSalary,ReportedBaseWage,RegularPay,OvertimePay,LumpSumPay,OtherPay,TotalWages,DefinedBenefitPlanContribution,EmployeesRetirementCostCovered,DeferredCompensationPlan,HealthDentalVision,TotalRetirementAndHealthContribution,PensionFormula,EmployerURL,EmployerPopulation,LastUpdatedDate,EmployerCounty,SpecialDistrictActivities,IncludesUnfundedLiability,SpecialDistrictType
2023,State Department,"Auditor's Office, California State",,State Auditor/Bureau of State Audits,False,False,,232870,239844,,205678,0,51474,3380,260532,73034,0,0,23377,96411,Public Employees Retirement System,https://www.calhr.ca.gov,,08/06/2024,,,True,
2023,State Department,"Auditor's Office, California State",,Chief Deputy State Auditor/Bureau of State Audits,False,False,,205656,211812,,196462,0,0,15230,211692,65716,0,0,18217,83933,Public Employees Retirement System,https://www.calhr.ca.gov,,08/06/2024,,,True,
2023,State Department,"Auditor's Office, California State",,"C.E.A., Range B",False,False,,117060,241728,,198146,0,0,6945,205091,67161,0,0,23377,90538,Public Employees Retirement System,https://www.calhr.ca.gov,,08/06/2024,,,True,
2023,State Department,"Auditor's Office, California State",,"Attorney, Assistant Chief Counsel",False,False,,169080,197796,,194133,0,0,6720,200853,65193,0,0,9397,74590,Public Employees Retirement System,https://www.calhr.ca.gov,,08/06/2024,,,True,
2023,State Department,"Auditor's Office, California State",,"C.E.A., Range B",False,False,,117060,241728,,147824,0,30907,9830,188560,53039,0,0,21429,74468,Public Employees Retirement System,https://www.calhr.ca.gov,,08/06/2024,,,True,
2023,State Department,"Auditor's Office, California State",,"Attorney IV, Range L",False,False,,139728,179448,,180203,0,0,7783,187986,56418,0,0,3450,59868,Public Employees Retirement System,https://www.calhr.ca.gov,,08/06/2024,,,True,
2023,State Department,"Auditor's Office, California State",,"C.E.A., Range B",False,False,,117060,241728,,170023,0,0,15656,185679,58848,0,0,9397,68244,Public Employees Retirement System,https://www.calhr.ca.gov,,08/06/2024,,,True,
2023,State Department,"Auditor's Office, California State",,"Attorney IV, Range L",False,False,,139728,179448,,174333,0,0,9570,183903,59239,0,0,18217,77456,Public Employees Retirement System,https://www.calhr.ca.gov,,08/06/2024,,,True,
2023,State Department,"Auditor's Office, California State",,"Attorney V, Range L",False,False,,147480,188220,,177272,0,0,5820,183092,62167,0,0,23377,85544,Public Employees Retirement System,https://www.calhr.ca.gov,,08/06/2024,,,True,
2023,State Department,"Auditor's Office, California State",,"C.E.A., Range A",False,False,,117060,241728,,172661,0,0,10120,182781,49401,0,0,9397,58797,Public Employees Retirement System,https://www.calhr.ca.gov,,08/06/2024,,,True,
2023,State Department,"Auditor's Office, California State",,"Attorney IV, Range L",False,False,,139728,179448,,173659,0,0,3980,177639,59167,0,0,23377,82543,Public Employees Retirement System,https://www.calhr.ca.gov,,08/06/2024,,,True,
2023,State Department,"Auditor's Office, California State",,Principal Auditor,False,False,,137532,169776,,162827,0,0,14200,177027,53405,0,0,1996,55401,Public Employees Retirement System,https://www.calhr.ca.gov,,08/06/2024,,,True,
2023,State Department,"Auditor's Office, California State",,"C.E.A., Range A",False,False,,117060,241728,,164198,0,0,10755,174953,47865,0,0,9397,57261,Public Employees Retirement System,https://www.calhr.ca.gov,,08/06/2024,,,True,
2023,State Department,"Auditor's Office, California State",,Principal Auditor,False,False,,137532,169776,,159524,0,0,13660,173184,53405,0,0,23377,76782,Public Employees Retirement System,https://www.calhr.ca.gov,,08/06/2024,,,True,
2023,State Department,"Auditor's Office, California State",,Principal Auditor,False,False,,137532,169776,,154253,0,0,15480,169733,54199,0,0,23377,77576,Public Employees Retirement System,https://www.calhr.ca.gov,,08/06/2024,,,True,
2023,State Department,"Auditor's Office, California State",,"C.E.A., Range B",False,False,,117060,241728,,160193,0,0,7920,168113,53713,0,0,18217,71930,Public Employees Retirement System,https://www.calhr.ca.gov,,08/06/2024,,,True,
2023,State Department,"Auditor's Office, California State",,Principal Auditor,False,False,,137532,169776,,157589,0,0,10315,167904,53405,0,0,18217,71622,Public Employees Retirement System,https://www.calhr.ca.gov,,08/06/2024,,,True,
2023,State Department,"Auditor's Office, California State",,Principal Auditor,False,False,,137532,169776,,158788,0,0,7920,166708,53405,0,0,18217,71622,Public Employees Retirement System,https://www.calhr.ca.gov,,08/06/2024,,,True,
2023,State Department,"Auditor's Office, California State",,Information Technology Manager II,False,False,,128808,156576,,152761,0,0,13459,166220,51716,0,0,23377,75093,Public Employees Retirement System,https://www.calhr.ca.gov,,08/06/2024,,,True,
2023,State Department,"Auditor's Office, California State",,"Attorney IV, Range L",False,False,,139728,179448,,152820,0,0,10717,163537,46733,0,0,18217,64950,Public Employees Retirement System,https://www.calhr.ca.gov,,08/06/2024,,,True,
2023,State Department,"Auditor's Office, California State",,Principal Auditor,False,False,,137532,169776,,155536,0,0,3420,158956,51555,0,0,9397,60952,Public Employees Retirement System,https://www.calhr.ca.gov,,08/06/2024,,,True,
2023,State Department,"Auditor's Office, California State",,Fraud Investigator III,False,False,,113664,149460,,141162,0,0,12901,154063,47014,0,0,23377,70391,Public Employees Retirement System,https://www.calhr.ca.gov,,08/06/2024,,,True,
2023,State Department,"Auditor's Office, California State",,Senior Auditor Evaluator III,False,False,,113664,153828,,141008,0,0,12430,153438,47910,0,0,23377,71287,Public Employees Retirement System,https://www.calhr.ca.gov,,08/06/2024,,,True,
2023,State Department,"Auditor's Office, California State",,Senior Auditor Evaluator III,False,False,,113664,153828,,142471,0,0,7920,150391,48389,0,0,23377,71766,Public Employees Retirement System,https://www.calhr.ca.gov,,08/06/2024,,,True,
2023,State Department,"Auditor's Office, California State",,"Attorney III, Range L",False,False,,126432,162312,,144164,0,0,3420,147584,50391,0,0,22087,72478,Public Employees Retirement System,https://www.calhr.ca.gov,,08/06/2024,,,True,
2023,State Department,"Auditor's Office, California State",,Senior Auditor Evaluator II,False,False,,103080,146412,,141769,0,0,4460,146229,45401,0,0,2945,48346,Public Employees Retirement System,https://www.calhr.ca.gov,,08/06/2024,,,True,
2023,State Department,"Auditor's Office, California State",,Senior Auditor Evaluator II,False,False,,103080,146412,,138867,0,0,7320,146187,46057,0,0,9397,55453,Public Employees Retirement System,https://www.calhr.ca.gov,,08/06/2024,,,True,
2023,State Department,"Auditor's Office, California State",,Fraud Investigator III,False,False,,113664,149460,,136763,0,0,7920,144683,46638,0,0,23377,70015,Public Employees Retirement System,https://www.calhr.ca.gov,,08/06/2024,,,True,
2023,State Department,"Auditor's Office, California State",,Senior Auditor Evaluator II,False,False,,103080,146412,,132659,0,0,9770,142429,44560,0,0,3450,48010,Public Employees Retirement System,https://www.calhr.ca.gov,,08/06/2024,,,True,
2023,State Department,"Auditor's Office, California State",,Senior Auditor Evaluator II,False,False,,103080,146412,,123272,0,0,19035,142307,45516,0,0,18217,63732,Public Employees Retirement System,https://www.calhr.ca.gov,,08/06/2024,,,True,
2023,State Department,"Auditor's Office, California State",,Senior Auditor Evaluator II,False,False,,103080,146412,,131963,0,0,10054,142017,46057,0,0,23377,69433,Public Employees Retirement System,https://www.calhr.ca.gov,,08/06/2024,,,True,
2023,State Department,"Auditor's Office, California State",,Auditor Specialist III,False,False,,113664,149460,,134958,0,0,6120,141078,44842,0,0,9397,54239,Public Employees Retirement System,https://www.calhr.ca.gov,,08/06/2024,,,True,
2023,State Department,"Auditor's Office, California State",,Senior Auditor Evaluator III,False,False,,113664,153828,,123503,0,0,14043,137546,41649,0,0,9397,51046,Public Employees Retirement System,https://www.calhr.ca.gov,,08/06/2024,,,True,
2023,State Department,"Auditor's Office, California State",,Senior Auditor Evaluator II,False,False,,103080,146412,,130472,0,0,6720,137192,43480,0,0,9397,52877,Public Employees Retirement System,https://www.calhr.ca.gov,,08/06/2024,,,True,
2023,State Department,"Auditor's Office, California State",,Senior Auditor Evaluator II,False,False,,103080,146412,,130971,0,0,3720,134691,43999,0,0,23377,67376,Public Employees Retirement System,https://www.calhr.ca.gov,,08/06/2024,,,True,
2023,State Department,"Auditor's Office, California State",,"Attorney IV, Range L",False,False,,139728,179448,,129337,0,0,3411,132748,42638,0,0,11124,53762,Public Employees Retirement System,https://www.calhr.ca.gov,,08/06/2024,,,True,
2023,State Department,"Auditor's Office, California State",,Auditor Specialist II,False,False,,103080,135528,,122415,0,0,9850,132265,40662,0,0,9397,50059,Public Employees Retirement System,https://www.calhr.ca.gov,,08/06/2024,,,True,
2023,State Department,"Auditor's Office, California State",,Fraud Investigator II,False,False,,103080,135528,,124911,0,0,7320,132231,42632,0,0,23377,66009,Public Employees Retirement System,https://www.calhr.ca.gov,,08/06/2024,,,True,
2023,State Department,"Auditor's Office, California State",,Senior Auditor Evaluator I,False,False,,89220,132648,,123131,0,0,7020,130151,41605,0,0,23377,64982,Public Employees Retirement System,https://www.calhr.ca.gov,,08/06/2024,,,True,
2023,State Department,"Auditor's Office, California State",,Auditor Specialist II,False,False,,103080,135528,,122007,0,0,6720,128727,42632,0,0,23377,66009,Public Employees Retirement System,https://www.calhr.ca.gov,,08/06/2024,,,True,
2023,State Department,"Auditor's Office, California State",,Auditor Specialist III,False,False,,113664,149460,,121108,0,0,7320,128428,43710,0,0,23377,67087,Public Employees Retirement System,https://www.calhr.ca.gov,,08/06/2024,,,True,
2023,State Department,"Auditor's Office, California State",,Staff Services Manager III,False,False,,108264,122916,,116764,0,0,11330,128094,40599,0,0,18217,58816,Public Employees Retirement System,https://www.calhr.ca.gov,,08/06/2024,,,True,
2023,State Department,"Auditor's Office, California State",,Auditor Specialist II,False,False,,103080,135528,,120246,0,0,6720,126966,41650,0,0,23377,65026,Public Employees Retirement System,https://www.calhr.ca.gov,,08/06/2024,,,True,
2023,State Department,"Auditor's Office, California State",,"C.E.A., Range C",False,False,,117060,241728,,0,0,126348,0,126348,0,0,0,0,0,Public Employees Retirement System,https://www.calhr.ca.gov,,08/06/2024,,,True,
2023,State Department,"Auditor's Office, California State",,Senior Auditor Evaluator II,False,False,,103080,146412,,118573,0,0,6720,125293,39776,0,0,23377,63152,Public Employees Retirement System,https://www.calhr.ca.gov,,08/06/2024,,,True,
2023,State Department,"Auditor's Office, California State",,Staff Services Manager III,False,False,,108264,122916,,117030,0,0,7620,124650,40599,0,0,23377,63976,Public Employees Retirement System,https://www.calhr.ca.gov,,08/06/2024,,,True,
2023,State Department,"Auditor's Office, California State",,Auditor Evaluator II,False,False,,74472,106212,,98988,14037,0,10686,123711,33410,0,0,18217,51627,Public Employees Retirement System,https://www.calhr.ca.gov,,08/06/2024,,,True,
2023,State Department,"Auditor's Office, California State",,Auditor Evaluator II,False,False,,74472,106212,,112873,0,0,7870,120743,38285,0,0,18217,56502,Public Employees Retirement System,https://www.calhr.ca.gov,,08/06/2024,,,True,
2023,State Department,"Auditor's Office, California State",,Senior Auditor Evaluator II,False,False,,103080,146412,,113496,0,0,6720,120216,37772,0,0,9397,47168,Public Employees Retirement System,https://www.calhr.ca.gov,,08/06/2024,,,True,
2023,State Department,"Auditor's Office, California State",,Auditor Specialist II,False,False,,103080,135528,,111813,0,0,6720,118533,40662,0,0,23377,64039,Public Employees Retirement System,https://www.calhr.ca.gov,,08/06/2024,,,True,
2023,State Department,"Auditor's Office, California State",,Auditor Evaluator II,False,False,,74472,106212,,101333,4747,0,11613,117694,33410,0,0,9397,42807,Public Employees Retirement System,https://www.calhr.ca.gov,,08/06/2024,,,True,
2023,State Department,"Auditor's Office, California State",,Staff Services Manager II (Managerial),False,False,,98580,111972,,112438,0,0,4910,117348,36983,0,0,3327,40309,Public Employees Retirement System,https://www.calhr.ca.gov,,08/06/2024,,,True,
2023,State Department,"Auditor's Office, California State",,Auditor Specialist II,False,False,,103080,135528,,105693,0,0,11205,116898,36331,0,0,23377,59708,Public Employees Retirement System,https://www.calhr.ca.gov,,08/06/2024,,,True,
2023,State Department,"Auditor's Office, California State",,Auditor Evaluator II,False,False,,74472,106212,,96580,8127,0,11286,115993,33410,0,0,23377,56787,Public Employees Retirement System,https://www.calhr.ca.gov,,08/06/2024,,,True,
2023,State Department,"Auditor's Office, California State",,Senior Auditor Evaluator I,False,False,,89220,132648,,98568,5221,0,11638,115427,34476,0,0,23377,57852,Public Employees Retirement System,https://www.calhr.ca.gov,,08/06/2024,,,True,
2023,State Department,"Auditor's Office, California State",,Senior Auditor Evaluator III,False,False,,113664,153828,,107634,0,0,7620,115254,36027,0,0,136,36162,Public Employees Retirement System,https://www.calhr.ca.gov,,08/06/2024,,,True,
2023,State Department,"Auditor's Office, California State",,Auditor Evaluator II,False,False,,74472,106212,,108092,0,0,6720,114812,36764,0,0,9397,46160,Public Employees Retirement System,https://www.calhr.ca.gov,,08/06/2024,,,True,
2023,State Department,"Auditor's Office, California State",,Senior Auditor Evaluator II,False,False,,103080,146412,,109945,0,0,4560,114505,35971,0,0,3450,39421,Public Employees Retirement System,https://www.calhr.ca.gov,,08/06/2024,,,True,
2023,State Department,"Auditor's Office, California State",,Staff Services Manager II (Supervisory),False,False,,89040,110628,,105928,0,0,7920,113848,36538,0,0,18217,54755,Public Employees Retirement System,https://www.calhr.ca.gov,,08/06/2024,,,True,
2023,State Department,"Auditor's Office, California State",,Senior Auditor Evaluator II,False,False,,103080,146412,,107612,0,0,6120,113732,35843,0,0,9397,45239,Public Employees Retirement System,https://www.calhr.ca.gov,,08/06/2024,,,True,
2023,State Department,"Auditor's Office, California State",,Auditor Evaluator II,False,False,,74472,106212,,97498,460,0,15229,113187,33410,0,0,-2850,30560,Public Employees Retirement System,https://www.calhr.ca.gov,,08/06/2024,,,True,
2023,State Department,"Auditor's Office, California State",,"Information Technology Specialist I, Range N",False,False,,91608,122748,,106965,0,0,6070,113035,36498,0,0,9397,45894,Public Employees Retirement System,https://www.calhr.ca.gov,,08/06/2024,,,True,
2023,State Department,"Auditor's Office, California State",,Auditor Specialist III,False,False,,113664,149460,,103449,0,1871,6080,111400,34801,0,0,13663,48464,Public Employees Retirement System,https://www.calhr.ca.gov,,08/06/2024,,,True,
2023,State Department,"Auditor's Office, California State",,Fraud Investigator I,False,False,,85164,114384,,104622,0,0,6120,110742,35980,0,0,23377,59357,Public Employees Retirement System,https://www.calhr.ca.gov,,08/06/2024,,,True,
2023,State Department,"Auditor's Office, California State",,Auditor Evaluator II,False,False,,74472,106212,,100415,0,0,6720,107135,33410,0,0,9397,42807,Public Employees Retirement System,https://www.calhr.ca.gov,,08/06/2024,,,True,
2023,State Department,"Auditor's Office, California State",,Auditor Evaluator II,False,False,,74472,106212,,94018,6674,0,6120,106811,32391,0,0,23377,55768,Public Employees Retirement System,https://www.calhr.ca.gov,,08/06/2024,,,True,
2023,State Department,"Auditor's Office, California State",,Auditor Specialist II,False,False,,103080,135528,,100065,0,0,6120,106185,33309,0,0,9397,42706,Public Employees Retirement System,https://www.calhr.ca.gov,,08/06/2024,,,True,
2023,State Department,"Auditor's Office, California State",,"Information Technology Associate, Range O",False,False,,75984,101844,,94549,3868,0,6720,105138,32678,0,0,23377,56054,Public Employees Retirement System,https://www.calhr.ca.gov,,08/06/2024,,,True,
2023,State Department,"Auditor's Office, California State",,Staff Services Manager I,False,False,,81120,100776,,97086,0,0,7920,105006,33285,0,0,23377,56661,Public Employees Retirement System,https://www.calhr.ca.gov,,08/06/2024,,,True,
2023,State Department,"Auditor's Office, California State",,"Special Investigator, Range N",False,False,,79860,104232,,97672,0,0,6120,103792,33481,0,0,23377,56858,Public Employees Retirement System,https://www.calhr.ca.gov,,08/06/2024,,,True,
2023,State Department,"Auditor's Office, California State",,Staff Services Manager II (Managerial),False,False,,98580,111972,,94000,0,0,9481,103481,32889,0,0,18217,51106,Public Employees Retirement System,https://www.calhr.ca.gov,,08/06/2024,,,True,
2023,State Department,"Auditor's Office, California State",,Auditor Evaluator II,False,False,,74472,106212,,95599,1798,0,5860,103257,30734,0,0,1996,32730,Public Employees Retirement System,https://www.calhr.ca.gov,,08/06/2024,,,True,
2023,State Department,"Auditor's Office, California State",,Fraud Investigator I,False,False,,85164,114384,,95396,0,0,7720,103116,32528,0,0,9397,41925,Public Employees Retirement System,https://www.calhr.ca.gov,,08/06/2024,,,True,
2023,State Department,"Auditor's Office, California State",,Staff Services Manager I,False,False,,81120,100776,,100955,0,0,2060,103015,33285,0,0,2945,36229,Public Employees Retirement System,https://www.calhr.ca.gov,,08/06/2024,,,True,
2023,State Department,"Auditor's Office, California State",,Auditor Evaluator II,False,False,,74472,106212,,96885,0,0,5460,102345,31156,0,0,1892,33048,Public Employees Retirement System,https://www.calhr.ca.gov,,08/06/2024,,,True,
2023,State Department,"Auditor's Office, California State",,Staff Services Manager I,False,False,,81120,100776,,96193,0,0,6120,102313,31700,0,0,23377,55076,Public Employees Retirement System,https://www.calhr.ca.gov,,08/06/2024,,,True,
2023,State Department,"Auditor's Office, California State",,Senior Auditor Evaluator I,False,False,,89220,132648,,83740,10456,0,7020,101216,28330,0,0,9397,37727,Public Employees Retirement System,https://www.calhr.ca.gov,,08/06/2024,,,True,
2023,State Department,"Auditor's Office, California State",,Auditor Evaluator II,False,False,,74472,106212,,94860,702,0,5520,101082,33410,0,0,23377,56787,Public Employees Retirement System,https://www.calhr.ca.gov,,08/06/2024,,,True,
2023,State Department,"Auditor's Office, California State",,Fraud Investigator I,False,False,,85164,114384,,93927,0,0,6720,100647,33062,0,0,23377,56439,Public Employees Retirement System,https://www.calhr.ca.gov,,08/06/2024,,,True,
2023,State Department,"Auditor's Office, California State",,"Information Technology Associate, Range O",False,False,,75984,101844,,87164,4073,0,9214,100450,30265,0,0,23377,53642,Public Employees Retirement System,https://www.calhr.ca.gov,,08/06/2024,,,True,
2023,State Department,"Auditor's Office, California State",,Auditor Evaluator II,False,False,,74472,106212,,90765,1865,0,6170,98800,30984,0,0,9397,40381,Public Employees Retirement System,https://www.calhr.ca.gov,,08/06/2024,,,True,
2023,State Department,"Auditor's Office, California State",,Senior Auditor Evaluator I,False,False,,89220,132648,,89453,0,0,9120,98573,29855,0,0,9397,39252,Public Employees Retirement System,https://www.calhr.ca.gov,,08/06/2024,,,True,
2023,State Department,"Auditor's Office, California State",,Auditor Specialist I,False,False,,85164,114384,,91658,0,0,6070,97728,30553,0,0,9397,39950,Public Employees Retirement System,https://www.calhr.ca.gov,,08/06/2024,,,True,
2023,State Department,"Auditor's Office, California State",,Auditor Evaluator II,False,False,,74472,106212,,91472,0,0,6120,97592,30492,0,0,9397,39889,Public Employees Retirement System,https://www.calhr.ca.gov,,08/06/2024,,,True,
2023,State Department,"Auditor's Office, California State",,Senior Auditor Evaluator I,False,False,,89220,132648,,92633,0,0,3720,96353,30863,0,0,9397,40259,Public Employees Retirement System,https://www.calhr.ca.gov,,08/06/2024,,,True,
2023,State Department,"Auditor's Office, California State",,"Auditor Evaluator I, Range B",False,False,,73188,96240,,87338,1266,0,7720,96324,30273,0,0,23377,53649,Public Employees Retirement System,https://www.calhr.ca.gov,,08/06/2024,,,True,
2023,State Department,"Auditor's Office, California State",,Staff Services Manager I,False,False,,81120,100776,,89337,0,0,6120,95457,30599,0,0,23377,53975,Public Employees Retirement System,https://www.calhr.ca.gov,,08/06/2024,,,True,
2023,State Department,"Auditor's Office, California State",,Staff Services Manager I,False,False,,81120,100776,,70096,0,0,23505,93600,23189,0,0,19507,42696,Public Employees Retirement System,https://www.calhr.ca.gov,,08/06/2024,,,True,
2023,State Department,"Auditor's Office, California State",,"Special Investigator, Range N",False,False,,79860,104232,,85659,0,0,6120,91779,28611,0,0,9397,38008,Public Employees Retirement System,https://www.calhr.ca.gov,,08/06/2024,,,True,
2023,State Department,"Auditor's Office, California State",,Auditor Evaluator II,False,False,,74472,106212,,83565,4469,0,3720,91753,27416,0,0,9397,36813,Public Employees Retirement System,https://www.calhr.ca.gov,,08/06/2024,,,True,
2023,State Department,"Auditor's Office, California State",,"Graphic Designer III, Range L",False,False,,73200,91656,,84581,0,0,6720,91301,29409,0,0,23377,52786,Public Employees Retirement System,https://www.calhr.ca.gov,,08/06/2024,,,True,
2023,State Department,"Auditor's Office, California State",,"Auditor Evaluator I, Range B",False,False,,73188,96240,,73973,0,13546,3460,90979,24788,0,0,9397,34185,Public Employees Retirement System,https://www.calhr.ca.gov,,08/06/2024,,,True,
2023,State Department,"Auditor's Office, California State",,"Special Investigator, Range N",False,False,,79860,104232,,83436,0,0,7415,90851,26817,0,0,15925,42742,Public Employees Retirement System,https://www.calhr.ca.gov,,08/06/2024,,,True,
2023,State Department,"Auditor's Office, California State",,"Senior Personnel Specialist, Range L",False,False,,66012,82620,,79990,0,0,9898,89889,25781,0,0,3450,29231,Public Employees Retirement System,https://www.calhr.ca.gov,,08/06/2024,,,True,
2023,State Department,"Auditor's Office, California State",,"Graphic Designer III, Range L",False,False,,73200,91656,,82661,0,0,6720,89381,29409,0,0,23377,52786,Public Employees Retirement System,https://www.calhr.ca.gov,,08/06/2024,,,True,
2023,State Department,"Auditor's Office, California State",,Auditor Evaluator II,False,False,,74472,106212,,73731,0,2107,13409,89247,25732,0,0,17482,43214,Public Employees Retirement System,https://www.calhr.ca.gov,,08/06/2024,,,True,
2023,State Department,"Auditor's Office, California State",,Senior Auditor Evaluator I,False,False,,89220,132648,,76184,135,0,12510,88829,28461,0,0,22087,50548,Public Employees Retirement System,https://www.calhr.ca.gov,,08/06/2024,,,True,
2023,State Department,"Auditor's Office, California State",,Staff Services Manager II (Managerial),False,False,,98580,111972,,87674,0,0,1080,88754,28377,0,0,3029,31406,Public Employees Retirement System,https://www.calhr.ca.gov,,08/06/2024,,,True,
2023,State Department,"Auditor's Office, California State",,Auditor Specialist II,False,False,,103080,135528,,82101,0,2782,3577,88459,29048,0,0,16510,45559,Public Employees Retirement System,https://www.calhr.ca.gov,,08/06/2024,,,True,
2023,State Department,"Auditor's Office, California State",,"Associate Governmental Program Analyst, Range L",False,False,,70260,87948,,84089,0,0,3720,87809,27102,0,0,18217,45319,Public Employees Retirement System,https://www.calhr.ca.gov,,08/06/2024,,,True,
2023,State Department,"Auditor's Office, California State",,"Digital Composition Specialist III, Range L",False,False,,68340,85560,,82242,0,0,5520,87762,27452,0,0,9397,36848,Public Employees Retirement System,https://www.calhr.ca.gov,,08/06/2024,,,True,
2023,State Department,"Auditor's Office, California State",,Senior Auditor Evaluator I,False,False,,89220,132648,,83665,304,0,3720,87689,27991,0,0,9397,37388,Public Employees Retirement System,https://www.calhr.ca.gov,,08/06/2024,,,True,
2023,State Department,"Auditor's Office, California State",,Principal Auditor,False,False,,137532,169776,,85133,0,0,0,85133,0,0,0,0,0,,https://www.calhr.ca.gov,,08/06/2024,,,True,
2023,State Department,"Auditor's Office, California State",,Auditor Evaluator II,False,False,,74472,106212,,79951,0,0,3670,83621,27597,0,0,24786,52383,Public Employees Retirement System,https://www.calhr.ca.gov,,08/06/2024,,,True,
2023,State Department,"Auditor's Office, California State",,Auditor Evaluator II,False,False,,74472,106212,,75666,3836,0,3720,83221,25790,0,0,9397,35187,Public Employees Retirement System,https://www.calhr.ca.gov,,08/06/2024,,,True,
2023,State Department,"Auditor's Office, California State",,Auditor Evaluator II,False,False,,74472,106212,,77290,1630,0,3720,82640,25478,0,0,9397,34875,Public Employees Retirement System,https://www.calhr.ca.gov,,08/06/2024,,,True,
2023,State Department,"Auditor's Office, California State",,"Associate Editor of Publications, Range L",False,False,,70260,87948,,78163,0,0,3590,81753,25278,0,0,1767,27045,Public Employees Retirement System,https://www.calhr.ca.gov,,08/06/2024,,,True,
2023,State Department,"Auditor's Office, California State",,Auditor Evaluator II,False,False,,74472,106212,,77487,1684,0,1860,81031,24796,0,0,1996,26792,Public Employees Retirement System,https://www.calhr.ca.gov,,08/06/2024,,,True,
2023,State Department,"Auditor's Office, California State",,Auditor Evaluator II,False,False,,74472,106212,,76695,326,0,3720,80741,25680,0,0,9397,35077,Public Employees Retirement System,https://www.calhr.ca.gov,,08/06/2024,,,True,
2023,State Department,"Auditor's Office, California State",,"Special Investigator, Range N",False,False,,79860,104232,,77300,0,0,3394,80693,24969,0,0,17395,42364,Public Employees Retirement System,https://www.calhr.ca.gov,,08/06/2024,,,True,
2023,State Department,"Auditor's Office, California State",,Auditor Evaluator II,False,False,,74472,106212,,74457,911,0,3120,78488,24972,0,0,9397,34369,Public Employees Retirement System,https://www.calhr.ca.gov,,08/06/2024,,,True,
2023,State Department,"Auditor's Office, California State",,Auditor Evaluator II,False,False,,74472,106212,,74859,0,0,3570,78429,26536,0,0,23377,49913,Public Employees Retirement System,https://www.calhr.ca.gov,,08/06/2024,,,True,
2023,State Department,"Auditor's Office, California State",,"Graphic Designer III, Range L",False,False,,73200,91656,,74529,0,0,3811,78340,26131,0,0,22947,49078,Public Employees Retirement System,https://www.calhr.ca.gov,,08/06/2024,,,True,
2023,State Department,"Auditor's Office, California State",,Principal Auditor,False,False,,137532,169776,,78273,0,0,0,78273,0,0,0,0,0,,https://www.calhr.ca.gov,,08/06/2024,,,True,
2023,State Department,"Auditor's Office, California State",,Auditor Evaluator II,False,False,,74472,106212,,72629,556,0,3720,76905,24148,0,0,23377,47525,Public Employees Retirement System,https://www.calhr.ca.gov,,08/06/2024,,,True,
2023,State Department,"Auditor's Office, California State",,Auditor Evaluator II,False,False,,74472,106212,,61665,0,0,14985,76649,23641,0,0,23377,47018,Public Employees Retirement System,https://www.calhr.ca.gov,,08/06/2024,,,True,
2023,State Department,"Auditor's Office, California State",,"Auditor Evaluator I, Range B",False,False,,73188,96240,,73160,100,0,3200,76460,24530,0,0,8764,33293,Public Employees Retirement System,https://www.calhr.ca.gov,,08/06/2024,,,True,
2023,State Department,"Auditor's Office, California State",,Auditor Evaluator II,False,False,,74472,106212,,73477,0,0,1705,75182,23514,0,0,2563,26077,Public Employees Retirement System,https://www.calhr.ca.gov,,08/06/2024,,,True,
2023,State Department,"Auditor's Office, California State",,"Auditor Evaluator I, Range B",False,False,,73188,96240,,71310,0,0,3670,74980,23882,0,0,9397,33278,Public Employees Retirement System,https://www.calhr.ca.gov,,08/06/2024,,,True,
2023,State Department,"Auditor's Office, California State",,Auditor Evaluator II,False,False,,74472,106212,,69754,26,0,5039,74819,23224,0,0,18217,41441,Public Employees Retirement System,https://www.calhr.ca.gov,,08/06/2024,,,True,
2023,State Department,"Auditor's Office, California State",,"Administrative Assistant II, Range L",False,False,,70260,87948,,67540,0,0,7138,74678,24055,0,0,18217,42272,Public Employees Retirement System,https://www.calhr.ca.gov,,08/06/2024,,,True,
2023,State Department,"Auditor's Office, California State",,"Auditor Evaluator I, Range B",False,False,,73188,96240,,70942,0,0,3720,74662,23584,0,0,23377,46961,Public Employees Retirement System,https://www.calhr.ca.gov,,08/06/2024,,,True,
2023,State Department,"Auditor's Office, California State",,Auditor Evaluator II,False,False,,74472,106212,,70549,0,0,3680,74230,23319,0,0,9557,32876,Public Employees Retirement System,https://www.calhr.ca.gov,,08/06/2024,,,True,
2023,State Department,"Auditor's Office, California State",,"Associate Governmental Program Analyst, Range L",False,False,,70260,87948,,70421,0,0,3771,74192,23022,0,0,16012,39034,Public Employees Retirement System,https://www.calhr.ca.gov,,08/06/2024,,,True,
2023,State Department,"Auditor's Office, California State",,Auditor Evaluator II,False,False,,74472,106212,,70675,0,0,3120,73795,23707,0,0,9397,33103,Public Employees Retirement System,https://www.calhr.ca.gov,,08/06/2024,,,True,
2023,State Department,"Auditor's Office, California State",,Auditor Evaluator II,False,False,,74472,106212,,71425,71,0,2160,73656,22907,0,0,1889,24795,Public Employees Retirement System,https://www.calhr.ca.gov,,08/06/2024,,,True,
2023,State Department,"Auditor's Office, California State",,"Attorney IV, Range L",False,False,,139728,179448,,73548,0,0,0,73548,0,0,0,0,0,,https://www.calhr.ca.gov,,08/06/2024,,,True,
2023,State Department,"Auditor's Office, California State",,Auditor Evaluator II,False,False,,74472,106212,,69320,63,0,3687,73069,22948,0,0,18217,41165,Public Employees Retirement System,https://www.calhr.ca.gov,,08/06/2024,,,True,
2023,State Department,"Auditor's Office, California State",,Auditor Evaluator II,False,False,,74472,106212,,69040,0,0,3720,72760,23052,0,0,9397,32449,Public Employees Retirement System,https://www.calhr.ca.gov,,08/06/2024,,,True,
2023,State Department,"Auditor's Office, California State",,"Auditor Evaluator I, Range B",False,False,,73188,96240,,69002,0,0,3720,72722,22810,0,0,9397,32206,Public Employees Retirement System,https://www.calhr.ca.gov,,08/06/2024,,,True,
2023,State Department,"Auditor's Office, California State",,"Auditor Evaluator I, Range B",False,False,,73188,96240,,68876,0,0,3720,72596,23117,0,0,9397,32514,Public Employees Retirement System,https://www.calhr.ca.gov,,08/06/2024,,,True,
2023,State Department,"Auditor's Office, California State",,"Auditor Evaluator I, Range B",False,False,,73188,96240,,67904,474,0,3720,72098,22450,0,0,9397,31846,Public Employees Retirement System,https://www.calhr.ca.gov,,08/06/2024,,,True,
2023,State Department,"Auditor's Office, California State",,"Senior Accounting Officer (Specialist), Range L",False,False,,70260,87948,,67727,627,0,3720,72074,23981,0,0,23377,47358,Public Employees Retirement System,https://www.calhr.ca.gov,,08/06/2024,,,True,
2023,State Department,"Auditor's Office, California State",,"Auditor Evaluator I, Range B",False,False,,73188,96240,,68204,0,0,3720,71924,22450,0,0,9397,31846,Public Employees Retirement System,https://www.calhr.ca.gov,,08/06/2024,,,True,
2023,State Department,"Auditor's Office, California State",,"Auditor Evaluator I, Range B",False,False,,73188,96240,,67668,56,0,3770,71494,23584,0,0,9397,32981,Public Employees Retirement System,https://www.calhr.ca.gov,,08/06/2024,,,True,
2023,State Department,"Auditor's Office, California State",,"Auditor Evaluator I, Range B",False,False,,73188,96240,,67073,0,0,3262,70335,23412,0,0,21227,44639,Public Employees Retirement System,https://www.calhr.ca.gov,,08/06/2024,,,True,
2023,State Department,"Auditor's Office, California State",,"Graphic Designer III, Range L",False,False,,73200,91656,,59910,0,0,10399,70309,22266,0,0,23377,45642,Public Employees Retirement System,https://www.calhr.ca.gov,,08/06/2024,,,True,
2023,State Department,"Auditor's Office, California State",,Auditor Evaluator II,False,False,,74472,106212,,63780,2383,0,3720,69883,22549,0,0,23377,45926,Public Employees Retirement System,https://www.calhr.ca.gov,,08/06/2024,,,True,
2023,State Department,"Auditor's Office, California State",,Auditor Evaluator II,False,False,,74472,106212,,64509,474,0,3627,68611,21615,0,0,9397,31012,Public Employees Retirement System,https://www.calhr.ca.gov,,08/06/2024,,,True,
2023,State Department,"Auditor's Office, California State",,"Auditor Evaluator I, Range B",False,False,,73188,96240,,64123,0,0,3614,67737,21516,0,0,10136,31652,Public Employees Retirement System,https://www.calhr.ca.gov,,08/06/2024,,,True,
2023,State Department,"Auditor's Office, California State",,Auditor Evaluator II,False,False,,74472,106212,,64426,71,0,3039,67536,21615,0,0,10189,31804,Public Employees Retirement System,https://www.calhr.ca.gov,,08/06/2024,,,True,
2023,State Department,"Auditor's Office, California State",,"Auditor Evaluator I, Range B",False,False,,73188,96240,,63516,295,0,3720,67531,21516,0,0,23377,44893,Public Employees Retirement System,https://www.calhr.ca.gov,,08/06/2024,,,True,
2023,State Department,"Auditor's Office, California State",,"Associate Editor of Publications, Range L",False,False,,70260,87948,,55882,0,0,9810,65692,18136,0,0,7827,25964,Public Employees Retirement System,https://www.calhr.ca.gov,,08/06/2024,,,True,
2023,State Department,"Auditor's Office, California State",,"C.E.A., Range C",False,False,,117060,241728,,45073,0,19592,855,65520,15209,0,0,5844,21053,Public Employees Retirement System,https://www.calhr.ca.gov,,08/06/2024,,,True,
2023,State Department,"Auditor's Office, California State",,"Auditor Evaluator I, Range A",False,False,,67440,81744,,40001,564,22394,1130,64089,12817,0,0,1940,14757,Public Employees Retirement System,https://www.calhr.ca.gov,,08/06/2024,,,True,
2023,State Department,"Auditor's Office, California State",,Auditor Evaluator II,False,False,,74472,106212,,50508,0,1429,11838,63775,19587,0,0,113,19700,Public Employees Retirement System,https://www.calhr.ca.gov,,08/06/2024,,,True,
2023,State Department,"Auditor's Office, California State",,"Auditor Evaluator I, Range B",False,False,,73188,96240,,57313,0,0,6433,63746,19517,0,0,23377,42894,Public Employees Retirement System,https://www.calhr.ca.gov,,08/06/2024,,,True,
2023,State Department,"Auditor's Office, California State",,"Staff Services Analyst, Range N",False,False,,58416,73116,,59863,0,0,3720,63583,19620,0,0,9397,29017,Public Employees Retirement System,https://www.calhr.ca.gov,,08/06/2024,,,True,
2023,State Department,"Auditor's Office, California State",,"Associate Governmental Program Analyst, Range L",False,False,,70260,87948,,57344,0,0,3720,61064,18915,0,0,9397,28312,Public Employees Retirement System,https://www.calhr.ca.gov,,08/06/2024,,,True,
2023,State Department,"Auditor's Office, California State",,Auditor Evaluator II,False,False,,74472,106212,,57208,493,0,3310,61010,19675,0,0,16699,36373,Public Employees Retirement System,https://www.calhr.ca.gov,,08/06/2024,,,True,
2023,State Department,"Auditor's Office, California State",,"Staff Services Analyst, Range N",False,False,,58416,73116,,57264,0,0,3570,60833,18839,0,0,9397,28236,Public Employees Retirement System,https://www.calhr.ca.gov,,08/06/2024,,,True,
2023,State Department,"Auditor's Office, California State",,"Associate Governmental Program Analyst, Range L",False,False,,70260,87948,,53521,332,0,3720,57573,18428,0,0,18217,36645,Public Employees Retirement System,https://www.calhr.ca.gov,,08/06/2024,,,True,
2023,State Department,"Auditor's Office, California State",,"Office Technician (Typing), Range L",False,False,,44616,55824,,49493,0,0,5520,55013,17172,0,0,9397,26568,Public Employees Retirement System,https://www.calhr.ca.gov,,08/06/2024,,,True,
2023,State Department,"Auditor's Office, California State",,"Auditor Evaluator I, Range A",False,False,,67440,81744,,39299,0,0,11971,51270,13291,0,0,22845,36136,Public Employees Retirement System,https://www.calhr.ca.gov,,08/06/2024,,,True,
2023,State Department,"Auditor's Office, California State",,"Executive Assistant, Range L",False,False,,55128,69012,,47730,0,0,3060,50790,17406,0,0,23386,40792,Public Employees Retirement System,https://www.calhr.ca.gov,,08/06/2024,,,True,
2023,State Department,"Auditor's Office, California State",,"Business Service Assistant (Specialist), Range N",False,False,,50640,63396,,48914,0,0,1260,50174,15150,0,0,1897,17047,Public Employees Retirement System,https://www.calhr.ca.gov,,08/06/2024,,,True,
2023,State Department,"Auditor's Office, California State",,Auditor Evaluator II,False,False,,74472,106212,,39855,769,1487,6125,48236,12995,0,0,4028,17023,Public Employees Retirement System,https://www.calhr.ca.gov,,08/06/2024,,,True,
2023,State Department,"Auditor's Office, California State",,"Associate Governmental Program Analyst, Range L",False,False,,70260,87948,,40332,0,0,7320,47652,15638,0,0,23377,39015,Public Employees Retirement System,https://www.calhr.ca.gov,,08/06/2024,,,True,
2023,State Department,"Auditor's Office, California State",,"Auditor Evaluator I, Range A",False,False,,67440,81744,,38851,0,0,1190,40041,12484,0,0,1009,13493,Public Employees Retirement System,https://www.calhr.ca.gov,,08/06/2024,,,True,
2023,State Department,"Auditor's Office, California State",,"Auditor Evaluator I, Range A",False,False,,67440,81744,,37934,0,0,2057,39991,12484,0,0,4718,17202,Public Employees Retirement System,https://www.calhr.ca.gov,,08/06/2024,,,True,
2023,State Department,"Auditor's Office, California State",,"Auditor Evaluator I, Range A",False,False,,67440,81744,,37307,0,0,2074,39381,12484,0,0,5481,17965,Public Employees Retirement System,https://www.calhr.ca.gov,,08/06/2024,,,True,
2023,State Department,"Auditor's Office, California State",,"Auditor Evaluator I, Range A",False,False,,67440,81744,,37059,0,0,2085,39144,12236,0,0,5481,17717,Public Employees Retirement System,https://www.calhr.ca.gov,,08/06/2024,,,True,
2023,State Department,"Auditor's Office, California State",,"Senior Personnel Specialist, Range L",False,False,,66012,82620,,36945,0,0,0,36945,0,0,0,0,0,,https://www.calhr.ca.gov,,08/06/2024,,,True,
2023,State Department,"Auditor's Office, California State",,Auditor Specialist I,False,False,,85164,114384,,26471,0,0,2430,28901,8425,0,0,832,9256,Public Employees Retirement System,https://www.calhr.ca.gov,,08/06/2024,,,True,
2023,State Department,"Auditor's Office, California State",,"Auditor Evaluator I, Range B",False,False,,73188,96240,,27264,0,0,1247,28511,9226,0,0,7590,16816,Public Employees Retirement System,https://www.calhr.ca.gov,,08/06/2024,,,True,
2023,State Department,"Auditor's Office, California State",,"Auditor Evaluator I, Range B",False,False,,73188,96240,,26638,158,0,1337,28134,8871,0,0,3912,12784,Public Employees Retirement System,https://www.calhr.ca.gov,,08/06/2024,,,True,
2023,State Department,"Auditor's Office, California State",,"Auditor Evaluator I, Range A",False,False,,67440,81744,,25930,0,0,1500,27430,8502,0,0,57,8558,Public Employees Retirement System,https://www.calhr.ca.gov,,08/06/2024,,,True,
2023,State Department,"Auditor's Office, California State",,"Senior Accounting Officer (Specialist), Range L",False,False,,70260,87948,,26654,0,0,0,26654,0,0,0,0,0,,https://www.calhr.ca.gov,,08/06/2024,,,True,
2023,State Department,"Auditor's Office, California State",,"Auditor Evaluator I, Range A",False,False,,67440,81744,,25241,0,0,1024,26265,8502,0,0,3924,12425,Public Employees Retirement System,https://www.calhr.ca.gov,,08/06/2024,,,True,
2023,State Department,"Auditor's Office, California State",,Principal Auditor,False,False,,137532,169776,,0,0,26223,0,26223,0,0,0,0,0,Public Employees Retirement System,https://www.calhr.ca.gov,,08/06/2024,,,True,
2023,State Department,"Auditor's Office, California State",,"Administrative Assistant I, Range M",False,False,,61104,76512,,25742,0,0,0,25742,0,0,0,0,0,,https://www.calhr.ca.gov,,08/06/2024,,,True,
2023,State Department,"Auditor's Office, California State",,"Auditor Evaluator I, Range A",False,False,,67440,81744,,25194,0,0,200,25394,8260,0,0,57,8317,Public Employees Retirement System,https://www.calhr.ca.gov,,08/06/2024,,,True,
2023,State Department,"Auditor's Office, California State",,"Auditor Evaluator I, Range B",False,False,,73188,96240,,23009,0,0,1094,24103,7696,0,0,3132,10828,Public Employees Retirement System,https://www.calhr.ca.gov,,08/06/2024,,,True,
2023,State Department,"Auditor's Office, California State",,"Auditor Evaluator I, Range B",False,False,,73188,96240,,15874,0,0,490,16364,5204,0,0,170,5375,Public Employees Retirement System,https://www.calhr.ca.gov,,08/06/2024,,,True,
2023,State Department,"Auditor's Office, California State",,"Auditor Evaluator I, Range A",False,False,,67440,81744,,14627,0,0,620,15247,4796,0,0,246,5041,Public Employees Retirement System,https://www.calhr.ca.gov,,08/06/2024,,,True,
2023,State Department,"Auditor's Office, California State",,"Auditor Evaluator I, Range A",False,False,,67440,81744,,14627,0,0,520,15147,4796,0,0,178,4973,Public Employees Retirement System,https://www.calhr.ca.gov,,08/06/2024,,,True,
2023,State Department,"Auditor's Office, California State",,Senior Auditor Evaluator III,False,False,,113664,153828,,12943,0,0,0,12943,0,0,0,0,0,,https://www.calhr.ca.gov,,08/06/2024,,,True,
2023,State Department,"Auditor's Office, California State",,"Auditor Evaluator I, Range A",False,False,,67440,81744,,12503,0,0,0,12503,4048,0,0,189,4237,Public Employees Retirement System,https://www.calhr.ca.gov,,08/06/2024,,,True,
2023,State Department,"Auditor's Office, California State",,Senior Auditor Evaluator II,False,False,,103080,146412,,10976,0,0,0,10976,0,0,0,0,0,,https://www.calhr.ca.gov,,08/06/2024,,,True,
2023,State Department,"Auditor's Office, California State",,Auditor Evaluator II,False,False,,74472,106212,,7825,0,2821,310,10956,2604,0,0,3035,5640,Public Employees Retirement System,https://www.calhr.ca.gov,,08/06/2024,,,True,
2023,State Department,"Auditor's Office, California State",,"Business Service Assistant (Specialist), Range M",False,False,,46764,58620,,3178,0,0,-500,2678,1021,0,0,0,1021,Public Employees Retirement System,https://www.calhr.ca.gov,,08/06/2024,,,True,
2023,State Department,"Auditor's Office, California State",,Staff Services Manager I,False,False,,81120,100776,,2352,0,0,0,2352,0,0,0,0,0,,https://www.calhr.ca.gov,,08/06/2024,,,True,

