﻿Year,EmployerType,EmployerName,DepartmentOrSubdivision,Position,ElectedOfficial,Judicial,OtherPositions,MinPositionSalary,MaxPositionSalary,ReportedBaseWage,RegularPay,OvertimePay,LumpSumPay,OtherPay,TotalWages,DefinedBenefitPlanContribution,EmployeesRetirementCostCovered,DeferredCompensationPlan,HealthDentalVision,TotalRetirementAndHealthContribution,PensionFormula,EmployerURL,EmployerPopulation,LastUpdatedDate,EmployerCounty,SpecialDistrictActivities,IncludesUnfundedLiability,SpecialDistrictType
2023,State Department,"Coastal Commission, California",,Chief Counsel II C.E.A.,False,False,,186288,217896,,198602,0,0,600,199202,68019,0,0,23377,91396,Public Employees Retirement System,https://www.calhr.ca.gov,,08/06/2024,,,True,
2023,State Department,"Coastal Commission, California",,Executive Director/California Coastal Zone Commission,False,False,,194676,204396,,196430,0,0,600,197030,63848,0,0,1996,65844,Public Employees Retirement System,https://www.calhr.ca.gov,,08/06/2024,,,True,
2023,State Department,"Coastal Commission, California",,"Attorney, Assistant Chief Counsel",False,False,,169080,197796,,178486,0,0,600,179086,62037,0,0,23377,85414,Public Employees Retirement System,https://www.calhr.ca.gov,,08/06/2024,,,True,
2023,State Department,"Coastal Commission, California",,Environmental Program Manager I (Supervisory),False,False,,143352,178212,,168396,0,0,7255,175651,56058,0,0,9397,65455,Public Employees Retirement System,https://www.calhr.ca.gov,,08/06/2024,,,True,
2023,State Department,"Coastal Commission, California",,"Attorney III, Range A",False,False,,126432,162312,,153964,0,0,12722,166686,51030,0,0,8857,59887,Public Employees Retirement System,https://www.calhr.ca.gov,,08/06/2024,,,True,
2023,State Department,"Coastal Commission, California",,"Attorney III, Range A",False,False,,126432,162312,,151718,0,0,12659,164377,51030,0,0,22693,73723,Public Employees Retirement System,https://www.calhr.ca.gov,,08/06/2024,,,True,
2023,State Department,"Coastal Commission, California",,"Attorney III, Range A",False,False,,126432,162312,,150844,0,0,12722,163566,51030,0,0,17569,68599,Public Employees Retirement System,https://www.calhr.ca.gov,,08/06/2024,,,True,
2023,State Department,"Coastal Commission, California",,"Attorney III, Range A",False,False,,126432,162312,,155982,0,0,325,156307,50931,0,0,1996,52927,Public Employees Retirement System,https://www.calhr.ca.gov,,08/06/2024,,,True,
2023,State Department,"Coastal Commission, California",,"C.E.A., Range C",False,False,,117060,241728,,146663,0,0,2395,149058,50133,0,0,23377,73509,Public Employees Retirement System,https://www.calhr.ca.gov,,08/06/2024,,,True,
2023,State Department,"Coastal Commission, California",,Environmental Program Manager II,False,False,,166368,189000,,145199,0,0,2715,147914,48675,0,0,9052,57727,Public Employees Retirement System,https://www.calhr.ca.gov,,08/06/2024,,,True,
2023,State Department,"Coastal Commission, California",,Executive Director/California Coastal Zone Commission,False,False,,194676,204396,,32500,0,111929,930,145359,15876,0,0,4554,20429,Public Employees Retirement System,https://www.calhr.ca.gov,,08/06/2024,,,True,
2023,State Department,"Coastal Commission, California",,"C.E.A., Range A",False,False,,117060,241728,,136379,0,0,5866,142245,44568,0,0,1996,46564,Public Employees Retirement System,https://www.calhr.ca.gov,,08/06/2024,,,True,
2023,State Department,"Coastal Commission, California",,"C.E.A., Range A",False,False,,117060,241728,,129744,0,0,10711,140455,44568,0,0,23377,67945,Public Employees Retirement System,https://www.calhr.ca.gov,,08/06/2024,,,True,
2023,State Department,"Coastal Commission, California",,"C.E.A., Range A",False,False,,117060,241728,,129513,0,0,7711,137224,44568,0,0,23377,67945,Public Employees Retirement System,https://www.calhr.ca.gov,,08/06/2024,,,True,
2023,State Department,"Coastal Commission, California",,"C.E.A., Range A",False,False,,117060,241728,,130684,0,0,2420,133104,44568,0,0,18217,62785,Public Employees Retirement System,https://www.calhr.ca.gov,,08/06/2024,,,True,
2023,State Department,"Coastal Commission, California",,"Attorney III, Range A",False,False,,126432,162312,,77439,0,53227,385,131051,20989,0,0,998,21987,Public Employees Retirement System,https://www.calhr.ca.gov,,08/06/2024,,,True,
2023,State Department,"Coastal Commission, California",,"Engineering Geologist, Range D",False,False,,111408,139512,,124844,0,0,3300,128144,42427,0,0,23283,65709,Public Employees Retirement System,https://www.calhr.ca.gov,,08/06/2024,,,True,
2023,State Department,"Coastal Commission, California",,Information Technology Supervisor II,False,False,,96192,128892,,118875,0,0,2420,121295,40544,0,0,23377,63921,Public Employees Retirement System,https://www.calhr.ca.gov,,08/06/2024,,,True,
2023,State Department,"Coastal Commission, California",,"Attorney, Range B",False,False,,104496,134076,,117065,0,0,500,117565,38169,0,0,1767,39936,Public Employees Retirement System,https://www.calhr.ca.gov,,08/06/2024,,,True,
2023,State Department,"Coastal Commission, California",,Coastal Program Manager,False,False,,98160,121968,,110370,0,0,6758,117128,37314,0,0,23377,60691,Public Employees Retirement System,https://www.calhr.ca.gov,,08/06/2024,,,True,
2023,State Department,"Coastal Commission, California",,"Information Technology Specialist I, Range C",False,False,,88956,119184,,113495,0,0,2420,115915,37492,0,0,21987,59478,Public Employees Retirement System,https://www.calhr.ca.gov,,08/06/2024,,,True,
2023,State Department,"Coastal Commission, California",,Coastal Program Manager,False,False,,98160,121968,,108246,0,0,6758,115004,37314,0,0,9397,46711,Public Employees Retirement System,https://www.calhr.ca.gov,,08/06/2024,,,True,
2023,State Department,"Coastal Commission, California",,"C.E.A., Range A",False,False,,117060,241728,,111569,0,0,2420,113989,38362,0,0,23377,61739,Public Employees Retirement System,https://www.calhr.ca.gov,,08/06/2024,,,True,
2023,State Department,"Coastal Commission, California",,Coastal Program Manager,False,False,,98160,121968,,111098,0,0,2420,113518,37314,0,0,9397,46711,Public Employees Retirement System,https://www.calhr.ca.gov,,08/06/2024,,,True,
2023,State Department,"Coastal Commission, California",,Coastal Program Manager,False,False,,98160,121968,,111021,0,0,2395,113416,37314,0,0,9397,46711,Public Employees Retirement System,https://www.calhr.ca.gov,,08/06/2024,,,True,
2023,State Department,"Coastal Commission, California",,"Engineer, Civil, Range D",False,False,,110928,138804,,109814,0,0,3600,113414,36298,0,0,9153,45451,Public Employees Retirement System,https://www.calhr.ca.gov,,08/06/2024,,,True,
2023,State Department,"Coastal Commission, California",,Coastal Program Manager,False,False,,98160,121968,,109876,0,0,2361,112237,37183,0,0,23377,60560,Public Employees Retirement System,https://www.calhr.ca.gov,,08/06/2024,,,True,
2023,State Department,"Coastal Commission, California",,Coastal Program Manager,False,False,,98160,121968,,109257,0,0,2420,111677,37314,0,0,18217,55531,Public Employees Retirement System,https://www.calhr.ca.gov,,08/06/2024,,,True,
2023,State Department,"Coastal Commission, California",,Coastal Program Analyst III,False,False,,87024,109008,,88322,0,20950,2370,111642,29320,0,0,8614,37934,Public Employees Retirement System,https://www.calhr.ca.gov,,08/06/2024,,,True,
2023,State Department,"Coastal Commission, California",,Senior Environmental Scientist(Specialist),False,False,,88032,109512,,107877,0,0,3320,111197,35667,0,0,1816,37483,Public Employees Retirement System,https://www.calhr.ca.gov,,08/06/2024,,,True,
2023,State Department,"Coastal Commission, California",,"Attorney, Range B",False,False,,104496,134076,,110554,0,0,600,111154,38373,0,0,22693,61066,Public Employees Retirement System,https://www.calhr.ca.gov,,08/06/2024,,,True,
2023,State Department,"Coastal Commission, California",,Coastal Program Manager,False,False,,98160,121968,,106550,0,0,4276,110826,35877,0,0,23377,59253,Public Employees Retirement System,https://www.calhr.ca.gov,,08/06/2024,,,True,
2023,State Department,"Coastal Commission, California",,Coastal Program Manager,False,False,,98160,121968,,105214,0,0,5272,110486,35392,0,0,9397,44789,Public Employees Retirement System,https://www.calhr.ca.gov,,08/06/2024,,,True,
2023,State Department,"Coastal Commission, California",,Coastal Program Manager,False,False,,98160,121968,,107509,0,0,2420,109929,37314,0,0,23377,60691,Public Employees Retirement System,https://www.calhr.ca.gov,,08/06/2024,,,True,
2023,State Department,"Coastal Commission, California",,Coastal Program Analyst III,False,False,,87024,109008,,100227,0,0,9297,109524,33348,0,0,9397,42745,Public Employees Retirement System,https://www.calhr.ca.gov,,08/06/2024,,,True,
2023,State Department,"Coastal Commission, California",,Research Data Supervisor II,False,False,,93492,116160,,99929,0,0,9551,109480,34798,0,0,23377,58175,Public Employees Retirement System,https://www.calhr.ca.gov,,08/06/2024,,,True,
2023,State Department,"Coastal Commission, California",,Coastal Program Manager,False,False,,98160,121968,,106052,0,0,2420,108472,36792,0,0,9315,46107,Public Employees Retirement System,https://www.calhr.ca.gov,,08/06/2024,,,True,
2023,State Department,"Coastal Commission, California",,"Information Technology Specialist I, Range C",False,False,,88956,119184,,101020,0,0,6490,107510,33479,0,0,22767,56246,Public Employees Retirement System,https://www.calhr.ca.gov,,08/06/2024,,,True,
2023,State Department,"Coastal Commission, California",,Staff Services Manager II (Supervisory),False,False,,89040,110628,,103557,0,0,2420,105977,34798,0,0,9397,44195,Public Employees Retirement System,https://www.calhr.ca.gov,,08/06/2024,,,True,
2023,State Department,"Coastal Commission, California",,Coastal Program Manager,False,False,,98160,121968,,105152,0,0,600,105752,34221,0,0,1996,36216,Public Employees Retirement System,https://www.calhr.ca.gov,,08/06/2024,,,True,
2023,State Department,"Coastal Commission, California",,Coastal Program Analyst III,False,False,,87024,109008,,89786,0,0,15835,105621,30902,0,0,18096,48998,Public Employees Retirement System,https://www.calhr.ca.gov,,08/06/2024,,,True,
2023,State Department,"Coastal Commission, California",,Staff Services Manager II (Supervisory),False,False,,89040,110628,,98957,0,0,6551,105508,34798,0,0,23377,58175,Public Employees Retirement System,https://www.calhr.ca.gov,,08/06/2024,,,True,
2023,State Department,"Coastal Commission, California",,Senior Environmental Scientist(Specialist),False,False,,88032,109512,,100797,0,0,4512,105309,34778,0,0,22767,57545,Public Employees Retirement System,https://www.calhr.ca.gov,,08/06/2024,,,True,
2023,State Department,"Coastal Commission, California",,"Attorney, Range B",False,False,,104496,134076,,104631,0,0,550,105181,34115,0,0,136,34251,Public Employees Retirement System,https://www.calhr.ca.gov,,08/06/2024,,,True,
2023,State Department,"Coastal Commission, California",,Coastal Program Manager,False,False,,98160,121968,,104525,0,0,600,105125,34663,0,0,693,35357,Public Employees Retirement System,https://www.calhr.ca.gov,,08/06/2024,,,True,
2023,State Department,"Coastal Commission, California",,Coastal Program Analyst III,False,False,,87024,109008,,97574,0,0,6495,104069,33348,0,0,18217,51565,Public Employees Retirement System,https://www.calhr.ca.gov,,08/06/2024,,,True,
2023,State Department,"Coastal Commission, California",,"Research Data Specialist II, Range A",False,False,,86412,108156,,97757,0,0,6267,104024,33089,0,0,8861,41950,Public Employees Retirement System,https://www.calhr.ca.gov,,08/06/2024,,,True,
2023,State Department,"Coastal Commission, California",,Coastal Program Analyst III,False,False,,87024,109008,,94945,0,0,8997,103942,33483,0,0,18217,51699,Public Employees Retirement System,https://www.calhr.ca.gov,,08/06/2024,,,True,
2023,State Department,"Coastal Commission, California",,Coastal Program Analyst III,False,False,,87024,109008,,100123,0,0,3300,103423,32655,0,0,3450,36106,Public Employees Retirement System,https://www.calhr.ca.gov,,08/06/2024,,,True,
2023,State Department,"Coastal Commission, California",,Coastal Program Analyst III,False,False,,87024,109008,,101712,0,0,600,102312,33348,0,0,1890,35238,Public Employees Retirement System,https://www.calhr.ca.gov,,08/06/2024,,,True,
2023,State Department,"Coastal Commission, California",,Coastal Program Analyst III,False,False,,87024,109008,,96127,0,0,6004,102131,32467,0,0,9216,41684,Public Employees Retirement System,https://www.calhr.ca.gov,,08/06/2024,,,True,
2023,State Department,"Coastal Commission, California",,Senior Environmental Scientist(Specialist),False,False,,88032,109512,,101187,0,0,600,101787,34778,0,0,9217,43995,Public Employees Retirement System,https://www.calhr.ca.gov,,08/06/2024,,,True,
2023,State Department,"Coastal Commission, California",,"Attorney, Range B",False,False,,104496,134076,,100638,0,0,600,101238,33285,0,0,8857,42142,Public Employees Retirement System,https://www.calhr.ca.gov,,08/06/2024,,,True,
2023,State Department,"Coastal Commission, California",,Coastal Program Analyst III,False,False,,87024,109008,,93694,0,0,6111,99805,31624,0,0,18217,49840,Public Employees Retirement System,https://www.calhr.ca.gov,,08/06/2024,,,True,
2023,State Department,"Coastal Commission, California",,Coastal Program Analyst III,False,False,,87024,109008,,97368,0,0,2420,99788,33049,0,0,9397,42445,Public Employees Retirement System,https://www.calhr.ca.gov,,08/06/2024,,,True,
2023,State Department,"Coastal Commission, California",,"Attorney, Range A",False,False,,92844,116760,,97283,0,0,2370,99653,32624,0,0,9397,42021,Public Employees Retirement System,https://www.calhr.ca.gov,,08/06/2024,,,True,
2023,State Department,"Coastal Commission, California",,Senior Environmental Scientist(Specialist),False,False,,88032,109512,,98247,0,0,1358,99605,32224,0,0,4151,36376,Public Employees Retirement System,https://www.calhr.ca.gov,,08/06/2024,,,True,
2023,State Department,"Coastal Commission, California",,Coastal Program Analyst III,False,False,,87024,109008,,97024,0,0,2420,99444,33348,0,0,18217,51565,Public Employees Retirement System,https://www.calhr.ca.gov,,08/06/2024,,,True,
2023,State Department,"Coastal Commission, California",,Coastal Program Analyst III,False,False,,87024,109008,,99565,0,0,-230,99335,33348,0,0,13413,46762,Public Employees Retirement System,https://www.calhr.ca.gov,,08/06/2024,,,True,
2023,State Department,"Coastal Commission, California",,Coastal Program Manager,False,False,,98160,121968,,96876,0,0,2420,99296,36540,0,0,23377,59916,Public Employees Retirement System,https://www.calhr.ca.gov,,08/06/2024,,,True,
2023,State Department,"Coastal Commission, California",,Coastal Program Analyst III,False,False,,87024,109008,,96471,0,0,2420,98891,32252,0,0,9397,41649,Public Employees Retirement System,https://www.calhr.ca.gov,,08/06/2024,,,True,
2023,State Department,"Coastal Commission, California",,Coastal Program Analyst III,False,False,,87024,109008,,96010,0,0,2420,98430,32574,0,0,23326,55900,Public Employees Retirement System,https://www.calhr.ca.gov,,08/06/2024,,,True,
2023,State Department,"Coastal Commission, California",,"Attorney, Range B",False,False,,104496,134076,,96458,0,0,1925,98383,32805,0,0,8118,40923,Public Employees Retirement System,https://www.calhr.ca.gov,,08/06/2024,,,True,
2023,State Department,"Coastal Commission, California",,Coastal Program Analyst III,False,False,,87024,109008,,95113,0,0,2470,97583,32018,0,0,9397,41415,Public Employees Retirement System,https://www.calhr.ca.gov,,08/06/2024,,,True,
2023,State Department,"Coastal Commission, California",,Coastal Program Analyst II,False,False,,82896,103812,,94762,0,0,2548,97310,31759,0,0,6617,38377,Public Employees Retirement System,https://www.calhr.ca.gov,,08/06/2024,,,True,
2023,State Department,"Coastal Commission, California",,Coastal Program Analyst II,False,False,,82896,103812,,94797,0,0,2420,97217,31759,0,0,8861,40621,Public Employees Retirement System,https://www.calhr.ca.gov,,08/06/2024,,,True,
2023,State Department,"Coastal Commission, California",,Coastal Program Analyst II,False,False,,82896,103812,,94695,0,0,2420,97115,31759,0,0,8822,40581,Public Employees Retirement System,https://www.calhr.ca.gov,,08/06/2024,,,True,
2023,State Department,"Coastal Commission, California",,Coastal Program Analyst II,False,False,,82896,103812,,94568,0,0,2120,96688,31684,0,0,8822,40506,Public Employees Retirement System,https://www.calhr.ca.gov,,08/06/2024,,,True,
2023,State Department,"Coastal Commission, California",,Coastal Program Analyst II,False,False,,82896,103812,,95453,0,0,600,96053,31759,0,0,1359,33118,Public Employees Retirement System,https://www.calhr.ca.gov,,08/06/2024,,,True,
2023,State Department,"Coastal Commission, California",,"Information Technology Associate, Range D",False,False,,73764,98856,,89554,0,0,6043,95597,29066,0,0,8822,37888,Public Employees Retirement System,https://www.calhr.ca.gov,,08/06/2024,,,True,
2023,State Department,"Coastal Commission, California",,Coastal Program Analyst II,False,False,,82896,103812,,93143,0,0,2420,95563,31759,0,0,8822,40581,Public Employees Retirement System,https://www.calhr.ca.gov,,08/06/2024,,,True,
2023,State Department,"Coastal Commission, California",,Coastal Program Analyst II,False,False,,82896,103812,,92981,0,0,2420,95401,31759,0,0,22698,54458,Public Employees Retirement System,https://www.calhr.ca.gov,,08/06/2024,,,True,
2023,State Department,"Coastal Commission, California",,Coastal Program Analyst III,False,False,,87024,109008,,93065,0,0,2170,95235,32137,0,0,17952,50089,Public Employees Retirement System,https://www.calhr.ca.gov,,08/06/2024,,,True,
2023,State Department,"Coastal Commission, California",,Coastal Program Analyst III,False,False,,87024,109008,,89374,0,0,5832,95206,29994,0,0,9397,39391,Public Employees Retirement System,https://www.calhr.ca.gov,,08/06/2024,,,True,
2023,State Department,"Coastal Commission, California",,"Attorney, Range B",False,False,,104496,134076,,93241,0,0,1812,95053,31050,0,0,17569,48618,Public Employees Retirement System,https://www.calhr.ca.gov,,08/06/2024,,,True,
2023,State Department,"Coastal Commission, California",,Coastal Program Analyst III,False,False,,87024,109008,,94424,0,0,550,94974,31283,0,0,136,31419,Public Employees Retirement System,https://www.calhr.ca.gov,,08/06/2024,,,True,
2023,State Department,"Coastal Commission, California",,Staff Services Manager II (Supervisory),False,False,,89040,110628,,88501,0,0,6111,94612,31224,0,0,23377,54601,Public Employees Retirement System,https://www.calhr.ca.gov,,08/06/2024,,,True,
2023,State Department,"Coastal Commission, California",,Coastal Program Analyst III,False,False,,87024,109008,,90114,0,0,4358,94473,32655,0,0,23377,56032,Public Employees Retirement System,https://www.calhr.ca.gov,,08/06/2024,,,True,
2023,State Department,"Coastal Commission, California",,Personnel Supervisor II,False,False,,70860,88716,,85857,0,0,8290,94147,29856,0,0,9397,39252,Public Employees Retirement System,https://www.calhr.ca.gov,,08/06/2024,,,True,
2023,State Department,"Coastal Commission, California",,"Information Technology Associate, Range D",False,False,,73764,98856,,91451,0,0,2397,93847,29383,0,0,8791,38175,Public Employees Retirement System,https://www.calhr.ca.gov,,08/06/2024,,,True,
2023,State Department,"Coastal Commission, California",,Coastal Program Analyst II,False,False,,82896,103812,,90281,0,0,2420,92701,30264,0,0,8822,39086,Public Employees Retirement System,https://www.calhr.ca.gov,,08/06/2024,,,True,
2023,State Department,"Coastal Commission, California",,Coastal Program Analyst III,False,False,,87024,109008,,89967,0,0,2420,92387,29994,0,0,9397,39391,Public Employees Retirement System,https://www.calhr.ca.gov,,08/06/2024,,,True,
2023,State Department,"Coastal Commission, California",,"Environmental Scientist, Range C",False,False,,76500,95112,,91484,0,0,600,92084,30205,0,0,8637,38843,Public Employees Retirement System,https://www.calhr.ca.gov,,08/06/2024,,,True,
2023,State Department,"Coastal Commission, California",,Coastal Program Manager,False,False,,98160,121968,,89347,0,0,2420,91767,36064,0,0,23377,59441,Public Employees Retirement System,https://www.calhr.ca.gov,,08/06/2024,,,True,
2023,State Department,"Coastal Commission, California",,Coastal Program Analyst II,False,False,,82896,103812,,89175,0,0,2420,91595,31759,0,0,17567,49326,Public Employees Retirement System,https://www.calhr.ca.gov,,08/06/2024,,,True,
2023,State Department,"Coastal Commission, California",,Coastal Program Analyst II,False,False,,82896,103812,,88602,0,0,2420,91022,31100,0,0,22698,53799,Public Employees Retirement System,https://www.calhr.ca.gov,,08/06/2024,,,True,
2023,State Department,"Coastal Commission, California",,"Environmental Scientist, Range C",False,False,,76500,95112,,89955,0,0,600,90555,30092,0,0,8637,38729,Public Employees Retirement System,https://www.calhr.ca.gov,,08/06/2024,,,True,
2023,State Department,"Coastal Commission, California",,Coastal Program Analyst II,False,False,,82896,103812,,88088,0,0,2420,90508,29835,0,0,8637,38472,Public Employees Retirement System,https://www.calhr.ca.gov,,08/06/2024,,,True,
2023,State Department,"Coastal Commission, California",,Coastal Program Analyst III,False,False,,87024,109008,,88070,0,0,2120,90190,30066,0,0,18217,48283,Public Employees Retirement System,https://www.calhr.ca.gov,,08/06/2024,,,True,
2023,State Department,"Coastal Commission, California",,Coastal Program Analyst II,False,False,,82896,103812,,87668,0,0,2420,90088,31395,0,0,22767,54161,Public Employees Retirement System,https://www.calhr.ca.gov,,08/06/2024,,,True,
2023,State Department,"Coastal Commission, California",,"Environmental Scientist, Range C",False,False,,76500,95112,,88637,0,0,600,89237,29717,0,0,8861,38578,Public Employees Retirement System,https://www.calhr.ca.gov,,08/06/2024,,,True,
2023,State Department,"Coastal Commission, California",,Coastal Program Analyst II,False,False,,82896,103812,,88582,0,0,600,89182,28791,0,0,1816,30607,Public Employees Retirement System,https://www.calhr.ca.gov,,08/06/2024,,,True,
2023,State Department,"Coastal Commission, California",,Coastal Program Analyst III,False,False,,87024,109008,,86203,0,0,2420,88623,28748,0,0,9397,38145,Public Employees Retirement System,https://www.calhr.ca.gov,,08/06/2024,,,True,
2023,State Department,"Coastal Commission, California",,Staff Services Manager I,False,False,,81120,100776,,82703,0,0,5817,88520,28793,0,0,23377,52170,Public Employees Retirement System,https://www.calhr.ca.gov,,08/06/2024,,,True,
2023,State Department,"Coastal Commission, California",,"Associate Governmental Program Analyst, Range A",False,False,,68208,85368,,85627,0,632,2170,88429,29022,0,0,9794,38816,Public Employees Retirement System,https://www.calhr.ca.gov,,08/06/2024,,,True,
2023,State Department,"Coastal Commission, California",,Coastal Program Manager,False,False,,98160,121968,,85318,0,0,2420,87738,29536,0,0,17151,46687,Public Employees Retirement System,https://www.calhr.ca.gov,,08/06/2024,,,True,
2023,State Department,"Coastal Commission, California",,"Research Data Specialist I, Range A",False,False,,78660,98472,,84919,0,0,2420,87339,28785,0,0,8637,37422,Public Employees Retirement System,https://www.calhr.ca.gov,,08/06/2024,,,True,
2023,State Department,"Coastal Commission, California",,Coastal Program Analyst II,False,False,,82896,103812,,85173,0,0,1820,86993,29938,0,0,25529,55467,Public Employees Retirement System,https://www.calhr.ca.gov,,08/06/2024,,,True,
2023,State Department,"Coastal Commission, California",,"Environmental Scientist, Range C",False,False,,76500,95112,,74549,0,10993,600,86141,25313,0,0,9600,34913,Public Employees Retirement System,https://www.calhr.ca.gov,,08/06/2024,,,True,
2023,State Department,"Coastal Commission, California",,Coastal Program Manager,False,False,,98160,121968,,80350,0,3237,2320,85907,27163,0,0,7831,34994,Public Employees Retirement System,https://www.calhr.ca.gov,,08/06/2024,,,True,
2023,State Department,"Coastal Commission, California",,"Attorney III, Range A",False,False,,126432,162312,,80341,0,0,4438,84779,25515,0,0,1996,27511,Public Employees Retirement System,https://www.calhr.ca.gov,,08/06/2024,,,True,
2023,State Department,"Coastal Commission, California",,Coastal Program Analyst II,False,False,,82896,103812,,81979,0,0,2420,84399,27741,0,0,17151,44892,Public Employees Retirement System,https://www.calhr.ca.gov,,08/06/2024,,,True,
2023,State Department,"Coastal Commission, California",,"Environmental Scientist, Range C",False,False,,76500,95112,,84101,0,0,50,84151,26940,0,0,1816,28756,Public Employees Retirement System,https://www.calhr.ca.gov,,08/06/2024,,,True,
2023,State Department,"Coastal Commission, California",,"Senior Legal Analyst, Range A",False,False,,71604,89688,,79548,0,0,2420,81968,28212,0,0,22767,50979,Public Employees Retirement System,https://www.calhr.ca.gov,,08/06/2024,,,True,
2023,State Department,"Coastal Commission, California",,"Administrative Assistant II, Range A",False,False,,68208,85368,,78990,0,0,2420,81410,26854,0,0,19202,46056,Public Employees Retirement System,https://www.calhr.ca.gov,,08/06/2024,,,True,
2023,State Department,"Coastal Commission, California",,"Associate Personnel Analyst, Range A",False,False,,68208,85368,,78936,0,0,2420,81356,26854,0,0,8861,35716,Public Employees Retirement System,https://www.calhr.ca.gov,,08/06/2024,,,True,
2023,State Department,"Coastal Commission, California",,Coastal Program Analyst III,False,False,,87024,109008,,78863,0,0,2420,81283,26183,0,0,9397,35580,Public Employees Retirement System,https://www.calhr.ca.gov,,08/06/2024,,,True,
2023,State Department,"Coastal Commission, California",,"Associate Governmental Program Analyst, Range A",False,False,,68208,85368,,78823,0,0,2420,81243,26854,0,0,9203,36057,Public Employees Retirement System,https://www.calhr.ca.gov,,08/06/2024,,,True,
2023,State Department,"Coastal Commission, California",,Senior Environmental Scientist(Specialist),False,False,,88032,109512,,78785,0,0,1800,80585,25340,0,0,5484,30825,Public Employees Retirement System,https://www.calhr.ca.gov,,08/06/2024,,,True,
2023,State Department,"Coastal Commission, California",,Coastal Program Analyst II,False,False,,82896,103812,,77590,0,0,2420,80010,26012,0,0,8637,34649,Public Employees Retirement System,https://www.calhr.ca.gov,,08/06/2024,,,True,
2023,State Department,"Coastal Commission, California",,"Environmental Scientist, Range C",False,False,,76500,95112,,78752,0,0,600,79352,30205,0,0,22698,52904,Public Employees Retirement System,https://www.calhr.ca.gov,,08/06/2024,,,True,
2023,State Department,"Coastal Commission, California",,Coastal Program Analyst II,False,False,,82896,103812,,73948,0,0,5360,79308,24806,0,0,8637,33443,Public Employees Retirement System,https://www.calhr.ca.gov,,08/06/2024,,,True,
2023,State Department,"Coastal Commission, California",,"Coastal Program Analyst I, Range C",False,False,,68952,86340,,74402,0,0,2420,76822,24956,0,0,8637,33593,Public Employees Retirement System,https://www.calhr.ca.gov,,08/06/2024,,,True,
2023,State Department,"Coastal Commission, California",,"Associate Business Management Analyst, Range A",False,False,,68208,85368,,74239,0,0,2120,76359,25936,0,0,17581,43516,Public Employees Retirement System,https://www.calhr.ca.gov,,08/06/2024,,,True,
2023,State Department,"Coastal Commission, California",,Coastal Program Analyst II,False,False,,82896,103812,,71758,0,0,3944,75702,25043,0,0,17074,42117,Public Employees Retirement System,https://www.calhr.ca.gov,,08/06/2024,,,True,
2023,State Department,"Coastal Commission, California",,"Coastal Program Analyst I, Range C",False,False,,68952,86340,,73514,0,0,600,74114,24423,0,0,666,25089,Public Employees Retirement System,https://www.calhr.ca.gov,,08/06/2024,,,True,
2023,State Department,"Coastal Commission, California",,"Environmental Scientist, Range C",False,False,,76500,95112,,73240,0,0,640,73880,25784,0,0,22610,48393,Public Employees Retirement System,https://www.calhr.ca.gov,,08/06/2024,,,True,
2023,State Department,"Coastal Commission, California",,Coastal Program Analyst III,False,False,,87024,109008,,72077,0,0,1700,73777,24460,0,0,27072,51531,Public Employees Retirement System,https://www.calhr.ca.gov,,08/06/2024,,,True,
2023,State Department,"Coastal Commission, California",,"Attorney III, Range A",False,False,,126432,162312,,73118,0,0,600,73718,25515,0,0,22693,48208,Public Employees Retirement System,https://www.calhr.ca.gov,,08/06/2024,,,True,
2023,State Department,"Coastal Commission, California",,Coastal Program Analyst II,False,False,,82896,103812,,70298,0,883,2370,73551,25451,0,0,7385,32835,Public Employees Retirement System,https://www.calhr.ca.gov,,08/06/2024,,,True,
2023,State Department,"Coastal Commission, California",,"Environmental Scientist, Range C",False,False,,76500,95112,,72340,0,0,0,72340,23646,0,0,124,23770,Public Employees Retirement System,https://www.calhr.ca.gov,,08/06/2024,,,True,
2023,State Department,"Coastal Commission, California",,"Senior Accounting Officer (Specialist), Range A",False,False,,68208,85368,,69611,0,0,2420,72031,24912,0,0,22698,47610,Public Employees Retirement System,https://www.calhr.ca.gov,,08/06/2024,,,True,
2023,State Department,"Coastal Commission, California",,"Personnel Specialist, Range D",False,False,,58632,73392,,67099,0,0,4820,71919,23576,0,0,17567,41142,Public Employees Retirement System,https://www.calhr.ca.gov,,08/06/2024,,,True,
2023,State Department,"Coastal Commission, California",,"Senior Accounting Officer (Specialist), Range A",False,False,,68208,85368,,69188,0,0,2420,71608,26663,0,0,22767,49430,Public Employees Retirement System,https://www.calhr.ca.gov,,08/06/2024,,,True,
2023,State Department,"Coastal Commission, California",,"Associate Governmental Program Analyst, Range A",False,False,,68208,85368,,69098,0,0,2420,71518,23847,0,0,22698,46545,Public Employees Retirement System,https://www.calhr.ca.gov,,08/06/2024,,,True,
2023,State Department,"Coastal Commission, California",,"Staff Services Analyst, Range C",False,False,,56712,70992,,65288,0,0,5071,70359,22332,0,0,8861,31194,Public Employees Retirement System,https://www.calhr.ca.gov,,08/06/2024,,,True,
2023,State Department,"Coastal Commission, California",,"Coastal Program Analyst I, Range C",False,False,,68952,86340,,57827,0,0,11353,69181,21971,0,0,13980,35951,Public Employees Retirement System,https://www.calhr.ca.gov,,08/06/2024,,,True,
2023,State Department,"Coastal Commission, California",,Coastal Program Analyst II,False,False,,82896,103812,,63765,0,0,5320,69085,22374,0,0,17001,39375,Public Employees Retirement System,https://www.calhr.ca.gov,,08/06/2024,,,True,
2023,State Department,"Coastal Commission, California",,"Research Data Analyst II, Range A",False,False,,75180,94176,,67253,0,0,1820,69073,22619,0,0,9909,32528,Public Employees Retirement System,https://www.calhr.ca.gov,,08/06/2024,,,True,
2023,State Department,"Coastal Commission, California",,"Environmental Scientist, Range C",False,False,,76500,95112,,60331,0,0,8281,68612,20198,0,0,15721,35919,Public Employees Retirement System,https://www.calhr.ca.gov,,08/06/2024,,,True,
2023,State Department,"Coastal Commission, California",,Senior Environmental Scientist(Specialist),False,False,,88032,109512,,36188,0,31734,200,68122,11681,0,0,605,12287,Public Employees Retirement System,https://www.calhr.ca.gov,,08/06/2024,,,True,
2023,State Department,"Coastal Commission, California",,Senior Environmental Scientist(Specialist),False,False,,88032,109512,,66456,0,0,1584,68040,23370,0,0,17574,40944,Public Employees Retirement System,https://www.calhr.ca.gov,,08/06/2024,,,True,
2023,State Department,"Coastal Commission, California",,Coastal Program Analyst II,False,False,,82896,103812,,62517,0,0,4502,67019,22490,0,0,8436,30926,Public Employees Retirement System,https://www.calhr.ca.gov,,08/06/2024,,,True,
2023,State Department,"Coastal Commission, California",,"Coastal Program Analyst II, Range C",False,False,,82896,103812,,64063,0,0,2370,66433,22817,0,0,20234,43051,Public Employees Retirement System,https://www.calhr.ca.gov,,08/06/2024,,,True,
2023,State Department,"Coastal Commission, California",,"Coastal Program Analyst I, Range C",False,False,,68952,86340,,61000,0,0,5420,66420,21813,0,0,8571,30384,Public Employees Retirement System,https://www.calhr.ca.gov,,08/06/2024,,,True,
2023,State Department,"Coastal Commission, California",,"Associate Governmental Program Analyst, Range A",False,False,,68208,85368,,62968,0,0,2670,65638,22623,0,0,21927,44550,Public Employees Retirement System,https://www.calhr.ca.gov,,08/06/2024,,,True,
2023,State Department,"Coastal Commission, California",,"Legal Assistant, Range A",False,False,,55116,69012,,59687,0,0,4874,64561,21112,0,0,17151,38262,Public Employees Retirement System,https://www.calhr.ca.gov,,08/06/2024,,,True,
2023,State Department,"Coastal Commission, California",,"Staff Services Analyst, Range C",False,False,,56712,70992,,58170,0,0,6303,64473,20014,0,0,9627,29641,Public Employees Retirement System,https://www.calhr.ca.gov,,08/06/2024,,,True,
2023,State Department,"Coastal Commission, California",,Coastal Program Analyst II,False,False,,82896,103812,,60357,0,42,2320,62718,20586,0,0,7198,27783,Public Employees Retirement System,https://www.calhr.ca.gov,,08/06/2024,,,True,
2023,State Department,"Coastal Commission, California",,"Business Service Officer I (Specialist), Range A",False,False,,56712,70992,,60236,0,0,2420,62656,20568,0,0,8637,29205,Public Employees Retirement System,https://www.calhr.ca.gov,,08/06/2024,,,True,
2023,State Department,"Coastal Commission, California",,"Senior Accounting Officer (Specialist), Range A",False,False,,68208,85368,,46089,0,14526,1920,62535,16132,0,0,11720,27853,Public Employees Retirement System,https://www.calhr.ca.gov,,08/06/2024,,,True,
2023,State Department,"Coastal Commission, California",,"Coastal Program Analyst I, Range C",False,False,,68952,86340,,59647,0,0,2420,62067,20412,0,0,8637,29049,Public Employees Retirement System,https://www.calhr.ca.gov,,08/06/2024,,,True,
2023,State Department,"Coastal Commission, California",,"Staff Services Analyst, Range C",False,False,,56712,70992,,58411,0,0,2420,60831,20003,0,0,8637,28640,Public Employees Retirement System,https://www.calhr.ca.gov,,08/06/2024,,,True,
2023,State Department,"Coastal Commission, California",,Coastal Program Analyst III,False,False,,87024,109008,,50660,0,0,9980,60640,17210,0,0,23793,41003,Public Employees Retirement System,https://www.calhr.ca.gov,,08/06/2024,,,True,
2023,State Department,"Coastal Commission, California",,"Senior Accounting Officer (Specialist), Range A",False,False,,68208,85368,,58348,0,0,2145,60493,20690,0,0,17581,38271,Public Employees Retirement System,https://www.calhr.ca.gov,,08/06/2024,,,True,
2023,State Department,"Coastal Commission, California",,"Coastal Program Analyst I, Range C",False,False,,68952,86340,,56770,0,0,3300,60070,18250,0,0,1816,20066,Public Employees Retirement System,https://www.calhr.ca.gov,,08/06/2024,,,True,
2023,State Department,"Coastal Commission, California",,"Coastal Program Analyst I, Range C",False,False,,68952,86340,,57645,0,0,2420,60065,19449,0,0,8822,28271,Public Employees Retirement System,https://www.calhr.ca.gov,,08/06/2024,,,True,
2023,State Department,"Coastal Commission, California",,"Accounting Officer (Specialist), Range A",False,False,,59568,74556,,57264,0,0,2420,59684,19674,0,0,8861,28535,Public Employees Retirement System,https://www.calhr.ca.gov,,08/06/2024,,,True,
2023,State Department,"Coastal Commission, California",,Coastal Program Analyst II,False,False,,82896,103812,,54700,0,0,4908,59608,19850,0,0,22343,42192,Public Employees Retirement System,https://www.calhr.ca.gov,,08/06/2024,,,True,
2023,State Department,"Coastal Commission, California",,"Coastal Program Analyst I, Range C",False,False,,68952,86340,,53279,0,0,4820,58099,17935,0,0,8749,26684,Public Employees Retirement System,https://www.calhr.ca.gov,,08/06/2024,,,True,
2023,State Department,"Coastal Commission, California",,"Staff Services Analyst, Range C",False,False,,56712,70992,,55303,0,0,2420,57723,18605,0,0,8404,27009,Public Employees Retirement System,https://www.calhr.ca.gov,,08/06/2024,,,True,
2023,State Department,"Coastal Commission, California",,"Staff Services Analyst, Range C",False,False,,56712,70992,,56309,0,0,600,56909,18656,0,0,136,18792,Public Employees Retirement System,https://www.calhr.ca.gov,,08/06/2024,,,True,
2023,State Department,"Coastal Commission, California",,"Staff Services Analyst, Range B",False,False,,47292,59196,,50166,0,0,5420,55586,17271,0,0,8637,25908,Public Employees Retirement System,https://www.calhr.ca.gov,,08/06/2024,,,True,
2023,State Department,"Coastal Commission, California",,"Coastal Program Analyst I, Range B",False,False,,57492,68532,,52338,0,3104,0,55442,17340,0,0,136,17475,Public Employees Retirement System,https://www.calhr.ca.gov,,08/06/2024,,,True,
2023,State Department,"Coastal Commission, California",,Senior Environmental Scientist(Specialist),False,False,,88032,109512,,55055,0,0,246,55301,18364,0,0,5747,24110,Public Employees Retirement System,https://www.calhr.ca.gov,,08/06/2024,,,True,
2023,State Department,"Coastal Commission, California",,Coastal Program Analyst II,False,False,,82896,103812,,54458,0,0,610,55068,18147,0,0,8531,26678,Public Employees Retirement System,https://www.calhr.ca.gov,,08/06/2024,,,True,
2023,State Department,"Coastal Commission, California",,"Staff Services Analyst, Range C",False,False,,56712,70992,,50798,0,0,3878,54676,16829,0,0,15301,32131,Public Employees Retirement System,https://www.calhr.ca.gov,,08/06/2024,,,True,
2023,State Department,"Coastal Commission, California",,"Coastal Program Analyst I, Range C",False,False,,68952,86340,,49907,0,2873,1820,54600,16787,0,0,7003,23791,Public Employees Retirement System,https://www.calhr.ca.gov,,08/06/2024,,,True,
2023,State Department,"Coastal Commission, California",,"Coastal Program Analyst I, Range C",False,False,,68952,86340,,54261,0,0,0,54261,17975,0,0,136,18111,Public Employees Retirement System,https://www.calhr.ca.gov,,08/06/2024,,,True,
2023,State Department,"Coastal Commission, California",,"Coastal Program Analyst I, Range C",False,False,,68952,86340,,51681,0,0,2420,54101,18843,0,0,20561,39404,Public Employees Retirement System,https://www.calhr.ca.gov,,08/06/2024,,,True,
2023,State Department,"Coastal Commission, California",,"Staff Services Analyst, Range C",False,False,,56712,70992,,50971,0,0,2420,53391,18457,0,0,8637,27094,Public Employees Retirement System,https://www.calhr.ca.gov,,08/06/2024,,,True,
2023,State Department,"Coastal Commission, California",,"Coastal Program Analyst I, Range B",False,False,,57492,68532,,49314,0,0,4069,53383,16574,0,0,7937,24511,Public Employees Retirement System,https://www.calhr.ca.gov,,08/06/2024,,,True,
2023,State Department,"Coastal Commission, California",,"Coastal Program Analyst I, Range C",False,False,,68952,86340,,52273,0,0,1020,53293,17904,0,0,6478,24381,Public Employees Retirement System,https://www.calhr.ca.gov,,08/06/2024,,,True,
2023,State Department,"Coastal Commission, California",,"Staff Services Analyst, Range C",False,False,,56712,70992,,50354,0,0,2470,52824,17938,0,0,16173,34110,Public Employees Retirement System,https://www.calhr.ca.gov,,08/06/2024,,,True,
2023,State Department,"Coastal Commission, California",,"Coastal Program Analyst I, Range C",False,False,,68952,86340,,51014,0,0,1040,52054,17128,0,0,6489,23616,Public Employees Retirement System,https://www.calhr.ca.gov,,08/06/2024,,,True,
2023,State Department,"Coastal Commission, California",,"Staff Services Analyst, Range B",False,False,,47292,59196,,49045,0,0,2420,51465,17609,0,0,17581,35189,Public Employees Retirement System,https://www.calhr.ca.gov,,08/06/2024,,,True,
2023,State Department,"Coastal Commission, California",,"Management Services Technician, Range B",False,False,,45432,56916,,46512,0,0,2420,48932,15410,0,0,13935,29345,Public Employees Retirement System,https://www.calhr.ca.gov,,08/06/2024,,,True,
2023,State Department,"Coastal Commission, California",,"Staff Services Analyst, Range B",False,False,,47292,59196,,45638,0,0,2420,48058,16847,0,0,9217,26064,Public Employees Retirement System,https://www.calhr.ca.gov,,08/06/2024,,,True,
2023,State Department,"Coastal Commission, California",,"Legal Analyst, Range A",False,False,,62544,78288,,47595,0,0,366,47961,16137,0,0,5758,21895,Public Employees Retirement System,https://www.calhr.ca.gov,,08/06/2024,,,True,
2023,State Department,"Coastal Commission, California",,"Management Services Technician, Range B",False,False,,45432,56916,,44701,0,0,2420,47121,15112,0,0,8637,23749,Public Employees Retirement System,https://www.calhr.ca.gov,,08/06/2024,,,True,
2023,State Department,"Coastal Commission, California",,Coastal Program Analyst II,False,False,,82896,103812,,44466,0,0,2382,46848,15238,0,0,5038,20276,Public Employees Retirement System,https://www.calhr.ca.gov,,08/06/2024,,,True,
2023,State Department,"Coastal Commission, California",,"Staff Services Analyst, Range A",False,False,,43680,54732,,42540,0,0,4076,46615,15453,0,0,17581,33034,Public Employees Retirement System,https://www.calhr.ca.gov,,08/06/2024,,,True,
2023,State Department,"Coastal Commission, California",,"Senior Legal Analyst, Range A",False,False,,71604,89688,,46252,0,0,96,46348,15652,0,0,5001,20654,Public Employees Retirement System,https://www.calhr.ca.gov,,08/06/2024,,,True,
2023,State Department,"Coastal Commission, California",,"Staff Services Analyst, Range B",False,False,,47292,59196,,43800,0,0,2270,46070,15162,0,0,8571,23733,Public Employees Retirement System,https://www.calhr.ca.gov,,08/06/2024,,,True,
2023,State Department,"Coastal Commission, California",,"Information Technology Associate, Range D",False,False,,73764,98856,,31811,0,13038,1158,46007,10237,0,0,3186,13424,Public Employees Retirement System,https://www.calhr.ca.gov,,08/06/2024,,,True,
2023,State Department,"Coastal Commission, California",,Senior Environmental Scientist(Specialist),False,False,,88032,109512,,43598,0,0,-378,43220,13878,0,0,3580,17458,Public Employees Retirement System,https://www.calhr.ca.gov,,08/06/2024,,,True,
2023,State Department,"Coastal Commission, California",,"Coastal Program Analyst I, Range B",False,False,,57492,68532,,40450,0,0,0,40450,13397,0,0,91,13487,Public Employees Retirement System,https://www.calhr.ca.gov,,08/06/2024,,,True,
2023,State Department,"Coastal Commission, California",,"Information Technology Technician, Range C",False,False,,55800,74796,,39306,0,0,140,39446,12694,0,0,1211,13904,Public Employees Retirement System,https://www.calhr.ca.gov,,08/06/2024,,,True,
2023,State Department,"Coastal Commission, California",,"Staff Services Analyst, Range C",False,False,,56712,70992,,37156,575,0,1217,38948,12995,0,0,20222,33217,Public Employees Retirement System,https://www.calhr.ca.gov,,08/06/2024,,,True,
2023,State Department,"Coastal Commission, California",,"Staff Services Analyst, Range C",False,False,,56712,70992,,37212,0,0,520,37732,12713,0,0,5126,17839,Public Employees Retirement System,https://www.calhr.ca.gov,,08/06/2024,,,True,
2023,State Department,"Coastal Commission, California",,Coastal Program Analyst III,False,False,,87024,109008,,30303,0,5760,1240,37304,10237,0,0,3132,13370,Public Employees Retirement System,https://www.calhr.ca.gov,,08/06/2024,,,True,
2023,State Department,"Coastal Commission, California",,Supervising Environmental Planner,False,False,,119352,135516,,0,0,35420,560,35980,0,0,0,0,0,Public Employees Retirement System,https://www.calhr.ca.gov,,08/06/2024,,,True,
2023,State Department,"Coastal Commission, California",,"Associate Governmental Program Analyst, Range A",False,False,,68208,85368,,34599,0,0,620,35219,11454,0,0,5301,16755,Public Employees Retirement System,https://www.calhr.ca.gov,,08/06/2024,,,True,
2023,State Department,"Coastal Commission, California",,"Coastal Program Analyst I, Range B",False,False,,57492,68532,,32168,0,0,870,33038,11179,0,0,5038,16217,Public Employees Retirement System,https://www.calhr.ca.gov,,08/06/2024,,,True,
2023,State Department,"Coastal Commission, California",,"Environmental Scientist, Range C",False,False,,76500,95112,,18475,0,11031,150,29656,6039,0,0,33,6072,Public Employees Retirement System,https://www.calhr.ca.gov,,08/06/2024,,,True,
2023,State Department,"Coastal Commission, California",,Coastal Program Analyst II,False,False,,82896,103812,,28038,0,0,-77,27961,9378,0,0,3588,12966,Public Employees Retirement System,https://www.calhr.ca.gov,,08/06/2024,,,True,
2023,State Department,"Coastal Commission, California",,"Environmental Scientist, Range C",False,False,,76500,95112,,27567,0,0,0,27567,9273,0,0,3599,12872,Public Employees Retirement System,https://www.calhr.ca.gov,,08/06/2024,,,True,
2023,State Department,"Coastal Commission, California",,"Associate Governmental Program Analyst, Range A",False,False,,68208,85368,,27041,0,0,0,27041,8944,0,0,215,9159,Public Employees Retirement System,https://www.calhr.ca.gov,,08/06/2024,,,True,
2023,State Department,"Coastal Commission, California",,"Coastal Program Analyst I, Range B",False,False,,57492,68532,,25810,0,0,-64,25746,8825,0,0,4307,13133,Public Employees Retirement System,https://www.calhr.ca.gov,,08/06/2024,,,True,
2023,State Department,"Coastal Commission, California",,Coastal Program Analyst II,False,False,,82896,103812,,25608,0,0,0,25608,8492,0,0,79,8571,Public Employees Retirement System,https://www.calhr.ca.gov,,08/06/2024,,,True,
2023,State Department,"Coastal Commission, California",,"Coastal Program Analyst I, Range C",False,False,,68952,86340,,20204,0,3195,2140,25538,6802,0,0,2879,9681,Public Employees Retirement System,https://www.calhr.ca.gov,,08/06/2024,,,True,
2023,State Department,"Coastal Commission, California",,Coastal Program Analyst III,False,False,,87024,109008,,24137,0,0,0,24137,0,0,0,0,0,,https://www.calhr.ca.gov,,08/06/2024,,,True,
2023,State Department,"Coastal Commission, California",,Coastal Program Manager,False,False,,98160,121968,,22445,0,0,0,22445,0,0,0,0,0,,https://www.calhr.ca.gov,,08/06/2024,,,True,
2023,State Department,"Coastal Commission, California",,"Personnel Specialist, Range D",False,False,,58632,73392,,20247,0,0,0,20247,0,0,0,0,0,,https://www.calhr.ca.gov,,08/06/2024,,,True,
2023,State Department,"Coastal Commission, California",,"Associate Governmental Program Analyst, Range A",False,False,,68208,85368,,18720,0,0,1340,20060,6737,0,0,7082,13819,Public Employees Retirement System,https://www.calhr.ca.gov,,08/06/2024,,,True,
2023,State Department,"Coastal Commission, California",,"Management Services Technician, Range B",False,False,,45432,56916,,18246,0,0,880,19126,7592,0,0,18972,26563,Public Employees Retirement System,https://www.calhr.ca.gov,,08/06/2024,,,True,
2023,State Department,"Coastal Commission, California",,"Coastal Program Analyst I, Range B",False,False,,57492,68532,,17640,0,0,0,17640,5933,0,0,1451,7384,Public Employees Retirement System,https://www.calhr.ca.gov,,08/06/2024,,,True,
2023,State Department,"Coastal Commission, California",,Coastal Program Manager,False,False,,98160,121968,,16085,0,0,0,16085,0,0,0,0,0,,https://www.calhr.ca.gov,,08/06/2024,,,True,
2023,State Department,"Coastal Commission, California",,"Staff Services Analyst, Range C",False,False,,56712,70992,,15518,0,0,-39,15480,5293,0,0,2861,8154,Public Employees Retirement System,https://www.calhr.ca.gov,,08/06/2024,,,True,
2023,State Department,"Coastal Commission, California",,"Coastal Program Analyst I, Range C",False,False,,68952,86340,,13896,0,0,0,13896,4753,0,0,2159,6912,Public Employees Retirement System,https://www.calhr.ca.gov,,08/06/2024,,,True,
2023,State Department,"Coastal Commission, California",,Coastal Program Analyst II,False,False,,82896,103812,,9192,0,2428,570,12190,3157,0,0,1400,4557,Public Employees Retirement System,https://www.calhr.ca.gov,,08/06/2024,,,True,
2023,State Department,"Coastal Commission, California",,"Coastal Program Analyst I, Range C",False,False,,68952,86340,,10822,0,0,150,10972,3680,0,0,1416,5097,Public Employees Retirement System,https://www.calhr.ca.gov,,08/06/2024,,,True,
2023,State Department,"Coastal Commission, California",,Coastal Program Analyst II,False,False,,82896,103812,,6485,0,0,0,6485,2210,0,0,700,2911,Public Employees Retirement System,https://www.calhr.ca.gov,,08/06/2024,,,True,
2023,State Department,"Coastal Commission, California",,"Member, California Coastal Commission",False,False,"Member, California Coastal Commission|Board Member, San Gabriel Lower Los Angeles River",3240,3240,,5750,0,0,0,5750,0,0,0,0,0,,https://www.calhr.ca.gov,,08/06/2024,,,True,
2023,State Department,"Coastal Commission, California",,"Member, California Coastal Commission",False,False,"Member, California Coastal Commission",3240,3240,,5600,0,0,0,5600,0,0,0,0,0,,https://www.calhr.ca.gov,,08/06/2024,,,True,
2023,State Department,"Coastal Commission, California",,"Member, California Coastal Commission",False,False,"Member, California Coastal Commission",3240,3240,,4900,0,0,0,4900,0,0,0,0,0,Part-Time Seasonal and Temporary (PST) Retirement Plan,https://www.calhr.ca.gov,,08/06/2024,,,True,
2023,State Department,"Coastal Commission, California",,"Member, California Coastal Commission",False,False,"Member, California Coastal Commission",3240,3240,,4800,0,0,0,4800,0,0,0,0,0,Part-Time Seasonal and Temporary (PST) Retirement Plan,https://www.calhr.ca.gov,,08/06/2024,,,True,
2023,State Department,"Coastal Commission, California",,Coastal Program Analyst II,False,False,,82896,103812,,4263,0,419,0,4682,1468,0,0,720,2188,Public Employees Retirement System,https://www.calhr.ca.gov,,08/06/2024,,,True,
2023,State Department,"Coastal Commission, California",,"Member, California Coastal Commission",False,False,"Member, California Coastal Commission",3240,3240,,4600,0,0,0,4600,0,0,0,0,0,Part-Time Seasonal and Temporary (PST) Retirement Plan,https://www.calhr.ca.gov,,08/06/2024,,,True,
2023,State Department,"Coastal Commission, California",,"Member, California Coastal Commission",False,False,"Member, California Coastal Commission",3240,3240,,4200,0,0,0,4200,0,0,0,0,0,Part-Time Seasonal and Temporary (PST) Retirement Plan,https://www.calhr.ca.gov,,08/06/2024,,,True,
2023,State Department,"Coastal Commission, California",,"Member, California Coastal Commission",False,False,"Member, California Coastal Commission",3240,3240,,3800,0,0,0,3800,0,0,0,0,0,Part-Time Seasonal and Temporary (PST) Retirement Plan,https://www.calhr.ca.gov,,08/06/2024,,,True,
2023,State Department,"Coastal Commission, California",,"Member, California Coastal Commission",False,False,"Member, California Coastal Commission",3240,3240,,3800,0,0,0,3800,0,0,0,0,0,Part-Time Seasonal and Temporary (PST) Retirement Plan,https://www.calhr.ca.gov,,08/06/2024,,,True,
2023,State Department,"Coastal Commission, California",,"Member, California Coastal Commission",False,False,"Member, California Coastal Commission",3240,3240,,3600,0,0,0,3600,0,0,0,0,0,Part-Time Seasonal and Temporary (PST) Retirement Plan,https://www.calhr.ca.gov,,08/06/2024,,,True,
2023,State Department,"Coastal Commission, California",,"Member, California Coastal Commission",False,False,"Member, California Coastal Commission",3240,3240,,3600,0,0,0,3600,0,0,0,0,0,Part-Time Seasonal and Temporary (PST) Retirement Plan,https://www.calhr.ca.gov,,08/06/2024,,,True,
2023,State Department,"Coastal Commission, California",,"Member, California Coastal Commission",False,False,"Member, California Coastal Commission",3240,3240,,3300,0,0,0,3300,0,0,0,0,0,Part-Time Seasonal and Temporary (PST) Retirement Plan,https://www.calhr.ca.gov,,08/06/2024,,,True,
2023,State Department,"Coastal Commission, California",,"Member, California Coastal Commission",False,False,"Member, California Coastal Commission",3240,3240,,3250,0,0,0,3250,0,0,0,0,0,Part-Time Seasonal and Temporary (PST) Retirement Plan,https://www.calhr.ca.gov,,08/06/2024,,,True,
2023,State Department,"Coastal Commission, California",,"Associate Personnel Analyst, Range A",False,False,,68208,85368,,2515,0,0,0,2515,0,0,0,0,0,,https://www.calhr.ca.gov,,08/06/2024,,,True,
2023,State Department,"Coastal Commission, California",,"Member, California Coastal Commission",False,False,"Member, California Coastal Commission",3240,3240,,1400,0,0,0,1400,0,0,0,0,0,Part-Time Seasonal and Temporary (PST) Retirement Plan,https://www.calhr.ca.gov,,08/06/2024,,,True,
2023,State Department,"Coastal Commission, California",,"Member, California Coastal Commission",False,False,"Member, California Coastal Commission",3240,3240,,400,0,0,0,400,0,0,0,0,0,Part-Time Seasonal and Temporary (PST) Retirement Plan,https://www.calhr.ca.gov,,08/06/2024,,,True,
2023,State Department,"Coastal Commission, California",,"Member, California Coastal Commission",False,False,"Member, California Coastal Commission",3240,3240,,400,0,0,0,400,0,0,0,0,0,Part-Time Seasonal and Temporary (PST) Retirement Plan,https://www.calhr.ca.gov,,08/06/2024,,,True,
2023,State Department,"Coastal Commission, California",,"Member, California Coastal Commission",False,False,,3240,3240,,100,0,0,0,100,0,0,0,0,0,Part-Time Seasonal and Temporary (PST) Retirement Plan,https://www.calhr.ca.gov,,08/06/2024,,,True,

