﻿Year,EmployerType,EmployerName,DepartmentOrSubdivision,Position,ElectedOfficial,Judicial,OtherPositions,MinPositionSalary,MaxPositionSalary,ReportedBaseWage,RegularPay,OvertimePay,LumpSumPay,OtherPay,TotalWages,DefinedBenefitPlanContribution,EmployeesRetirementCostCovered,DeferredCompensationPlan,HealthDentalVision,TotalRetirementAndHealthContribution,PensionFormula,EmployerURL,EmployerPopulation,LastUpdatedDate,EmployerCounty,SpecialDistrictActivities,IncludesUnfundedLiability,SpecialDistrictType
2023,State Department,"Educational Facilities Authority, California",,Staff Services Manager II (Supervisory),False,False,,89040,110628,,99936,0,0,2470,102406,34798,0,0,23377,58175,Public Employees Retirement System,https://www.calhr.ca.gov,,08/06/2024,,,True,
2023,State Department,"Educational Facilities Authority, California",,"Associate Governmental Program Analyst, Range A",False,False,,68208,85368,,79013,0,0,5701,84714,26854,0,0,8861,35716,Public Employees Retirement System,https://www.calhr.ca.gov,,08/06/2024,,,True,
2023,State Department,"Educational Facilities Authority, California",,"Staff Services Analyst, Range C",False,False,,56712,70992,,50575,0,0,-168,50407,17038,0,0,280,17318,Public Employees Retirement System,https://www.calhr.ca.gov,,08/06/2024,,,True,

