﻿Year,EmployerType,EmployerName,DepartmentOrSubdivision,Position,ElectedOfficial,Judicial,OtherPositions,MinPositionSalary,MaxPositionSalary,ReportedBaseWage,RegularPay,OvertimePay,LumpSumPay,OtherPay,TotalWages,DefinedBenefitPlanContribution,EmployeesRetirementCostCovered,DeferredCompensationPlan,HealthDentalVision,TotalRetirementAndHealthContribution,PensionFormula,EmployerURL,EmployerPopulation,LastUpdatedDate,EmployerCounty,SpecialDistrictActivities,IncludesUnfundedLiability,SpecialDistrictType
2023,State Department,"Judicial Center Library, California",,"Judicial Center Law Librarian, Range C",False,True,,121152,147216,,139775,0,0,1820,141595,44322,0,0,9338,53660,Public Employees Retirement System,https://www.calhr.ca.gov,,08/06/2024,,,True,
2023,State Department,"Judicial Center Library, California",,"Special Collections Librarian/Archivist, Range C",False,True,,96912,117780,,98728,0,0,1820,100548,34003,0,0,23283,57286,Public Employees Retirement System,https://www.calhr.ca.gov,,08/06/2024,,,True,
2023,State Department,"Judicial Center Library, California",,"Assistant Law Librarian II, Range C",False,True,,88224,107232,,92377,0,0,1820,94197,31507,0,0,18600,50107,Public Employees Retirement System,https://www.calhr.ca.gov,,08/06/2024,,,True,
2023,State Department,"Judicial Center Library, California",,"Assistant Law Librarian I, Range C",False,True,,80160,97476,,84233,0,0,5460,89692,30661,0,0,18221,48882,Public Employees Retirement System,https://www.calhr.ca.gov,,08/06/2024,,,True,
2023,State Department,"Judicial Center Library, California",,"Law Librarian, Range C",False,True,,96912,117780,,85754,0,0,1820,87574,29639,0,0,9857,39496,Public Employees Retirement System,https://www.calhr.ca.gov,,08/06/2024,,,True,
2023,State Department,"Judicial Center Library, California",,"Assistant Law Librarian I, Range C",False,True,,80160,97476,,85464,0,0,0,85464,30137,0,0,2988,33125,Public Employees Retirement System,https://www.calhr.ca.gov,,08/06/2024,,,True,
2023,State Department,"Judicial Center Library, California",,"Law Librarian, Range C",False,True,,96912,117780,,65322,0,0,7098,72419,24447,0,0,23376,47823,Public Employees Retirement System,https://www.calhr.ca.gov,,08/06/2024,,,True,
2023,State Department,"Judicial Center Library, California",,"Law Library Technician II, Range C",False,True,,53664,65232,,57311,0,0,6201,63512,20261,0,0,23224,43485,Public Employees Retirement System,https://www.calhr.ca.gov,,08/06/2024,,,True,

