﻿Year,EmployerType,EmployerName,DepartmentOrSubdivision,Position,ElectedOfficial,Judicial,OtherPositions,MinPositionSalary,MaxPositionSalary,ReportedBaseWage,RegularPay,OvertimePay,LumpSumPay,OtherPay,TotalWages,DefinedBenefitPlanContribution,EmployeesRetirementCostCovered,DeferredCompensationPlan,HealthDentalVision,TotalRetirementAndHealthContribution,PensionFormula,EmployerURL,EmployerPopulation,LastUpdatedDate,EmployerCounty,SpecialDistrictActivities,IncludesUnfundedLiability,SpecialDistrictType
2023,State Department,"Law Revision Committee, California",,Executive Director/California Law Revision Commission,False,False,,156708,186648,,174936,0,0,9390,184326,58713,0,0,18217,76929,Public Employees Retirement System,https://www.calhr.ca.gov,,08/06/2024,,,True,
2023,State Department,"Law Revision Committee, California",,Special Consultant,False,False,,0,1200000,,161020,0,0,14713,175733,53499,0,0,14088,67587,Public Employees Retirement System,https://www.calhr.ca.gov,,08/06/2024,,,True,
2023,State Department,"Law Revision Committee, California",,"Attorney IV, Range A",False,False,,139728,179448,,165618,0,0,600,166218,46733,0,0,22693,69426,Public Employees Retirement System,https://www.calhr.ca.gov,,08/06/2024,,,True,
2023,State Department,"Law Revision Committee, California",,"C.E.A., Range C",False,False,,117060,241728,,157335,0,0,600,157935,51098,0,0,1996,53094,Public Employees Retirement System,https://www.calhr.ca.gov,,08/06/2024,,,True,
2023,State Department,"Law Revision Committee, California",,"Attorney IV, Range A",False,False,,139728,179448,,152493,0,0,600,153093,46733,0,0,22693,69426,Public Employees Retirement System,https://www.calhr.ca.gov,,08/06/2024,,,True,
2023,State Department,"Law Revision Committee, California",,"Attorney III, Range A",False,False,,126432,162312,,137269,0,0,6114,143383,46116,0,0,22693,68808,Public Employees Retirement System,https://www.calhr.ca.gov,,08/06/2024,,,True,
2023,State Department,"Law Revision Committee, California",,"Attorney III, Range A",False,False,,126432,162312,,128109,0,0,955,129064,42153,0,0,8865,51018,Public Employees Retirement System,https://www.calhr.ca.gov,,08/06/2024,,,True,
2023,State Department,"Law Revision Committee, California",,"Attorney, Range B",False,False,,104496,134076,,124103,0,0,600,124703,42153,0,0,8857,51010,Public Employees Retirement System,https://www.calhr.ca.gov,,08/06/2024,,,True,
2023,State Department,"Law Revision Committee, California",,Staff Services Manager I,False,False,,81120,100776,,87236,0,0,2420,89656,30239,0,0,23377,53616,Public Employees Retirement System,https://www.calhr.ca.gov,,08/06/2024,,,True,
2023,State Department,"Law Revision Committee, California",,"Office Technician (General), Range A",False,False,,42516,53280,,39004,0,0,2420,41424,13573,0,0,8404,21977,Public Employees Retirement System,https://www.calhr.ca.gov,,08/06/2024,,,True,
2023,State Department,"Law Revision Committee, California",,Commission Member/California Law Revision Commission,False,False,,25920,25920,,800,0,0,0,800,0,0,0,0,0,,https://www.calhr.ca.gov,,08/06/2024,,,True,
2023,State Department,"Law Revision Committee, California",,Commission Member/California Law Revision Commission,False,False,,25920,25920,,800,0,0,0,800,0,0,0,0,0,,https://www.calhr.ca.gov,,08/06/2024,,,True,
2023,State Department,"Law Revision Committee, California",,Commission Member/California Law Revision Commission,False,False,,25920,25920,,600,0,0,0,600,0,0,0,0,0,,https://www.calhr.ca.gov,,08/06/2024,,,True,
2023,State Department,"Law Revision Committee, California",,Commission Member/California Law Revision Commission,False,False,,25920,25920,,600,0,0,0,600,0,0,0,0,0,,https://www.calhr.ca.gov,,08/06/2024,,,True,
2023,State Department,"Law Revision Committee, California",,Commission Member/California Law Revision Commission,False,False,,25920,25920,,600,0,0,0,600,0,0,0,0,0,,https://www.calhr.ca.gov,,08/06/2024,,,True,
2023,State Department,"Law Revision Committee, California",,Commission Member/California Law Revision Commission,False,False,,25920,25920,,400,0,0,0,400,0,0,0,0,0,,https://www.calhr.ca.gov,,08/06/2024,,,True,
2023,State Department,"Law Revision Committee, California",,Commission Member/California Law Revision Commission,False,False,,25920,25920,,400,0,0,0,400,0,0,0,0,0,,https://www.calhr.ca.gov,,08/06/2024,,,True,
2023,State Department,"Law Revision Committee, California",,Commission Member/California Law Revision Commission,False,False,,25920,25920,,400,0,0,0,400,0,0,0,0,0,,https://www.calhr.ca.gov,,08/06/2024,,,True,

