﻿Year,EmployerType,EmployerName,DepartmentOrSubdivision,Position,ElectedOfficial,Judicial,OtherPositions,MinPositionSalary,MaxPositionSalary,ReportedBaseWage,RegularPay,OvertimePay,LumpSumPay,OtherPay,TotalWages,DefinedBenefitPlanContribution,EmployeesRetirementCostCovered,DeferredCompensationPlan,HealthDentalVision,TotalRetirementAndHealthContribution,PensionFormula,EmployerURL,EmployerPopulation,LastUpdatedDate,EmployerCounty,SpecialDistrictActivities,IncludesUnfundedLiability,SpecialDistrictType
2023,State Department,"Mortgage Bond and Tax Credit Allocation Commission, California",,"Executive Secretary, Tax Credit Allocation Committee/State Treasurer",False,False,,155760,173484,,121530,0,12656,15258,149443,41797,0,0,7831,49628,Public Employees Retirement System,https://www.calhr.ca.gov,,08/06/2024,,,True,
2023,State Department,"Mortgage Bond and Tax Credit Allocation Commission, California",,"Associate Governmental Program Analyst, Range A",False,False,,68208,85368,,89452,3940,38365,2991,134748,29131,0,0,2307,31437,Public Employees Retirement System,https://www.calhr.ca.gov,,08/06/2024,,,True,
2023,State Department,"Mortgage Bond and Tax Credit Allocation Commission, California",,"C.E.A., Range A",False,False,,117060,241728,,125795,0,0,7312,133107,42454,0,0,9397,51851,Public Employees Retirement System,https://www.calhr.ca.gov,,08/06/2024,,,True,
2023,State Department,"Mortgage Bond and Tax Credit Allocation Commission, California",,"C.E.A., Range A",False,False,,117060,241728,,109668,0,0,6841,116509,36823,0,0,9397,46220,Public Employees Retirement System,https://www.calhr.ca.gov,,08/06/2024,,,True,
2023,State Department,"Mortgage Bond and Tax Credit Allocation Commission, California",,Staff Services Manager II (Supervisory),False,False,,89040,110628,,97514,0,0,2470,99984,34798,0,0,23377,58175,Public Employees Retirement System,https://www.calhr.ca.gov,,08/06/2024,,,True,
2023,State Department,"Mortgage Bond and Tax Credit Allocation Commission, California",,Staff Services Manager I,False,False,,81120,100776,,93281,0,0,6233,99514,31649,0,0,9397,41046,Public Employees Retirement System,https://www.calhr.ca.gov,,08/06/2024,,,True,
2023,State Department,"Mortgage Bond and Tax Credit Allocation Commission, California",,Staff Services Manager I,False,False,,81120,100776,,93101,0,0,2470,95571,31346,0,0,9397,40742,Public Employees Retirement System,https://www.calhr.ca.gov,,08/06/2024,,,True,
2023,State Department,"Mortgage Bond and Tax Credit Allocation Commission, California",,Staff Services Manager I,False,False,,81120,100776,,94313,0,0,650,94963,31247,0,0,770,32017,Public Employees Retirement System,https://www.calhr.ca.gov,,08/06/2024,,,True,
2023,State Department,"Mortgage Bond and Tax Credit Allocation Commission, California",,Staff Services Manager I,False,False,,81120,100776,,92536,0,0,2417,94953,31700,0,0,23377,55076,Public Employees Retirement System,https://www.calhr.ca.gov,,08/06/2024,,,True,
2023,State Department,"Mortgage Bond and Tax Credit Allocation Commission, California",,Staff Services Manager I,False,False,,81120,100776,,90358,0,0,2470,92828,31700,0,0,23377,55076,Public Employees Retirement System,https://www.calhr.ca.gov,,08/06/2024,,,True,
2023,State Department,"Mortgage Bond and Tax Credit Allocation Commission, California",,Staff Services Manager II (Supervisory),False,False,,89040,110628,,87538,0,0,650,88188,29002,0,0,136,29138,Public Employees Retirement System,https://www.calhr.ca.gov,,08/06/2024,,,True,
2023,State Department,"Mortgage Bond and Tax Credit Allocation Commission, California",,Staff Services Manager I,False,False,,81120,100776,,85200,0,0,2470,87670,28726,0,0,9397,38123,Public Employees Retirement System,https://www.calhr.ca.gov,,08/06/2024,,,True,
2023,State Department,"Mortgage Bond and Tax Credit Allocation Commission, California",,Staff Services Manager I,False,False,,81120,100776,,81436,0,0,2470,83906,28611,0,0,23377,51988,Public Employees Retirement System,https://www.calhr.ca.gov,,08/06/2024,,,True,
2023,State Department,"Mortgage Bond and Tax Credit Allocation Commission, California",,"Associate Governmental Program Analyst, Range A",False,False,,68208,85368,,78173,0,0,5658,83831,26854,0,0,22698,49553,Public Employees Retirement System,https://www.calhr.ca.gov,,08/06/2024,,,True,
2023,State Department,"Mortgage Bond and Tax Credit Allocation Commission, California",,"Associate Governmental Program Analyst, Range A",False,False,,68208,85368,,77797,0,0,5658,83455,26472,0,0,8822,35294,Public Employees Retirement System,https://www.calhr.ca.gov,,08/06/2024,,,True,
2023,State Department,"Mortgage Bond and Tax Credit Allocation Commission, California",,"Associate Governmental Program Analyst, Range A",False,False,,68208,85368,,77343,2503,0,2470,82317,26432,0,0,8861,35293,Public Employees Retirement System,https://www.calhr.ca.gov,,08/06/2024,,,True,
2023,State Department,"Mortgage Bond and Tax Credit Allocation Commission, California",,"Associate Governmental Program Analyst, Range A",False,False,,68208,85368,,75472,0,0,5658,81130,26854,0,0,22698,49553,Public Employees Retirement System,https://www.calhr.ca.gov,,08/06/2024,,,True,
2023,State Department,"Mortgage Bond and Tax Credit Allocation Commission, California",,Staff Services Manager I,False,False,,81120,100776,,77824,0,0,2470,80294,26183,0,0,9397,35580,Public Employees Retirement System,https://www.calhr.ca.gov,,08/06/2024,,,True,
2023,State Department,"Mortgage Bond and Tax Credit Allocation Commission, California",,"Associate Governmental Program Analyst, Range A",False,False,,68208,85368,,77817,0,0,2470,80287,26523,0,0,9217,35740,Public Employees Retirement System,https://www.calhr.ca.gov,,08/06/2024,,,True,
2023,State Department,"Mortgage Bond and Tax Credit Allocation Commission, California",,"Associate Governmental Program Analyst, Range A",False,False,,68208,85368,,77802,0,0,2470,80272,26854,0,0,21923,48777,Public Employees Retirement System,https://www.calhr.ca.gov,,08/06/2024,,,True,
2023,State Department,"Mortgage Bond and Tax Credit Allocation Commission, California",,"Associate Governmental Program Analyst, Range A",False,False,,68208,85368,,77462,0,0,2470,79932,26854,0,0,17151,44005,Public Employees Retirement System,https://www.calhr.ca.gov,,08/06/2024,,,True,
2023,State Department,"Mortgage Bond and Tax Credit Allocation Commission, California",,"Associate Governmental Program Analyst, Range A",False,False,,68208,85368,,74082,0,0,5658,79740,26328,0,0,17922,44250,Public Employees Retirement System,https://www.calhr.ca.gov,,08/06/2024,,,True,
2023,State Department,"Mortgage Bond and Tax Credit Allocation Commission, California",,Staff Services Manager I,False,False,,81120,100776,,76377,0,0,2661,79038,26955,0,0,22970,49925,Public Employees Retirement System,https://www.calhr.ca.gov,,08/06/2024,,,True,
2023,State Department,"Mortgage Bond and Tax Credit Allocation Commission, California",,"Associate Governmental Program Analyst, Range A",False,False,,68208,85368,,75792,0,0,2470,78262,26854,0,0,22767,49621,Public Employees Retirement System,https://www.calhr.ca.gov,,08/06/2024,,,True,
2023,State Department,"Mortgage Bond and Tax Credit Allocation Commission, California",,"Associate Governmental Program Analyst, Range A",False,False,,68208,85368,,75787,0,0,2470,78257,26854,0,0,22698,49553,Public Employees Retirement System,https://www.calhr.ca.gov,,08/06/2024,,,True,
2023,State Department,"Mortgage Bond and Tax Credit Allocation Commission, California",,"Associate Governmental Program Analyst, Range A",False,False,,68208,85368,,75472,0,0,2470,77942,26854,0,0,22698,49553,Public Employees Retirement System,https://www.calhr.ca.gov,,08/06/2024,,,True,
2023,State Department,"Mortgage Bond and Tax Credit Allocation Commission, California",,"Associate Governmental Program Analyst, Range A",False,False,,68208,85368,,73900,0,0,2470,76370,26340,0,0,22767,49107,Public Employees Retirement System,https://www.calhr.ca.gov,,08/06/2024,,,True,
2023,State Department,"Mortgage Bond and Tax Credit Allocation Commission, California",,"Associate Governmental Program Analyst, Range A",False,False,,68208,85368,,73646,0,0,2470,76116,25101,0,0,8861,33963,Public Employees Retirement System,https://www.calhr.ca.gov,,08/06/2024,,,True,
2023,State Department,"Mortgage Bond and Tax Credit Allocation Commission, California",,"Associate Governmental Program Analyst, Range A",False,False,,68208,85368,,73780,0,0,650,74430,24444,0,0,136,24580,Public Employees Retirement System,https://www.calhr.ca.gov,,08/06/2024,,,True,
2023,State Department,"Mortgage Bond and Tax Credit Allocation Commission, California",,"Research Data Specialist I, Range A",False,False,,78660,98472,,71584,0,0,2470,74054,25959,0,0,22767,48725,Public Employees Retirement System,https://www.calhr.ca.gov,,08/06/2024,,,True,
2023,State Department,"Mortgage Bond and Tax Credit Allocation Commission, California",,Staff Services Manager I,False,False,,81120,100776,,69315,86,0,2432,71833,23537,0,0,9240,32778,Public Employees Retirement System,https://www.calhr.ca.gov,,08/06/2024,,,True,
2023,State Department,"Mortgage Bond and Tax Credit Allocation Commission, California",,"Associate Governmental Program Analyst, Range A",False,False,,68208,85368,,66058,0,0,5144,71203,22814,0,0,8637,31452,Public Employees Retirement System,https://www.calhr.ca.gov,,08/06/2024,,,True,
2023,State Department,"Mortgage Bond and Tax Credit Allocation Commission, California",,"Associate Governmental Program Analyst, Range A",False,False,,68208,85368,,70542,0,0,650,71192,22814,0,0,1816,24630,Public Employees Retirement System,https://www.calhr.ca.gov,,08/06/2024,,,True,
2023,State Department,"Mortgage Bond and Tax Credit Allocation Commission, California",,"Associate Governmental Program Analyst, Range A",False,False,,68208,85368,,69830,0,0,650,70480,23650,0,0,1290,24940,Public Employees Retirement System,https://www.calhr.ca.gov,,08/06/2024,,,True,
2023,State Department,"Mortgage Bond and Tax Credit Allocation Commission, California",,"Associate Governmental Program Analyst, Range A",False,False,,68208,85368,,67721,0,0,2432,70153,22814,0,0,8900,31714,Public Employees Retirement System,https://www.calhr.ca.gov,,08/06/2024,,,True,
2023,State Department,"Mortgage Bond and Tax Credit Allocation Commission, California",,"Associate Governmental Program Analyst, Range A",False,False,,68208,85368,,69398,0,0,700,70098,22436,0,0,1816,24252,Public Employees Retirement System,https://www.calhr.ca.gov,,08/06/2024,,,True,
2023,State Department,"Mortgage Bond and Tax Credit Allocation Commission, California",,"Associate Governmental Program Analyst, Range A",False,False,,68208,85368,,66877,0,0,2470,69347,22814,0,0,8861,31676,Public Employees Retirement System,https://www.calhr.ca.gov,,08/06/2024,,,True,
2023,State Department,"Mortgage Bond and Tax Credit Allocation Commission, California",,"Associate Governmental Program Analyst, Range A",False,False,,68208,85368,,66057,0,0,2739,68796,22351,0,0,13978,36328,Public Employees Retirement System,https://www.calhr.ca.gov,,08/06/2024,,,True,
2023,State Department,"Mortgage Bond and Tax Credit Allocation Commission, California",,"Associate Governmental Program Analyst, Range A",False,False,,68208,85368,,65078,0,0,2470,67548,22262,0,0,8861,31124,Public Employees Retirement System,https://www.calhr.ca.gov,,08/06/2024,,,True,
2023,State Department,"Mortgage Bond and Tax Credit Allocation Commission, California",,"Associate Governmental Program Analyst, Range A",False,False,,68208,85368,,61311,0,0,5017,66328,21014,0,0,8861,29876,Public Employees Retirement System,https://www.calhr.ca.gov,,08/06/2024,,,True,
2023,State Department,"Mortgage Bond and Tax Credit Allocation Commission, California",,"Associate Governmental Program Analyst, Range A",False,False,,68208,85368,,63627,0,0,2470,66097,21731,0,0,8637,30368,Public Employees Retirement System,https://www.calhr.ca.gov,,08/06/2024,,,True,
2023,State Department,"Mortgage Bond and Tax Credit Allocation Commission, California",,"Associate Governmental Program Analyst, Range A",False,False,,68208,85368,,58747,0,0,5017,63764,20113,0,0,8593,28707,Public Employees Retirement System,https://www.calhr.ca.gov,,08/06/2024,,,True,
2023,State Department,"Mortgage Bond and Tax Credit Allocation Commission, California",,"Associate Governmental Program Analyst, Range A",False,False,,68208,85368,,52114,1066,0,2370,55550,18834,0,0,8593,27427,Public Employees Retirement System,https://www.calhr.ca.gov,,08/06/2024,,,True,
2023,State Department,"Mortgage Bond and Tax Credit Allocation Commission, California",,"Staff Services Analyst, Range C",False,False,,56712,70992,,49492,0,0,2470,51962,17903,0,0,17922,35825,Public Employees Retirement System,https://www.calhr.ca.gov,,08/06/2024,,,True,
2023,State Department,"Mortgage Bond and Tax Credit Allocation Commission, California",,"Staff Services Analyst, Range C",False,False,,56712,70992,,48705,0,0,2420,51125,17925,0,0,22080,40004,Public Employees Retirement System,https://www.calhr.ca.gov,,08/06/2024,,,True,
2023,State Department,"Mortgage Bond and Tax Credit Allocation Commission, California",,"Associate Governmental Program Analyst, Range A",False,False,,68208,85368,,50244,0,0,450,50694,16849,0,0,102,16951,Public Employees Retirement System,https://www.calhr.ca.gov,,08/06/2024,,,True,
2023,State Department,"Mortgage Bond and Tax Credit Allocation Commission, California",,"Office Technician (Typing), Range A",False,False,,43308,54216,,46024,0,0,2620,48644,16675,0,0,17581,34256,Public Employees Retirement System,https://www.calhr.ca.gov,,08/06/2024,,,True,
2023,State Department,"Mortgage Bond and Tax Credit Allocation Commission, California",,"Office Technician (Typing), Range A",False,False,,43308,54216,,46148,0,0,2470,48618,16559,0,0,17151,33709,Public Employees Retirement System,https://www.calhr.ca.gov,,08/06/2024,,,True,
2023,State Department,"Mortgage Bond and Tax Credit Allocation Commission, California",,"Office Technician (Typing), Range A",False,False,,43308,54216,,43612,0,0,2420,46032,15000,0,0,8861,23861,Public Employees Retirement System,https://www.calhr.ca.gov,,08/06/2024,,,True,
2023,State Department,"Mortgage Bond and Tax Credit Allocation Commission, California",,"Associate Governmental Program Analyst, Range A",False,False,,68208,85368,,45356,0,0,368,45724,15665,0,0,59323,74988,Public Employees Retirement System,https://www.calhr.ca.gov,,08/06/2024,,,True,
2023,State Department,"Mortgage Bond and Tax Credit Allocation Commission, California",,"Staff Services Analyst, Range C",False,False,,56712,70992,,39181,0,0,2306,41488,14298,0,0,17947,32245,Public Employees Retirement System,https://www.calhr.ca.gov,,08/06/2024,,,True,
2023,State Department,"Mortgage Bond and Tax Credit Allocation Commission, California",,"Office Technician (Typing), Range A",False,False,,43308,54216,,37990,0,0,2470,40460,13320,0,0,8861,22181,Public Employees Retirement System,https://www.calhr.ca.gov,,08/06/2024,,,True,
2023,State Department,"Mortgage Bond and Tax Credit Allocation Commission, California",,"Staff Services Analyst, Range C",False,False,,56712,70992,,33770,0,0,2270,36040,12706,0,0,8820,21526,Public Employees Retirement System,https://www.calhr.ca.gov,,08/06/2024,,,True,
2023,State Department,"Mortgage Bond and Tax Credit Allocation Commission, California",,"Associate Governmental Program Analyst, Range A",False,False,,68208,85368,,30605,0,0,870,31475,10529,0,0,5038,15567,Public Employees Retirement System,https://www.calhr.ca.gov,,08/06/2024,,,True,
2023,State Department,"Mortgage Bond and Tax Credit Allocation Commission, California",,"Staff Services Analyst, Range C",False,False,,56712,70992,,17907,0,0,100,18007,6049,0,0,2879,8928,Public Employees Retirement System,https://www.calhr.ca.gov,,08/06/2024,,,True,
2023,State Department,"Mortgage Bond and Tax Credit Allocation Commission, California",,"Staff Services Analyst, Range C",False,False,,56712,70992,,9168,0,0,330,9498,3025,0,0,291,3316,Public Employees Retirement System,https://www.calhr.ca.gov,,08/06/2024,,,True,
2023,State Department,"Mortgage Bond and Tax Credit Allocation Commission, California",,"Staff Services Analyst, Range C",False,False,,56712,70992,,9168,0,0,-103,9066,3025,0,0,700,3725,Public Employees Retirement System,https://www.calhr.ca.gov,,08/06/2024,,,True,
2023,State Department,"Mortgage Bond and Tax Credit Allocation Commission, California",,"Attorney III, Range A",False,False,,126432,162312,,4761,0,0,0,4761,0,0,0,0,0,,https://www.calhr.ca.gov,,08/06/2024,,,True,

