﻿Year,EmployerType,EmployerName,DepartmentOrSubdivision,Position,ElectedOfficial,Judicial,OtherPositions,MinPositionSalary,MaxPositionSalary,ReportedBaseWage,RegularPay,OvertimePay,LumpSumPay,OtherPay,TotalWages,DefinedBenefitPlanContribution,EmployeesRetirementCostCovered,DeferredCompensationPlan,HealthDentalVision,TotalRetirementAndHealthContribution,PensionFormula,EmployerURL,EmployerPopulation,LastUpdatedDate,EmployerCounty,SpecialDistrictActivities,IncludesUnfundedLiability,SpecialDistrictType
2023,State Department,"Aging, Department of",,"Director, Department of Aging",False,False,,172710,195937,,180894,0,0,2583,183477,59886,0,0,9397,69283,Public Employees Retirement System,https://www.calhr.ca.gov,,08/06/2024,,,True,
2023,State Department,"Aging, Department of",,"Chief Counsel, Department of Aging",False,False,,170400,189864,,173246,0,0,9180,182426,56961,0,0,9397,66357,Public Employees Retirement System,https://www.calhr.ca.gov,,08/06/2024,,,True,
2023,State Department,"Aging, Department of",,"Chief Deputy Director, Department of Aging",False,False,,170400,189864,,169289,0,0,9221,178510,57290,0,0,23377,80666,Public Employees Retirement System,https://www.calhr.ca.gov,,08/06/2024,,,True,
2023,State Department,"Aging, Department of",,"Attorney III, Range A",False,False,,126432,162312,,152865,0,0,12722,165587,51030,0,0,17569,68599,Public Employees Retirement System,https://www.calhr.ca.gov,,08/06/2024,,,True,
2023,State Department,"Aging, Department of",,"C.E.A., Range C",False,False,,117060,241728,,164268,0,0,600,164868,54424,0,0,136,54560,Public Employees Retirement System,https://www.calhr.ca.gov,,08/06/2024,,,True,
2023,State Department,"Aging, Department of",,Assistant Director for the Office of Strategic Initiatives,False,False,,147132,168804,,155775,0,0,8771,164546,52200,0,0,18217,70417,Public Employees Retirement System,https://www.calhr.ca.gov,,08/06/2024,,,True,
2023,State Department,"Aging, Department of",,"C.E.A., Range B",False,False,,117060,241728,,153724,0,0,2420,156144,51423,0,0,9397,60820,Public Employees Retirement System,https://www.calhr.ca.gov,,08/06/2024,,,True,
2023,State Department,"Aging, Department of",,"Attorney III, Range A",False,False,,126432,162312,,152070,0,0,750,152820,46482,0,0,1996,48478,Public Employees Retirement System,https://www.calhr.ca.gov,,08/06/2024,,,True,
2023,State Department,"Aging, Department of",,Information Technology Manager I,False,False,,106188,142284,,145797,0,2384,350,148531,48362,0,0,835,49197,Public Employees Retirement System,https://www.calhr.ca.gov,,08/06/2024,,,True,
2023,State Department,"Aging, Department of",,State Long-Term Care Ombudsman/Department of Aging,False,False,,147132,163944,,145559,0,0,2170,147729,44367,0,0,9397,53763,Public Employees Retirement System,https://www.calhr.ca.gov,,08/06/2024,,,True,
2023,State Department,"Aging, Department of",,Information Technology Manager II,False,False,,128808,156576,,132721,0,0,2420,135141,46935,0,0,23377,70312,Public Employees Retirement System,https://www.calhr.ca.gov,,08/06/2024,,,True,
2023,State Department,"Aging, Department of",,Information Technology Manager I,False,False,,106188,142284,,132583,0,0,600,133183,43310,0,0,1996,45306,Public Employees Retirement System,https://www.calhr.ca.gov,,08/06/2024,,,True,
2023,State Department,"Aging, Department of",,"C.E.A., Range A",False,False,,117060,241728,,125495,0,0,5495,130990,42119,0,0,9397,51515,Public Employees Retirement System,https://www.calhr.ca.gov,,08/06/2024,,,True,
2023,State Department,"Aging, Department of",,"C.E.A., Range B",False,False,,117060,241728,,122840,0,0,8031,130871,42401,0,0,23377,65777,Public Employees Retirement System,https://www.calhr.ca.gov,,08/06/2024,,,True,
2023,State Department,"Aging, Department of",,Staff Services Manager I,False,False,,81120,100776,,96357,0,0,31931,128287,31700,0,0,1767,33466,Public Employees Retirement System,https://www.calhr.ca.gov,,08/06/2024,,,True,
2023,State Department,"Aging, Department of",,Information Technology Specialist III,False,False,,107532,144108,,118720,0,0,7162,125882,40280,0,0,23377,63656,Public Employees Retirement System,https://www.calhr.ca.gov,,08/06/2024,,,True,
2023,State Department,"Aging, Department of",,Assistant Director of Communications,False,False,,115932,129144,,117828,0,0,7142,124970,40625,0,0,23377,64002,Public Employees Retirement System,https://www.calhr.ca.gov,,08/06/2024,,,True,
2023,State Department,"Aging, Department of",,Staff Services Manager I,False,False,,81120,100776,,94183,0,18783,11728,124694,34387,0,0,19844,54231,Public Employees Retirement System,https://www.calhr.ca.gov,,08/06/2024,,,True,
2023,State Department,"Aging, Department of",,Supervising Management Auditor,False,False,,113664,135492,,115075,0,0,7203,122278,39821,0,0,23377,63198,Public Employees Retirement System,https://www.calhr.ca.gov,,08/06/2024,,,True,
2023,State Department,"Aging, Department of",,"C.E.A., Range A",False,False,,117060,241728,,118593,0,0,3305,121898,40083,0,0,136,40219,Public Employees Retirement System,https://www.calhr.ca.gov,,08/06/2024,,,True,
2023,State Department,"Aging, Department of",,"Information Technology Specialist II, Range A",False,False,,97560,130716,,121083,0,0,550,121633,39668,0,0,1816,41484,Public Employees Retirement System,https://www.calhr.ca.gov,,08/06/2024,,,True,
2023,State Department,"Aging, Department of",,"Information Technology Specialist II, Range A",False,False,,97560,130716,,118515,0,0,2420,120935,41119,0,0,22698,63817,Public Employees Retirement System,https://www.calhr.ca.gov,,08/06/2024,,,True,
2023,State Department,"Aging, Department of",,"Attorney III, Range A",False,False,,126432,162312,,118859,0,0,600,119459,39347,0,0,8857,48203,Public Employees Retirement System,https://www.calhr.ca.gov,,08/06/2024,,,True,
2023,State Department,"Aging, Department of",,Health Program Manager II,False,False,,89040,110628,,116574,0,0,2420,118994,34798,0,0,23377,58175,Public Employees Retirement System,https://www.calhr.ca.gov,,08/06/2024,,,True,
2023,State Department,"Aging, Department of",,"C.E.A., Range A",False,False,,117060,241728,,110428,0,0,6964,117392,38277,0,0,23377,61654,Public Employees Retirement System,https://www.calhr.ca.gov,,08/06/2024,,,True,
2023,State Department,"Aging, Department of",,"Information Technology Specialist II, Range A",False,False,,97560,130716,,111878,0,0,5360,117238,37064,0,0,136,37199,Public Employees Retirement System,https://www.calhr.ca.gov,,08/06/2024,,,True,
2023,State Department,"Aging, Department of",,Staff Services Manager III,False,False,,108264,122916,,113333,0,0,3361,116694,38493,0,0,9721,48214,Public Employees Retirement System,https://www.calhr.ca.gov,,08/06/2024,,,True,
2023,State Department,"Aging, Department of",,Research Data Manager,False,False,,113676,129060,,108579,0,0,6215,114794,36540,0,0,9397,45936,Public Employees Retirement System,https://www.calhr.ca.gov,,08/06/2024,,,True,
2023,State Department,"Aging, Department of",,"Assistant Director, Legislative Affairs",False,False,,105444,117492,,108272,0,0,5142,113414,36775,0,0,23377,60152,Public Employees Retirement System,https://www.calhr.ca.gov,,08/06/2024,,,True,
2023,State Department,"Aging, Department of",,Staff Services Manager I,False,False,,81120,100776,,85047,0,0,26665,111712,29183,0,0,18217,47400,Public Employees Retirement System,https://www.calhr.ca.gov,,08/06/2024,,,True,
2023,State Department,"Aging, Department of",,Staff Services Manager II (Supervisory),False,False,,89040,110628,,106891,0,0,4731,111622,34798,0,0,1996,36794,Public Employees Retirement System,https://www.calhr.ca.gov,,08/06/2024,,,True,
2023,State Department,"Aging, Department of",,Staff Services Manager II (Supervisory),False,False,,89040,110628,,103557,0,0,6551,110108,34798,0,0,9397,44195,Public Employees Retirement System,https://www.calhr.ca.gov,,08/06/2024,,,True,
2023,State Department,"Aging, Department of",,Staff Services Manager III,False,False,,108264,122916,,101947,0,0,6708,108655,35653,0,0,23377,59030,Public Employees Retirement System,https://www.calhr.ca.gov,,08/06/2024,,,True,
2023,State Department,"Aging, Department of",,Staff Services Manager III,False,False,,108264,122916,,105410,0,0,2367,107777,35437,0,0,9397,44834,Public Employees Retirement System,https://www.calhr.ca.gov,,08/06/2024,,,True,
2023,State Department,"Aging, Department of",,"Nurse Evaluator II, Health Services",False,False,,84048,110364,,100767,0,0,6230,106997,33764,0,0,2616,36380,Public Employees Retirement System,https://www.calhr.ca.gov,,08/06/2024,,,True,
2023,State Department,"Aging, Department of",,Staff Services Manager II (Supervisory),False,False,,89040,110628,,100336,0,0,6459,106795,33837,0,0,9308,43144,Public Employees Retirement System,https://www.calhr.ca.gov,,08/06/2024,,,True,
2023,State Department,"Aging, Department of",,Staff Services Manager III,False,False,,108264,122916,,99987,0,0,6569,106556,34946,0,0,23377,58323,Public Employees Retirement System,https://www.calhr.ca.gov,,08/06/2024,,,True,
2023,State Department,"Aging, Department of",,Health Program Manager III,False,False,,108264,122916,,94301,0,9069,2320,105691,31601,0,0,8614,40215,Public Employees Retirement System,https://www.calhr.ca.gov,,08/06/2024,,,True,
2023,State Department,"Aging, Department of",,Health Program Manager II,False,False,,89040,110628,,104828,0,0,600,105428,34798,0,0,1890,36689,Public Employees Retirement System,https://www.calhr.ca.gov,,08/06/2024,,,True,
2023,State Department,"Aging, Department of",,"Associate Management Auditor, Range A",False,False,,75168,98856,,76112,713,26259,2320,105403,25824,0,0,7385,33209,Public Employees Retirement System,https://www.calhr.ca.gov,,08/06/2024,,,True,
2023,State Department,"Aging, Department of",,Staff Services Manager II (Supervisory),False,False,,89040,110628,,104704,0,0,600,105304,34798,0,0,1890,36689,Public Employees Retirement System,https://www.calhr.ca.gov,,08/06/2024,,,True,
2023,State Department,"Aging, Department of",,Staff Services Manager II (Supervisory),False,False,,89040,110628,,102653,0,0,2420,105073,34550,0,0,9397,43947,Public Employees Retirement System,https://www.calhr.ca.gov,,08/06/2024,,,True,
2023,State Department,"Aging, Department of",,Staff Services Manager II (Supervisory),False,False,,89040,110628,,102455,0,0,2120,104575,34798,0,0,18217,53015,Public Employees Retirement System,https://www.calhr.ca.gov,,08/06/2024,,,True,
2023,State Department,"Aging, Department of",,Accounting Administrator II,False,False,,89040,110628,,97975,0,0,6551,104526,34178,0,0,23377,57554,Public Employees Retirement System,https://www.calhr.ca.gov,,08/06/2024,,,True,
2023,State Department,"Aging, Department of",,"Nurse Evaluator IV, Health Services",False,False,,94704,126480,,101255,0,0,2420,103675,34716,0,0,18217,52933,Public Employees Retirement System,https://www.calhr.ca.gov,,08/06/2024,,,True,
2023,State Department,"Aging, Department of",,"Nurse Evaluator II, Health Services",False,False,,84048,110364,,101077,178,0,2420,103675,33764,0,0,22693,56457,Public Employees Retirement System,https://www.calhr.ca.gov,,08/06/2024,,,True,
2023,State Department,"Aging, Department of",,Staff Management Auditor,False,False,,85176,111108,,100383,0,0,2841,103224,34485,0,0,18217,52702,Public Employees Retirement System,https://www.calhr.ca.gov,,08/06/2024,,,True,
2023,State Department,"Aging, Department of",,"C.E.A., Range A",False,False,,117060,241728,,100751,0,0,2470,103221,34650,0,0,18217,52866,Public Employees Retirement System,https://www.calhr.ca.gov,,08/06/2024,,,True,
2023,State Department,"Aging, Department of",,Staff Services Manager III,False,False,,108264,122916,,100014,0,0,2420,102434,34676,0,0,23377,58052,Public Employees Retirement System,https://www.calhr.ca.gov,,08/06/2024,,,True,
2023,State Department,"Aging, Department of",,Staff Services Manager II (Supervisory),False,False,,89040,110628,,99936,0,0,2420,102356,34809,0,0,23377,58185,Public Employees Retirement System,https://www.calhr.ca.gov,,08/06/2024,,,True,
2023,State Department,"Aging, Department of",,Staff Management Auditor,False,False,,85176,111108,,99095,0,0,2730,101825,33748,0,0,18217,51964,Public Employees Retirement System,https://www.calhr.ca.gov,,08/06/2024,,,True,
2023,State Department,"Aging, Department of",,Staff Management Auditor,False,False,,85176,111108,,100531,0,0,600,101131,32790,0,0,3304,36094,Public Employees Retirement System,https://www.calhr.ca.gov,,08/06/2024,,,True,
2023,State Department,"Aging, Department of",,Health Program Manager II,False,False,,89040,110628,,98090,0,0,2367,100457,32972,0,0,9397,42369,Public Employees Retirement System,https://www.calhr.ca.gov,,08/06/2024,,,True,
2023,State Department,"Aging, Department of",,Staff Services Manager II (Supervisory),False,False,,89040,110628,,90213,0,0,10153,100366,34798,0,0,18217,53015,Public Employees Retirement System,https://www.calhr.ca.gov,,08/06/2024,,,True,
2023,State Department,"Aging, Department of",,Staff Services Manager I,False,False,,81120,100776,,93614,0,0,6271,99884,31700,0,0,9397,41096,Public Employees Retirement System,https://www.calhr.ca.gov,,08/06/2024,,,True,
2023,State Department,"Aging, Department of",,"Attorney, Range B",False,False,,104496,134076,,97515,0,0,2101,99616,31050,0,0,1996,33046,Public Employees Retirement System,https://www.calhr.ca.gov,,08/06/2024,,,True,
2023,State Department,"Aging, Department of",,Health Program Specialist II,False,False,,82296,103008,,93316,0,0,6266,99582,32412,0,0,8861,41274,Public Employees Retirement System,https://www.calhr.ca.gov,,08/06/2024,,,True,
2023,State Department,"Aging, Department of",,"Information Technology Specialist II, Range A",False,False,,97560,130716,,94701,0,0,4243,98944,30819,0,0,1816,32635,Public Employees Retirement System,https://www.calhr.ca.gov,,08/06/2024,,,True,
2023,State Department,"Aging, Department of",,"Research Data Specialist III, Range A",False,False,,94932,118824,,95688,0,0,2420,98108,33545,0,0,22698,56243,Public Employees Retirement System,https://www.calhr.ca.gov,,08/06/2024,,,True,
2023,State Department,"Aging, Department of",,"Information Technology Specialist II, Range A",False,False,,97560,130716,,96859,0,0,600,97459,33035,0,0,136,33171,Public Employees Retirement System,https://www.calhr.ca.gov,,08/06/2024,,,True,
2023,State Department,"Aging, Department of",,Staff Services Manager II (Managerial),False,False,,98580,111972,,94414,0,0,2457,96871,31692,0,0,9397,41088,Public Employees Retirement System,https://www.calhr.ca.gov,,08/06/2024,,,True,
2023,State Department,"Aging, Department of",,Staff Services Manager I,False,False,,81120,100776,,93167,0,0,2798,95965,30251,0,0,1996,32247,Public Employees Retirement System,https://www.calhr.ca.gov,,08/06/2024,,,True,
2023,State Department,"Aging, Department of",,Staff Services Manager I,False,False,,81120,100776,,90046,0,0,5400,95446,28913,0,0,1996,30909,Public Employees Retirement System,https://www.calhr.ca.gov,,08/06/2024,,,True,
2023,State Department,"Aging, Department of",,Health Program Specialist II,False,False,,82296,103008,,92746,0,0,2420,95166,31335,0,0,8404,39739,Public Employees Retirement System,https://www.calhr.ca.gov,,08/06/2024,,,True,
2023,State Department,"Aging, Department of",,Health Program Specialist II,False,False,,82296,103008,,94534,0,0,600,95134,30845,0,0,1672,32517,Public Employees Retirement System,https://www.calhr.ca.gov,,08/06/2024,,,True,
2023,State Department,"Aging, Department of",,Staff Services Manager I,False,False,,81120,100776,,92009,0,0,2420,94429,30727,0,0,9397,40123,Public Employees Retirement System,https://www.calhr.ca.gov,,08/06/2024,,,True,
2023,State Department,"Aging, Department of",,Staff Services Manager I,False,False,,81120,100776,,91905,0,0,2420,94325,30727,0,0,9397,40123,Public Employees Retirement System,https://www.calhr.ca.gov,,08/06/2024,,,True,
2023,State Department,"Aging, Department of",,Staff Services Manager I,False,False,,81120,100776,,89898,0,0,4302,94200,31588,0,0,23377,54965,Public Employees Retirement System,https://www.calhr.ca.gov,,08/06/2024,,,True,
2023,State Department,"Aging, Department of",,Information Technology Manager I,False,False,,106188,142284,,91540,0,0,2420,93960,30772,0,0,17411,48182,Public Employees Retirement System,https://www.calhr.ca.gov,,08/06/2024,,,True,
2023,State Department,"Aging, Department of",,Accounting Administrator I (Supervisor),False,False,,81120,100776,,90858,0,0,2514,93372,31700,0,0,23377,55076,Public Employees Retirement System,https://www.calhr.ca.gov,,08/06/2024,,,True,
2023,State Department,"Aging, Department of",,"Associate Management Auditor, Range A",False,False,,75168,98856,,90926,0,0,2420,93346,30456,0,0,8822,39278,Public Employees Retirement System,https://www.calhr.ca.gov,,08/06/2024,,,True,
2023,State Department,"Aging, Department of",,Staff Services Manager I,False,False,,81120,100776,,90844,0,0,2420,93264,31157,0,0,18217,49374,Public Employees Retirement System,https://www.calhr.ca.gov,,08/06/2024,,,True,
2023,State Department,"Aging, Department of",,"Senior Emergency Services Coordinator, Office of Emergency Services",False,False,,81036,103272,,92285,0,0,760,93045,22831,0,0,17569,40400,Public Employees Retirement System,https://www.calhr.ca.gov,,08/06/2024,,,True,
2023,State Department,"Aging, Department of",,Staff Services Manager I,False,False,,81120,100776,,90576,0,0,2420,92996,31700,0,0,23377,55076,Public Employees Retirement System,https://www.calhr.ca.gov,,08/06/2024,,,True,
2023,State Department,"Aging, Department of",,Staff Services Manager I,False,False,,81120,100776,,90382,0,0,2420,92802,31700,0,0,23377,55076,Public Employees Retirement System,https://www.calhr.ca.gov,,08/06/2024,,,True,
2023,State Department,"Aging, Department of",,Senior Management Auditor,False,False,,93480,121992,,92147,0,0,650,92797,29913,0,0,1996,31909,Public Employees Retirement System,https://www.calhr.ca.gov,,08/06/2024,,,True,
2023,State Department,"Aging, Department of",,Health Program Specialist I,False,False,,74916,93780,,88159,38,0,4182,92378,21555,0,0,2992,24547,Public Employees Retirement System,https://www.calhr.ca.gov,,08/06/2024,,,True,
2023,State Department,"Aging, Department of",,"Information Technology Specialist I, Range C",False,False,,88956,119184,,91282,0,0,600,91882,30243,0,0,136,30379,Public Employees Retirement System,https://www.calhr.ca.gov,,08/06/2024,,,True,
2023,State Department,"Aging, Department of",,Health Facilities Evaluator Nurse,False,False,,84048,110364,,89203,0,0,2420,91623,29766,0,0,8857,38623,Public Employees Retirement System,https://www.calhr.ca.gov,,08/06/2024,,,True,
2023,State Department,"Aging, Department of",,Staff Services Manager I,False,False,,81120,100776,,85396,0,0,5935,91332,29988,0,0,23377,53364,Public Employees Retirement System,https://www.calhr.ca.gov,,08/06/2024,,,True,
2023,State Department,"Aging, Department of",,Health Program Specialist I,False,False,,74916,93780,,85174,0,0,5922,91096,29499,0,0,17581,47080,Public Employees Retirement System,https://www.calhr.ca.gov,,08/06/2024,,,True,
2023,State Department,"Aging, Department of",,"Senior Emergency Services Coordinator, Office of Emergency Services",False,False,,81036,103272,,79302,9894,0,1867,91063,21672,0,0,8845,30517,Public Employees Retirement System,https://www.calhr.ca.gov,,08/06/2024,,,True,
2023,State Department,"Aging, Department of",,"Accounting Administrator I (Specialist), Range A",False,False,,74916,93780,,88628,1821,0,600,91049,29499,0,0,1359,30858,Public Employees Retirement System,https://www.calhr.ca.gov,,08/06/2024,,,True,
2023,State Department,"Aging, Department of",,Accounting Administrator I (Supervisor),False,False,,81120,100776,,84935,0,0,6004,90939,29835,0,0,23377,53212,Public Employees Retirement System,https://www.calhr.ca.gov,,08/06/2024,,,True,
2023,State Department,"Aging, Department of",,Staff Services Manager I,False,False,,81120,100776,,88458,0,0,2420,90878,30301,0,0,18217,48518,Public Employees Retirement System,https://www.calhr.ca.gov,,08/06/2024,,,True,
2023,State Department,"Aging, Department of",,"Research Data Specialist I, Range A",False,False,,78660,98472,,88192,2,0,2520,90714,30125,0,0,22767,52891,Public Employees Retirement System,https://www.calhr.ca.gov,,08/06/2024,,,True,
2023,State Department,"Aging, Department of",,Staff Services Manager I,False,False,,81120,100776,,87778,0,0,2920,90698,29491,0,0,9157,38649,Public Employees Retirement System,https://www.calhr.ca.gov,,08/06/2024,,,True,
2023,State Department,"Aging, Department of",,Staff Services Manager I,False,False,,81120,100776,,84849,0,0,5760,90609,28611,0,0,9397,38008,Public Employees Retirement System,https://www.calhr.ca.gov,,08/06/2024,,,True,
2023,State Department,"Aging, Department of",,Health Facilities Evaluator Nurse,False,False,,84048,110364,,84838,0,0,5715,90553,28843,0,0,8857,37700,Public Employees Retirement System,https://www.calhr.ca.gov,,08/06/2024,,,True,
2023,State Department,"Aging, Department of",,Aging Programs Analyst II,False,False,,65640,86160,,79129,9832,0,600,89562,27103,0,0,22693,49796,Public Employees Retirement System,https://www.calhr.ca.gov,,08/06/2024,,,True,
2023,State Department,"Aging, Department of",,Staff Services Manager II (Supervisory),False,False,,89040,110628,,87084,0,0,2420,89504,32059,0,0,23377,55435,Public Employees Retirement System,https://www.calhr.ca.gov,,08/06/2024,,,True,
2023,State Department,"Aging, Department of",,Staff Services Manager I,False,False,,81120,100776,,83435,0,0,5468,88903,28913,0,0,18217,47130,Public Employees Retirement System,https://www.calhr.ca.gov,,08/06/2024,,,True,
2023,State Department,"Aging, Department of",,"Information Technology Specialist I, Range B",False,False,,81012,108576,,82998,0,0,5776,88774,28052,0,0,8822,36874,Public Employees Retirement System,https://www.calhr.ca.gov,,08/06/2024,,,True,
2023,State Department,"Aging, Department of",,Staff Services Manager II (Supervisory),False,False,,89040,110628,,86155,0,0,2420,88575,30239,0,0,23377,53616,Public Employees Retirement System,https://www.calhr.ca.gov,,08/06/2024,,,True,
2023,State Department,"Aging, Department of",,Staff Services Manager I,False,False,,81120,100776,,87557,0,0,600,88157,29008,0,0,136,29144,Public Employees Retirement System,https://www.calhr.ca.gov,,08/06/2024,,,True,
2023,State Department,"Aging, Department of",,Staff Services Manager I,False,False,,81120,100776,,85470,0,0,2420,87890,28023,0,0,9329,37352,Public Employees Retirement System,https://www.calhr.ca.gov,,08/06/2024,,,True,
2023,State Department,"Aging, Department of",,Staff Services Manager I,False,False,,81120,100776,,80978,0,0,5601,86579,27361,0,0,9397,36757,Public Employees Retirement System,https://www.calhr.ca.gov,,08/06/2024,,,True,
2023,State Department,"Aging, Department of",,Staff Services Manager I,False,False,,81120,100776,,85952,0,0,600,86552,27702,0,0,1936,29638,Public Employees Retirement System,https://www.calhr.ca.gov,,08/06/2024,,,True,
2023,State Department,"Aging, Department of",,Staff Services Manager I,False,False,,81120,100776,,81091,0,0,4858,85949,27168,0,0,9301,36469,Public Employees Retirement System,https://www.calhr.ca.gov,,08/06/2024,,,True,
2023,State Department,"Aging, Department of",,Staff Services Manager I,False,False,,81120,100776,,83231,0,0,2270,85501,29271,0,0,23377,52647,Public Employees Retirement System,https://www.calhr.ca.gov,,08/06/2024,,,True,
2023,State Department,"Aging, Department of",,"Information Technology Specialist I, Range A",False,False,,73668,98736,,82818,0,0,2420,85238,29924,0,0,22698,52623,Public Employees Retirement System,https://www.calhr.ca.gov,,08/06/2024,,,True,
2023,State Department,"Aging, Department of",,Staff Services Manager I,False,False,,81120,100776,,84147,0,0,600,84747,27913,0,0,519,28431,Public Employees Retirement System,https://www.calhr.ca.gov,,08/06/2024,,,True,
2023,State Department,"Aging, Department of",,Staff Services Manager I,False,False,,81120,100776,,82078,0,0,2420,84498,28436,0,0,23377,51813,Public Employees Retirement System,https://www.calhr.ca.gov,,08/06/2024,,,True,
2023,State Department,"Aging, Department of",,"Associate Governmental Program Analyst, Range A",False,False,,68208,85368,,78742,333,0,5379,84453,26854,0,0,10014,36869,Public Employees Retirement System,https://www.calhr.ca.gov,,08/06/2024,,,True,
2023,State Department,"Aging, Department of",,Staff Services Manager I,False,False,,81120,100776,,82129,0,0,2295,84424,28611,0,0,23377,51988,Public Employees Retirement System,https://www.calhr.ca.gov,,08/06/2024,,,True,
2023,State Department,"Aging, Department of",,"Research Data Analyst II, Range A",False,False,,75180,94176,,82015,37,0,2370,84422,29167,0,0,24492,53658,Public Employees Retirement System,https://www.calhr.ca.gov,,08/06/2024,,,True,
2023,State Department,"Aging, Department of",,Staff Services Manager I,False,False,,81120,100776,,80574,0,0,3680,84255,27869,0,0,9474,37343,Public Employees Retirement System,https://www.calhr.ca.gov,,08/06/2024,,,True,
2023,State Department,"Aging, Department of",,"Associate Management Auditor, Range A",False,False,,75168,98856,,80640,0,0,2420,83060,28573,0,0,22767,51340,Public Employees Retirement System,https://www.calhr.ca.gov,,08/06/2024,,,True,
2023,State Department,"Aging, Department of",,"Associate Administrative Analyst -Accounting Systems-, Range A",False,False,,71604,89688,,80277,336,0,2420,83034,27247,0,0,8637,35884,Public Employees Retirement System,https://www.calhr.ca.gov,,08/06/2024,,,True,
2023,State Department,"Aging, Department of",,"Associate Governmental Program Analyst, Range A",False,False,,68208,85368,,78552,74,0,4014,82640,26727,0,0,8861,35587,Public Employees Retirement System,https://www.calhr.ca.gov,,08/06/2024,,,True,
2023,State Department,"Aging, Department of",,Staff Services Manager I,False,False,,81120,100776,,79751,0,0,2830,82582,27581,0,0,18217,45798,Public Employees Retirement System,https://www.calhr.ca.gov,,08/06/2024,,,True,
2023,State Department,"Aging, Department of",,Health Program Specialist I,False,False,,74916,93780,,76926,0,0,5515,82441,26183,0,0,8822,35005,Public Employees Retirement System,https://www.calhr.ca.gov,,08/06/2024,,,True,
2023,State Department,"Aging, Department of",,"Associate Governmental Program Analyst, Range A",False,False,,68208,85368,,78417,1879,0,1900,82196,26642,0,0,8831,35472,Public Employees Retirement System,https://www.calhr.ca.gov,,08/06/2024,,,True,
2023,State Department,"Aging, Department of",,"Associate Governmental Program Analyst, Range A",False,False,,68208,85368,,81310,0,0,600,81910,26930,0,0,136,27065,Public Employees Retirement System,https://www.calhr.ca.gov,,08/06/2024,,,True,
2023,State Department,"Aging, Department of",,"Associate Governmental Program Analyst, Range A",False,False,,68208,85368,,79175,0,0,2420,81595,26854,0,0,17567,44421,Public Employees Retirement System,https://www.calhr.ca.gov,,08/06/2024,,,True,
2023,State Department,"Aging, Department of",,"Associate Governmental Program Analyst, Range A",False,False,,68208,85368,,79068,0,0,2420,81488,26854,0,0,8861,35716,Public Employees Retirement System,https://www.calhr.ca.gov,,08/06/2024,,,True,
2023,State Department,"Aging, Department of",,"Associate Governmental Program Analyst, Range A",False,False,,68208,85368,,79458,542,0,1250,81249,26001,0,0,1816,27817,Public Employees Retirement System,https://www.calhr.ca.gov,,08/06/2024,,,True,
2023,State Department,"Aging, Department of",,Staff Services Manager I,False,False,,81120,100776,,78755,0,0,2420,81175,27787,0,0,23377,51164,Public Employees Retirement System,https://www.calhr.ca.gov,,08/06/2024,,,True,
2023,State Department,"Aging, Department of",,"Associate Governmental Program Analyst, Range A",False,False,,68208,85368,,75450,0,0,5608,81058,26854,0,0,22767,49621,Public Employees Retirement System,https://www.calhr.ca.gov,,08/06/2024,,,True,
2023,State Department,"Aging, Department of",,Health Program Specialist I,False,False,,74916,93780,,78116,0,0,2420,80536,27625,0,0,22698,50323,Public Employees Retirement System,https://www.calhr.ca.gov,,08/06/2024,,,True,
2023,State Department,"Aging, Department of",,"Associate Governmental Program Analyst, Range A",False,False,,68208,85368,,77751,0,0,2420,80171,26534,0,0,9217,35751,Public Employees Retirement System,https://www.calhr.ca.gov,,08/06/2024,,,True,
2023,State Department,"Aging, Department of",,"Associate Governmental Program Analyst, Range A",False,False,,68208,85368,,79511,0,0,600,80111,26343,0,0,136,26479,Public Employees Retirement System,https://www.calhr.ca.gov,,08/06/2024,,,True,
2023,State Department,"Aging, Department of",,Information Officer II,False,False,,84816,105396,,78158,0,0,1946,80104,26906,0,0,15222,42127,Public Employees Retirement System,https://www.calhr.ca.gov,,08/06/2024,,,True,
2023,State Department,"Aging, Department of",,Aging Programs Analyst II,False,False,,65640,86160,,79237,260,0,600,80097,27103,0,0,8857,35960,Public Employees Retirement System,https://www.calhr.ca.gov,,08/06/2024,,,True,
2023,State Department,"Aging, Department of",,Staff Services Manager I,False,False,,81120,100776,,77569,0,0,2520,80089,27332,0,0,22405,49738,Public Employees Retirement System,https://www.calhr.ca.gov,,08/06/2024,,,True,
2023,State Department,"Aging, Department of",,Staff Services Manager I,False,False,,81120,100776,,77210,19,0,2420,79648,25842,0,0,9397,35238,Public Employees Retirement System,https://www.calhr.ca.gov,,08/06/2024,,,True,
2023,State Department,"Aging, Department of",,"Associate Personnel Analyst, Range A",False,False,,68208,85368,,76751,464,0,2370,79585,17623,0,0,17567,35190,Public Employees Retirement System,https://www.calhr.ca.gov,,08/06/2024,,,True,
2023,State Department,"Aging, Department of",,Staff Services Manager I,False,False,,81120,100776,,77041,0,0,2420,79461,26073,0,0,18217,44289,Public Employees Retirement System,https://www.calhr.ca.gov,,08/06/2024,,,True,
2023,State Department,"Aging, Department of",,Staff Services Manager I,False,False,,81120,100776,,76830,0,0,2497,79327,25405,0,0,1996,27401,Public Employees Retirement System,https://www.calhr.ca.gov,,08/06/2024,,,True,
2023,State Department,"Aging, Department of",,Staff Services Manager I,False,False,,81120,100776,,78550,0,0,600,79150,26058,0,0,369,26427,Public Employees Retirement System,https://www.calhr.ca.gov,,08/06/2024,,,True,
2023,State Department,"Aging, Department of",,"Associate Management Auditor, Range A",False,False,,75168,98856,,76594,0,0,2420,79014,27225,0,0,22698,49923,Public Employees Retirement System,https://www.calhr.ca.gov,,08/06/2024,,,True,
2023,State Department,"Aging, Department of",,Staff Services Manager I,False,False,,81120,100776,,77083,0,0,1906,78990,25842,0,0,11762,37604,Public Employees Retirement System,https://www.calhr.ca.gov,,08/06/2024,,,True,
2023,State Department,"Aging, Department of",,"Associate Governmental Program Analyst, Range A",False,False,,68208,85368,,74631,0,0,4355,78985,25664,0,0,8861,34526,Public Employees Retirement System,https://www.calhr.ca.gov,,08/06/2024,,,True,
2023,State Department,"Aging, Department of",,"Associate Governmental Program Analyst, Range A",False,False,,68208,85368,,75273,0,0,3548,78821,24939,0,0,136,25075,Public Employees Retirement System,https://www.calhr.ca.gov,,08/06/2024,,,True,
2023,State Department,"Aging, Department of",,"Associate Governmental Program Analyst, Range A",False,False,,68208,85368,,76049,321,0,2420,78791,25893,0,0,8822,34715,Public Employees Retirement System,https://www.calhr.ca.gov,,08/06/2024,,,True,
2023,State Department,"Aging, Department of",,"Information Technology Associate, Range C",False,False,,67068,89892,,78173,0,0,600,78773,25892,0,0,136,26028,Public Employees Retirement System,https://www.calhr.ca.gov,,08/06/2024,,,True,
2023,State Department,"Aging, Department of",,"Associate Governmental Program Analyst, Range A",False,False,,68208,85368,,76835,680,0,1045,78560,26089,0,0,8836,34925,Public Employees Retirement System,https://www.calhr.ca.gov,,08/06/2024,,,True,
2023,State Department,"Aging, Department of",,"Training Officer I, Range A",False,False,,68208,85368,,75857,0,0,2420,78277,26854,0,0,21972,48827,Public Employees Retirement System,https://www.calhr.ca.gov,,08/06/2024,,,True,
2023,State Department,"Aging, Department of",,"Associate Governmental Program Analyst, Range A",False,False,,68208,85368,,75840,0,0,2420,78260,26854,0,0,17225,44080,Public Employees Retirement System,https://www.calhr.ca.gov,,08/06/2024,,,True,
2023,State Department,"Aging, Department of",,Staff Services Manager I,False,False,,81120,100776,,75817,2,0,2420,78238,25625,0,0,9397,35022,Public Employees Retirement System,https://www.calhr.ca.gov,,08/06/2024,,,True,
2023,State Department,"Aging, Department of",,Staff Services Manager I,False,False,,81120,100776,,75633,0,0,2470,78103,26163,0,0,23377,49540,Public Employees Retirement System,https://www.calhr.ca.gov,,08/06/2024,,,True,
2023,State Department,"Aging, Department of",,Accounting Administrator I (Supervisor),False,False,,81120,100776,,75284,7,0,2619,77910,25950,0,0,18217,44167,Public Employees Retirement System,https://www.calhr.ca.gov,,08/06/2024,,,True,
2023,State Department,"Aging, Department of",,"Associate Governmental Program Analyst, Range A",False,False,,68208,85368,,73140,0,0,4755,77894,25233,0,0,22698,47931,Public Employees Retirement System,https://www.calhr.ca.gov,,08/06/2024,,,True,
2023,State Department,"Aging, Department of",,"Associate Governmental Program Analyst, Range A",False,False,,68208,85368,,77236,0,0,600,77836,25788,0,0,1816,27604,Public Employees Retirement System,https://www.calhr.ca.gov,,08/06/2024,,,True,
2023,State Department,"Aging, Department of",,Aging Programs Analyst II,False,False,,65640,86160,,76837,0,0,760,77597,27190,0,0,22807,49996,Public Employees Retirement System,https://www.calhr.ca.gov,,08/06/2024,,,True,
2023,State Department,"Aging, Department of",,Staff Services Manager I,False,False,,81120,100776,,74608,0,0,2345,76953,26333,0,0,23038,49371,Public Employees Retirement System,https://www.calhr.ca.gov,,08/06/2024,,,True,
2023,State Department,"Aging, Department of",,"Associate Governmental Program Analyst, Range A",False,False,,68208,85368,,74054,0,0,2420,76474,26338,0,0,22698,49036,Public Employees Retirement System,https://www.calhr.ca.gov,,08/06/2024,,,True,
2023,State Department,"Aging, Department of",,"Associate Governmental Program Analyst, Range A",False,False,,68208,85368,,74017,0,0,2398,76415,26437,0,0,19297,45735,Public Employees Retirement System,https://www.calhr.ca.gov,,08/06/2024,,,True,
2023,State Department,"Aging, Department of",,"Associate Governmental Program Analyst, Range A",False,False,,68208,85368,,73976,0,0,2420,76396,25936,0,0,17581,43516,Public Employees Retirement System,https://www.calhr.ca.gov,,08/06/2024,,,True,
2023,State Department,"Aging, Department of",,"Information Technology Specialist I, Range B",False,False,,81012,108576,,73932,0,0,2420,76352,25178,0,0,8637,33815,Public Employees Retirement System,https://www.calhr.ca.gov,,08/06/2024,,,True,
2023,State Department,"Aging, Department of",,"Associate Governmental Program Analyst, Range A",False,False,,68208,85368,,72162,0,0,3526,75687,24639,0,0,8822,33461,Public Employees Retirement System,https://www.calhr.ca.gov,,08/06/2024,,,True,
2023,State Department,"Aging, Department of",,Health Program Specialist I,False,False,,74916,93780,,72966,0,0,2420,75386,27372,0,0,17581,44953,Public Employees Retirement System,https://www.calhr.ca.gov,,08/06/2024,,,True,
2023,State Department,"Aging, Department of",,Staff Services Manager I,False,False,,81120,100776,,71923,0,0,2120,74043,27731,0,0,23377,51108,Public Employees Retirement System,https://www.calhr.ca.gov,,08/06/2024,,,True,
2023,State Department,"Aging, Department of",,"Associate Management Auditor, Range A",False,False,,75168,98856,,71333,38,0,2420,73791,24171,0,0,16768,40939,Public Employees Retirement System,https://www.calhr.ca.gov,,08/06/2024,,,True,
2023,State Department,"Aging, Department of",,"Associate Governmental Program Analyst, Range A",False,False,,68208,85368,,72934,0,0,504,73438,23750,0,0,2923,26673,Public Employees Retirement System,https://www.calhr.ca.gov,,08/06/2024,,,True,
2023,State Department,"Aging, Department of",,"Associate Personnel Analyst, Range A",False,False,,68208,85368,,70359,0,0,2420,72779,23617,0,0,8571,32188,Public Employees Retirement System,https://www.calhr.ca.gov,,08/06/2024,,,True,
2023,State Department,"Aging, Department of",,"Associate Governmental Program Analyst, Range A",False,False,,68208,85368,,70155,0,0,2420,72575,25208,0,0,22767,47975,Public Employees Retirement System,https://www.calhr.ca.gov,,08/06/2024,,,True,
2023,State Department,"Aging, Department of",,"Associate Governmental Program Analyst, Range A",False,False,,68208,85368,,70065,70,0,2420,72555,24639,0,0,17567,42205,Public Employees Retirement System,https://www.calhr.ca.gov,,08/06/2024,,,True,
2023,State Department,"Aging, Department of",,Health Program Specialist I,False,False,,74916,93780,,70089,0,0,2420,72509,23951,0,0,8822,32773,Public Employees Retirement System,https://www.calhr.ca.gov,,08/06/2024,,,True,
2023,State Department,"Aging, Department of",,"Information Technology Associate, Range C",False,False,,67068,89892,,66965,0,0,5205,72170,23456,0,0,17151,40607,Public Employees Retirement System,https://www.calhr.ca.gov,,08/06/2024,,,True,
2023,State Department,"Aging, Department of",,Health Program Specialist I,False,False,,74916,93780,,71127,0,0,600,71727,23565,0,0,136,23701,Public Employees Retirement System,https://www.calhr.ca.gov,,08/06/2024,,,True,
2023,State Department,"Aging, Department of",,Health Program Specialist I,False,False,,74916,93780,,69172,0,0,2420,71592,23485,0,0,8637,32123,Public Employees Retirement System,https://www.calhr.ca.gov,,08/06/2024,,,True,
2023,State Department,"Aging, Department of",,"Associate Governmental Program Analyst, Range A",False,False,,68208,85368,,70014,947,0,600,71561,22814,0,0,2826,25641,Public Employees Retirement System,https://www.calhr.ca.gov,,08/06/2024,,,True,
2023,State Department,"Aging, Department of",,Staff Services Manager I,False,False,,81120,100776,,69086,0,0,2420,71506,23448,0,0,8827,32275,Public Employees Retirement System,https://www.calhr.ca.gov,,08/06/2024,,,True,
2023,State Department,"Aging, Department of",,"Associate Governmental Program Analyst, Range A",False,False,,68208,85368,,68858,66,0,2420,71344,23464,0,0,8637,32102,Public Employees Retirement System,https://www.calhr.ca.gov,,08/06/2024,,,True,
2023,State Department,"Aging, Department of",,"Senior Accounting Officer (Specialist), Range A",False,False,,68208,85368,,63221,2875,0,5129,71225,22351,0,0,17581,39931,Public Employees Retirement System,https://www.calhr.ca.gov,,08/06/2024,,,True,
2023,State Department,"Aging, Department of",,"Associate Accounting Analyst, Range A",False,False,,71604,89688,,69836,737,0,550,71123,19744,0,0,136,19880,Public Employees Retirement System,https://www.calhr.ca.gov,,08/06/2024,,,True,
2023,State Department,"Aging, Department of",,"Associate Governmental Program Analyst, Range A",False,False,,68208,85368,,68528,40,0,2420,70988,24042,0,0,17151,41193,Public Employees Retirement System,https://www.calhr.ca.gov,,08/06/2024,,,True,
2023,State Department,"Aging, Department of",,"Senior Accounting Officer (Specialist), Range A",False,False,,68208,85368,,65320,408,0,5094,70821,23000,0,0,17581,40581,Public Employees Retirement System,https://www.calhr.ca.gov,,08/06/2024,,,True,
2023,State Department,"Aging, Department of",,"Associate Governmental Program Analyst, Range A",False,False,,68208,85368,,68337,0,0,2420,70757,23372,0,0,8822,32194,Public Employees Retirement System,https://www.calhr.ca.gov,,08/06/2024,,,True,
2023,State Department,"Aging, Department of",,"Associate Governmental Program Analyst, Range A",False,False,,68208,85368,,68211,0,0,2420,70631,23389,0,0,17581,40969,Public Employees Retirement System,https://www.calhr.ca.gov,,08/06/2024,,,True,
2023,State Department,"Aging, Department of",,"Associate Governmental Program Analyst, Range A",False,False,,68208,85368,,68483,0,0,2120,70603,24047,0,0,17567,41613,Public Employees Retirement System,https://www.calhr.ca.gov,,08/06/2024,,,True,
2023,State Department,"Aging, Department of",,"Associate Governmental Program Analyst, Range A",False,False,,68208,85368,,68025,40,0,2520,70585,26202,0,0,22698,48900,Public Employees Retirement System,https://www.calhr.ca.gov,,08/06/2024,,,True,
2023,State Department,"Aging, Department of",,"Associate Governmental Program Analyst, Range A",False,False,,68208,85368,,69964,0,0,600,70564,22623,0,0,1816,24439,Public Employees Retirement System,https://www.calhr.ca.gov,,08/06/2024,,,True,
2023,State Department,"Aging, Department of",,"Associate Governmental Program Analyst, Range A",False,False,,68208,85368,,67923,0,0,2220,70143,23226,0,0,8861,32088,Public Employees Retirement System,https://www.calhr.ca.gov,,08/06/2024,,,True,
2023,State Department,"Aging, Department of",,"Associate Governmental Program Analyst, Range A",False,False,,68208,85368,,67461,0,0,2372,69833,22351,0,0,136,22487,Public Employees Retirement System,https://www.calhr.ca.gov,,08/06/2024,,,True,
2023,State Department,"Aging, Department of",,"Associate Governmental Program Analyst, Range A",False,False,,68208,85368,,66632,4,0,2420,69056,22725,0,0,8593,31318,Public Employees Retirement System,https://www.calhr.ca.gov,,08/06/2024,,,True,
2023,State Department,"Aging, Department of",,"Associate Governmental Program Analyst, Range A",False,False,,68208,85368,,66387,0,0,2420,68807,23951,0,0,22698,46650,Public Employees Retirement System,https://www.calhr.ca.gov,,08/06/2024,,,True,
2023,State Department,"Aging, Department of",,"Associate Governmental Program Analyst, Range A",False,False,,68208,85368,,66432,950,0,1020,68401,21546,0,0,1956,23502,Public Employees Retirement System,https://www.calhr.ca.gov,,08/06/2024,,,True,
2023,State Department,"Aging, Department of",,"Associate Governmental Program Analyst, Range A",False,False,,68208,85368,,68260,0,0,37,68296,22351,0,0,3499,25850,Public Employees Retirement System,https://www.calhr.ca.gov,,08/06/2024,,,True,
2023,State Department,"Aging, Department of",,"Associate Governmental Program Analyst, Range A",False,False,,68208,85368,,65762,0,0,2420,68182,22809,0,0,21902,44711,Public Employees Retirement System,https://www.calhr.ca.gov,,08/06/2024,,,True,
2023,State Department,"Aging, Department of",,"Senior Accounting Officer (Specialist), Range A",False,False,,68208,85368,,66966,0,0,512,67478,21665,0,0,1798,23463,Public Employees Retirement System,https://www.calhr.ca.gov,,08/06/2024,,,True,
2023,State Department,"Aging, Department of",,"Associate Governmental Program Analyst, Range A",False,False,,68208,85368,,65046,0,0,2420,67466,22814,0,0,17220,40034,Public Employees Retirement System,https://www.calhr.ca.gov,,08/06/2024,,,True,
2023,State Department,"Aging, Department of",,"Senior Personnel Specialist, Range A",False,False,,64056,80268,,62549,0,0,4870,67419,21363,0,0,8637,30000,Public Employees Retirement System,https://www.calhr.ca.gov,,08/06/2024,,,True,
2023,State Department,"Aging, Department of",,"Associate Governmental Program Analyst, Range A",False,False,,68208,85368,,66561,0,0,600,67161,22086,0,0,369,22455,Public Employees Retirement System,https://www.calhr.ca.gov,,08/06/2024,,,True,
2023,State Department,"Aging, Department of",,Staff Services Manager II (Supervisory),False,False,,89040,110628,,64495,0,0,2621,67115,25629,0,0,22710,48338,Public Employees Retirement System,https://www.calhr.ca.gov,,08/06/2024,,,True,
2023,State Department,"Aging, Department of",,"Associate Personnel Analyst, Range A",False,False,,68208,85368,,62031,2430,0,2345,66805,20088,0,0,17567,37655,Public Employees Retirement System,https://www.calhr.ca.gov,,08/06/2024,,,True,
2023,State Department,"Aging, Department of",,"Associate Governmental Program Analyst, Range A",False,False,,68208,85368,,62703,1447,0,2301,66450,21455,0,0,8772,30227,Public Employees Retirement System,https://www.calhr.ca.gov,,08/06/2024,,,True,
2023,State Department,"Aging, Department of",,"Staff Services Analyst, Range C",False,False,,56712,70992,,63083,0,0,2519,65602,22332,0,0,17329,39662,Public Employees Retirement System,https://www.calhr.ca.gov,,08/06/2024,,,True,
2023,State Department,"Aging, Department of",,"Associate Governmental Program Analyst, Range A",False,False,,68208,85368,,63068,0,0,2420,65488,21546,0,0,8675,30220,Public Employees Retirement System,https://www.calhr.ca.gov,,08/06/2024,,,True,
2023,State Department,"Aging, Department of",,"Associate Governmental Program Analyst, Range A",False,False,,68208,85368,,64792,0,0,600,65392,20909,0,0,1816,22725,Public Employees Retirement System,https://www.calhr.ca.gov,,08/06/2024,,,True,
2023,State Department,"Aging, Department of",,Health Program Specialist I,False,False,,74916,93780,,59171,0,3924,2020,65115,20860,0,0,6617,27476,Public Employees Retirement System,https://www.calhr.ca.gov,,08/06/2024,,,True,
2023,State Department,"Aging, Department of",,Staff Services Manager I,False,False,,81120,100776,,61365,0,0,3590,64955,22086,0,0,21923,44009,Public Employees Retirement System,https://www.calhr.ca.gov,,08/06/2024,,,True,
2023,State Department,"Aging, Department of",,"Associate Governmental Program Analyst, Range A",False,False,,68208,85368,,62440,0,0,2420,64860,21372,0,0,8637,30009,Public Employees Retirement System,https://www.calhr.ca.gov,,08/06/2024,,,True,
2023,State Department,"Aging, Department of",,"Associate Governmental Program Analyst, Range A",False,False,,68208,85368,,62393,0,0,1945,64338,21455,0,0,8579,30033,Public Employees Retirement System,https://www.calhr.ca.gov,,08/06/2024,,,True,
2023,State Department,"Aging, Department of",,"Associate Governmental Program Analyst, Range A",False,False,,68208,85368,,61263,0,0,3073,64336,21871,0,0,21544,43415,Public Employees Retirement System,https://www.calhr.ca.gov,,08/06/2024,,,True,
2023,State Department,"Aging, Department of",,"Associate Governmental Program Analyst, Range A",False,False,,68208,85368,,61315,0,0,2560,63875,20609,0,0,5534,26142,Public Employees Retirement System,https://www.calhr.ca.gov,,08/06/2024,,,True,
2023,State Department,"Aging, Department of",,"Associate Governmental Program Analyst, Range A",False,False,,68208,85368,,61136,0,0,2420,63556,20860,0,0,17212,38072,Public Employees Retirement System,https://www.calhr.ca.gov,,08/06/2024,,,True,
2023,State Department,"Aging, Department of",,Staff Services Manager I,False,False,,81120,100776,,55651,0,6624,373,62648,18263,0,0,79,18342,Public Employees Retirement System,https://www.calhr.ca.gov,,08/06/2024,,,True,
2023,State Department,"Aging, Department of",,"Accounting Officer (Specialist), Range A",False,False,,59568,74556,,58903,0,0,3241,62144,20529,0,0,22767,43296,Public Employees Retirement System,https://www.calhr.ca.gov,,08/06/2024,,,True,
2023,State Department,"Aging, Department of",,"Associate Governmental Program Analyst, Range A",False,False,,68208,85368,,60034,0,0,1996,62031,20492,0,0,8581,29073,Public Employees Retirement System,https://www.calhr.ca.gov,,08/06/2024,,,True,
2023,State Department,"Aging, Department of",,"Associate Governmental Program Analyst, Range A",False,False,,68208,85368,,57018,0,0,4746,61764,20506,0,0,22074,42579,Public Employees Retirement System,https://www.calhr.ca.gov,,08/06/2024,,,True,
2023,State Department,"Aging, Department of",,"Legal Analyst, Range A",False,False,,62544,78288,,57211,0,0,2420,59631,19860,0,0,22767,42627,Public Employees Retirement System,https://www.calhr.ca.gov,,08/06/2024,,,True,
2023,State Department,"Aging, Department of",,"C.E.A., Range B",False,False,,117060,241728,,57863,0,0,225,58088,19255,0,0,2357,21613,Public Employees Retirement System,https://www.calhr.ca.gov,,08/06/2024,,,True,
2023,State Department,"Aging, Department of",,"Information Technology Associate, Range B",False,False,,61356,82224,,56701,0,0,400,57101,18785,0,0,136,18921,Public Employees Retirement System,https://www.calhr.ca.gov,,08/06/2024,,,True,
2023,State Department,"Aging, Department of",,"Staff Services Analyst, Range C",False,False,,56712,70992,,51696,389,0,4538,56622,18065,0,0,8861,26927,Public Employees Retirement System,https://www.calhr.ca.gov,,08/06/2024,,,True,
2023,State Department,"Aging, Department of",,"Office Technician (Typing), Range A",False,False,,43308,54216,,53341,0,0,2420,55761,18369,0,0,8861,27230,Public Employees Retirement System,https://www.calhr.ca.gov,,08/06/2024,,,True,
2023,State Department,"Aging, Department of",,"Staff Services Analyst, Range C",False,False,,56712,70992,,51878,0,0,2420,54298,17839,0,0,8404,26243,Public Employees Retirement System,https://www.calhr.ca.gov,,08/06/2024,,,True,
2023,State Department,"Aging, Department of",,"Staff Services Analyst, Range C",False,False,,56712,70992,,48847,0,0,4566,53413,18148,0,0,22767,40915,Public Employees Retirement System,https://www.calhr.ca.gov,,08/06/2024,,,True,
2023,State Department,"Aging, Department of",,"Accounting Officer (Specialist), Range A",False,False,,59568,74556,,50415,0,0,2395,52810,17403,0,0,8861,26265,Public Employees Retirement System,https://www.calhr.ca.gov,,08/06/2024,,,True,
2023,State Department,"Aging, Department of",,"Information Technology Associate, Range A",False,False,,55812,74808,,50160,0,0,2370,52530,18291,0,0,21688,39978,Public Employees Retirement System,https://www.calhr.ca.gov,,08/06/2024,,,True,
2023,State Department,"Aging, Department of",,"Associate Governmental Program Analyst, Range A",False,False,,68208,85368,,50113,0,0,2320,52433,18034,0,0,21923,39957,Public Employees Retirement System,https://www.calhr.ca.gov,,08/06/2024,,,True,
2023,State Department,"Aging, Department of",,Health Program Specialist II,False,False,,82296,103008,,50698,0,0,756,51454,17168,0,0,5747,22915,Public Employees Retirement System,https://www.calhr.ca.gov,,08/06/2024,,,True,
2023,State Department,"Aging, Department of",,"Associate Management Auditor, Range A",False,False,,75168,98856,,50867,0,0,540,51407,16751,0,0,499,17250,Public Employees Retirement System,https://www.calhr.ca.gov,,08/06/2024,,,True,
2023,State Department,"Aging, Department of",,"Staff Services Analyst, Range C",False,False,,56712,70992,,48828,0,0,2420,51248,17665,0,0,17922,35587,Public Employees Retirement System,https://www.calhr.ca.gov,,08/06/2024,,,True,
2023,State Department,"Aging, Department of",,"Staff Services Analyst, Range C",False,False,,56712,70992,,50278,0,0,600,50878,16656,0,0,136,16792,Public Employees Retirement System,https://www.calhr.ca.gov,,08/06/2024,,,True,
2023,State Department,"Aging, Department of",,"Office Technician (Typing), Range A",False,False,,43308,54216,,48214,0,0,2420,50634,16675,0,0,8861,25536,Public Employees Retirement System,https://www.calhr.ca.gov,,08/06/2024,,,True,
2023,State Department,"Aging, Department of",,"Accountant Trainee, Range A",False,False,,50244,59904,,47658,0,0,2420,50078,16072,0,0,8593,24666,Public Employees Retirement System,https://www.calhr.ca.gov,,08/06/2024,,,True,
2023,State Department,"Aging, Department of",,"Executive Assistant, Range A",False,False,,53532,66996,,47542,0,0,2470,50012,17109,0,0,17567,34675,Public Employees Retirement System,https://www.calhr.ca.gov,,08/06/2024,,,True,
2023,State Department,"Aging, Department of",,"Personnel Specialist, Range B",False,False,,52392,65688,,44852,0,0,4820,49672,16581,0,0,21544,38125,Public Employees Retirement System,https://www.calhr.ca.gov,,08/06/2024,,,True,
2023,State Department,"Aging, Department of",,"Staff Services Analyst, Range C",False,False,,56712,70992,,47098,0,0,2370,49468,17414,0,0,22356,39771,Public Employees Retirement System,https://www.calhr.ca.gov,,08/06/2024,,,True,
2023,State Department,"Aging, Department of",,Health Program Specialist I,False,False,,74916,93780,,48084,0,0,1077,49161,16329,0,0,6467,22796,Public Employees Retirement System,https://www.calhr.ca.gov,,08/06/2024,,,True,
2023,State Department,"Aging, Department of",,Staff Services Manager I,False,False,,81120,100776,,47302,0,0,840,48142,15621,0,0,12133,27754,Public Employees Retirement System,https://www.calhr.ca.gov,,08/06/2024,,,True,
2023,State Department,"Aging, Department of",,"Associate Accounting Analyst, Range A",False,False,,71604,89688,,44722,691,0,2273,47686,16508,0,0,21545,38053,Public Employees Retirement System,https://www.calhr.ca.gov,,08/06/2024,,,True,
2023,State Department,"Aging, Department of",,"Office Technician (Typing), Range A",False,False,,43308,54216,,45119,0,0,2420,47539,15558,0,0,8593,24152,Public Employees Retirement System,https://www.calhr.ca.gov,,08/06/2024,,,True,
2023,State Department,"Aging, Department of",,Staff Services Manager II (Managerial),False,False,,98580,111972,,47267,0,0,223,47490,15696,0,0,11688,27385,Public Employees Retirement System,https://www.calhr.ca.gov,,08/06/2024,,,True,
2023,State Department,"Aging, Department of",,"C.E.A., Range B",False,False,,117060,241728,,37515,0,8386,1190,47091,9417,0,0,7792,17209,Public Employees Retirement System,https://www.calhr.ca.gov,,08/06/2024,,,True,
2023,State Department,"Aging, Department of",,"Office Technician (Typing), Range A",False,False,,43308,54216,,44471,0,0,2420,46891,16696,0,0,22767,39463,Public Employees Retirement System,https://www.calhr.ca.gov,,08/06/2024,,,True,
2023,State Department,"Aging, Department of",,"Associate Governmental Program Analyst, Range A",False,False,,68208,85368,,45480,0,0,962,46442,15117,0,0,826,15943,Public Employees Retirement System,https://www.calhr.ca.gov,,08/06/2024,,,True,
2023,State Department,"Aging, Department of",,"Staff Services Analyst, Range A",False,False,,43680,54732,,43985,0,0,2220,46205,14659,0,0,22767,37426,Public Employees Retirement System,https://www.calhr.ca.gov,,08/06/2024,,,True,
2023,State Department,"Aging, Department of",,"Associate Personnel Analyst, Range A",False,False,,68208,85368,,45776,0,0,310,46086,0,0,0,1,1,,https://www.calhr.ca.gov,,08/06/2024,,,True,
2023,State Department,"Aging, Department of",,"Office Technician (Typing), Range A",False,False,,43308,54216,,45480,0,0,600,46080,15068,0,0,136,15203,Public Employees Retirement System,https://www.calhr.ca.gov,,08/06/2024,,,True,
2023,State Department,"Aging, Department of",,Staff Services Manager I,False,False,,81120,100776,,45172,0,0,0,45172,0,0,0,0,0,,https://www.calhr.ca.gov,,08/06/2024,,,True,
2023,State Department,"Aging, Department of",,Health Facilities Evaluator Nurse,False,False,,84048,110364,,42264,0,0,2420,44684,14698,0,0,8857,23555,Public Employees Retirement System,https://www.calhr.ca.gov,,08/06/2024,,,True,
2023,State Department,"Aging, Department of",,"Personnel Technician I, Range B",False,False,,45432,56916,,40011,87,0,3362,43460,14559,0,0,16957,31517,Public Employees Retirement System,https://www.calhr.ca.gov,,08/06/2024,,,True,
2023,State Department,"Aging, Department of",,"Office Technician (Typing), Range A",False,False,,43308,54216,,40730,0,0,1900,42630,13878,0,0,7802,21679,Public Employees Retirement System,https://www.calhr.ca.gov,,08/06/2024,,,True,
2023,State Department,"Aging, Department of",,"Office Technician (Typing), Range A",False,False,,43308,54216,,39393,0,0,2620,42013,14973,0,0,22767,37740,Public Employees Retirement System,https://www.calhr.ca.gov,,08/06/2024,,,True,
2023,State Department,"Aging, Department of",,"Office Technician (Typing), Range A",False,False,,43308,54216,,39762,0,0,1870,41632,13824,0,0,8637,22461,Public Employees Retirement System,https://www.calhr.ca.gov,,08/06/2024,,,True,
2023,State Department,"Aging, Department of",,"Office Technician (Typing), Range A",False,False,,43308,54216,,38218,225,0,2420,40863,13932,0,0,16768,30699,Public Employees Retirement System,https://www.calhr.ca.gov,,08/06/2024,,,True,
2023,State Department,"Aging, Department of",,"Associate Personnel Analyst, Range A",False,False,,68208,85368,,40088,0,0,630,40718,13273,0,0,359,13632,Public Employees Retirement System,https://www.calhr.ca.gov,,08/06/2024,,,True,
2023,State Department,"Aging, Department of",,"Personnel Technician I, Range B",False,False,,45432,56916,,36856,0,3272,450,40578,12220,0,0,125,12344,Public Employees Retirement System,https://www.calhr.ca.gov,,08/06/2024,,,True,
2023,State Department,"Aging, Department of",,Staff Services Manager I,False,False,,81120,100776,,27127,0,12289,1090,40506,9050,0,0,3132,12182,Public Employees Retirement System,https://www.calhr.ca.gov,,08/06/2024,,,True,
2023,State Department,"Aging, Department of",,"Staff Services Analyst, Range C",False,False,,56712,70992,,37327,0,0,1960,39287,13677,0,0,17567,31244,Public Employees Retirement System,https://www.calhr.ca.gov,,08/06/2024,,,True,
2023,State Department,"Aging, Department of",,"Associate Governmental Program Analyst, Range A",False,False,,68208,85368,,38508,0,0,756,39264,13130,0,0,5727,18858,Public Employees Retirement System,https://www.calhr.ca.gov,,08/06/2024,,,True,
2023,State Department,"Aging, Department of",,"Office Technician (Typing), Range A",False,False,,43308,54216,,35515,0,0,2420,37935,12416,0,0,8593,21009,Public Employees Retirement System,https://www.calhr.ca.gov,,08/06/2024,,,True,
2023,State Department,"Aging, Department of",,"Office Technician (Typing), Range A",False,False,,43308,54216,,34859,0,0,2420,37279,13379,0,0,22116,35494,Public Employees Retirement System,https://www.calhr.ca.gov,,08/06/2024,,,True,
2023,State Department,"Aging, Department of",,"Senior Personnel Specialist, Range A",False,False,,64056,80268,,35568,0,0,0,35568,0,0,0,0,0,,https://www.calhr.ca.gov,,08/06/2024,,,True,
2023,State Department,"Aging, Department of",,"Information Technology Associate, Range D",False,False,,73764,98856,,34777,0,0,0,34777,0,0,0,0,0,,https://www.calhr.ca.gov,,08/06/2024,,,True,
2023,State Department,"Aging, Department of",,"Information Technology Associate, Range D",False,False,,73764,98856,,34186,0,0,0,34186,0,0,0,0,0,,https://www.calhr.ca.gov,,08/06/2024,,,True,
2023,State Department,"Aging, Department of",,"Associate Governmental Program Analyst, Range A",False,False,,68208,85368,,34125,0,0,0,34125,0,0,0,0,0,,https://www.calhr.ca.gov,,08/06/2024,,,True,
2023,State Department,"Aging, Department of",,"Accountant Trainee, Range A",False,False,,50244,59904,,31464,0,0,600,32064,6664,0,0,0,6664,Public Employees Retirement System,https://www.calhr.ca.gov,,08/06/2024,,,True,
2023,State Department,"Aging, Department of",,"Nurse Evaluator II, Health Services",False,False,,84048,110364,,31332,0,0,0,31332,0,0,0,0,0,,https://www.calhr.ca.gov,,08/06/2024,,,True,
2023,State Department,"Aging, Department of",,"Information Officer I (Specialist), Range A",False,False,,68208,85368,,30801,0,0,0,30801,0,0,0,0,0,,https://www.calhr.ca.gov,,08/06/2024,,,True,
2023,State Department,"Aging, Department of",,"Associate Governmental Program Analyst, Range A",False,False,,68208,85368,,24674,0,2873,1500,29047,8741,0,0,7325,16066,Public Employees Retirement System,https://www.calhr.ca.gov,,08/06/2024,,,True,
2023,State Department,"Aging, Department of",,"Staff Services Analyst, Range C",False,False,,56712,70992,,28820,0,0,0,28820,0,0,0,0,0,,https://www.calhr.ca.gov,,08/06/2024,,,True,
2023,State Department,"Aging, Department of",,"Associate Governmental Program Analyst, Range A",False,False,,68208,85368,,25255,0,1810,1550,28615,8829,0,0,3502,12330,Public Employees Retirement System,https://www.calhr.ca.gov,,08/06/2024,,,True,
2023,State Department,"Aging, Department of",,"Associate Governmental Program Analyst, Range A",False,False,,68208,85368,,28062,0,0,440,28502,9125,0,0,757,9881,Public Employees Retirement System,https://www.calhr.ca.gov,,08/06/2024,,,True,
2023,State Department,"Aging, Department of",,Staff Services Manager II (Supervisory),False,False,,89040,110628,,28350,0,0,0,28350,0,0,0,0,0,,https://www.calhr.ca.gov,,08/06/2024,,,True,
2023,State Department,"Aging, Department of",,"Associate Governmental Program Analyst, Range A",False,False,,68208,85368,,27310,0,0,-120,27190,9737,0,0,4307,14044,Public Employees Retirement System,https://www.calhr.ca.gov,,08/06/2024,,,True,
2023,State Department,"Aging, Department of",,Health Program Specialist I,False,False,,74916,93780,,25302,0,0,56,25358,8627,0,0,9186,17813,Public Employees Retirement System,https://www.calhr.ca.gov,,08/06/2024,,,True,
2023,State Department,"Aging, Department of",,"Senior Personnel Specialist, Range A",False,False,,64056,80268,,24312,0,0,0,24312,0,0,0,0,0,,https://www.calhr.ca.gov,,08/06/2024,,,True,
2023,State Department,"Aging, Department of",,"Student Assistant, Range D",False,False,,43860,48276,,21602,0,0,600,22202,3433,0,0,0,3433,Public Employees Retirement System,https://www.calhr.ca.gov,,08/06/2024,,,True,
2023,State Department,"Aging, Department of",,"Associate Governmental Program Analyst, Range A",False,False,,68208,85368,,21738,0,0,250,21988,7358,0,0,2168,9526,Public Employees Retirement System,https://www.calhr.ca.gov,,08/06/2024,,,True,
2023,State Department,"Aging, Department of",,"Executive Assistant, Range L",False,False,,55128,69012,,5511,0,15810,310,21630,1914,0,0,1565,3480,Public Employees Retirement System,https://www.calhr.ca.gov,,08/06/2024,,,True,
2023,State Department,"Aging, Department of",,"Associate Management Auditor, Range A",False,False,,75168,98856,,20737,0,0,0,20737,0,0,0,0,0,,https://www.calhr.ca.gov,,08/06/2024,,,True,
2023,State Department,"Aging, Department of",,"Nurse Evaluator II, Health Services",False,False,,84048,110364,,16626,0,1643,658,18927,5921,0,0,5673,11593,Public Employees Retirement System,https://www.calhr.ca.gov,,08/06/2024,,,True,
2023,State Department,"Aging, Department of",,"Information Officer I (Specialist), Range A",False,False,,68208,85368,,13378,0,0,150,13528,4417,0,0,23,4440,Public Employees Retirement System,https://www.calhr.ca.gov,,08/06/2024,,,True,
2023,State Department,"Aging, Department of",,"Information Officer I (Specialist), Range A",False,False,,68208,85368,,13152,0,0,0,13152,0,0,0,0,0,,https://www.calhr.ca.gov,,08/06/2024,,,True,
2023,State Department,"Aging, Department of",,Health Program Specialist I,False,False,,74916,93780,,12111,0,0,100,12211,3996,0,0,23,4018,Public Employees Retirement System,https://www.calhr.ca.gov,,08/06/2024,,,True,
2023,State Department,"Aging, Department of",,"Associate Governmental Program Analyst, Range A",False,False,,68208,85368,,7935,0,3480,570,11985,2970,0,0,3678,6648,Public Employees Retirement System,https://www.calhr.ca.gov,,08/06/2024,,,True,
2023,State Department,"Aging, Department of",,"Student Assistant, Range A",False,False,,35820,39372,,11063,0,0,400,11463,0,0,0,0,0,Part-Time Seasonal and Temporary (PST) Retirement Plan,https://www.calhr.ca.gov,,08/06/2024,,,True,
2023,State Department,"Aging, Department of",,Staff Services Manager II (Supervisory),False,False,,89040,110628,,11409,0,0,0,11409,0,0,0,0,0,,https://www.calhr.ca.gov,,08/06/2024,,,True,
2023,State Department,"Aging, Department of",,"Associate Governmental Program Analyst, Range A",False,False,,68208,85368,,10835,0,0,0,10835,0,0,0,0,0,,https://www.calhr.ca.gov,,08/06/2024,,,True,
2023,State Department,"Aging, Department of",,"Nurse Evaluator II, Health Services",False,False,,84048,110364,,10155,0,0,0,10155,0,0,0,0,0,,https://www.calhr.ca.gov,,08/06/2024,,,True,
2023,State Department,"Aging, Department of",,"Student Assistant, Range B",False,False,,38328,42132,,4666,0,0,5294,9960,0,0,0,0,0,Part-Time Seasonal and Temporary (PST) Retirement Plan,https://www.calhr.ca.gov,,08/06/2024,,,True,
2023,State Department,"Aging, Department of",,"Student Assistant, Range A",False,False,,35820,39372,,8442,0,0,300,8742,0,0,0,0,0,Part-Time Seasonal and Temporary (PST) Retirement Plan,https://www.calhr.ca.gov,,08/06/2024,,,True,
2023,State Department,"Aging, Department of",,"Associate Governmental Program Analyst, Range A",False,False,,68208,85368,,8270,0,0,0,8270,0,0,0,0,0,,https://www.calhr.ca.gov,,08/06/2024,,,True,
2023,State Department,"Aging, Department of",,"Associate Governmental Program Analyst, Range A",False,False,,68208,85368,,8249,0,0,0,8249,0,0,0,0,0,,https://www.calhr.ca.gov,,08/06/2024,,,True,
2023,State Department,"Aging, Department of",,"Student Assistant, Range A",False,False,,35820,39372,,7207,0,0,150,7357,0,0,0,0,0,Part-Time Seasonal and Temporary (PST) Retirement Plan,https://www.calhr.ca.gov,,08/06/2024,,,True,
2023,State Department,"Aging, Department of",,"Associate Governmental Program Analyst, Range A",False,False,,68208,85368,,6514,0,0,0,6514,0,0,0,0,0,,https://www.calhr.ca.gov,,08/06/2024,,,True,
2023,State Department,"Aging, Department of",,"Office Technician (Typing), Range A",False,False,,43308,54216,,6047,0,0,-64,5983,1995,0,0,700,2695,Public Employees Retirement System,https://www.calhr.ca.gov,,08/06/2024,,,True,
2023,State Department,"Aging, Department of",,"Associate Governmental Program Analyst, Range A",False,False,,68208,85368,,5102,0,219,620,5941,1806,0,0,1431,3237,Public Employees Retirement System,https://www.calhr.ca.gov,,08/06/2024,,,True,
2023,State Department,"Aging, Department of",,Health Program Specialist I,False,False,,74916,93780,,3854,0,0,190,4044,1271,0,0,140,1411,Public Employees Retirement System,https://www.calhr.ca.gov,,08/06/2024,,,True,
2023,State Department,"Aging, Department of",,Health Program Specialist I,False,False,,74916,93780,,3854,0,0,-165,3689,1271,0,0,689,1960,Public Employees Retirement System,https://www.calhr.ca.gov,,08/06/2024,,,True,
2023,State Department,"Aging, Department of",,"Associate Governmental Program Analyst, Range A",False,False,,68208,85368,,2369,0,0,0,2369,785,0,0,11,797,Public Employees Retirement System,https://www.calhr.ca.gov,,08/06/2024,,,True,
2023,State Department,"Aging, Department of",,"Associate Management Auditor, Range A",False,False,,75168,98856,,1105,0,0,50,1155,364,0,0,0,364,Public Employees Retirement System,https://www.calhr.ca.gov,,08/06/2024,,,True,
2023,State Department,"Aging, Department of",,"Associate Governmental Program Analyst, Range A",False,False,,68208,85368,,759,0,0,0,759,0,0,0,0,0,,https://www.calhr.ca.gov,,08/06/2024,,,True,
2023,State Department,"Aging, Department of",,Staff Services Manager I,False,False,,81120,100776,,0,0,0,360,360,0,0,0,0,0,Public Employees Retirement System,https://www.calhr.ca.gov,,08/06/2024,,,True,
2023,State Department,"Aging, Department of",,"Associate Accounting Analyst, Range A",False,False,,71604,89688,,101,0,0,0,101,30,0,0,0,30,Public Employees Retirement System,https://www.calhr.ca.gov,,08/06/2024,,,True,
2023,State Department,"Aging, Department of",,Aging Programs Analyst II,False,False,,65640,86160,,0,0,0,50,50,-342,0,0,0,-342,Public Employees Retirement System,https://www.calhr.ca.gov,,08/06/2024,,,True,

