﻿Year,EmployerType,EmployerName,DepartmentOrSubdivision,Position,ElectedOfficial,Judicial,OtherPositions,MinPositionSalary,MaxPositionSalary,ReportedBaseWage,RegularPay,OvertimePay,LumpSumPay,OtherPay,TotalWages,DefinedBenefitPlanContribution,EmployeesRetirementCostCovered,DeferredCompensationPlan,HealthDentalVision,TotalRetirementAndHealthContribution,PensionFormula,EmployerURL,EmployerPopulation,LastUpdatedDate,EmployerCounty,SpecialDistrictActivities,IncludesUnfundedLiability,SpecialDistrictType
2023,State Department,Coachella Valley Mountains Conservancy,,"Executive Director, Coachella Valley Mountains Conservancy",False,False,,127500,142008,,129688,0,0,2620,132308,42982,0,0,9397,52379,Public Employees Retirement System,https://www.calhr.ca.gov,,08/06/2024,,,True,
2023,State Department,Coachella Valley Mountains Conservancy,,Staff Services Manager I,False,False,,81120,100776,,82650,0,0,2270,84920,28197,0,0,23320,51517,Public Employees Retirement System,https://www.calhr.ca.gov,,08/06/2024,,,True,
2023,State Department,Coachella Valley Mountains Conservancy,,"Staff Services Analyst, Range C",False,False,,56712,70992,,62080,0,0,350,62430,20011,0,0,1816,21827,Public Employees Retirement System,https://www.calhr.ca.gov,,08/06/2024,,,True,
2023,State Department,Coachella Valley Mountains Conservancy,,"Associate Governmental Program Analyst, Range A",False,False,,68208,85368,,38015,0,4278,1490,43783,12960,0,0,4443,17403,Public Employees Retirement System,https://www.calhr.ca.gov,,08/06/2024,,,True,
2023,State Department,Coachella Valley Mountains Conservancy,,"Associate Governmental Program Analyst, Range A",False,False,,68208,85368,,15433,0,0,-164,15269,5209,0,0,2129,7337,Public Employees Retirement System,https://www.calhr.ca.gov,,08/06/2024,,,True,
2023,State Department,Coachella Valley Mountains Conservancy,,"Board Member, Coachella Valley Mountains Conservancy",False,False,,19440,19440,,300,0,0,0,300,0,0,0,0,0,,https://www.calhr.ca.gov,,08/06/2024,,,True,
2023,State Department,Coachella Valley Mountains Conservancy,,"Board Member, Coachella Valley Mountains Conservancy",False,False,,19440,19440,,225,0,0,0,225,0,0,0,0,0,,https://www.calhr.ca.gov,,08/06/2024,,,True,
2023,State Department,Coachella Valley Mountains Conservancy,,"Board Member, Coachella Valley Mountains Conservancy",False,False,,19440,19440,,75,0,0,0,75,24,0,0,0,24,Public Employees Retirement System,https://www.calhr.ca.gov,,08/06/2024,,,True,

