﻿Year,EmployerType,EmployerName,DepartmentOrSubdivision,Position,ElectedOfficial,Judicial,OtherPositions,MinPositionSalary,MaxPositionSalary,ReportedBaseWage,RegularPay,OvertimePay,LumpSumPay,OtherPay,TotalWages,DefinedBenefitPlanContribution,EmployeesRetirementCostCovered,DeferredCompensationPlan,HealthDentalVision,TotalRetirementAndHealthContribution,PensionFormula,EmployerURL,EmployerPopulation,LastUpdatedDate,EmployerCounty,SpecialDistrictActivities,IncludesUnfundedLiability,SpecialDistrictType
2023,State Department,Commission On California State Government Organization And Economy,,"Executive Director, Commission on California State Government Organization and Economy",False,False,,143340,167460,,147495,0,0,1970,149465,48342,0,0,23377,71719,Public Employees Retirement System,https://www.calhr.ca.gov,,08/06/2024,,,True,
2023,State Department,Commission On California State Government Organization And Economy,,"C.E.A., Range B",False,False,,117060,241728,,137581,0,0,1970,139551,48472,0,0,18217,66688,Public Employees Retirement System,https://www.calhr.ca.gov,,08/06/2024,,,True,
2023,State Department,Commission On California State Government Organization And Economy,,"Project Manager I, Little Hoover Commission, Range B",False,False,,82296,103008,,93195,0,0,6216,99411,32403,0,0,8822,41225,Public Employees Retirement System,https://www.calhr.ca.gov,,08/06/2024,,,True,
2023,State Department,Commission On California State Government Organization And Economy,,"Project Manager I, Little Hoover Commission, Range B",False,False,,82296,103008,,50981,0,26342,1910,79233,17335,0,0,5169,22504,Public Employees Retirement System,https://www.calhr.ca.gov,,08/06/2024,,,True,
2023,State Department,Commission On California State Government Organization And Economy,,"Associate Governmental Program Analyst, Range A",False,False,,68208,85368,,66602,0,0,2370,68972,22719,0,0,8822,31541,Public Employees Retirement System,https://www.calhr.ca.gov,,08/06/2024,,,True,
2023,State Department,Commission On California State Government Organization And Economy,,"Associate Governmental Program Analyst, Range A",False,False,,68208,85368,,65125,0,0,1015,66140,22118,0,0,7340,29458,Public Employees Retirement System,https://www.calhr.ca.gov,,08/06/2024,,,True,
2023,State Department,Commission On California State Government Organization And Economy,,"Associate Governmental Program Analyst, Range A",False,False,,68208,85368,,49016,0,0,1026,50042,16746,0,0,7186,23932,Public Employees Retirement System,https://www.calhr.ca.gov,,08/06/2024,,,True,
2023,State Department,Commission On California State Government Organization And Economy,,"Associate Governmental Program Analyst, Range A",False,False,,68208,85368,,6462,0,0,50,6512,2210,0,0,767,2977,Public Employees Retirement System,https://www.calhr.ca.gov,,08/06/2024,,,True,

