﻿Year,EmployerType,EmployerName,DepartmentOrSubdivision,Position,ElectedOfficial,Judicial,OtherPositions,MinPositionSalary,MaxPositionSalary,ReportedBaseWage,RegularPay,OvertimePay,LumpSumPay,OtherPay,TotalWages,DefinedBenefitPlanContribution,EmployeesRetirementCostCovered,DeferredCompensationPlan,HealthDentalVision,TotalRetirementAndHealthContribution,PensionFormula,EmployerURL,EmployerPopulation,LastUpdatedDate,EmployerCounty,SpecialDistrictActivities,IncludesUnfundedLiability,SpecialDistrictType
2023,State Department,"Teacher Credentialing, Commission on",,"C.E.A., Range B",False,False,,117060,241728,,206541,0,0,600,207141,67814,0,0,1996,69810,Public Employees Retirement System,https://www.calhr.ca.gov,,08/06/2024,,,True,
2023,State Department,"Teacher Credentialing, Commission on",,Executive Director,False,False,,170400,207300,,195979,0,0,2574,198553,65209,0,0,15277,80486,Public Employees Retirement System,https://www.calhr.ca.gov,,08/06/2024,,,True,
2023,State Department,"Teacher Credentialing, Commission on",,"C.E.A., Range B",False,False,,117060,241728,,150727,0,28219,2120,181066,51423,0,0,9397,60820,Public Employees Retirement System,https://www.calhr.ca.gov,,08/06/2024,,,True,
2023,State Department,"Teacher Credentialing, Commission on",,Chief Deputy Director,False,False,,162888,181428,,167232,0,0,2420,169652,56512,0,0,23377,79889,Public Employees Retirement System,https://www.calhr.ca.gov,,08/06/2024,,,True,
2023,State Department,"Teacher Credentialing, Commission on",,"C.E.A., Range A",False,False,,117060,241728,,151780,0,0,2120,153900,45979,0,0,23377,69356,Public Employees Retirement System,https://www.calhr.ca.gov,,08/06/2024,,,True,
2023,State Department,"Teacher Credentialing, Commission on",,"Attorney III, Range A",False,False,,126432,162312,,151391,0,0,300,151691,51030,0,0,22693,73723,Public Employees Retirement System,https://www.calhr.ca.gov,,08/06/2024,,,True,
2023,State Department,"Teacher Credentialing, Commission on",,"C.E.A., Range B",False,False,,117060,241728,,148986,0,0,1870,150856,45210,0,0,9397,54607,Public Employees Retirement System,https://www.calhr.ca.gov,,08/06/2024,,,True,
2023,State Department,"Teacher Credentialing, Commission on",,"Attorney, Assistant Chief Counsel",False,False,,169080,197796,,139667,0,0,9498,149165,46431,0,0,18217,64648,Public Employees Retirement System,https://www.calhr.ca.gov,,08/06/2024,,,True,
2023,State Department,"Teacher Credentialing, Commission on",,Information Technology Specialist III,False,False,,107532,144108,,135548,0,0,600,136148,44976,0,0,1385,46361,Public Employees Retirement System,https://www.calhr.ca.gov,,08/06/2024,,,True,
2023,State Department,"Teacher Credentialing, Commission on",,Information Technology Specialist III,False,False,,107532,144108,,131659,0,0,2370,134029,44976,0,0,23377,68353,Public Employees Retirement System,https://www.calhr.ca.gov,,08/06/2024,,,True,
2023,State Department,"Teacher Credentialing, Commission on",,Information Technology Manager I,False,False,,106188,142284,,130493,0,0,2120,132613,44283,0,0,23377,67660,Public Employees Retirement System,https://www.calhr.ca.gov,,08/06/2024,,,True,
2023,State Department,"Teacher Credentialing, Commission on",,"C.E.A., Range B",False,False,,117060,241728,,128172,0,0,600,128772,42465,0,0,1890,44355,Public Employees Retirement System,https://www.calhr.ca.gov,,08/06/2024,,,True,
2023,State Department,"Teacher Credentialing, Commission on",,Teacher Preparation Administrator I (Examinations and Research),False,False,,106632,133560,,125101,0,0,2420,127521,25077,0,0,9397,34474,State Teachers Retirement System,https://www.calhr.ca.gov,,08/06/2024,,,True,
2023,State Department,"Teacher Credentialing, Commission on",,Teacher Preparation Administrator I (Program Evaluation and Research),False,False,,106632,133560,,126707,0,0,600,127307,42013,0,0,770,42784,Public Employees Retirement System,https://www.calhr.ca.gov,,08/06/2024,,,True,
2023,State Department,"Teacher Credentialing, Commission on",,Teacher Preparation Administrator I (Program Evaluation and Research),False,False,,106632,133560,,122328,0,0,1294,123622,42013,0,0,10136,52149,Public Employees Retirement System,https://www.calhr.ca.gov,,08/06/2024,,,True,
2023,State Department,"Teacher Credentialing, Commission on",,Teacher Preparation Administrator I (Program Evaluation and Research),False,False,,106632,133560,,119768,0,0,2420,122188,42013,0,0,23377,65390,Public Employees Retirement System,https://www.calhr.ca.gov,,08/06/2024,,,True,
2023,State Department,"Teacher Credentialing, Commission on",,Teacher Preparation Administrator I (Program Evaluation and Research),False,False,,106632,133560,,121011,0,0,600,121611,40126,0,0,1385,41511,Public Employees Retirement System,https://www.calhr.ca.gov,,08/06/2024,,,True,
2023,State Department,"Teacher Credentialing, Commission on",,"Information Technology Specialist II, Range A",False,False,,97560,130716,,118936,0,0,2170,121106,40830,0,0,17567,58397,Public Employees Retirement System,https://www.calhr.ca.gov,,08/06/2024,,,True,
2023,State Department,"Teacher Credentialing, Commission on",,Information Technology Supervisor II,False,False,,96192,128892,,117257,0,0,2170,119427,40544,0,0,23377,63921,Public Employees Retirement System,https://www.calhr.ca.gov,,08/06/2024,,,True,
2023,State Department,"Teacher Credentialing, Commission on",,"Attorney III, Range A",False,False,,126432,162312,,118413,0,0,300,118713,39187,0,0,8857,48043,Public Employees Retirement System,https://www.calhr.ca.gov,,08/06/2024,,,True,
2023,State Department,"Teacher Credentialing, Commission on",,"Information Technology Specialist II, Range A",False,False,,97560,130716,,115419,0,0,2420,117839,38564,0,0,22074,60638,Public Employees Retirement System,https://www.calhr.ca.gov,,08/06/2024,,,True,
2023,State Department,"Teacher Credentialing, Commission on",,"Information Technology Specialist I, Range C",False,False,,88956,119184,,114840,0,0,350,115190,37492,0,0,1816,39307,Public Employees Retirement System,https://www.calhr.ca.gov,,08/06/2024,,,True,
2023,State Department,"Teacher Credentialing, Commission on",,"Consultant In Teacher Preparation (Program Evaluation and Research), Range A",False,False,,93168,116616,,109855,0,3909,532,114296,34795,0,0,1370,36165,Public Employees Retirement System,https://www.calhr.ca.gov,,08/06/2024,,,True,
2023,State Department,"Teacher Credentialing, Commission on",,"Consultant In Teacher Preparation (Program Evaluation and Research), Range A",False,False,,93168,116616,,112400,0,0,879,113279,36683,0,0,1816,38499,Public Employees Retirement System,https://www.calhr.ca.gov,,08/06/2024,,,True,
2023,State Department,"Teacher Credentialing, Commission on",,Staff Services Manager III,False,False,,108264,122916,,110415,0,0,2420,112835,37765,0,0,18217,55982,Public Employees Retirement System,https://www.calhr.ca.gov,,08/06/2024,,,True,
2023,State Department,"Teacher Credentialing, Commission on",,"Information Technology Specialist I, Range C",False,False,,88956,119184,,109201,0,0,2420,111621,37492,0,0,17567,55058,Public Employees Retirement System,https://www.calhr.ca.gov,,08/06/2024,,,True,
2023,State Department,"Teacher Credentialing, Commission on",,"Information Technology Specialist I, Range C",False,False,,88956,119184,,109061,0,0,2420,111481,37492,0,0,17567,55058,Public Employees Retirement System,https://www.calhr.ca.gov,,08/06/2024,,,True,
2023,State Department,"Teacher Credentialing, Commission on",,"Consultant In Teacher Preparation (Program Evaluation and Research), Range A",False,False,,93168,116616,,108646,0,0,2420,111066,36683,0,0,8822,45505,Public Employees Retirement System,https://www.calhr.ca.gov,,08/06/2024,,,True,
2023,State Department,"Teacher Credentialing, Commission on",,"Consultant In Teacher Preparation (Program Evaluation and Research), Range A",False,False,,93168,116616,,108636,0,0,2420,111056,36683,0,0,8822,45505,Public Employees Retirement System,https://www.calhr.ca.gov,,08/06/2024,,,True,
2023,State Department,"Teacher Credentialing, Commission on",,"Consultant In Teacher Preparation (Program Evaluation and Research), Range A",False,False,,93168,116616,,108661,0,0,2382,111043,21895,0,0,8881,30776,State Teachers Retirement System,https://www.calhr.ca.gov,,08/06/2024,,,True,
2023,State Department,"Teacher Credentialing, Commission on",,"Consultant In Teacher Preparation (Program Evaluation and Research), Range A",False,False,,93168,116616,,110431,0,0,504,110935,21895,0,0,1398,23294,State Teachers Retirement System,https://www.calhr.ca.gov,,08/06/2024,,,True,
2023,State Department,"Teacher Credentialing, Commission on",,"Consultant In Teacher Preparation (Program Evaluation and Research), Range A",False,False,,93168,116616,,108496,0,0,2420,110916,21895,0,0,17567,39462,State Teachers Retirement System,https://www.calhr.ca.gov,,08/06/2024,,,True,
2023,State Department,"Teacher Credentialing, Commission on",,"Associate Governmental Program Analyst, Range A",False,False,,68208,85368,,78936,0,30088,1820,110844,26854,0,0,8861,35716,Public Employees Retirement System,https://www.calhr.ca.gov,,08/06/2024,,,True,
2023,State Department,"Teacher Credentialing, Commission on",,"Attorney, Range B",False,False,,104496,134076,,110285,0,0,275,110560,37673,0,0,22693,60365,Public Employees Retirement System,https://www.calhr.ca.gov,,08/06/2024,,,True,
2023,State Department,"Teacher Credentialing, Commission on",,"Information Technology Specialist I, Range C",False,False,,88956,119184,,107964,0,0,2420,110384,37492,0,0,22074,59565,Public Employees Retirement System,https://www.calhr.ca.gov,,08/06/2024,,,True,
2023,State Department,"Teacher Credentialing, Commission on",,"Information Technology Specialist I, Range C",False,False,,88956,119184,,107871,0,0,2420,110291,37492,0,0,22767,60258,Public Employees Retirement System,https://www.calhr.ca.gov,,08/06/2024,,,True,
2023,State Department,"Teacher Credentialing, Commission on",,"Consultant In Teacher Preparation (Program Evaluation and Research), Range A",False,False,,93168,116616,,107840,0,0,2420,110260,36683,0,0,22698,59382,Public Employees Retirement System,https://www.calhr.ca.gov,,08/06/2024,,,True,
2023,State Department,"Teacher Credentialing, Commission on",,"Information Technology Specialist I, Range C",False,False,,88956,119184,,107578,0,0,2420,109998,37492,0,0,17922,55414,Public Employees Retirement System,https://www.calhr.ca.gov,,08/06/2024,,,True,
2023,State Department,"Teacher Credentialing, Commission on",,"Information Technology Specialist I, Range C",False,False,,88956,119184,,107252,0,0,2420,109672,37492,0,0,22698,60190,Public Employees Retirement System,https://www.calhr.ca.gov,,08/06/2024,,,True,
2023,State Department,"Teacher Credentialing, Commission on",,"Consultant In Teacher Preparation (Program Evaluation and Research), Range A",False,False,,93168,116616,,107129,0,0,2420,109549,36683,0,0,17151,53834,Public Employees Retirement System,https://www.calhr.ca.gov,,08/06/2024,,,True,
2023,State Department,"Teacher Credentialing, Commission on",,"Consultant In Teacher Preparation (Program Evaluation and Research), Range A",False,False,,93168,116616,,106901,0,0,2577,109478,36683,0,0,12586,49269,Public Employees Retirement System,https://www.calhr.ca.gov,,08/06/2024,,,True,
2023,State Department,"Teacher Credentialing, Commission on",,"Information Technology Specialist I, Range C",False,False,,88956,119184,,105983,0,0,2420,108403,37492,0,0,22698,60190,Public Employees Retirement System,https://www.calhr.ca.gov,,08/06/2024,,,True,
2023,State Department,"Teacher Credentialing, Commission on",,"Consultant In Teacher Preparation (Program Evaluation and Research), Range A",False,False,,93168,116616,,105454,0,0,2420,107874,21895,0,0,22698,44594,State Teachers Retirement System,https://www.calhr.ca.gov,,08/06/2024,,,True,
2023,State Department,"Teacher Credentialing, Commission on",,"Consultant In Teacher Preparation (Examinations and Research), Range A",False,False,,93168,116616,,104790,0,0,2420,107210,36683,0,0,22767,59450,Public Employees Retirement System,https://www.calhr.ca.gov,,08/06/2024,,,True,
2023,State Department,"Teacher Credentialing, Commission on",,"Consultant In Teacher Preparation (Program Evaluation and Research), Range A",False,False,,93168,116616,,103344,0,0,2420,105764,20855,0,0,8861,29717,State Teachers Retirement System,https://www.calhr.ca.gov,,08/06/2024,,,True,
2023,State Department,"Teacher Credentialing, Commission on",,Staff Services Manager II (Supervisory),False,False,,89040,110628,,103324,0,0,2420,105744,34798,0,0,9397,44195,Public Employees Retirement System,https://www.calhr.ca.gov,,08/06/2024,,,True,
2023,State Department,"Teacher Credentialing, Commission on",,"Information Technology Specialist I, Range C",False,False,,88956,119184,,103309,0,0,2420,105729,37492,0,0,17567,55058,Public Employees Retirement System,https://www.calhr.ca.gov,,08/06/2024,,,True,
2023,State Department,"Teacher Credentialing, Commission on",,"Consultant In Teacher Preparation (Program Evaluation and Research), Range A",False,False,,93168,116616,,91424,0,11311,2379,105114,30878,0,0,16116,46994,Public Employees Retirement System,https://www.calhr.ca.gov,,08/06/2024,,,True,
2023,State Department,"Teacher Credentialing, Commission on",,Staff Services Manager II (Supervisory),False,False,,89040,110628,,102527,0,0,2420,104947,34534,0,0,9397,43931,Public Employees Retirement System,https://www.calhr.ca.gov,,08/06/2024,,,True,
2023,State Department,"Teacher Credentialing, Commission on",,"Consultant In Teacher Preparation (Program Evaluation and Research), Range A",False,False,,93168,116616,,101735,0,0,2740,104475,34357,0,0,8593,42950,Public Employees Retirement System,https://www.calhr.ca.gov,,08/06/2024,,,True,
2023,State Department,"Teacher Credentialing, Commission on",,"Consultant In Teacher Preparation (Program Evaluation and Research), Range A",False,False,,93168,116616,,101809,0,0,2420,104229,35466,0,0,22698,58165,Public Employees Retirement System,https://www.calhr.ca.gov,,08/06/2024,,,True,
2023,State Department,"Teacher Credentialing, Commission on",,"Information Technology Specialist I, Range C",False,False,,88956,119184,,103272,0,0,600,103872,33946,0,0,2826,36772,Public Employees Retirement System,https://www.calhr.ca.gov,,08/06/2024,,,True,
2023,State Department,"Teacher Credentialing, Commission on",,Staff Services Manager II (Supervisory),False,False,,89040,110628,,101335,0,0,2420,103755,34798,0,0,18217,53015,Public Employees Retirement System,https://www.calhr.ca.gov,,08/06/2024,,,True,
2023,State Department,"Teacher Credentialing, Commission on",,"Information Technology Specialist II, Range A",False,False,,97560,130716,,101695,0,0,1820,103515,35429,0,0,22698,58127,Public Employees Retirement System,https://www.calhr.ca.gov,,08/06/2024,,,True,
2023,State Department,"Teacher Credentialing, Commission on",,Staff Services Manager III,False,False,,108264,122916,,101252,0,0,1366,102618,32929,0,0,1996,34925,Public Employees Retirement System,https://www.calhr.ca.gov,,08/06/2024,,,True,
2023,State Department,"Teacher Credentialing, Commission on",,Staff Services Manager II (Supervisory),False,False,,89040,110628,,98694,0,0,2420,101114,33191,0,0,9397,42587,Public Employees Retirement System,https://www.calhr.ca.gov,,08/06/2024,,,True,
2023,State Department,"Teacher Credentialing, Commission on",,Staff Services Manager II (Supervisory),False,False,,89040,110628,,94084,0,0,6796,100880,34798,0,0,9397,44195,Public Employees Retirement System,https://www.calhr.ca.gov,,08/06/2024,,,True,
2023,State Department,"Teacher Credentialing, Commission on",,"Consultant In Teacher Preparation (Program Evaluation and Research), Range A",False,False,,93168,116616,,98392,0,0,2420,100812,19776,0,0,16957,36733,State Teachers Retirement System,https://www.calhr.ca.gov,,08/06/2024,,,True,
2023,State Department,"Teacher Credentialing, Commission on",,Staff Services Manager II (Supervisory),False,False,,89040,110628,,98115,0,0,2420,100535,34798,0,0,23377,58175,Public Employees Retirement System,https://www.calhr.ca.gov,,08/06/2024,,,True,
2023,State Department,"Teacher Credentialing, Commission on",,Staff Services Manager II (Supervisory),False,False,,89040,110628,,98095,0,0,2420,100515,32988,0,0,9397,42385,Public Employees Retirement System,https://www.calhr.ca.gov,,08/06/2024,,,True,
2023,State Department,"Teacher Credentialing, Commission on",,Supervising Special Investigator I (Non-Peace Officer),False,False,,89004,116184,,99425,0,0,600,100025,34806,0,0,23377,58183,Public Employees Retirement System,https://www.calhr.ca.gov,,08/06/2024,,,True,
2023,State Department,"Teacher Credentialing, Commission on",,"Consultant In Teacher Preparation (Program Evaluation and Research), Range A",False,False,,93168,116616,,94511,0,0,2608,97119,31924,0,0,8548,40471,Public Employees Retirement System,https://www.calhr.ca.gov,,08/06/2024,,,True,
2023,State Department,"Teacher Credentialing, Commission on",,"Special Investigator, Range C",False,False,,79860,104232,,95534,0,0,630,96164,22199,0,0,1996,24195,Public Employees Retirement System,https://www.calhr.ca.gov,,08/06/2024,,,True,
2023,State Department,"Teacher Credentialing, Commission on",,"Consultant In Teacher Preparation (Program Evaluation and Research), Range A",False,False,,93168,116616,,97755,0,0,-2912,94843,31924,0,0,8535,40459,Public Employees Retirement System,https://www.calhr.ca.gov,,08/06/2024,,,True,
2023,State Department,"Teacher Credentialing, Commission on",,Staff Services Manager I,False,False,,81120,100776,,92086,0,0,2457,94544,30958,0,0,9397,40355,Public Employees Retirement System,https://www.calhr.ca.gov,,08/06/2024,,,True,
2023,State Department,"Teacher Credentialing, Commission on",,Staff Services Manager I,False,False,,81120,100776,,92902,0,0,600,93502,30163,0,0,1996,32159,Public Employees Retirement System,https://www.calhr.ca.gov,,08/06/2024,,,True,
2023,State Department,"Teacher Credentialing, Commission on",,"Consultant In Teacher Preparation (Program Evaluation and Research), Range A",False,False,,93168,116616,,92924,0,0,476,93401,19620,0,0,16737,36357,State Teachers Retirement System,https://www.calhr.ca.gov,,08/06/2024,,,True,
2023,State Department,"Teacher Credentialing, Commission on",,Staff Services Manager I,False,False,,81120,100776,,88782,0,0,4332,93114,30750,0,0,136,30886,Public Employees Retirement System,https://www.calhr.ca.gov,,08/06/2024,,,True,
2023,State Department,"Teacher Credentialing, Commission on",,"Information Technology Associate, Range D",False,False,,73764,98856,,89754,0,0,2195,91949,31096,0,0,17581,48677,Public Employees Retirement System,https://www.calhr.ca.gov,,08/06/2024,,,True,
2023,State Department,"Teacher Credentialing, Commission on",,Staff Services Manager II (Supervisory),False,False,,89040,110628,,89157,0,0,2420,91577,30044,0,0,9397,39441,Public Employees Retirement System,https://www.calhr.ca.gov,,08/06/2024,,,True,
2023,State Department,"Teacher Credentialing, Commission on",,"Special Investigator, Range C",False,False,,79860,104232,,87997,2664,0,752,91412,22199,0,0,22693,44892,Public Employees Retirement System,https://www.calhr.ca.gov,,08/06/2024,,,True,
2023,State Department,"Teacher Credentialing, Commission on",,"Research Data Specialist I, Range A",False,False,,78660,98472,,88962,0,0,2420,91382,30125,0,0,8637,38762,Public Employees Retirement System,https://www.calhr.ca.gov,,08/06/2024,,,True,
2023,State Department,"Teacher Credentialing, Commission on",,Staff Services Manager III,False,False,,108264,122916,,82408,0,0,7850,90259,30527,0,0,23377,53904,Public Employees Retirement System,https://www.calhr.ca.gov,,08/06/2024,,,True,
2023,State Department,"Teacher Credentialing, Commission on",,Staff Services Manager I,False,False,,81120,100776,,77833,7856,0,3963,89653,27424,0,0,20871,48295,Public Employees Retirement System,https://www.calhr.ca.gov,,08/06/2024,,,True,
2023,State Department,"Teacher Credentialing, Commission on",,Staff Services Manager I,False,False,,81120,100776,,87227,0,0,2420,89647,30702,0,0,23377,54079,Public Employees Retirement System,https://www.calhr.ca.gov,,08/06/2024,,,True,
2023,State Department,"Teacher Credentialing, Commission on",,"Special Investigator, Range C",False,False,,79860,104232,,88088,0,0,600,88688,22199,0,0,22693,44892,Public Employees Retirement System,https://www.calhr.ca.gov,,08/06/2024,,,True,
2023,State Department,"Teacher Credentialing, Commission on",,"Consultant In Teacher Preparation (Program Evaluation and Research), Range A",False,False,,93168,116616,,85907,0,0,2673,88579,29187,0,0,22916,52103,Public Employees Retirement System,https://www.calhr.ca.gov,,08/06/2024,,,True,
2023,State Department,"Teacher Credentialing, Commission on",,"Consultant In Teacher Preparation (Program Evaluation and Research), Range A",False,False,,93168,116616,,85521,0,0,2688,88209,22283,0,0,8675,30958,State Teachers Retirement System,https://www.calhr.ca.gov,,08/06/2024,,,True,
2023,State Department,"Teacher Credentialing, Commission on",,"Special Investigator, Range C",False,False,,79860,104232,,86136,137,0,683,86956,20908,0,0,8857,29765,Public Employees Retirement System,https://www.calhr.ca.gov,,08/06/2024,,,True,
2023,State Department,"Teacher Credentialing, Commission on",,Staff Services Manager I,False,False,,81120,100776,,84027,0,0,2295,86322,29421,0,0,23377,52797,Public Employees Retirement System,https://www.calhr.ca.gov,,08/06/2024,,,True,
2023,State Department,"Teacher Credentialing, Commission on",,"Senior Legal Analyst, Range A",False,False,,71604,89688,,83034,1152,0,2120,86307,28212,0,0,8861,37073,Public Employees Retirement System,https://www.calhr.ca.gov,,08/06/2024,,,True,
2023,State Department,"Teacher Credentialing, Commission on",,"Special Investigator, Range C",False,False,,79860,104232,,85206,0,0,600,85806,20192,0,0,1675,21867,Public Employees Retirement System,https://www.calhr.ca.gov,,08/06/2024,,,True,
2023,State Department,"Teacher Credentialing, Commission on",,"Associate Governmental Program Analyst, Range A",False,False,,68208,85368,,63836,0,19479,2270,85585,22301,0,0,14639,36940,Public Employees Retirement System,https://www.calhr.ca.gov,,08/06/2024,,,True,
2023,State Department,"Teacher Credentialing, Commission on",,"Information Technology Specialist I, Range C",False,False,,88956,119184,,82014,0,0,3266,85280,28220,0,0,7503,35722,Public Employees Retirement System,https://www.calhr.ca.gov,,08/06/2024,,,True,
2023,State Department,"Teacher Credentialing, Commission on",,"Special Investigator, Range C",False,False,,79860,104232,,84490,0,0,697,85187,20022,0,0,1315,21337,Public Employees Retirement System,https://www.calhr.ca.gov,,08/06/2024,,,True,
2023,State Department,"Teacher Credentialing, Commission on",,Staff Services Manager II (Supervisory),False,False,,89040,110628,,82424,0,0,2420,84844,28484,0,0,23377,51861,Public Employees Retirement System,https://www.calhr.ca.gov,,08/06/2024,,,True,
2023,State Department,"Teacher Credentialing, Commission on",,"Special Investigator, Range C",False,False,,79860,104232,,79616,0,0,5215,84830,19328,0,0,8857,28185,Public Employees Retirement System,https://www.calhr.ca.gov,,08/06/2024,,,True,
2023,State Department,"Teacher Credentialing, Commission on",,Staff Services Manager I,False,False,,81120,100776,,82148,0,0,2420,84568,27615,0,0,9397,37012,Public Employees Retirement System,https://www.calhr.ca.gov,,08/06/2024,,,True,
2023,State Department,"Teacher Credentialing, Commission on",,Staff Services Manager I,False,False,,81120,100776,,81537,0,0,2120,83657,28555,0,0,23377,51931,Public Employees Retirement System,https://www.calhr.ca.gov,,08/06/2024,,,True,
2023,State Department,"Teacher Credentialing, Commission on",,Staff Services Manager II (Supervisory),False,False,,89040,110628,,81270,0,0,2170,83440,28729,0,0,23377,52105,Public Employees Retirement System,https://www.calhr.ca.gov,,08/06/2024,,,True,
2023,State Department,"Teacher Credentialing, Commission on",,"Special Investigator, Range C",False,False,,79860,104232,,82035,0,0,600,82635,19000,0,0,1996,20996,Public Employees Retirement System,https://www.calhr.ca.gov,,08/06/2024,,,True,
2023,State Department,"Teacher Credentialing, Commission on",,"Information Technology Specialist I, Range B",False,False,,81012,108576,,79840,0,0,2030,81870,26929,0,0,8861,35790,Public Employees Retirement System,https://www.calhr.ca.gov,,08/06/2024,,,True,
2023,State Department,"Teacher Credentialing, Commission on",,"Associate Governmental Program Analyst, Range A",False,False,,68208,85368,,78936,0,0,2420,81356,26854,0,0,8861,35716,Public Employees Retirement System,https://www.calhr.ca.gov,,08/06/2024,,,True,
2023,State Department,"Teacher Credentialing, Commission on",,"Associate Governmental Program Analyst, Range A",False,False,,68208,85368,,80461,0,0,600,81061,26276,0,0,2826,29103,Public Employees Retirement System,https://www.calhr.ca.gov,,08/06/2024,,,True,
2023,State Department,"Teacher Credentialing, Commission on",,"Associate Governmental Program Analyst, Range A",False,False,,68208,85368,,78830,0,0,2220,81050,26854,0,0,17991,44845,Public Employees Retirement System,https://www.calhr.ca.gov,,08/06/2024,,,True,
2023,State Department,"Teacher Credentialing, Commission on",,Staff Services Manager I,False,False,,81120,100776,,78412,0,0,2420,80832,26293,0,0,9397,35690,Public Employees Retirement System,https://www.calhr.ca.gov,,08/06/2024,,,True,
2023,State Department,"Teacher Credentialing, Commission on",,Staff Services Manager I,False,False,,81120,100776,,78223,0,0,2320,80543,27755,0,0,23094,50849,Public Employees Retirement System,https://www.calhr.ca.gov,,08/06/2024,,,True,
2023,State Department,"Teacher Credentialing, Commission on",,Staff Services Manager I,False,False,,81120,100776,,77918,0,0,2220,80138,27645,0,0,23173,50819,Public Employees Retirement System,https://www.calhr.ca.gov,,08/06/2024,,,True,
2023,State Department,"Teacher Credentialing, Commission on",,"Associate Governmental Program Analyst, Range A",False,False,,68208,85368,,76896,0,0,2420,79316,26854,0,0,17922,44777,Public Employees Retirement System,https://www.calhr.ca.gov,,08/06/2024,,,True,
2023,State Department,"Teacher Credentialing, Commission on",,Staff Services Manager I,False,False,,81120,100776,,76469,0,0,2420,78889,25733,0,0,9397,35130,Public Employees Retirement System,https://www.calhr.ca.gov,,08/06/2024,,,True,
2023,State Department,"Teacher Credentialing, Commission on",,Staff Services Manager I,False,False,,81120,100776,,76408,0,0,2420,78828,25733,0,0,9397,35130,Public Employees Retirement System,https://www.calhr.ca.gov,,08/06/2024,,,True,
2023,State Department,"Teacher Credentialing, Commission on",,Staff Services Manager I,False,False,,81120,100776,,76182,0,0,2281,78463,25733,0,0,10136,35869,Public Employees Retirement System,https://www.calhr.ca.gov,,08/06/2024,,,True,
2023,State Department,"Teacher Credentialing, Commission on",,"Associate Governmental Program Analyst, Range A",False,False,,68208,85368,,75874,0,0,2420,78294,25869,0,0,8822,34691,Public Employees Retirement System,https://www.calhr.ca.gov,,08/06/2024,,,True,
2023,State Department,"Teacher Credentialing, Commission on",,"Associate Governmental Program Analyst, Range A",False,False,,68208,85368,,75530,0,0,2420,77950,26854,0,0,21972,48827,Public Employees Retirement System,https://www.calhr.ca.gov,,08/06/2024,,,True,
2023,State Department,"Teacher Credentialing, Commission on",,"Associate Governmental Program Analyst, Range A",False,False,,68208,85368,,75450,0,0,2420,77870,26854,0,0,22767,49621,Public Employees Retirement System,https://www.calhr.ca.gov,,08/06/2024,,,True,
2023,State Department,"Teacher Credentialing, Commission on",,"Associate Governmental Program Analyst, Range A",False,False,,68208,85368,,74854,0,0,2420,77274,25579,0,0,9558,35137,Public Employees Retirement System,https://www.calhr.ca.gov,,08/06/2024,,,True,
2023,State Department,"Teacher Credentialing, Commission on",,Staff Services Manager I,False,False,,81120,100776,,75501,0,0,1758,77259,25625,0,0,18121,43746,Public Employees Retirement System,https://www.calhr.ca.gov,,08/06/2024,,,True,
2023,State Department,"Teacher Credentialing, Commission on",,"Associate Governmental Program Analyst, Range A",False,False,,68208,85368,,74729,0,0,2420,77149,26603,0,0,22698,49301,Public Employees Retirement System,https://www.calhr.ca.gov,,08/06/2024,,,True,
2023,State Department,"Teacher Credentialing, Commission on",,"Associate Governmental Program Analyst, Range A",False,False,,68208,85368,,73970,0,0,2420,76390,26103,0,0,8571,34675,Public Employees Retirement System,https://www.calhr.ca.gov,,08/06/2024,,,True,
2023,State Department,"Teacher Credentialing, Commission on",,"Associate Governmental Program Analyst, Range A",False,False,,68208,85368,,71316,0,2615,2363,76294,26854,0,0,17396,44250,Public Employees Retirement System,https://www.calhr.ca.gov,,08/06/2024,,,True,
2023,State Department,"Teacher Credentialing, Commission on",,"Associate Governmental Program Analyst, Range A",False,False,,68208,85368,,73411,0,0,1020,74431,23857,0,0,1956,25813,Public Employees Retirement System,https://www.calhr.ca.gov,,08/06/2024,,,True,
2023,State Department,"Teacher Credentialing, Commission on",,"Information Technology Specialist I, Range A",False,False,,73668,98736,,71729,0,0,2420,74149,24418,0,0,8822,33240,Public Employees Retirement System,https://www.calhr.ca.gov,,08/06/2024,,,True,
2023,State Department,"Teacher Credentialing, Commission on",,"Information Technology Specialist I, Range C",False,False,,88956,119184,,63988,0,7675,1760,73423,21600,0,0,5146,26746,Public Employees Retirement System,https://www.calhr.ca.gov,,08/06/2024,,,True,
2023,State Department,"Teacher Credentialing, Commission on",,"Consultant In Teacher Preparation (Program Evaluation and Research), Range A",False,False,,93168,116616,,53014,0,13402,6227,72643,10813,0,0,11383,22196,State Teachers Retirement System,https://www.calhr.ca.gov,,08/06/2024,,,True,
2023,State Department,"Teacher Credentialing, Commission on",,"Associate Personnel Analyst, Range A",False,False,,68208,85368,,70183,0,0,2035,72218,24720,0,0,17567,42287,Public Employees Retirement System,https://www.calhr.ca.gov,,08/06/2024,,,True,
2023,State Department,"Teacher Credentialing, Commission on",,"Associate Governmental Program Analyst, Range A",False,False,,68208,85368,,69676,0,0,2370,72046,25579,0,0,22767,48345,Public Employees Retirement System,https://www.calhr.ca.gov,,08/06/2024,,,True,
2023,State Department,"Teacher Credentialing, Commission on",,"Information Technology Specialist I, Range A",False,False,,73668,98736,,69166,0,0,2420,71586,23566,0,0,8637,32203,Public Employees Retirement System,https://www.calhr.ca.gov,,08/06/2024,,,True,
2023,State Department,"Teacher Credentialing, Commission on",,Staff Services Manager I,False,False,,81120,100776,,58868,0,0,12460,71327,19923,0,0,8614,28537,Public Employees Retirement System,https://www.calhr.ca.gov,,08/06/2024,,,True,
2023,State Department,"Teacher Credentialing, Commission on",,"Associate Governmental Program Analyst, Range A",False,False,,68208,85368,,65001,4346,0,1945,71292,21818,0,0,8637,30455,Public Employees Retirement System,https://www.calhr.ca.gov,,08/06/2024,,,True,
2023,State Department,"Teacher Credentialing, Commission on",,"Associate Governmental Program Analyst, Range A",False,False,,68208,85368,,68688,0,0,2420,71108,23449,0,0,8861,32310,Public Employees Retirement System,https://www.calhr.ca.gov,,08/06/2024,,,True,
2023,State Department,"Teacher Credentialing, Commission on",,Staff Services Manager I,False,False,,81120,100776,,58051,0,0,12682,70733,20676,0,0,23376,44051,Public Employees Retirement System,https://www.calhr.ca.gov,,08/06/2024,,,True,
2023,State Department,"Teacher Credentialing, Commission on",,Staff Services Manager II (Supervisory),False,False,,89040,110628,,61685,0,0,9008,70693,20914,0,0,24755,45669,Public Employees Retirement System,https://www.calhr.ca.gov,,08/06/2024,,,True,
2023,State Department,"Teacher Credentialing, Commission on",,"Associate Governmental Program Analyst, Range A",False,False,,68208,85368,,69674,0,0,600,70274,22527,0,0,1816,24343,Public Employees Retirement System,https://www.calhr.ca.gov,,08/06/2024,,,True,
2023,State Department,"Teacher Credentialing, Commission on",,"Associate Governmental Program Analyst, Range A",False,False,,68208,85368,,67332,0,0,2120,69452,24272,0,0,22767,47039,Public Employees Retirement System,https://www.calhr.ca.gov,,08/06/2024,,,True,
2023,State Department,"Teacher Credentialing, Commission on",,"Associate Governmental Program Analyst, Range A",False,False,,68208,85368,,67017,0,0,2420,69437,24052,0,0,22698,46750,Public Employees Retirement System,https://www.calhr.ca.gov,,08/06/2024,,,True,
2023,State Department,"Teacher Credentialing, Commission on",,"Associate Governmental Program Analyst, Range A",False,False,,68208,85368,,65820,0,0,3105,68925,22174,0,0,8861,31036,Public Employees Retirement System,https://www.calhr.ca.gov,,08/06/2024,,,True,
2023,State Department,"Teacher Credentialing, Commission on",,"Associate Governmental Program Analyst, Range A",False,False,,68208,85368,,67695,0,0,600,68295,21871,0,0,1816,23687,Public Employees Retirement System,https://www.calhr.ca.gov,,08/06/2024,,,True,
2023,State Department,"Teacher Credentialing, Commission on",,Staff Services Manager I,False,False,,81120,100776,,54812,0,0,12982,67794,19430,0,0,19937,39367,Public Employees Retirement System,https://www.calhr.ca.gov,,08/06/2024,,,True,
2023,State Department,"Teacher Credentialing, Commission on",,"Associate Governmental Program Analyst, Range A",False,False,,68208,85368,,65509,0,0,2170,67679,22439,0,0,8861,31300,Public Employees Retirement System,https://www.calhr.ca.gov,,08/06/2024,,,True,
2023,State Department,"Teacher Credentialing, Commission on",,Staff Services Manager I,False,False,,81120,100776,,64012,0,0,2420,66432,21818,0,0,8637,30455,Public Employees Retirement System,https://www.calhr.ca.gov,,08/06/2024,,,True,
2023,State Department,"Teacher Credentialing, Commission on",,"Associate Governmental Program Analyst, Range A",False,False,,68208,85368,,63637,0,0,2780,66417,21546,0,0,8822,30368,Public Employees Retirement System,https://www.calhr.ca.gov,,08/06/2024,,,True,
2023,State Department,"Teacher Credentialing, Commission on",,"Associate Governmental Program Analyst, Range A",False,False,,68208,85368,,63106,0,0,2420,65526,21546,0,0,8609,30154,Public Employees Retirement System,https://www.calhr.ca.gov,,08/06/2024,,,True,
2023,State Department,"Teacher Credentialing, Commission on",,"Associate Governmental Program Analyst, Range A",False,False,,68208,85368,,62794,0,0,2320,65114,14802,0,0,22073,36875,Public Employees Retirement System,https://www.calhr.ca.gov,,08/06/2024,,,True,
2023,State Department,"Teacher Credentialing, Commission on",,"Staff Services Analyst, Range C",False,False,,56712,70992,,62138,0,0,2420,64558,22332,0,0,22698,45031,Public Employees Retirement System,https://www.calhr.ca.gov,,08/06/2024,,,True,
2023,State Department,"Teacher Credentialing, Commission on",,"Associate Governmental Program Analyst, Range A",False,False,,68208,85368,,58531,0,3186,2239,63956,20025,0,0,7371,27396,Public Employees Retirement System,https://www.calhr.ca.gov,,08/06/2024,,,True,
2023,State Department,"Teacher Credentialing, Commission on",,"Staff Services Analyst, Range C",False,False,,56712,70992,,59934,0,0,2420,62354,21687,0,0,22074,43760,Public Employees Retirement System,https://www.calhr.ca.gov,,08/06/2024,,,True,
2023,State Department,"Teacher Credentialing, Commission on",,"Staff Services Analyst, Range C",False,False,,56712,70992,,60222,0,0,2120,62342,21297,0,0,17567,38864,Public Employees Retirement System,https://www.calhr.ca.gov,,08/06/2024,,,True,
2023,State Department,"Teacher Credentialing, Commission on",,"Accounting Officer (Specialist), Range A",False,False,,59568,74556,,59299,0,0,2370,61669,20916,0,0,17039,37954,Public Employees Retirement System,https://www.calhr.ca.gov,,08/06/2024,,,True,
2023,State Department,"Teacher Credentialing, Commission on",,"Staff Services Analyst, Range C",False,False,,56712,70992,,59026,0,0,2420,61446,20163,0,0,8637,28800,Public Employees Retirement System,https://www.calhr.ca.gov,,08/06/2024,,,True,
2023,State Department,"Teacher Credentialing, Commission on",,"Senior Personnel Specialist, Range A",False,False,,64056,80268,,55703,1320,0,4255,61278,13795,0,0,9318,23113,Public Employees Retirement System,https://www.calhr.ca.gov,,08/06/2024,,,True,
2023,State Department,"Teacher Credentialing, Commission on",,"Information Technology Specialist I, Range C",False,False,,88956,119184,,60123,0,0,1066,61189,20340,0,0,6467,26807,Public Employees Retirement System,https://www.calhr.ca.gov,,08/06/2024,,,True,
2023,State Department,"Teacher Credentialing, Commission on",,"Consultant In Teacher Preparation (Program Evaluation and Research), Range A",False,False,,93168,116616,,60144,0,0,756,60900,20330,0,0,5795,26125,Public Employees Retirement System,https://www.calhr.ca.gov,,08/06/2024,,,True,
2023,State Department,"Teacher Credentialing, Commission on",,"Associate Personnel Analyst, Range A",False,False,,68208,85368,,56737,0,0,2395,59132,20646,0,0,22698,43345,Public Employees Retirement System,https://www.calhr.ca.gov,,08/06/2024,,,True,
2023,State Department,"Teacher Credentialing, Commission on",,"Associate Governmental Program Analyst, Range A",False,False,,68208,85368,,58046,1109,0,-163,58992,18953,0,0,5087,24040,Public Employees Retirement System,https://www.calhr.ca.gov,,08/06/2024,,,True,
2023,State Department,"Teacher Credentialing, Commission on",,"Associate Governmental Program Analyst, Range A",False,False,,68208,85368,,56031,0,0,2395,58425,19246,0,0,8675,27921,Public Employees Retirement System,https://www.calhr.ca.gov,,08/06/2024,,,True,
2023,State Department,"Teacher Credentialing, Commission on",,"Associate Governmental Program Analyst, Range A",False,False,,68208,85368,,55625,0,0,2420,58045,18809,0,0,4959,23768,Public Employees Retirement System,https://www.calhr.ca.gov,,08/06/2024,,,True,
2023,State Department,"Teacher Credentialing, Commission on",,"Legal Analyst, Range A",False,False,,62544,78288,,57513,0,0,300,57813,19054,0,0,136,19190,Public Employees Retirement System,https://www.calhr.ca.gov,,08/06/2024,,,True,
2023,State Department,"Teacher Credentialing, Commission on",,"Information Technology Specialist I, Range C",False,False,,88956,119184,,57002,0,0,797,57799,20026,0,0,16544,36570,Public Employees Retirement System,https://www.calhr.ca.gov,,08/06/2024,,,True,
2023,State Department,"Teacher Credentialing, Commission on",,"Staff Services Analyst, Range C",False,False,,56712,70992,,49459,6148,0,2120,57727,18243,0,0,22767,41010,Public Employees Retirement System,https://www.calhr.ca.gov,,08/06/2024,,,True,
2023,State Department,"Teacher Credentialing, Commission on",,"Associate Governmental Program Analyst, Range A",False,False,,68208,85368,,55920,1159,0,256,57335,18594,0,0,5926,24520,Public Employees Retirement System,https://www.calhr.ca.gov,,08/06/2024,,,True,
2023,State Department,"Teacher Credentialing, Commission on",,"Staff Services Analyst, Range C",False,False,,56712,70992,,54374,209,0,2420,57002,19284,0,0,17151,36435,Public Employees Retirement System,https://www.calhr.ca.gov,,08/06/2024,,,True,
2023,State Department,"Teacher Credentialing, Commission on",,"Staff Services Analyst, Range C",False,False,,56712,70992,,53035,1806,0,1920,56762,19487,0,0,22698,42186,Public Employees Retirement System,https://www.calhr.ca.gov,,08/06/2024,,,True,
2023,State Department,"Teacher Credentialing, Commission on",,"Associate Governmental Program Analyst, Range A",False,False,,68208,85368,,55646,635,0,400,56681,18436,0,0,136,18572,Public Employees Retirement System,https://www.calhr.ca.gov,,08/06/2024,,,True,
2023,State Department,"Teacher Credentialing, Commission on",,"Staff Services Analyst, Range C",False,False,,56712,70992,,53240,673,0,2220,56133,18290,0,0,8559,26849,Public Employees Retirement System,https://www.calhr.ca.gov,,08/06/2024,,,True,
2023,State Department,"Teacher Credentialing, Commission on",,"Staff Services Analyst, Range C",False,False,,56712,70992,,53270,159,0,2379,55807,18141,0,0,16238,34379,Public Employees Retirement System,https://www.calhr.ca.gov,,08/06/2024,,,True,
2023,State Department,"Teacher Credentialing, Commission on",,Staff Services Manager I,False,False,,81120,100776,,33494,0,0,21808,55302,11813,0,0,22416,34229,Public Employees Retirement System,https://www.calhr.ca.gov,,08/06/2024,,,True,
2023,State Department,"Teacher Credentialing, Commission on",,"Staff Services Analyst, Range C",False,False,,56712,70992,,51878,1104,0,2020,55002,17839,0,0,8579,26417,Public Employees Retirement System,https://www.calhr.ca.gov,,08/06/2024,,,True,
2023,State Department,"Teacher Credentialing, Commission on",,"Staff Services Analyst, Range C",False,False,,56712,70992,,52006,491,0,2045,54542,17914,0,0,8637,26551,Public Employees Retirement System,https://www.calhr.ca.gov,,08/06/2024,,,True,
2023,State Department,"Teacher Credentialing, Commission on",,"Staff Services Analyst, Range C",False,False,,56712,70992,,54076,86,0,140,54301,17990,0,0,1675,19665,Public Employees Retirement System,https://www.calhr.ca.gov,,08/06/2024,,,True,
2023,State Department,"Teacher Credentialing, Commission on",,"Staff Services Analyst, Range C",False,False,,56712,70992,,52107,0,0,2095,54202,17914,0,0,8637,26551,Public Employees Retirement System,https://www.calhr.ca.gov,,08/06/2024,,,True,
2023,State Department,"Teacher Credentialing, Commission on",,"Staff Services Analyst, Range C",False,False,,56712,70992,,53842,0,0,300,54142,17839,0,0,124,17963,Public Employees Retirement System,https://www.calhr.ca.gov,,08/06/2024,,,True,
2023,State Department,"Teacher Credentialing, Commission on",,"Staff Services Analyst, Range C",False,False,,56712,70992,,44348,7669,0,2120,54137,15339,0,0,8637,23976,Public Employees Retirement System,https://www.calhr.ca.gov,,08/06/2024,,,True,
2023,State Department,"Teacher Credentialing, Commission on",,"Associate Governmental Program Analyst, Range A",False,False,,68208,85368,,51878,0,0,2070,53948,17839,0,0,8579,26417,Public Employees Retirement System,https://www.calhr.ca.gov,,08/06/2024,,,True,
2023,State Department,"Teacher Credentialing, Commission on",,"Associate Governmental Program Analyst, Range A",False,False,,68208,85368,,52671,0,0,300,52971,16982,0,0,1513,18495,Public Employees Retirement System,https://www.calhr.ca.gov,,08/06/2024,,,True,
2023,State Department,"Teacher Credentialing, Commission on",,"Associate Governmental Program Analyst, Range A",False,False,,68208,85368,,51579,0,0,380,51959,17090,0,0,136,17226,Public Employees Retirement System,https://www.calhr.ca.gov,,08/06/2024,,,True,
2023,State Department,"Teacher Credentialing, Commission on",,"Staff Services Analyst, Range C",False,False,,56712,70992,,48866,818,0,2045,51729,17914,0,0,17696,35610,Public Employees Retirement System,https://www.calhr.ca.gov,,08/06/2024,,,True,
2023,State Department,"Teacher Credentialing, Commission on",,"Office Technician (Typing), Range A",False,False,,43308,54216,,48335,0,0,1820,50155,16675,0,0,8861,25536,Public Employees Retirement System,https://www.calhr.ca.gov,,08/06/2024,,,True,
2023,State Department,"Teacher Credentialing, Commission on",,"Office Technician (Typing), Range A",False,False,,43308,54216,,46232,1505,0,2120,49857,16675,0,0,17567,34242,Public Employees Retirement System,https://www.calhr.ca.gov,,08/06/2024,,,True,
2023,State Department,"Teacher Credentialing, Commission on",,"Staff Services Analyst, Range C",False,False,,56712,70992,,48563,205,0,884,49651,17175,0,0,14924,32099,Public Employees Retirement System,https://www.calhr.ca.gov,,08/06/2024,,,True,
2023,State Department,"Teacher Credentialing, Commission on",,"Office Technician (Typing), Range A",False,False,,43308,54216,,38395,6722,0,1970,47087,14685,0,0,22767,37452,Public Employees Retirement System,https://www.calhr.ca.gov,,08/06/2024,,,True,
2023,State Department,"Teacher Credentialing, Commission on",,"Office Assistant (Typing), Range B",False,False,,40152,50280,,44466,0,0,1820,46286,15467,0,0,8861,24328,Public Employees Retirement System,https://www.calhr.ca.gov,,08/06/2024,,,True,
2023,State Department,"Teacher Credentialing, Commission on",,"Associate Governmental Program Analyst, Range A",False,False,,68208,85368,,41311,0,0,1820,43131,14128,0,0,8123,22251,Public Employees Retirement System,https://www.calhr.ca.gov,,08/06/2024,,,True,
2023,State Department,"Teacher Credentialing, Commission on",,"Office Technician (Typing), Range A",False,False,,43308,54216,,39437,350,0,1970,41757,13717,0,0,8571,22288,Public Employees Retirement System,https://www.calhr.ca.gov,,08/06/2024,,,True,
2023,State Department,"Teacher Credentialing, Commission on",,"Staff Services Analyst, Range C",False,False,,56712,70992,,39538,184,0,1820,41542,14366,0,0,17151,31517,Public Employees Retirement System,https://www.calhr.ca.gov,,08/06/2024,,,True,
2023,State Department,"Teacher Credentialing, Commission on",,Staff Services Manager I,False,False,,81120,100776,,41070,0,0,0,41070,0,0,0,0,0,,https://www.calhr.ca.gov,,08/06/2024,,,True,
2023,State Department,"Teacher Credentialing, Commission on",,"Legal Analyst, Range A",False,False,,62544,78288,,39845,260,0,703,40808,13401,0,0,6292,19693,Public Employees Retirement System,https://www.calhr.ca.gov,,08/06/2024,,,True,
2023,State Department,"Teacher Credentialing, Commission on",,"Staff Services Analyst, Range C",False,False,,56712,70992,,36549,507,0,1396,38452,12733,0,0,8567,21300,Public Employees Retirement System,https://www.calhr.ca.gov,,08/06/2024,,,True,
2023,State Department,"Teacher Credentialing, Commission on",,"Office Technician (Typing), Range A",False,False,,43308,54216,,37315,0,0,0,37315,12390,0,0,338,12728,Public Employees Retirement System,https://www.calhr.ca.gov,,08/06/2024,,,True,
2023,State Department,"Teacher Credentialing, Commission on",,"Staff Services Analyst, Range C",False,False,,56712,70992,,11080,0,24567,0,35647,3593,0,0,302,3895,Public Employees Retirement System,https://www.calhr.ca.gov,,08/06/2024,,,True,
2023,State Department,"Teacher Credentialing, Commission on",,"Staff Services Analyst, Range A",False,False,,43680,54732,,32466,599,0,0,33065,10754,0,0,99,10853,Public Employees Retirement System,https://www.calhr.ca.gov,,08/06/2024,,,True,
2023,State Department,"Teacher Credentialing, Commission on",,"Business Service Assistant (Specialist), Range C",False,False,,49188,61560,,10166,0,21129,780,32076,3689,0,0,2954,6642,Public Employees Retirement System,https://www.calhr.ca.gov,,08/06/2024,,,True,
2023,State Department,"Teacher Credentialing, Commission on",,"Attorney, Range B",False,False,,104496,134076,,31532,0,0,255,31787,10133,0,0,507,10640,Public Employees Retirement System,https://www.calhr.ca.gov,,08/06/2024,,,True,
2023,State Department,"Teacher Credentialing, Commission on",,"Associate Governmental Program Analyst, Range A",False,False,,68208,85368,,5735,0,24752,360,30847,2210,0,0,3782,5993,Public Employees Retirement System,https://www.calhr.ca.gov,,08/06/2024,,,True,
2023,State Department,"Teacher Credentialing, Commission on",,"Consultant In Teacher Preparation (Program Evaluation and Research), Range A",False,False,,93168,116616,,29905,0,0,65,29970,10023,0,0,5714,15737,Public Employees Retirement System,https://www.calhr.ca.gov,,08/06/2024,,,True,
2023,State Department,"Teacher Credentialing, Commission on",,"Consultant In Teacher Preparation (Program Evaluation and Research), Range A",False,False,,93168,116616,,28945,0,0,0,28945,0,0,0,0,0,,https://www.calhr.ca.gov,,08/06/2024,,,True,
2023,State Department,"Teacher Credentialing, Commission on",,"Research Data Analyst I, Range C",False,False,,62544,78288,,26944,0,0,678,27622,5776,0,0,465,6241,Public Employees Retirement System,https://www.calhr.ca.gov,,08/06/2024,,,True,
2023,State Department,"Teacher Credentialing, Commission on",,"Staff Services Analyst, Range C",False,False,,56712,70992,,26569,0,0,275,26844,8563,0,0,757,9319,Public Employees Retirement System,https://www.calhr.ca.gov,,08/06/2024,,,True,
2023,State Department,"Teacher Credentialing, Commission on",,"Student Assistant, Range D",False,False,,43860,48276,,25338,0,0,600,25938,0,0,0,0,0,Part-Time Seasonal and Temporary (PST) Retirement Plan,https://www.calhr.ca.gov,,08/06/2024,,,True,
2023,State Department,"Teacher Credentialing, Commission on",,"Student Assistant, Range D",False,False,,43860,48276,,24670,0,0,0,24670,0,0,0,0,0,Part-Time Seasonal and Temporary (PST) Retirement Plan,https://www.calhr.ca.gov,,08/06/2024,,,True,
2023,State Department,"Teacher Credentialing, Commission on",,"Staff Services Analyst, Range C",False,False,,56712,70992,,20503,0,0,1910,22413,7890,0,0,22558,30449,Public Employees Retirement System,https://www.calhr.ca.gov,,08/06/2024,,,True,
2023,State Department,"Teacher Credentialing, Commission on",,"Associate Governmental Program Analyst, Range A",False,False,,68208,85368,,20298,0,0,100,20398,7276,0,0,7358,14633,Public Employees Retirement System,https://www.calhr.ca.gov,,08/06/2024,,,True,
2023,State Department,"Teacher Credentialing, Commission on",,"Student Assistant, Range D",False,False,,43860,48276,,19053,0,0,0,19053,0,0,0,0,0,Part-Time Seasonal and Temporary (PST) Retirement Plan,https://www.calhr.ca.gov,,08/06/2024,,,True,
2023,State Department,"Teacher Credentialing, Commission on",,"Associate Governmental Program Analyst, Range A",False,False,,68208,85368,,16358,0,0,0,16358,0,0,0,0,0,,https://www.calhr.ca.gov,,08/06/2024,,,True,
2023,State Department,"Teacher Credentialing, Commission on",,"Student Assistant, Range A",False,False,,35820,39372,,14431,0,932,0,15363,0,0,0,0,0,Part-Time Seasonal and Temporary (PST) Retirement Plan,https://www.calhr.ca.gov,,08/06/2024,,,True,
2023,State Department,"Teacher Credentialing, Commission on",,Staff Services Manager I,False,False,,81120,100776,,13054,0,0,0,13054,0,0,0,0,0,,https://www.calhr.ca.gov,,08/06/2024,,,True,
2023,State Department,"Teacher Credentialing, Commission on",,Staff Services Manager II (Supervisory),False,False,,89040,110628,,8452,0,0,260,8712,2864,0,0,783,3647,Public Employees Retirement System,https://www.calhr.ca.gov,,08/06/2024,,,True,
2023,State Department,"Teacher Credentialing, Commission on",,"Associate Governmental Program Analyst, Range A",False,False,,68208,85368,,5109,0,0,50,5159,1685,0,0,0,1685,Public Employees Retirement System,https://www.calhr.ca.gov,,08/06/2024,,,True,
2023,State Department,"Teacher Credentialing, Commission on",,"Student Assistant, Range B",False,False,,38328,42132,,257,0,0,0,257,0,0,0,0,0,Part-Time Seasonal and Temporary (PST) Retirement Plan,https://www.calhr.ca.gov,,08/06/2024,,,True,

