﻿Year,EmployerType,EmployerName,DepartmentOrSubdivision,Position,ElectedOfficial,Judicial,OtherPositions,MinPositionSalary,MaxPositionSalary,ReportedBaseWage,RegularPay,OvertimePay,LumpSumPay,OtherPay,TotalWages,DefinedBenefitPlanContribution,EmployeesRetirementCostCovered,DeferredCompensationPlan,HealthDentalVision,TotalRetirementAndHealthContribution,PensionFormula,EmployerURL,EmployerPopulation,LastUpdatedDate,EmployerCounty,SpecialDistrictActivities,IncludesUnfundedLiability,SpecialDistrictType
2023,State Department,"Status of Women, Commission on",Comm on Status of Women/Girls,"Executive Director, Commission on Status of Women and Girls",False,False,,133608,154308,,140998,0,0,550,141548,46229,0,0,136,46365,Public Employees Retirement System,https://www.calhr.ca.gov,,08/06/2024,,,True,
2023,State Department,"Status of Women, Commission on",Comm on Status of Women/Girls,"C.E.A., Range A",False,False,,117060,241728,,120689,0,0,5094,125783,39502,0,0,2945,42447,Public Employees Retirement System,https://www.calhr.ca.gov,,08/06/2024,,,True,
2023,State Department,"Status of Women, Commission on",Comm on Status of Women/Girls,Staff Services Manager II (Supervisory),False,False,,89040,110628,,101233,0,0,4541,105774,33539,0,0,136,33675,Public Employees Retirement System,https://www.calhr.ca.gov,,08/06/2024,,,True,
2023,State Department,"Status of Women, Commission on",Comm on Status of Women/Girls,Staff Services Manager II (Supervisory),False,False,,89040,110628,,95706,0,0,5930,101636,33930,0,0,18217,52147,Public Employees Retirement System,https://www.calhr.ca.gov,,08/06/2024,,,True,
2023,State Department,"Status of Women, Commission on",Comm on Status of Women/Girls,Staff Services Manager II (Supervisory),False,False,,89040,110628,,89098,0,0,1010,90108,28603,0,0,2306,30909,Public Employees Retirement System,https://www.calhr.ca.gov,,08/06/2024,,,True,
2023,State Department,"Status of Women, Commission on",Comm on Status of Women/Girls,Staff Services Manager I,False,False,,81120,100776,,81999,0,0,5671,87669,27615,0,0,9397,37012,Public Employees Retirement System,https://www.calhr.ca.gov,,08/06/2024,,,True,
2023,State Department,"Status of Women, Commission on",Comm on Status of Women/Girls,"Staff Services Analyst, Range C",False,False,,56712,70992,,48444,0,0,2370,50814,17839,0,0,22049,39888,Public Employees Retirement System,https://www.calhr.ca.gov,,08/06/2024,,,True,

