﻿Year,EmployerType,EmployerName,DepartmentOrSubdivision,Position,ElectedOfficial,Judicial,OtherPositions,MinPositionSalary,MaxPositionSalary,ReportedBaseWage,RegularPay,OvertimePay,LumpSumPay,OtherPay,TotalWages,DefinedBenefitPlanContribution,EmployeesRetirementCostCovered,DeferredCompensationPlan,HealthDentalVision,TotalRetirementAndHealthContribution,PensionFormula,EmployerURL,EmployerPopulation,LastUpdatedDate,EmployerCounty,SpecialDistrictActivities,IncludesUnfundedLiability,SpecialDistrictType
2023,State Department,California Commission on Aging,,"Executive Director, California Commission on Aging",False,False,,108024,126336,,108005,0,0,6914,114919,37986,0,0,23377,61363,Public Employees Retirement System,https://www.calhr.ca.gov,,08/06/2024,,,True,
2023,State Department,California Commission on Aging,,Staff Services Manager I,False,False,,81120,100776,,74266,0,0,2420,76686,26373,0,0,18217,44590,Public Employees Retirement System,https://www.calhr.ca.gov,,08/06/2024,,,True,
2023,State Department,California Commission on Aging,,"Associate Governmental Program Analyst, Range A",False,False,,68208,85368,,67649,0,0,2420,70069,22719,0,0,8637,31356,Public Employees Retirement System,https://www.calhr.ca.gov,,08/06/2024,,,True,
2023,State Department,California Commission on Aging,,"Associate Governmental Program Analyst, Range A",False,False,,68208,85368,,64562,0,0,2420,66982,22748,0,0,17567,40314,Public Employees Retirement System,https://www.calhr.ca.gov,,08/06/2024,,,True,
2023,State Department,California Commission on Aging,,"Associate Governmental Program Analyst, Range A",False,False,,68208,85368,,62973,0,0,-600,62373,21294,0,0,136,21430,Public Employees Retirement System,https://www.calhr.ca.gov,,08/06/2024,,,True,
2023,State Department,California Commission on Aging,,"Associate Governmental Program Analyst, Range A",False,False,,68208,85368,,25454,0,0,0,25454,0,0,0,0,0,,https://www.calhr.ca.gov,,08/06/2024,,,True,

