﻿Year,EmployerType,EmployerName,DepartmentOrSubdivision,Position,ElectedOfficial,Judicial,OtherPositions,MinPositionSalary,MaxPositionSalary,ReportedBaseWage,RegularPay,OvertimePay,LumpSumPay,OtherPay,TotalWages,DefinedBenefitPlanContribution,EmployeesRetirementCostCovered,DeferredCompensationPlan,HealthDentalVision,TotalRetirementAndHealthContribution,PensionFormula,EmployerURL,EmployerPopulation,LastUpdatedDate,EmployerCounty,SpecialDistrictActivities,IncludesUnfundedLiability,SpecialDistrictType
2023,State Department,Education Audit Appeals Plan,,"Attorney IV, Range A",False,False,,139728,179448,,165595,0,0,14038,179633,56418,0,0,22693,79111,Public Employees Retirement System,https://www.calhr.ca.gov,,08/06/2024,,,True,
2023,State Department,Education Audit Appeals Plan,,"C.E.A., Range C",False,False,,117060,241728,,163020,0,0,8931,171951,54424,0,0,18217,72641,Public Employees Retirement System,https://www.calhr.ca.gov,,08/06/2024,,,True,
2023,State Department,Education Audit Appeals Plan,,"Associate Governmental Program Analyst, Range A",False,False,,68208,85368,,77332,0,0,2470,79802,26271,0,0,8637,34909,Public Employees Retirement System,https://www.calhr.ca.gov,,08/06/2024,,,True,
2023,State Department,Education Audit Appeals Plan,,"Information Technology Specialist I, Range C",False,False,,88956,119184,,23865,0,0,0,23865,0,0,0,0,0,,https://www.calhr.ca.gov,,08/06/2024,,,True,

