﻿Year,EmployerType,EmployerName,DepartmentOrSubdivision,Position,ElectedOfficial,Judicial,OtherPositions,MinPositionSalary,MaxPositionSalary,ReportedBaseWage,RegularPay,OvertimePay,LumpSumPay,OtherPay,TotalWages,DefinedBenefitPlanContribution,EmployeesRetirementCostCovered,DeferredCompensationPlan,HealthDentalVision,TotalRetirementAndHealthContribution,PensionFormula,EmployerURL,EmployerPopulation,LastUpdatedDate,EmployerCounty,SpecialDistrictActivities,IncludesUnfundedLiability,SpecialDistrictType
2023,State Department,Emergency Medical Services Authority,,"Director, Emergency Medical Services Authority",False,False,,221436,221436,,211345,0,0,1316,212661,46733,0,0,19782,66515,Public Employees Retirement System,https://www.calhr.ca.gov,,08/06/2024,,,True,
2023,State Department,Emergency Medical Services Authority,,"Chief Deputy Director, Emergency Medical Services Authority",False,False,,155760,173484,,165328,0,0,-453,164876,51213,0,0,2632,53846,Public Employees Retirement System,https://www.calhr.ca.gov,,08/06/2024,,,True,
2023,State Department,Emergency Medical Services Authority,,"Associate Governmental Program Analyst, Range A",False,False,,68208,85368,,76747,43948,0,6108,126803,26854,0,0,17581,44435,Public Employees Retirement System,https://www.calhr.ca.gov,,08/06/2024,,,True,
2023,State Department,Emergency Medical Services Authority,,Deputy Director for Legislative and External Affairs,False,False,,127500,142008,,120283,0,0,5446,125729,39833,0,0,1385,41218,Public Employees Retirement System,https://www.calhr.ca.gov,,08/06/2024,,,True,
2023,State Department,Emergency Medical Services Authority,,"Information Technology Specialist II, Range A",False,False,,97560,130716,,121375,0,0,2870,124245,41119,0,0,22767,63886,Public Employees Retirement System,https://www.calhr.ca.gov,,08/06/2024,,,True,
2023,State Department,Emergency Medical Services Authority,,"Associate Governmental Program Analyst, Range A",False,False,,68208,85368,,77478,40585,0,5816,123879,26408,0,0,9203,35611,Public Employees Retirement System,https://www.calhr.ca.gov,,08/06/2024,,,True,
2023,State Department,Emergency Medical Services Authority,,"Program Manager II, Office of Emergency Services",False,False,,104316,129840,,114959,0,0,5282,120241,38863,0,0,9397,48260,Public Employees Retirement System,https://www.calhr.ca.gov,,08/06/2024,,,True,
2023,State Department,Emergency Medical Services Authority,,Staff Services Manager III,False,False,,108264,122916,,116703,0,0,1050,117753,38666,0,0,136,38802,Public Employees Retirement System,https://www.calhr.ca.gov,,08/06/2024,,,True,
2023,State Department,Emergency Medical Services Authority,,"Attorney III, Range A",False,False,,126432,162312,,115938,0,0,350,116288,39030,0,0,17569,56599,Public Employees Retirement System,https://www.calhr.ca.gov,,08/06/2024,,,True,
2023,State Department,Emergency Medical Services Authority,,"Senior Emergency Services Coordinator, Office of Emergency Services",False,False,,81036,103272,,81970,33167,0,950,116086,19666,0,0,8857,28523,Public Employees Retirement System,https://www.calhr.ca.gov,,08/06/2024,,,True,
2023,State Department,Emergency Medical Services Authority,,"Information Technology Specialist I, Range C",False,False,,88956,119184,,111866,0,0,2870,114736,37369,0,0,8637,46007,Public Employees Retirement System,https://www.calhr.ca.gov,,08/06/2024,,,True,
2023,State Department,Emergency Medical Services Authority,,"Senior Emergency Services Coordinator, Office of Emergency Services",False,False,,81036,103272,,85227,28435,0,607,114269,22531,0,0,17569,40100,Public Employees Retirement System,https://www.calhr.ca.gov,,08/06/2024,,,True,
2023,State Department,Emergency Medical Services Authority,,"Senior Emergency Services Coordinator, Office of Emergency Services",False,False,,81036,103272,,83911,26690,0,1329,111930,21489,0,0,22693,44181,Public Employees Retirement System,https://www.calhr.ca.gov,,08/06/2024,,,True,
2023,State Department,Emergency Medical Services Authority,,Staff Services Manager II (Supervisory),False,False,,89040,110628,,102457,0,0,7001,109458,34798,0,0,23377,58175,Public Employees Retirement System,https://www.calhr.ca.gov,,08/06/2024,,,True,
2023,State Department,Emergency Medical Services Authority,,Health Program Manager II,False,False,,89040,110628,,100936,0,0,7015,107951,34798,0,0,23377,58175,Public Employees Retirement System,https://www.calhr.ca.gov,,08/06/2024,,,True,
2023,State Department,Emergency Medical Services Authority,,"Program Manager III, Office of Emergency Services",False,False,,125688,142644,,107374,0,0,300,107674,37456,0,0,23377,60833,Public Employees Retirement System,https://www.calhr.ca.gov,,08/06/2024,,,True,
2023,State Department,Emergency Medical Services Authority,,Staff Services Manager II (Supervisory),False,False,,89040,110628,,106591,0,0,575,107166,34798,0,0,2945,37743,Public Employees Retirement System,https://www.calhr.ca.gov,,08/06/2024,,,True,
2023,State Department,Emergency Medical Services Authority,,"Program Manager I, Office of Emergency Services",False,False,,94932,118128,,103948,0,0,355,104303,34649,0,0,136,34785,Public Employees Retirement System,https://www.calhr.ca.gov,,08/06/2024,,,True,
2023,State Department,Emergency Medical Services Authority,,Supervising Special Investigator I (Non-Peace Officer),False,False,,89004,116184,,98974,0,0,5182,104156,34806,0,0,23377,58183,Public Employees Retirement System,https://www.calhr.ca.gov,,08/06/2024,,,True,
2023,State Department,Emergency Medical Services Authority,,Staff Services Manager II (Supervisory),False,False,,89040,110628,,101576,0,0,2545,104121,34501,0,0,23377,57878,Public Employees Retirement System,https://www.calhr.ca.gov,,08/06/2024,,,True,
2023,State Department,Emergency Medical Services Authority,,"Program Manager I, Office of Emergency Services",False,False,,94932,118128,,102579,0,0,900,103479,35899,0,0,23377,59275,Public Employees Retirement System,https://www.calhr.ca.gov,,08/06/2024,,,True,
2023,State Department,Emergency Medical Services Authority,,"Special Investigator, Range C",False,False,,79860,104232,,89213,0,7411,4231,100856,22196,0,0,17569,39765,Public Employees Retirement System,https://www.calhr.ca.gov,,08/06/2024,,,True,
2023,State Department,Emergency Medical Services Authority,,"Senior Emergency Services Coordinator, Office of Emergency Services",False,False,,81036,103272,,81317,18337,0,975,100629,19745,0,0,8857,28601,Public Employees Retirement System,https://www.calhr.ca.gov,,08/06/2024,,,True,
2023,State Department,Emergency Medical Services Authority,,"Senior Emergency Services Coordinator, Office of Emergency Services",False,False,,81036,103272,,77404,21705,0,1050,100159,19745,0,0,22693,42437,Public Employees Retirement System,https://www.calhr.ca.gov,,08/06/2024,,,True,
2023,State Department,Emergency Medical Services Authority,,Information Technology Supervisor II,False,False,,96192,128892,,90767,0,0,7066,97833,31590,0,0,23261,54850,Public Employees Retirement System,https://www.calhr.ca.gov,,08/06/2024,,,True,
2023,State Department,Emergency Medical Services Authority,,"Senior Emergency Services Coordinator, Office of Emergency Services",False,False,,81036,103272,,81215,15612,0,975,97802,19745,0,0,8857,28601,Public Employees Retirement System,https://www.calhr.ca.gov,,08/06/2024,,,True,
2023,State Department,Emergency Medical Services Authority,,"Senior Emergency Services Coordinator, Office of Emergency Services",False,False,,81036,103272,,89613,7390,0,525,97527,21763,0,0,8857,30620,Public Employees Retirement System,https://www.calhr.ca.gov,,08/06/2024,,,True,
2023,State Department,Emergency Medical Services Authority,,Staff Services Manager I,False,False,,81120,100776,,93478,0,0,2770,96248,32242,0,0,18217,50459,Public Employees Retirement System,https://www.calhr.ca.gov,,08/06/2024,,,True,
2023,State Department,Emergency Medical Services Authority,,"Program Manager I, Office of Emergency Services",False,False,,94932,118128,,93494,0,0,2745,96239,32865,0,0,22868,55733,Public Employees Retirement System,https://www.calhr.ca.gov,,08/06/2024,,,True,
2023,State Department,Emergency Medical Services Authority,,Staff Services Manager I,False,False,,81120,100776,,93097,0,0,2870,95967,31580,0,0,9397,40977,Public Employees Retirement System,https://www.calhr.ca.gov,,08/06/2024,,,True,
2023,State Department,Emergency Medical Services Authority,,"Information Technology Specialist II, Range A",False,False,,97560,130716,,92909,0,0,2270,95179,31466,0,0,8637,40103,Public Employees Retirement System,https://www.calhr.ca.gov,,08/06/2024,,,True,
2023,State Department,Emergency Medical Services Authority,,Staff Services Manager I,False,False,,81120,100776,,91174,0,0,2571,93745,30830,0,0,11602,42432,Public Employees Retirement System,https://www.calhr.ca.gov,,08/06/2024,,,True,
2023,State Department,Emergency Medical Services Authority,,Staff Services Manager I,False,False,,81120,100776,,90459,0,0,2870,93329,31700,0,0,23377,55076,Public Employees Retirement System,https://www.calhr.ca.gov,,08/06/2024,,,True,
2023,State Department,Emergency Medical Services Authority,,"Information Technology Specialist I, Range C",False,False,,88956,119184,,89596,0,0,2870,92466,31110,0,0,17567,48677,Public Employees Retirement System,https://www.calhr.ca.gov,,08/06/2024,,,True,
2023,State Department,Emergency Medical Services Authority,,"Senior Emergency Services Coordinator, Office of Emergency Services",False,False,,81036,103272,,89537,2031,0,450,92018,22478,0,0,22693,45171,Public Employees Retirement System,https://www.calhr.ca.gov,,08/06/2024,,,True,
2023,State Department,Emergency Medical Services Authority,,"Program Manager II, Office of Emergency Services",False,False,,104316,129840,,85374,3906,0,425,89705,28232,0,0,23035,51266,Public Employees Retirement System,https://www.calhr.ca.gov,,08/06/2024,,,True,
2023,State Department,Emergency Medical Services Authority,,"Research Data Specialist I, Range A",False,False,,78660,98472,,85917,0,0,2820,88737,30125,0,0,9217,39341,Public Employees Retirement System,https://www.calhr.ca.gov,,08/06/2024,,,True,
2023,State Department,Emergency Medical Services Authority,,Health Program Specialist II,False,False,,82296,103008,,86046,0,0,2320,88366,29778,0,0,16960,46738,Public Employees Retirement System,https://www.calhr.ca.gov,,08/06/2024,,,True,
2023,State Department,Emergency Medical Services Authority,,"Information Technology Specialist I, Range C",False,False,,88956,119184,,85329,0,0,2820,88149,28921,0,0,8637,37559,Public Employees Retirement System,https://www.calhr.ca.gov,,08/06/2024,,,True,
2023,State Department,Emergency Medical Services Authority,,Health Program Specialist II,False,False,,82296,103008,,77097,9024,0,1820,87941,25257,0,0,17151,42408,Public Employees Retirement System,https://www.calhr.ca.gov,,08/06/2024,,,True,
2023,State Department,Emergency Medical Services Authority,,"Senior Emergency Services Coordinator, Office of Emergency Services",False,False,,81036,103272,,68598,18215,0,575,87389,17025,0,0,8857,25882,Public Employees Retirement System,https://www.calhr.ca.gov,,08/06/2024,,,True,
2023,State Department,Emergency Medical Services Authority,,Information Officer II,False,False,,84816,105396,,80618,1159,0,5533,87311,27030,0,0,8906,35936,Public Employees Retirement System,https://www.calhr.ca.gov,,08/06/2024,,,True,
2023,State Department,Emergency Medical Services Authority,,"Special Investigator, Range B",False,False,,72780,94776,,82786,465,0,3895,87147,20186,0,0,8857,29043,Public Employees Retirement System,https://www.calhr.ca.gov,,08/06/2024,,,True,
2023,State Department,Emergency Medical Services Authority,,"Program Manager I, Office of Emergency Services",False,False,,94932,118128,,69986,13257,0,2848,86091,24069,0,0,8764,32833,Public Employees Retirement System,https://www.calhr.ca.gov,,08/06/2024,,,True,
2023,State Department,Emergency Medical Services Authority,,Staff Services Manager I,False,False,,81120,100776,,79998,0,0,5458,85456,27388,0,0,18217,45604,Public Employees Retirement System,https://www.calhr.ca.gov,,08/06/2024,,,True,
2023,State Department,Emergency Medical Services Authority,,"Associate Governmental Program Analyst, Range A",False,False,,68208,85368,,78234,2620,0,2120,82974,26854,0,0,8822,35676,Public Employees Retirement System,https://www.calhr.ca.gov,,08/06/2024,,,True,
2023,State Department,Emergency Medical Services Authority,,"Associate Governmental Program Analyst, Range A",False,False,,68208,85368,,76686,0,0,6066,82752,25774,0,0,8861,34636,Public Employees Retirement System,https://www.calhr.ca.gov,,08/06/2024,,,True,
2023,State Department,Emergency Medical Services Authority,,Health Program Specialist I,False,False,,74916,93780,,76396,0,0,5970,82366,26736,0,0,17567,44302,Public Employees Retirement System,https://www.calhr.ca.gov,,08/06/2024,,,True,
2023,State Department,Emergency Medical Services Authority,,"Associate Governmental Program Analyst, Range A",False,False,,68208,85368,,75146,0,0,5008,80154,26854,0,0,22698,49553,Public Employees Retirement System,https://www.calhr.ca.gov,,08/06/2024,,,True,
2023,State Department,Emergency Medical Services Authority,,Health Program Specialist I,False,False,,74916,93780,,77716,0,0,2270,79986,26439,0,0,8861,35300,Public Employees Retirement System,https://www.calhr.ca.gov,,08/06/2024,,,True,
2023,State Department,Emergency Medical Services Authority,,Staff Services Manager I,False,False,,81120,100776,,76782,0,0,2870,79652,27133,0,0,23377,50510,Public Employees Retirement System,https://www.calhr.ca.gov,,08/06/2024,,,True,
2023,State Department,Emergency Medical Services Authority,,"Associate Governmental Program Analyst, Range A",False,False,,68208,85368,,75050,3207,0,600,78857,24444,0,0,2471,26915,Public Employees Retirement System,https://www.calhr.ca.gov,,08/06/2024,,,True,
2023,State Department,Emergency Medical Services Authority,,"Senior Emergency Services Coordinator, Office of Emergency Services",False,False,,81036,103272,,49133,21442,4912,800,76287,11885,0,0,5166,17051,Public Employees Retirement System,https://www.calhr.ca.gov,,08/06/2024,,,True,
2023,State Department,Emergency Medical Services Authority,,"Special Investigator, Range B",False,False,,72780,94776,,74087,613,0,525,75225,18980,0,0,22693,41673,Public Employees Retirement System,https://www.calhr.ca.gov,,08/06/2024,,,True,
2023,State Department,Emergency Medical Services Authority,,"Associate Governmental Program Analyst, Range A",False,False,,68208,85368,,70542,0,0,1005,71547,22814,0,0,1816,24630,Public Employees Retirement System,https://www.calhr.ca.gov,,08/06/2024,,,True,
2023,State Department,Emergency Medical Services Authority,,Staff Services Manager I,False,False,,81120,100776,,67101,0,0,4305,71406,23537,0,0,17740,41276,Public Employees Retirement System,https://www.calhr.ca.gov,,08/06/2024,,,True,
2023,State Department,Emergency Medical Services Authority,,"Attorney III, Range A",False,False,,126432,162312,,69501,0,0,0,69501,0,0,0,0,0,,https://www.calhr.ca.gov,,08/06/2024,,,True,
2023,State Department,Emergency Medical Services Authority,,"Associate Governmental Program Analyst, Range A",False,False,,68208,85368,,66102,396,0,2870,69369,22439,0,0,17151,39590,Public Employees Retirement System,https://www.calhr.ca.gov,,08/06/2024,,,True,
2023,State Department,Emergency Medical Services Authority,,"Associate Governmental Program Analyst, Range A",False,False,,68208,85368,,66507,0,0,2820,69327,23372,0,0,17080,40452,Public Employees Retirement System,https://www.calhr.ca.gov,,08/06/2024,,,True,
2023,State Department,Emergency Medical Services Authority,,"Staff Services Analyst, Range C",False,False,,56712,70992,,63730,0,0,5428,69159,21816,0,0,8861,30677,Public Employees Retirement System,https://www.calhr.ca.gov,,08/06/2024,,,True,
2023,State Department,Emergency Medical Services Authority,,"Associate Governmental Program Analyst, Range A",False,False,,68208,85368,,67809,0,0,850,68659,21909,0,0,1816,23725,Public Employees Retirement System,https://www.calhr.ca.gov,,08/06/2024,,,True,
2023,State Department,Emergency Medical Services Authority,,"Associate Governmental Program Analyst, Range A",False,False,,68208,85368,,64043,0,0,2620,66663,22939,0,0,21972,44912,Public Employees Retirement System,https://www.calhr.ca.gov,,08/06/2024,,,True,
2023,State Department,Emergency Medical Services Authority,,"Special Investigator, Range A",False,False,,63768,79152,,64258,1249,0,525,66032,15228,0,0,1767,16994,Public Employees Retirement System,https://www.calhr.ca.gov,,08/06/2024,,,True,
2023,State Department,Emergency Medical Services Authority,,"Associate Governmental Program Analyst, Range A",False,False,,68208,85368,,58475,0,0,2320,60795,13999,0,0,22698,36697,Public Employees Retirement System,https://www.calhr.ca.gov,,08/06/2024,,,True,
2023,State Department,Emergency Medical Services Authority,,"Senior Emergency Services Coordinator, Office of Emergency Services",False,False,,81036,103272,,58567,0,0,1315,59881,15830,0,0,22693,38522,Public Employees Retirement System,https://www.calhr.ca.gov,,08/06/2024,,,True,
2023,State Department,Emergency Medical Services Authority,,"Information Technology Specialist I, Range A",False,False,,73668,98736,,57742,0,0,2095,59837,19779,0,0,8571,28350,Public Employees Retirement System,https://www.calhr.ca.gov,,08/06/2024,,,True,
2023,State Department,Emergency Medical Services Authority,,"Associate Governmental Program Analyst, Range A",False,False,,68208,85368,,56570,0,0,2273,58843,20137,0,0,17444,37581,Public Employees Retirement System,https://www.calhr.ca.gov,,08/06/2024,,,True,
2023,State Department,Emergency Medical Services Authority,,"Associate Governmental Program Analyst, Range A",False,False,,68208,85368,,53108,0,0,5014,58122,19558,0,0,22766,42324,Public Employees Retirement System,https://www.calhr.ca.gov,,08/06/2024,,,True,
2023,State Department,Emergency Medical Services Authority,,"Associate Governmental Program Analyst, Range A",False,False,,68208,85368,,56045,0,0,2070,58115,20419,0,0,22767,43186,Public Employees Retirement System,https://www.calhr.ca.gov,,08/06/2024,,,True,
2023,State Department,Emergency Medical Services Authority,,Staff Services Manager I,False,False,,81120,100776,,58745,0,0,-761,57983,19552,0,0,16041,35593,Public Employees Retirement System,https://www.calhr.ca.gov,,08/06/2024,,,True,
2023,State Department,Emergency Medical Services Authority,,"Staff Services Analyst, Range C",False,False,,56712,70992,,57768,0,0,0,57768,18583,0,0,1816,20399,Public Employees Retirement System,https://www.calhr.ca.gov,,08/06/2024,,,True,
2023,State Department,Emergency Medical Services Authority,,"Staff Services Analyst, Range C",False,False,,56712,70992,,54571,0,0,1820,56391,18363,0,0,8637,27000,Public Employees Retirement System,https://www.calhr.ca.gov,,08/06/2024,,,True,
2023,State Department,Emergency Medical Services Authority,,"Senior Emergency Services Coordinator, Office of Emergency Services",False,False,,81036,103272,,54735,0,0,1000,55735,13270,0,0,7381,20650,Public Employees Retirement System,https://www.calhr.ca.gov,,08/06/2024,,,True,
2023,State Department,Emergency Medical Services Authority,,"Information Technology Associate, Range A",False,False,,55812,74808,,53093,46,0,2295,55434,17930,0,0,8593,26523,Public Employees Retirement System,https://www.calhr.ca.gov,,08/06/2024,,,True,
2023,State Department,Emergency Medical Services Authority,,"Information Technology Specialist I, Range C",False,False,,88956,119184,,55345,0,0,0,55345,0,0,0,0,0,,https://www.calhr.ca.gov,,08/06/2024,,,True,
2023,State Department,Emergency Medical Services Authority,,"Staff Services Analyst, Range A",False,False,,43680,54732,,47200,3292,0,3734,54226,16325,0,0,8822,25147,Public Employees Retirement System,https://www.calhr.ca.gov,,08/06/2024,,,True,
2023,State Department,Emergency Medical Services Authority,,"Management Services Technician, Range B",False,False,,45432,56916,,48230,0,0,2870,51100,16676,0,0,8822,25498,Public Employees Retirement System,https://www.calhr.ca.gov,,08/06/2024,,,True,
2023,State Department,Emergency Medical Services Authority,,"Information Technology Specialist I, Range C",False,False,,88956,119184,,50854,0,0,0,50854,0,0,0,0,0,,https://www.calhr.ca.gov,,08/06/2024,,,True,
2023,State Department,Emergency Medical Services Authority,,"Staff Services Analyst, Range A",False,False,,43680,54732,,48793,0,0,1935,50728,17486,0,0,17225,34712,Public Employees Retirement System,https://www.calhr.ca.gov,,08/06/2024,,,True,
2023,State Department,Emergency Medical Services Authority,,"Office Technician (General), Range A",False,False,,42516,53280,,47262,0,0,2220,49482,16389,0,0,8822,25211,Public Employees Retirement System,https://www.calhr.ca.gov,,08/06/2024,,,True,
2023,State Department,Emergency Medical Services Authority,,"Research Data Specialist I, Range A",False,False,,78660,98472,,45134,0,0,2545,47679,16746,0,0,22766,39512,Public Employees Retirement System,https://www.calhr.ca.gov,,08/06/2024,,,True,
2023,State Department,Emergency Medical Services Authority,,"Associate Governmental Program Analyst, Range A",False,False,,68208,85368,,45244,0,0,2420,47664,15685,0,0,9203,24888,Public Employees Retirement System,https://www.calhr.ca.gov,,08/06/2024,,,True,
2023,State Department,Emergency Medical Services Authority,,"Attorney, Range B",False,False,,104496,134076,,40979,0,0,0,40979,13300,0,0,42,13342,Public Employees Retirement System,https://www.calhr.ca.gov,,08/06/2024,,,True,
2023,State Department,Emergency Medical Services Authority,,"Senior Emergency Services Coordinator, Office of Emergency Services",False,False,,81036,103272,,21332,6302,11547,600,39781,4945,0,0,498,5443,Public Employees Retirement System,https://www.calhr.ca.gov,,08/06/2024,,,True,
2023,State Department,Emergency Medical Services Authority,,"Associate Governmental Program Analyst, Range A",False,False,,68208,85368,,34743,0,0,150,34893,11502,0,0,68,11570,Public Employees Retirement System,https://www.calhr.ca.gov,,08/06/2024,,,True,
2023,State Department,Emergency Medical Services Authority,,"Associate Governmental Program Analyst, Range A",False,False,,68208,85368,,33258,0,0,1635,34893,11212,0,0,4431,15643,Public Employees Retirement System,https://www.calhr.ca.gov,,08/06/2024,,,True,
2023,State Department,Emergency Medical Services Authority,,Information Technology Manager I,False,False,,106188,142284,,22349,0,0,100,22449,7377,0,0,23,7399,Public Employees Retirement System,https://www.calhr.ca.gov,,08/06/2024,,,True,
2023,State Department,Emergency Medical Services Authority,,"Registered Nurse, Range T",False,False,,107568,128208,,11488,9271,0,0,20759,0,0,0,0,0,,https://www.calhr.ca.gov,,08/06/2024,,,True,
2023,State Department,Emergency Medical Services Authority,,"Registered Nurse, Range T",False,False,,107568,128208,,11285,9414,0,0,20698,0,0,0,0,0,,https://www.calhr.ca.gov,,08/06/2024,,,True,
2023,State Department,Emergency Medical Services Authority,,"Physician and Surgeon, Range D",False,False,,148296,230484,,18910,0,0,0,18910,0,0,0,0,0,,https://www.calhr.ca.gov,,08/06/2024,,,True,
2023,State Department,Emergency Medical Services Authority,,"Office Technician (General), Range A",False,False,,42516,53280,,18785,0,0,0,18785,0,0,0,0,0,,https://www.calhr.ca.gov,,08/06/2024,,,True,
2023,State Department,Emergency Medical Services Authority,,"Office Technician (General), Range A",False,False,,42516,53280,,19387,0,0,-639,18749,5765,0,0,6972,12737,Public Employees Retirement System,https://www.calhr.ca.gov,,08/06/2024,,,True,
2023,State Department,Emergency Medical Services Authority,,"Physician Assistant, Correctional Facility, Range A",False,False,,110172,135372,,10820,7635,0,0,18455,0,0,0,0,0,,https://www.calhr.ca.gov,,08/06/2024,,,True,
2023,State Department,Emergency Medical Services Authority,,"Attorney III, Range A",False,False,,126432,162312,,17503,0,0,0,17503,0,0,0,0,0,,https://www.calhr.ca.gov,,08/06/2024,,,True,
2023,State Department,Emergency Medical Services Authority,,"Staff Services Analyst, Range C",False,False,,56712,70992,,17418,0,0,0,17418,0,0,0,0,0,,https://www.calhr.ca.gov,,08/06/2024,,,True,
2023,State Department,Emergency Medical Services Authority,,Staff Services Manager I,False,False,,81120,100776,,16036,0,0,100,16136,5300,0,0,23,5323,Public Employees Retirement System,https://www.calhr.ca.gov,,08/06/2024,,,True,
2023,State Department,Emergency Medical Services Authority,,"Physician and Surgeon, Range D",False,False,,148296,230484,,15550,0,0,0,15550,0,0,0,0,0,,https://www.calhr.ca.gov,,08/06/2024,,,True,
2023,State Department,Emergency Medical Services Authority,,"Associate Governmental Program Analyst, Range A",False,False,,68208,85368,,14408,0,0,0,14408,0,0,0,0,0,,https://www.calhr.ca.gov,,08/06/2024,,,True,
2023,State Department,Emergency Medical Services Authority,,"Staff Services Analyst, Range C",False,False,,56712,70992,,13852,0,0,0,13852,0,0,0,0,0,,https://www.calhr.ca.gov,,08/06/2024,,,True,
2023,State Department,Emergency Medical Services Authority,,"Associate Governmental Program Analyst, Range A",False,False,,68208,85368,,13245,0,0,0,13245,0,0,0,0,0,,https://www.calhr.ca.gov,,08/06/2024,,,True,
2023,State Department,Emergency Medical Services Authority,,"Registered Nurse, Range T",False,False,,107568,128208,,6778,5724,0,0,12502,0,0,0,0,0,,https://www.calhr.ca.gov,,08/06/2024,,,True,
2023,State Department,Emergency Medical Services Authority,,"Attorney III, Range A",False,False,,126432,162312,,11564,0,0,0,11564,0,0,0,0,0,,https://www.calhr.ca.gov,,08/06/2024,,,True,
2023,State Department,Emergency Medical Services Authority,,"Registered Nurse, Range T",False,False,,107568,128208,,6628,4763,0,0,11391,0,0,0,0,0,,https://www.calhr.ca.gov,,08/06/2024,,,True,
2023,State Department,Emergency Medical Services Authority,,"Associate Governmental Program Analyst, Range A",False,False,,68208,85368,,4903,5636,0,0,10539,0,0,0,0,0,,https://www.calhr.ca.gov,,08/06/2024,,,True,
2023,State Department,Emergency Medical Services Authority,,"Registered Nurse, Range T",False,False,,107568,128208,,4418,5874,0,0,10293,0,0,0,0,0,,https://www.calhr.ca.gov,,08/06/2024,,,True,
2023,State Department,Emergency Medical Services Authority,,"Registered Nurse, Range T",False,False,,107568,128208,,4619,5535,0,0,10155,0,0,0,0,0,,https://www.calhr.ca.gov,,08/06/2024,,,True,
2023,State Department,Emergency Medical Services Authority,,"Registered Nurse, Range T",False,False,,107568,128208,,5649,4293,0,0,9941,0,0,0,0,0,,https://www.calhr.ca.gov,,08/06/2024,,,True,
2023,State Department,Emergency Medical Services Authority,,"Physician and Surgeon, Range D",False,False,,148296,230484,,9769,0,0,0,9769,0,0,0,0,0,,https://www.calhr.ca.gov,,08/06/2024,,,True,
2023,State Department,Emergency Medical Services Authority,,Various Duties,False,False,,0,129048,,3734,4401,0,0,8135,0,0,0,0,0,,https://www.calhr.ca.gov,,08/06/2024,,,True,
2023,State Department,Emergency Medical Services Authority,,Various Duties,False,False,,0,129048,,3584,4174,0,0,7758,0,0,0,0,0,,https://www.calhr.ca.gov,,08/06/2024,,,True,
2023,State Department,Emergency Medical Services Authority,,"Registered Nurse, Range T",False,False,,107568,128208,,3540,3916,0,0,7456,0,0,0,0,0,,https://www.calhr.ca.gov,,08/06/2024,,,True,
2023,State Department,Emergency Medical Services Authority,,"Senior Emergency Services Coordinator, Office of Emergency Services",False,False,,81036,103272,,6939,0,0,0,6939,0,0,0,0,0,,https://www.calhr.ca.gov,,08/06/2024,,,True,
2023,State Department,Emergency Medical Services Authority,,Various Duties,False,False,,0,129048,,3920,2814,0,0,6734,0,0,0,0,0,,https://www.calhr.ca.gov,,08/06/2024,,,True,
2023,State Department,Emergency Medical Services Authority,,"Registered Nurse, Range T",False,False,,107568,128208,,4017,2711,0,0,6728,0,0,0,0,0,,https://www.calhr.ca.gov,,08/06/2024,,,True,
2023,State Department,Emergency Medical Services Authority,,"Registered Nurse, Range T",False,False,,107568,128208,,4017,2636,0,0,6653,0,0,0,0,0,,https://www.calhr.ca.gov,,08/06/2024,,,True,
2023,State Department,Emergency Medical Services Authority,,"Pharmacist I, Range A",False,False,,85200,120792,,3587,2802,0,0,6389,0,0,0,0,0,,https://www.calhr.ca.gov,,08/06/2024,,,True,
2023,State Department,Emergency Medical Services Authority,,"Registered Nurse, Range T",False,False,,107568,128208,,3711,1782,0,0,5493,0,0,0,0,0,,https://www.calhr.ca.gov,,08/06/2024,,,True,
2023,State Department,Emergency Medical Services Authority,,"Registered Nurse, Range T",False,False,,107568,128208,,4017,1205,0,0,5222,0,0,0,0,0,,https://www.calhr.ca.gov,,08/06/2024,,,True,
2023,State Department,Emergency Medical Services Authority,,"Associate Governmental Program Analyst, Range A",False,False,,68208,85368,,2547,2627,0,0,5174,0,0,0,0,0,,https://www.calhr.ca.gov,,08/06/2024,,,True,
2023,State Department,Emergency Medical Services Authority,,"Physician and Surgeon, Range C",False,False,,144120,203640,,4310,0,0,0,4310,0,0,0,0,0,,https://www.calhr.ca.gov,,08/06/2024,,,True,
2023,State Department,Emergency Medical Services Authority,,"Registered Nurse, Range T",False,False,,107568,128208,,2008,2146,0,0,4155,0,0,0,0,0,,https://www.calhr.ca.gov,,08/06/2024,,,True,
2023,State Department,Emergency Medical Services Authority,,"Pharmacist I, Range A",False,False,,85200,120792,,3936,0,0,0,3936,1298,0,0,0,1298,Public Employees Retirement System,https://www.calhr.ca.gov,,08/06/2024,,,True,
2023,State Department,Emergency Medical Services Authority,,"Registered Nurse, Range T",False,False,,107568,128208,,2912,753,0,0,3665,0,0,0,0,0,,https://www.calhr.ca.gov,,08/06/2024,,,True,
2023,State Department,Emergency Medical Services Authority,,"Registered Nurse, Range T",False,False,,107568,128208,,2008,1582,0,0,3590,0,0,0,0,0,,https://www.calhr.ca.gov,,08/06/2024,,,True,
2023,State Department,Emergency Medical Services Authority,,"Special Investigator, Range C",False,False,,79860,104232,,3463,0,0,0,3463,0,0,0,0,0,,https://www.calhr.ca.gov,,08/06/2024,,,True,
2023,State Department,Emergency Medical Services Authority,,"Registered Nurse, Range T",False,False,,107568,128208,,2549,909,0,0,3458,0,0,0,0,0,,https://www.calhr.ca.gov,,08/06/2024,,,True,
2023,State Department,Emergency Medical Services Authority,,Various Duties,False,False,,0,129048,,2958,499,0,0,3457,0,0,0,0,0,,https://www.calhr.ca.gov,,08/06/2024,,,True,
2023,State Department,Emergency Medical Services Authority,,"Nurse Practitioner, Range A",False,False,,101832,131616,,3451,0,0,0,3451,0,0,0,0,0,,https://www.calhr.ca.gov,,08/06/2024,,,True,
2023,State Department,Emergency Medical Services Authority,,"Physician and Surgeon, Range D",False,False,,148296,230484,,3284,0,0,0,3284,0,0,0,0,0,,https://www.calhr.ca.gov,,08/06/2024,,,True,
2023,State Department,Emergency Medical Services Authority,,"Associate Governmental Program Analyst, Range A",False,False,,68208,85368,,1276,1219,0,0,2495,0,0,0,0,0,,https://www.calhr.ca.gov,,08/06/2024,,,True,
2023,State Department,Emergency Medical Services Authority,,"Physician Assistant, Correctional Facility, Range A",False,False,,110172,135372,,1805,636,0,0,2441,0,0,0,0,0,,https://www.calhr.ca.gov,,08/06/2024,,,True,
2023,State Department,Emergency Medical Services Authority,,"Registered Nurse, Range T",False,False,,107568,128208,,2008,132,0,0,2140,0,0,0,0,0,,https://www.calhr.ca.gov,,08/06/2024,,,True,
2023,State Department,Emergency Medical Services Authority,,"Staff Psychologist -Clinical-, Range A",False,False,,73920,117708,,2027,0,0,0,2027,0,0,0,0,0,,https://www.calhr.ca.gov,,08/06/2024,,,True,
2023,State Department,Emergency Medical Services Authority,,"Licensed Vocational Nurse, Range T",False,False,,57480,71952,,1494,422,0,0,1916,0,0,0,0,0,,https://www.calhr.ca.gov,,08/06/2024,,,True,
2023,State Department,Emergency Medical Services Authority,,"Pharmacist I, Range A",False,False,,85200,120792,,1799,0,0,0,1799,0,0,0,0,0,,https://www.calhr.ca.gov,,08/06/2024,,,True,
2023,State Department,Emergency Medical Services Authority,,Various Duties,False,False,,0,129048,,1794,0,0,0,1794,0,0,0,0,0,,https://www.calhr.ca.gov,,08/06/2024,,,True,
2023,State Department,Emergency Medical Services Authority,,Various Duties,False,False,,0,129048,,1732,0,0,0,1732,0,0,0,0,0,,https://www.calhr.ca.gov,,08/06/2024,,,True,
2023,State Department,Emergency Medical Services Authority,,Various Duties,False,False,,0,129048,,1350,351,0,0,1701,0,0,0,0,0,,https://www.calhr.ca.gov,,08/06/2024,,,True,
2023,State Department,Emergency Medical Services Authority,,"Registered Nurse, Range T",False,False,,107568,128208,,1582,0,0,0,1582,0,0,0,0,0,,https://www.calhr.ca.gov,,08/06/2024,,,True,
2023,State Department,Emergency Medical Services Authority,,Various Duties,False,False,,0,129048,,1368,0,0,0,1368,0,0,0,0,0,,https://www.calhr.ca.gov,,08/06/2024,,,True,
2023,State Department,Emergency Medical Services Authority,,"Warehouse Worker, Range A",False,False,,45144,51540,,824,433,0,0,1257,0,0,0,0,0,,https://www.calhr.ca.gov,,08/06/2024,,,True,
2023,State Department,Emergency Medical Services Authority,,Various Duties,False,False,,0,129048,,962,271,0,0,1233,0,0,0,0,0,,https://www.calhr.ca.gov,,08/06/2024,,,True,
2023,State Department,Emergency Medical Services Authority,,Various Duties,False,False,,0,129048,,920,52,0,0,972,0,0,0,0,0,,https://www.calhr.ca.gov,,08/06/2024,,,True,
2023,State Department,Emergency Medical Services Authority,,Various Duties,False,False,,0,129048,,949,0,0,0,949,0,0,0,0,0,,https://www.calhr.ca.gov,,08/06/2024,,,True,
2023,State Department,Emergency Medical Services Authority,,Various Duties,False,False,,0,129048,,949,0,0,0,949,0,0,0,0,0,,https://www.calhr.ca.gov,,08/06/2024,,,True,
2023,State Department,Emergency Medical Services Authority,,Various Duties,False,False,,0,129048,,943,0,0,0,943,0,0,0,0,0,,https://www.calhr.ca.gov,,08/06/2024,,,True,
2023,State Department,Emergency Medical Services Authority,,Various Duties,False,False,,0,129048,,920,0,0,0,920,0,0,0,0,0,,https://www.calhr.ca.gov,,08/06/2024,,,True,
2023,State Department,Emergency Medical Services Authority,,Various Duties,False,False,,0,129048,,886,0,0,0,886,0,0,0,0,0,,https://www.calhr.ca.gov,,08/06/2024,,,True,
2023,State Department,Emergency Medical Services Authority,,Various Duties,False,False,,0,129048,,851,0,0,0,851,0,0,0,0,0,,https://www.calhr.ca.gov,,08/06/2024,,,True,
2023,State Department,Emergency Medical Services Authority,,"Pharmacist I, Range A",False,False,,85200,120792,,606,0,0,0,606,0,0,0,0,0,,https://www.calhr.ca.gov,,08/06/2024,,,True,
2023,State Department,Emergency Medical Services Authority,,"Physician and Surgeon, Range B",False,False,,137484,194280,,398,0,0,0,398,0,0,0,0,0,,https://www.calhr.ca.gov,,08/06/2024,,,True,
2023,State Department,Emergency Medical Services Authority,,"Emergency Management Coordinator/Instructor II, Office of Emergency Services",False,False,,89484,114096,,0,0,0,150,150,0,0,0,0,0,Public Employees Retirement System,https://www.calhr.ca.gov,,08/06/2024,,,True,
2023,State Department,Emergency Medical Services Authority,,"Program Technician III, Range A",False,False,,48972,61368,,0,0,0,150,150,0,0,0,0,0,Public Employees Retirement System,https://www.calhr.ca.gov,,08/06/2024,,,True,
2023,State Department,Emergency Medical Services Authority,,"Associate Governmental Program Analyst, Range A",False,False,,68208,85368,,0,0,0,75,75,0,0,0,0,0,Public Employees Retirement System,https://www.calhr.ca.gov,,08/06/2024,,,True,

