﻿Year,EmployerType,EmployerName,DepartmentOrSubdivision,Position,ElectedOfficial,Judicial,OtherPositions,MinPositionSalary,MaxPositionSalary,ReportedBaseWage,RegularPay,OvertimePay,LumpSumPay,OtherPay,TotalWages,DefinedBenefitPlanContribution,EmployeesRetirementCostCovered,DeferredCompensationPlan,HealthDentalVision,TotalRetirementAndHealthContribution,PensionFormula,EmployerURL,EmployerPopulation,LastUpdatedDate,EmployerCounty,SpecialDistrictActivities,IncludesUnfundedLiability,SpecialDistrictType
2023,State Department,"Environmental Health Hazard Assessment, Office of",,"Public Health Medical Officer III, Range C",False,False,,159804,219300,,198390,0,0,2797,201187,65700,0,0,17569,83268,Public Employees Retirement System,https://www.calhr.ca.gov,,08/06/2024,,,True,
2023,State Department,"Environmental Health Hazard Assessment, Office of",,Supervising Toxicologist (Managerial),False,False,,166248,188856,,186681,0,0,7754,194435,60434,0,0,18217,78651,Public Employees Retirement System,https://www.calhr.ca.gov,,08/06/2024,,,True,
2023,State Department,"Environmental Health Hazard Assessment, Office of",,Director of Environmental Health Hazard Assessment,False,False,,196700,212729,,189448,0,0,1820,191268,63550,0,0,9397,72947,Public Employees Retirement System,https://www.calhr.ca.gov,,08/06/2024,,,True,
2023,State Department,"Environmental Health Hazard Assessment, Office of",,"C.E.A., Range C",False,False,,117060,241728,,187438,0,0,2420,189858,46733,0,0,23377,70110,Public Employees Retirement System,https://www.calhr.ca.gov,,08/06/2024,,,True,
2023,State Department,"Environmental Health Hazard Assessment, Office of",,Supervising Toxicologist (Managerial),False,False,,166248,188856,,187186,0,0,450,187636,60434,0,0,18217,78651,Public Employees Retirement System,https://www.calhr.ca.gov,,08/06/2024,,,True,
2023,State Department,"Environmental Health Hazard Assessment, Office of",,Supervising Toxicologist (Managerial),False,False,,166248,188856,,185123,0,0,600,185723,60234,0,0,23377,83611,Public Employees Retirement System,https://www.calhr.ca.gov,,08/06/2024,,,True,
2023,State Department,"Environmental Health Hazard Assessment, Office of",,Senior Toxicologist,False,False,,143244,178080,,181543,0,0,600,182143,56986,0,0,1996,58982,Public Employees Retirement System,https://www.calhr.ca.gov,,08/06/2024,,,True,
2023,State Department,"Environmental Health Hazard Assessment, Office of",,"Chief Counsel, Office of Environmental Health Hazard Assessment",False,False,,181656,202368,,178015,0,0,1920,179935,46733,0,0,23377,70110,Public Employees Retirement System,https://www.calhr.ca.gov,,08/06/2024,,,True,
2023,State Department,"Environmental Health Hazard Assessment, Office of",,Senior Toxicologist,False,False,,143244,178080,,176957,0,0,1778,178735,57461,0,0,9397,66857,Public Employees Retirement System,https://www.calhr.ca.gov,,08/06/2024,,,True,
2023,State Department,"Environmental Health Hazard Assessment, Office of",,Senior Toxicologist,False,False,,143244,178080,,169866,0,0,8172,178038,53704,0,0,1996,55700,Public Employees Retirement System,https://www.calhr.ca.gov,,08/06/2024,,,True,
2023,State Department,"Environmental Health Hazard Assessment, Office of",,Supervising Toxicologist (Managerial),False,False,,166248,188856,,177073,0,0,600,177673,46733,0,0,18217,64950,Public Employees Retirement System,https://www.calhr.ca.gov,,08/06/2024,,,True,
2023,State Department,"Environmental Health Hazard Assessment, Office of",,"Public Health Medical Officer III, Range C",False,False,,159804,219300,,169393,0,0,2800,172193,59130,0,0,22693,81822,Public Employees Retirement System,https://www.calhr.ca.gov,,08/06/2024,,,True,
2023,State Department,"Environmental Health Hazard Assessment, Office of",,"C.E.A., Range B",False,False,,117060,241728,,165900,0,5766,500,172166,46733,0,0,1830,48563,Public Employees Retirement System,https://www.calhr.ca.gov,,08/06/2024,,,True,
2023,State Department,"Environmental Health Hazard Assessment, Office of",,Staff Toxicologist (Specialist),False,False,,103560,129012,,75176,0,94832,-478,169529,23744,0,0,3915,27659,,https://www.calhr.ca.gov,,08/06/2024,,,True,
2023,State Department,"Environmental Health Hazard Assessment, Office of",,Environmental Program Manager I (Supervisory),False,False,,143352,178212,,168275,0,0,600,168875,53306,0,0,1996,55302,Public Employees Retirement System,https://www.calhr.ca.gov,,08/06/2024,,,True,
2023,State Department,"Environmental Health Hazard Assessment, Office of",,"Attorney IV, Range A",False,False,,139728,179448,,166973,0,0,900,167873,56101,0,0,22693,78794,Public Employees Retirement System,https://www.calhr.ca.gov,,08/06/2024,,,True,
2023,State Department,"Environmental Health Hazard Assessment, Office of",,Senior Toxicologist,False,False,,143244,178080,,154856,0,0,8458,163314,43599,0,0,22970,66569,Public Employees Retirement System,https://www.calhr.ca.gov,,08/06/2024,,,True,
2023,State Department,"Environmental Health Hazard Assessment, Office of",,Senior Toxicologist,False,False,,143244,178080,,154296,0,0,6881,161177,46733,0,0,23377,70110,Public Employees Retirement System,https://www.calhr.ca.gov,,08/06/2024,,,True,
2023,State Department,"Environmental Health Hazard Assessment, Office of",,"Attorney III, Range A",False,False,,126432,162312,,151607,0,0,6264,157871,51004,0,0,22693,73696,Public Employees Retirement System,https://www.calhr.ca.gov,,08/06/2024,,,True,
2023,State Department,"Environmental Health Hazard Assessment, Office of",,Senior Toxicologist,False,False,,143244,178080,,156020,0,0,600,156620,46733,0,0,23377,70110,Public Employees Retirement System,https://www.calhr.ca.gov,,08/06/2024,,,True,
2023,State Department,"Environmental Health Hazard Assessment, Office of",,Senior Toxicologist,False,False,,143244,178080,,14558,0,139391,50,153999,4749,0,0,783,5532,Public Employees Retirement System,https://www.calhr.ca.gov,,08/06/2024,,,True,
2023,State Department,"Environmental Health Hazard Assessment, Office of",,Environmental Program Manager I (Supervisory),False,False,,143352,178212,,65007,0,84095,250,149352,21482,0,0,7590,29072,Public Employees Retirement System,https://www.calhr.ca.gov,,08/06/2024,,,True,
2023,State Department,"Environmental Health Hazard Assessment, Office of",,Senior Toxicologist,False,False,,143244,178080,,142385,0,0,6026,148411,46795,0,0,23377,70172,Public Employees Retirement System,https://www.calhr.ca.gov,,08/06/2024,,,True,
2023,State Department,"Environmental Health Hazard Assessment, Office of",,Senior Toxicologist,False,False,,143244,178080,,140493,0,0,600,141093,45717,0,0,23268,68985,Public Employees Retirement System,https://www.calhr.ca.gov,,08/06/2024,,,True,
2023,State Department,"Environmental Health Hazard Assessment, Office of",,"C.E.A., Range A",False,False,,117060,241728,,130852,0,0,7738,138590,45157,0,0,23377,68533,Public Employees Retirement System,https://www.calhr.ca.gov,,08/06/2024,,,True,
2023,State Department,"Environmental Health Hazard Assessment, Office of",,Information Technology Manager I,False,False,,106188,142284,,130114,0,0,7653,137767,44758,0,0,22517,67275,Public Employees Retirement System,https://www.calhr.ca.gov,,08/06/2024,,,True,
2023,State Department,"Environmental Health Hazard Assessment, Office of",,Senior Toxicologist,False,False,,143244,178080,,136948,0,0,525,137473,44320,0,0,18096,62416,Public Employees Retirement System,https://www.calhr.ca.gov,,08/06/2024,,,True,
2023,State Department,"Environmental Health Hazard Assessment, Office of",,Staff Toxicologist (Specialist),False,False,,103560,129012,,131438,0,0,5487,136925,41284,0,0,2485,43769,Public Employees Retirement System,https://www.calhr.ca.gov,,08/06/2024,,,True,
2023,State Department,"Environmental Health Hazard Assessment, Office of",,"C.E.A., Range A",False,False,,117060,241728,,133770,0,0,2420,136190,44816,0,0,9397,54213,Public Employees Retirement System,https://www.calhr.ca.gov,,08/06/2024,,,True,
2023,State Department,"Environmental Health Hazard Assessment, Office of",,Staff Toxicologist (Specialist),False,False,,103560,129012,,128561,0,0,5142,133703,41284,0,0,18452,59735,Public Employees Retirement System,https://www.calhr.ca.gov,,08/06/2024,,,True,
2023,State Department,"Environmental Health Hazard Assessment, Office of",,Research Scientist IV (Chemical Sciences),False,False,,107760,134904,,131345,0,0,2352,133697,41785,0,0,2090,43875,Public Employees Retirement System,https://www.calhr.ca.gov,,08/06/2024,,,True,
2023,State Department,"Environmental Health Hazard Assessment, Office of",,Environmental Program Manager I (Supervisory),False,False,,143352,178212,,130212,0,0,3094,133306,43309,0,0,23377,66686,Public Employees Retirement System,https://www.calhr.ca.gov,,08/06/2024,,,True,
2023,State Department,"Environmental Health Hazard Assessment, Office of",,Research Scientist IV (Epidemiology/Biostatistics),False,False,,107760,134904,,131988,0,0,575,132563,42531,0,0,8861,51392,Public Employees Retirement System,https://www.calhr.ca.gov,,08/06/2024,,,True,
2023,State Department,"Environmental Health Hazard Assessment, Office of",,Staff Toxicologist (Specialist),False,False,,103560,129012,,131427,0,0,657,132084,41284,0,0,2348,43632,Public Employees Retirement System,https://www.calhr.ca.gov,,08/06/2024,,,True,
2023,State Department,"Environmental Health Hazard Assessment, Office of",,Staff Toxicologist (Specialist),False,False,,103560,129012,,131324,0,0,600,131924,41284,0,0,2826,44110,Public Employees Retirement System,https://www.calhr.ca.gov,,08/06/2024,,,True,
2023,State Department,"Environmental Health Hazard Assessment, Office of",,Staff Toxicologist (Specialist),False,False,,103560,129012,,131240,0,0,600,131840,41284,0,0,2471,43754,Public Employees Retirement System,https://www.calhr.ca.gov,,08/06/2024,,,True,
2023,State Department,"Environmental Health Hazard Assessment, Office of",,Staff Toxicologist (Specialist),False,False,,103560,129012,,125520,0,0,5711,131231,40815,0,0,22698,63513,Public Employees Retirement System,https://www.calhr.ca.gov,,08/06/2024,,,True,
2023,State Department,"Environmental Health Hazard Assessment, Office of",,Staff Toxicologist (Specialist),False,False,,103560,129012,,128048,0,0,3153,131201,41284,0,0,8559,49843,Public Employees Retirement System,https://www.calhr.ca.gov,,08/06/2024,,,True,
2023,State Department,"Environmental Health Hazard Assessment, Office of",,Senior Toxicologist,False,False,,143244,178080,,126034,0,0,2872,128906,42595,0,0,22818,65413,Public Employees Retirement System,https://www.calhr.ca.gov,,08/06/2024,,,True,
2023,State Department,"Environmental Health Hazard Assessment, Office of",,Staff Toxicologist (Specialist),False,False,,103560,129012,,128160,0,0,600,128760,40971,0,0,8593,49564,Public Employees Retirement System,https://www.calhr.ca.gov,,08/06/2024,,,True,
2023,State Department,"Environmental Health Hazard Assessment, Office of",,Staff Toxicologist (Specialist),False,False,,103560,129012,,128056,0,0,575,128631,41284,0,0,8861,50145,Public Employees Retirement System,https://www.calhr.ca.gov,,08/06/2024,,,True,
2023,State Department,"Environmental Health Hazard Assessment, Office of",,Staff Toxicologist (Specialist),False,False,,103560,129012,,122208,0,0,5487,127695,41284,0,0,22698,63982,Public Employees Retirement System,https://www.calhr.ca.gov,,08/06/2024,,,True,
2023,State Department,"Environmental Health Hazard Assessment, Office of",,Staff Toxicologist (Specialist),False,False,,103560,129012,,125871,0,0,600,126471,41284,0,0,17567,58850,Public Employees Retirement System,https://www.calhr.ca.gov,,08/06/2024,,,True,
2023,State Department,"Environmental Health Hazard Assessment, Office of",,Staff Toxicologist (Specialist),False,False,,103560,129012,,125422,0,0,600,126022,40481,0,0,8861,49342,Public Employees Retirement System,https://www.calhr.ca.gov,,08/06/2024,,,True,
2023,State Department,"Environmental Health Hazard Assessment, Office of",,Staff Toxicologist (Specialist),False,False,,103560,129012,,123981,0,0,1708,125689,40289,0,0,8861,49150,Public Employees Retirement System,https://www.calhr.ca.gov,,08/06/2024,,,True,
2023,State Department,"Environmental Health Hazard Assessment, Office of",,Staff Toxicologist (Specialist),False,False,,103560,129012,,125088,0,0,600,125688,40971,0,0,17567,58538,Public Employees Retirement System,https://www.calhr.ca.gov,,08/06/2024,,,True,
2023,State Department,"Environmental Health Hazard Assessment, Office of",,Staff Toxicologist (Specialist),False,False,,103560,129012,,124907,0,0,600,125507,41284,0,0,17581,58865,Public Employees Retirement System,https://www.calhr.ca.gov,,08/06/2024,,,True,
2023,State Department,"Environmental Health Hazard Assessment, Office of",,Staff Toxicologist (Specialist),False,False,,103560,129012,,124634,0,0,600,125234,40815,0,0,17567,58381,Public Employees Retirement System,https://www.calhr.ca.gov,,08/06/2024,,,True,
2023,State Department,"Environmental Health Hazard Assessment, Office of",,Staff Toxicologist (Specialist),False,False,,103560,129012,,124570,0,0,600,125170,41284,0,0,22767,64051,Public Employees Retirement System,https://www.calhr.ca.gov,,08/06/2024,,,True,
2023,State Department,"Environmental Health Hazard Assessment, Office of",,Staff Toxicologist (Specialist),False,False,,103560,129012,,124319,0,0,600,124919,40012,0,0,8404,48416,Public Employees Retirement System,https://www.calhr.ca.gov,,08/06/2024,,,True,
2023,State Department,"Environmental Health Hazard Assessment, Office of",,Research Scientist IV (Epidemiology/Biostatistics),False,False,,107760,134904,,123281,0,0,726,124007,42679,0,0,22767,65446,Public Employees Retirement System,https://www.calhr.ca.gov,,08/06/2024,,,True,
2023,State Department,"Environmental Health Hazard Assessment, Office of",,Information Technology Supervisor II,False,False,,96192,128892,,116053,0,0,7158,123211,39720,0,0,18217,57937,Public Employees Retirement System,https://www.calhr.ca.gov,,08/06/2024,,,True,
2023,State Department,"Environmental Health Hazard Assessment, Office of",,Staff Toxicologist (Specialist),False,False,,103560,129012,,122057,0,0,600,122657,41284,0,0,22698,63982,Public Employees Retirement System,https://www.calhr.ca.gov,,08/06/2024,,,True,
2023,State Department,"Environmental Health Hazard Assessment, Office of",,Staff Toxicologist (Specialist),False,False,,103560,129012,,121982,0,0,600,122582,40314,0,0,8637,48951,Public Employees Retirement System,https://www.calhr.ca.gov,,08/06/2024,,,True,
2023,State Department,"Environmental Health Hazard Assessment, Office of",,Staff Toxicologist (Specialist),False,False,,103560,129012,,120993,0,0,600,121593,41284,0,0,8822,50106,Public Employees Retirement System,https://www.calhr.ca.gov,,08/06/2024,,,True,
2023,State Department,"Environmental Health Hazard Assessment, Office of",,Staff Toxicologist (Specialist),False,False,,103560,129012,,120778,0,0,600,121378,39482,0,0,22698,62180,Public Employees Retirement System,https://www.calhr.ca.gov,,08/06/2024,,,True,
2023,State Department,"Environmental Health Hazard Assessment, Office of",,Staff Toxicologist (Specialist),False,False,,103560,129012,,118906,0,0,1254,120160,41497,0,0,22698,64196,Public Employees Retirement System,https://www.calhr.ca.gov,,08/06/2024,,,True,
2023,State Department,"Environmental Health Hazard Assessment, Office of",,Staff Toxicologist (Specialist),False,False,,103560,129012,,114506,0,0,5487,119993,41284,0,0,22767,64051,Public Employees Retirement System,https://www.calhr.ca.gov,,08/06/2024,,,True,
2023,State Department,"Environmental Health Hazard Assessment, Office of",,Research Scientist III (Epidemiology/Biostatistics),False,False,,93732,117324,,117999,0,0,600,118599,37259,0,0,1816,39075,Public Employees Retirement System,https://www.calhr.ca.gov,,08/06/2024,,,True,
2023,State Department,"Environmental Health Hazard Assessment, Office of",,Research Scientist III (Epidemiology/Biostatistics),False,False,,93732,117324,,117855,0,0,600,118455,37259,0,0,2202,39461,Public Employees Retirement System,https://www.calhr.ca.gov,,08/06/2024,,,True,
2023,State Department,"Environmental Health Hazard Assessment, Office of",,Staff Toxicologist (Specialist),False,False,,103560,129012,,118056,0,0,375,118431,39147,0,0,22767,61913,Public Employees Retirement System,https://www.calhr.ca.gov,,08/06/2024,,,True,
2023,State Department,"Environmental Health Hazard Assessment, Office of",,Research Scientist III (Epidemiology/Biostatistics),False,False,,93732,117324,,117207,0,0,600,117807,37544,0,0,136,37680,Public Employees Retirement System,https://www.calhr.ca.gov,,08/06/2024,,,True,
2023,State Department,"Environmental Health Hazard Assessment, Office of",,"Attorney, Range B",False,False,,104496,134076,,105816,0,0,10931,116747,36070,0,0,22693,58763,Public Employees Retirement System,https://www.calhr.ca.gov,,08/06/2024,,,True,
2023,State Department,"Environmental Health Hazard Assessment, Office of",,Staff Toxicologist (Specialist),False,False,,103560,129012,,115981,0,0,600,116581,41284,0,0,21544,62828,Public Employees Retirement System,https://www.calhr.ca.gov,,08/06/2024,,,True,
2023,State Department,"Environmental Health Hazard Assessment, Office of",,Staff Toxicologist (Specialist),False,False,,103560,129012,,113002,0,0,600,113602,37438,0,0,17225,54663,Public Employees Retirement System,https://www.calhr.ca.gov,,08/06/2024,,,True,
2023,State Department,"Environmental Health Hazard Assessment, Office of",,Research Scientist III (Epidemiology/Biostatistics),False,False,,93732,117324,,111626,0,0,600,112226,37544,0,0,22698,60242,Public Employees Retirement System,https://www.calhr.ca.gov,,08/06/2024,,,True,
2023,State Department,"Environmental Health Hazard Assessment, Office of",,Research Scientist III (Epidemiology/Biostatistics),False,False,,93732,117324,,110170,0,0,600,110770,37117,0,0,22767,59884,Public Employees Retirement System,https://www.calhr.ca.gov,,08/06/2024,,,True,
2023,State Department,"Environmental Health Hazard Assessment, Office of",,Staff Toxicologist (Specialist),False,False,,103560,129012,,109577,0,0,600,110177,38842,0,0,22698,61540,Public Employees Retirement System,https://www.calhr.ca.gov,,08/06/2024,,,True,
2023,State Department,"Environmental Health Hazard Assessment, Office of",,Research Scientist Supervisor I(Epidemiology/Biostatistics),False,False,,107808,134352,,107932,0,0,1603,109535,34317,0,0,1876,36193,Public Employees Retirement System,https://www.calhr.ca.gov,,08/06/2024,,,True,
2023,State Department,"Environmental Health Hazard Assessment, Office of",,Staff Toxicologist (Specialist),False,False,,103560,129012,,107852,0,0,550,108402,34904,0,0,8822,43726,Public Employees Retirement System,https://www.calhr.ca.gov,,08/06/2024,,,True,
2023,State Department,"Environmental Health Hazard Assessment, Office of",,Staff Toxicologist (Specialist),False,False,,103560,129012,,106775,0,0,1234,108009,36250,0,0,22698,58948,Public Employees Retirement System,https://www.calhr.ca.gov,,08/06/2024,,,True,
2023,State Department,"Environmental Health Hazard Assessment, Office of",,Staff Services Manager II (Supervisory),False,False,,89040,110628,,105809,0,0,600,106409,34539,0,0,2945,37484,Public Employees Retirement System,https://www.calhr.ca.gov,,08/06/2024,,,True,
2023,State Department,"Environmental Health Hazard Assessment, Office of",,Research Scientist III (Epidemiology/Biostatistics),False,False,,93732,117324,,105735,0,0,600,106335,37117,0,0,22343,59460,Public Employees Retirement System,https://www.calhr.ca.gov,,08/06/2024,,,True,
2023,State Department,"Environmental Health Hazard Assessment, Office of",,Senior Environmental Scientist(Specialist),False,False,,88032,109512,,100830,0,0,5051,105881,35044,0,0,17186,52230,Public Employees Retirement System,https://www.calhr.ca.gov,,08/06/2024,,,True,
2023,State Department,"Environmental Health Hazard Assessment, Office of",,Research Scientist II (Epidemiology/Biostatistics),False,False,,85824,106668,,104420,0,0,600,105020,33629,0,0,1905,35534,Public Employees Retirement System,https://www.calhr.ca.gov,,08/06/2024,,,True,
2023,State Department,"Environmental Health Hazard Assessment, Office of",,"Administrative Assistant II, Range A",False,False,,68208,85368,,78956,0,21908,2420,103284,26854,0,0,8861,35716,Public Employees Retirement System,https://www.calhr.ca.gov,,08/06/2024,,,True,
2023,State Department,"Environmental Health Hazard Assessment, Office of",,Senior Environmental Scientist(Specialist),False,False,,88032,109512,,101423,0,0,600,102023,35044,0,0,22343,57386,Public Employees Retirement System,https://www.calhr.ca.gov,,08/06/2024,,,True,
2023,State Department,"Environmental Health Hazard Assessment, Office of",,Senior Environmental Scientist(Specialist),False,False,,88032,109512,,101646,0,0,150,101796,31924,0,0,1816,33740,Public Employees Retirement System,https://www.calhr.ca.gov,,08/06/2024,,,True,
2023,State Department,"Environmental Health Hazard Assessment, Office of",,"Associate Toxicologist, Range B",False,False,,85824,106668,,101112,0,0,600,101712,34134,0,0,17567,51700,Public Employees Retirement System,https://www.calhr.ca.gov,,08/06/2024,,,True,
2023,State Department,"Environmental Health Hazard Assessment, Office of",,Environmental Program Manager I (Supervisory),False,False,,143352,178212,,98644,0,0,150,98794,34134,0,0,22698,56832,Public Employees Retirement System,https://www.calhr.ca.gov,,08/06/2024,,,True,
2023,State Department,"Environmental Health Hazard Assessment, Office of",,Information Technology Supervisor II,False,False,,96192,128892,,95348,0,0,2420,97768,32872,0,0,23260,56132,Public Employees Retirement System,https://www.calhr.ca.gov,,08/06/2024,,,True,
2023,State Department,"Environmental Health Hazard Assessment, Office of",,Staff Services Manager I,False,False,,81120,100776,,91843,0,0,5866,97708,31700,0,0,18217,49916,Public Employees Retirement System,https://www.calhr.ca.gov,,08/06/2024,,,True,
2023,State Department,"Environmental Health Hazard Assessment, Office of",,"Public Health Medical Officer II, Range C",False,False,,156156,214236,,90792,0,0,1950,92742,28895,0,0,1897,30791,Public Employees Retirement System,https://www.calhr.ca.gov,,08/06/2024,,,True,
2023,State Department,"Environmental Health Hazard Assessment, Office of",,"Information Technology Associate, Range D",False,False,,73764,98856,,88662,0,0,2420,91082,31096,0,0,21972,53069,Public Employees Retirement System,https://www.calhr.ca.gov,,08/06/2024,,,True,
2023,State Department,"Environmental Health Hazard Assessment, Office of",,Health Program Specialist II,False,False,,82296,103008,,88489,0,0,2464,90953,31174,0,0,22767,53941,Public Employees Retirement System,https://www.calhr.ca.gov,,08/06/2024,,,True,
2023,State Department,"Environmental Health Hazard Assessment, Office of",,Staff Services Manager I,False,False,,81120,100776,,88381,0,0,2420,90801,29788,0,0,9397,39184,Public Employees Retirement System,https://www.calhr.ca.gov,,08/06/2024,,,True,
2023,State Department,"Environmental Health Hazard Assessment, Office of",,Research Scientist III (Epidemiology/Biostatistics),False,False,,93732,117324,,90077,0,0,600,90677,28138,0,0,1816,29954,Public Employees Retirement System,https://www.calhr.ca.gov,,08/06/2024,,,True,
2023,State Department,"Environmental Health Hazard Assessment, Office of",,Staff Services Manager I,False,False,,81120,100776,,82373,239,0,6317,88930,27660,0,0,9316,36976,Public Employees Retirement System,https://www.calhr.ca.gov,,08/06/2024,,,True,
2023,State Department,"Environmental Health Hazard Assessment, Office of",,"Information Technology Specialist I, Range A",False,False,,73668,98736,,87402,0,0,500,87902,29146,0,0,136,29282,Public Employees Retirement System,https://www.calhr.ca.gov,,08/06/2024,,,True,
2023,State Department,"Environmental Health Hazard Assessment, Office of",,Research Scientist II (Epidemiology/Biostatistics),False,False,,85824,106668,,86893,0,0,500,87393,28705,0,0,8637,37342,Public Employees Retirement System,https://www.calhr.ca.gov,,08/06/2024,,,True,
2023,State Department,"Environmental Health Hazard Assessment, Office of",,"Associate Toxicologist, Range B",False,False,,85824,106668,,86034,0,0,587,86621,27587,0,0,8693,36280,Public Employees Retirement System,https://www.calhr.ca.gov,,08/06/2024,,,True,
2023,State Department,"Environmental Health Hazard Assessment, Office of",,"Environmental Scientist, Range C",False,False,,76500,95112,,85716,0,0,600,86316,28699,0,0,8822,37521,Public Employees Retirement System,https://www.calhr.ca.gov,,08/06/2024,,,True,
2023,State Department,"Environmental Health Hazard Assessment, Office of",,Staff Toxicologist (Specialist),False,False,,103560,129012,,84726,0,0,400,85126,37710,0,0,8637,46347,Public Employees Retirement System,https://www.calhr.ca.gov,,08/06/2024,,,True,
2023,State Department,"Environmental Health Hazard Assessment, Office of",,"Senior Librarian, Range A",False,False,,70704,88488,,81909,0,0,2420,84329,27835,0,0,8822,36657,Public Employees Retirement System,https://www.calhr.ca.gov,,08/06/2024,,,True,
2023,State Department,"Environmental Health Hazard Assessment, Office of",,"Associate Governmental Program Analyst, Range A",False,False,,68208,85368,,83439,0,0,600,84039,27090,0,0,1816,28906,Public Employees Retirement System,https://www.calhr.ca.gov,,08/06/2024,,,True,
2023,State Department,"Environmental Health Hazard Assessment, Office of",,"Associate Governmental Program Analyst, Range A",False,False,,68208,85368,,82733,0,0,550,83283,26854,0,0,1816,28670,Public Employees Retirement System,https://www.calhr.ca.gov,,08/06/2024,,,True,
2023,State Department,"Environmental Health Hazard Assessment, Office of",,"Associate Business Management Analyst, Range A",False,False,,68208,85368,,77179,0,0,5559,82738,26854,0,0,8861,35716,Public Employees Retirement System,https://www.calhr.ca.gov,,08/06/2024,,,True,
2023,State Department,"Environmental Health Hazard Assessment, Office of",,"Associate Toxicologist, Range B",False,False,,85824,106668,,80956,0,0,600,81556,26890,0,0,17151,44041,Public Employees Retirement System,https://www.calhr.ca.gov,,08/06/2024,,,True,
2023,State Department,"Environmental Health Hazard Assessment, Office of",,"Associate Governmental Program Analyst, Range A",False,False,,68208,85368,,75814,0,0,5559,81374,26854,0,0,22698,49553,Public Employees Retirement System,https://www.calhr.ca.gov,,08/06/2024,,,True,
2023,State Department,"Environmental Health Hazard Assessment, Office of",,"Associate Governmental Program Analyst, Range A",False,False,,68208,85368,,78102,0,0,2420,80522,26854,0,0,9217,36071,Public Employees Retirement System,https://www.calhr.ca.gov,,08/06/2024,,,True,
2023,State Department,"Environmental Health Hazard Assessment, Office of",,"Associate Governmental Program Analyst, Range A",False,False,,68208,85368,,77783,0,0,2420,80203,27622,0,0,22767,50389,Public Employees Retirement System,https://www.calhr.ca.gov,,08/06/2024,,,True,
2023,State Department,"Environmental Health Hazard Assessment, Office of",,"Information Technology Specialist I, Range A",False,False,,73668,98736,,77251,0,0,2420,79671,26295,0,0,8861,35156,Public Employees Retirement System,https://www.calhr.ca.gov,,08/06/2024,,,True,
2023,State Department,"Environmental Health Hazard Assessment, Office of",,"Senior Accounting Officer (Specialist), Range A",False,False,,68208,85368,,76992,0,0,2420,79412,26249,0,0,9217,35466,Public Employees Retirement System,https://www.calhr.ca.gov,,08/06/2024,,,True,
2023,State Department,"Environmental Health Hazard Assessment, Office of",,"Associate Governmental Program Analyst, Range A",False,False,,68208,85368,,75764,399,0,2420,78582,26854,0,0,22767,49621,Public Employees Retirement System,https://www.calhr.ca.gov,,08/06/2024,,,True,
2023,State Department,"Environmental Health Hazard Assessment, Office of",,"Associate Toxicologist, Range B",False,False,,85824,106668,,77217,0,0,-509,76708,24746,0,0,7443,32189,Public Employees Retirement System,https://www.calhr.ca.gov,,08/06/2024,,,True,
2023,State Department,"Environmental Health Hazard Assessment, Office of",,"Associate Personnel Analyst, Range A",False,False,,68208,85368,,72054,0,0,1421,73475,24142,0,0,8111,32252,Public Employees Retirement System,https://www.calhr.ca.gov,,08/06/2024,,,True,
2023,State Department,"Environmental Health Hazard Assessment, Office of",,"Senior Personnel Specialist, Range A",False,False,,64056,80268,,68207,0,0,4820,73027,24555,0,0,22698,47253,Public Employees Retirement System,https://www.calhr.ca.gov,,08/06/2024,,,True,
2023,State Department,"Environmental Health Hazard Assessment, Office of",,"Accounting Officer (Specialist), Range A",False,False,,59568,74556,,66484,0,0,5162,71646,23453,0,0,17567,41019,Public Employees Retirement System,https://www.calhr.ca.gov,,08/06/2024,,,True,
2023,State Department,"Environmental Health Hazard Assessment, Office of",,"Associate Budget Analyst, Range A",False,False,,68208,85368,,68705,0,0,2420,71125,24727,0,0,22767,47494,Public Employees Retirement System,https://www.calhr.ca.gov,,08/06/2024,,,True,
2023,State Department,"Environmental Health Hazard Assessment, Office of",,"Information Technology Associate, Range B",False,False,,61356,82224,,68367,0,0,2420,70787,24372,0,0,21544,45916,Public Employees Retirement System,https://www.calhr.ca.gov,,08/06/2024,,,True,
2023,State Department,"Environmental Health Hazard Assessment, Office of",,Senior Toxicologist,False,False,,143244,178080,,66150,0,0,0,66150,0,0,0,0,0,,https://www.calhr.ca.gov,,08/06/2024,,,True,
2023,State Department,"Environmental Health Hazard Assessment, Office of",,Research Scientist III (Epidemiology/Biostatistics),False,False,,93732,117324,,45378,0,0,18100,63478,12157,0,0,617,12773,Public Employees Retirement System,https://www.calhr.ca.gov,,08/06/2024,,,True,
2023,State Department,"Environmental Health Hazard Assessment, Office of",,Environmental Program Manager I (Supervisory),False,False,,143352,178212,,63174,0,0,-1,63172,20801,0,0,4695,25496,Public Employees Retirement System,https://www.calhr.ca.gov,,08/06/2024,,,True,
2023,State Department,"Environmental Health Hazard Assessment, Office of",,Staff Toxicologist (Specialist),False,False,,103560,129012,,62208,0,0,600,62808,20407,0,0,17922,38330,Public Employees Retirement System,https://www.calhr.ca.gov,,08/06/2024,,,True,
2023,State Department,"Environmental Health Hazard Assessment, Office of",,Research Scientist I (Epidemiology/Biostatistics),False,False,,78144,97116,,62161,0,0,231,62391,21307,0,0,14324,35631,Public Employees Retirement System,https://www.calhr.ca.gov,,08/06/2024,,,True,
2023,State Department,"Environmental Health Hazard Assessment, Office of",,"Attorney IV, Range A",False,False,,139728,179448,,57783,0,0,0,57783,0,0,0,0,0,,https://www.calhr.ca.gov,,08/06/2024,,,True,
2023,State Department,"Environmental Health Hazard Assessment, Office of",,Staff Toxicologist (Specialist),False,False,,103560,129012,,56241,0,1070,100,57410,18773,0,0,11349,30122,Public Employees Retirement System,https://www.calhr.ca.gov,,08/06/2024,,,True,
2023,State Department,"Environmental Health Hazard Assessment, Office of",,"Management Services Technician, Range B",False,False,,45432,56916,,53173,0,0,600,53773,17508,0,0,1816,19323,Public Employees Retirement System,https://www.calhr.ca.gov,,08/06/2024,,,True,
2023,State Department,"Environmental Health Hazard Assessment, Office of",,Staff Toxicologist (Specialist),False,False,,103560,129012,,53320,0,0,200,53520,16733,0,0,617,17349,Public Employees Retirement System,https://www.calhr.ca.gov,,08/06/2024,,,True,
2023,State Department,"Environmental Health Hazard Assessment, Office of",,"Office Technician (Typing), Range A",False,False,,43308,54216,,50330,0,0,600,50930,16675,0,0,136,16811,Public Employees Retirement System,https://www.calhr.ca.gov,,08/06/2024,,,True,
2023,State Department,"Environmental Health Hazard Assessment, Office of",,"Environmental Scientist, Range B",False,False,"Environmental Scientist, Range B",60444,75000,,49742,0,0,690,50432,15796,0,0,1524,17321,Public Employees Retirement System,https://www.calhr.ca.gov,,08/06/2024,,,True,
2023,State Department,"Environmental Health Hazard Assessment, Office of",,"Accountant I (Specialist), Range A",False,False,,44496,55692,,49231,0,0,600,49831,15754,0,0,1816,17570,Public Employees Retirement System,https://www.calhr.ca.gov,,08/06/2024,,,True,
2023,State Department,"Environmental Health Hazard Assessment, Office of",,Staff Toxicologist (Specialist),False,False,,103560,129012,,48289,0,0,0,48289,0,0,0,0,0,,https://www.calhr.ca.gov,,08/06/2024,,,True,
2023,State Department,"Environmental Health Hazard Assessment, Office of",,Special Assistant,False,False,,78756,97836,,21106,0,26477,670,48253,7595,0,0,2349,9943,Public Employees Retirement System,https://www.calhr.ca.gov,,08/06/2024,,,True,
2023,State Department,"Environmental Health Hazard Assessment, Office of",,"Office Technician (Typing), Range A",False,False,,43308,54216,,36288,0,5836,2320,44444,13222,0,0,14639,27861,Public Employees Retirement System,https://www.calhr.ca.gov,,08/06/2024,,,True,
2023,State Department,"Environmental Health Hazard Assessment, Office of",,"Public Health Medical Officer II, Range C",False,False,,156156,214236,,42608,0,986,200,43793,13476,0,0,1164,14640,Public Employees Retirement System,https://www.calhr.ca.gov,,08/06/2024,,,True,
2023,State Department,"Environmental Health Hazard Assessment, Office of",,"Environmental Scientist, Range A",False,False,,49740,61584,,40367,0,0,835,41202,10430,0,0,919,11350,Public Employees Retirement System,https://www.calhr.ca.gov,,08/06/2024,,,True,
2023,State Department,"Environmental Health Hazard Assessment, Office of",,Information Officer II,False,False,,84816,105396,,40364,0,0,0,40364,0,0,0,0,0,,https://www.calhr.ca.gov,,08/06/2024,,,True,
2023,State Department,"Environmental Health Hazard Assessment, Office of",,"Associate Personnel Analyst, Range L",False,False,,70260,87948,,40105,0,0,0,40105,0,0,0,0,0,,https://www.calhr.ca.gov,,08/06/2024,,,True,
2023,State Department,"Environmental Health Hazard Assessment, Office of",,Research Scientist I (Epidemiology/Biostatistics),False,False,,78144,97116,,36324,0,0,146,36471,12124,0,0,4307,16431,Public Employees Retirement System,https://www.calhr.ca.gov,,08/06/2024,,,True,
2023,State Department,"Environmental Health Hazard Assessment, Office of",,"Associate Governmental Program Analyst, Range A",False,False,,68208,85368,,33478,0,0,0,33478,0,0,0,0,0,,https://www.calhr.ca.gov,,08/06/2024,,,True,
2023,State Department,"Environmental Health Hazard Assessment, Office of",,Health Program Specialist I,False,False,,74916,93780,,31023,0,0,-127,30896,10430,0,0,3579,14009,Public Employees Retirement System,https://www.calhr.ca.gov,,08/06/2024,,,True,
2023,State Department,"Environmental Health Hazard Assessment, Office of",,"Associate Personnel Analyst, Range A",False,False,"Associate Personnel Analyst, Range A",68208,85368,,22283,0,0,0,22283,0,0,0,0,0,,https://www.calhr.ca.gov,,08/06/2024,,,True,
2023,State Department,"Environmental Health Hazard Assessment, Office of",,Supervising Toxicologist (Managerial),False,False,,166248,188856,,21656,0,0,0,21656,0,0,0,0,0,,https://www.calhr.ca.gov,,08/06/2024,,,True,
2023,State Department,"Environmental Health Hazard Assessment, Office of",,Research Scientist I (Epidemiology/Biostatistics),False,False,,78144,97116,,16463,0,0,-54,16410,5372,0,0,2148,7520,Public Employees Retirement System,https://www.calhr.ca.gov,,08/06/2024,,,True,
2023,State Department,"Environmental Health Hazard Assessment, Office of",,Staff Toxicologist (Specialist),False,False,,103560,129012,,13853,0,0,240,14093,4393,0,0,151,4545,Public Employees Retirement System,https://www.calhr.ca.gov,,08/06/2024,,,True,
2023,State Department,"Environmental Health Hazard Assessment, Office of",,"Associate Personnel Analyst, Range A",False,False,,68208,85368,,13469,0,0,0,13469,0,0,0,0,0,,https://www.calhr.ca.gov,,08/06/2024,,,True,
2023,State Department,"Environmental Health Hazard Assessment, Office of",,"Associate Toxicologist, Range A",False,False,,78144,97116,,13141,0,0,0,13141,4168,0,0,11,4179,Public Employees Retirement System,https://www.calhr.ca.gov,,08/06/2024,,,True,
2023,State Department,"Environmental Health Hazard Assessment, Office of",,Senior Environmental Scientist(Specialist),False,False,,88032,109512,,8503,0,0,0,8503,0,0,0,0,0,,https://www.calhr.ca.gov,,08/06/2024,,,True,
2023,State Department,"Environmental Health Hazard Assessment, Office of",,"Associate Personnel Analyst, Range A",False,False,,68208,85368,,7669,0,0,0,7669,0,0,0,0,0,,https://www.calhr.ca.gov,,08/06/2024,,,True,
2023,State Department,"Environmental Health Hazard Assessment, Office of",,Staff Toxicologist (Specialist),False,False,,103560,129012,,6978,0,0,0,6978,0,0,0,0,0,,https://www.calhr.ca.gov,,08/06/2024,,,True,
2023,State Department,"Environmental Health Hazard Assessment, Office of",,"Senior Legal Analyst, Range A",False,False,,71604,89688,,6594,0,0,310,6904,2322,0,0,738,3060,Public Employees Retirement System,https://www.calhr.ca.gov,,08/06/2024,,,True,
2023,State Department,"Environmental Health Hazard Assessment, Office of",,"Member, Science Advisory Board/Office of Environmental Health Hazard Assessment",False,False,,66233,66233,,2063,0,0,0,2063,0,0,0,0,0,,https://www.calhr.ca.gov,,08/06/2024,,,True,
2023,State Department,"Environmental Health Hazard Assessment, Office of",,"Business Service Assistant (Specialist), Range B",False,False,,45432,56916,,1765,0,0,50,1815,582,0,0,0,582,Public Employees Retirement System,https://www.calhr.ca.gov,,08/06/2024,,,True,
2023,State Department,"Environmental Health Hazard Assessment, Office of",,"Member, Science Advisory Board/Office of Environmental Health Hazard Assessment",False,False,,66233,66233,,1605,0,0,0,1605,0,0,0,0,0,,https://www.calhr.ca.gov,,08/06/2024,,,True,
2023,State Department,"Environmental Health Hazard Assessment, Office of",,"Member, Science Advisory Board/Office of Environmental Health Hazard Assessment",False,False,,66233,66233,,1605,0,0,0,1605,0,0,0,0,0,,https://www.calhr.ca.gov,,08/06/2024,,,True,
2023,State Department,"Environmental Health Hazard Assessment, Office of",,"Member, Science Advisory Board/Office of Environmental Health Hazard Assessment",False,False,,66233,66233,,1605,0,0,0,1605,0,0,0,0,0,,https://www.calhr.ca.gov,,08/06/2024,,,True,
2023,State Department,"Environmental Health Hazard Assessment, Office of",,"Member, Science Advisory Board/Office of Environmental Health Hazard Assessment",False,False,,66233,66233,,1376,0,0,0,1376,0,0,0,0,0,,https://www.calhr.ca.gov,,08/06/2024,,,True,
2023,State Department,"Environmental Health Hazard Assessment, Office of",,"Member, Science Advisory Board/Office of Environmental Health Hazard Assessment",False,False,,66233,66233,,1376,0,0,0,1376,0,0,0,0,0,,https://www.calhr.ca.gov,,08/06/2024,,,True,
2023,State Department,"Environmental Health Hazard Assessment, Office of",,"Member, Science Advisory Board/Office of Environmental Health Hazard Assessment",False,False,,66233,66233,,1146,0,0,0,1146,0,0,0,0,0,,https://www.calhr.ca.gov,,08/06/2024,,,True,
2023,State Department,"Environmental Health Hazard Assessment, Office of",,"Member, Science Advisory Board/Office of Environmental Health Hazard Assessment",False,False,,66233,66233,,917,0,0,0,917,0,0,0,0,0,,https://www.calhr.ca.gov,,08/06/2024,,,True,
2023,State Department,"Environmental Health Hazard Assessment, Office of",,"Member, Science Advisory Board/Office of Environmental Health Hazard Assessment",False,False,,66233,66233,,688,0,0,0,688,0,0,0,0,0,,https://www.calhr.ca.gov,,08/06/2024,,,True,
2023,State Department,"Environmental Health Hazard Assessment, Office of",,"Member, Science Advisory Board/Office of Environmental Health Hazard Assessment",False,False,,66233,66233,,459,0,0,0,459,0,0,0,0,0,,https://www.calhr.ca.gov,,08/06/2024,,,True,
2023,State Department,"Environmental Health Hazard Assessment, Office of",,"Member, Science Advisory Board/Office of Environmental Health Hazard Assessment",False,False,,66233,66233,,459,0,0,0,459,0,0,0,0,0,,https://www.calhr.ca.gov,,08/06/2024,,,True,

