﻿Year,EmployerType,EmployerName,DepartmentOrSubdivision,Position,ElectedOfficial,Judicial,OtherPositions,MinPositionSalary,MaxPositionSalary,ReportedBaseWage,RegularPay,OvertimePay,LumpSumPay,OtherPay,TotalWages,DefinedBenefitPlanContribution,EmployeesRetirementCostCovered,DeferredCompensationPlan,HealthDentalVision,TotalRetirementAndHealthContribution,PensionFormula,EmployerURL,EmployerPopulation,LastUpdatedDate,EmployerCounty,SpecialDistrictActivities,IncludesUnfundedLiability,SpecialDistrictType
2023,State Department,Financial Information System for California,,"Director, Department of Fi$Cal",False,False,,212016,212016,,198292,0,0,10337,208629,66692,0,0,23377,90068,Public Employees Retirement System,https://www.calhr.ca.gov,,08/06/2024,,,True,
2023,State Department,Financial Information System for California,,"C.E.A., Range C",False,False,,117060,241728,,175796,0,0,7473,183269,57727,0,0,3450,61177,Public Employees Retirement System,https://www.calhr.ca.gov,,08/06/2024,,,True,
2023,State Department,Financial Information System for California,,"Attorney IV, Range A",False,False,,139728,179448,,158045,0,0,12649,170694,46654,0,0,1606,48260,Public Employees Retirement System,https://www.calhr.ca.gov,,08/06/2024,,,True,
2023,State Department,Financial Information System for California,,"C.E.A., Range B",False,False,,117060,241728,,158867,0,0,8920,167787,54330,0,0,23377,77707,Public Employees Retirement System,https://www.calhr.ca.gov,,08/06/2024,,,True,
2023,State Department,Financial Information System for California,,Staff Services Manager II (Managerial),False,False,,98580,111972,,104289,0,46134,6651,157074,36501,0,0,25480,61981,Public Employees Retirement System,https://www.calhr.ca.gov,,08/06/2024,,,True,
2023,State Department,Financial Information System for California,,"C.E.A., Range B",False,False,,117060,241728,,140023,0,0,8139,148162,48087,0,0,23377,71464,Public Employees Retirement System,https://www.calhr.ca.gov,,08/06/2024,,,True,
2023,State Department,Financial Information System for California,,"C.E.A., Range B",False,False,,117060,241728,,144774,0,0,2420,147194,46733,0,0,18217,64950,Public Employees Retirement System,https://www.calhr.ca.gov,,08/06/2024,,,True,
2023,State Department,Financial Information System for California,,Information Technology Manager II,False,False,,128808,156576,,137569,0,0,7999,145568,47381,0,0,23377,70758,Public Employees Retirement System,https://www.calhr.ca.gov,,08/06/2024,,,True,
2023,State Department,Financial Information System for California,,"C.E.A., Range A",False,False,,117060,241728,,143076,0,0,600,143676,46995,0,0,3450,50445,Public Employees Retirement System,https://www.calhr.ca.gov,,08/06/2024,,,True,
2023,State Department,Financial Information System for California,,Information Technology Manager II,False,False,,128808,156576,,143013,0,0,600,143613,47381,0,0,1767,49147,Public Employees Retirement System,https://www.calhr.ca.gov,,08/06/2024,,,True,
2023,State Department,Financial Information System for California,,Information Technology Manager II,False,False,,128808,156576,,134634,0,0,7733,142367,45876,0,0,18217,64093,Public Employees Retirement System,https://www.calhr.ca.gov,,08/06/2024,,,True,
2023,State Department,Financial Information System for California,,"C.E.A., Range A",False,False,,117060,241728,,134138,0,0,7866,142004,45679,0,0,18217,63896,Public Employees Retirement System,https://www.calhr.ca.gov,,08/06/2024,,,True,
2023,State Department,Financial Information System for California,,"C.E.A., Range A",False,False,,117060,241728,,133217,0,0,7861,141078,45832,0,0,23377,69209,Public Employees Retirement System,https://www.calhr.ca.gov,,08/06/2024,,,True,
2023,State Department,Financial Information System for California,,Information Technology Manager II,False,False,,128808,156576,,140105,0,0,400,140505,46418,0,0,1890,48308,Public Employees Retirement System,https://www.calhr.ca.gov,,08/06/2024,,,True,
2023,State Department,Financial Information System for California,,Information Technology Manager I,False,False,,106188,142284,,130791,0,0,7733,138524,44758,0,0,19077,63835,Public Employees Retirement System,https://www.calhr.ca.gov,,08/06/2024,,,True,
2023,State Department,Financial Information System for California,,Information Technology Manager I,False,False,,106188,142284,,130264,0,0,7733,137997,44758,0,0,22517,67275,Public Employees Retirement System,https://www.calhr.ca.gov,,08/06/2024,,,True,
2023,State Department,Financial Information System for California,,Information Technology Manager I,False,False,,106188,142284,,129975,0,0,7733,137708,44758,0,0,23377,68135,Public Employees Retirement System,https://www.calhr.ca.gov,,08/06/2024,,,True,
2023,State Department,Financial Information System for California,,Information Technology Manager I,False,False,,106188,142284,,129975,0,0,7733,137708,44758,0,0,23377,68135,Public Employees Retirement System,https://www.calhr.ca.gov,,08/06/2024,,,True,
2023,State Department,Financial Information System for California,,Information Technology Manager I,False,False,,106188,142284,,136849,0,0,600,137449,44500,0,0,1996,46496,Public Employees Retirement System,https://www.calhr.ca.gov,,08/06/2024,,,True,
2023,State Department,Financial Information System for California,,Information Technology Manager I,False,False,,106188,142284,,129648,0,0,7733,137381,44758,0,0,23377,68135,Public Employees Retirement System,https://www.calhr.ca.gov,,08/06/2024,,,True,
2023,State Department,Financial Information System for California,,Information Technology Manager I,False,False,,106188,142284,,129627,0,0,7733,137360,44498,0,0,23377,67874,Public Employees Retirement System,https://www.calhr.ca.gov,,08/06/2024,,,True,
2023,State Department,Financial Information System for California,,Information Technology Manager I,False,False,,106188,142284,,128470,0,0,7733,136203,44367,0,0,23377,67744,Public Employees Retirement System,https://www.calhr.ca.gov,,08/06/2024,,,True,
2023,State Department,Financial Information System for California,,Information Technology Manager I,False,False,,106188,142284,,131257,0,0,2420,133677,44758,0,0,18217,62975,Public Employees Retirement System,https://www.calhr.ca.gov,,08/06/2024,,,True,
2023,State Department,Financial Information System for California,,Information Technology Manager I,False,False,,106188,142284,,130369,0,0,2420,132789,44283,0,0,23377,67660,Public Employees Retirement System,https://www.calhr.ca.gov,,08/06/2024,,,True,
2023,State Department,Financial Information System for California,,Information Technology Manager I,False,False,,106188,142284,,130027,0,0,2420,132447,44283,0,0,23377,67660,Public Employees Retirement System,https://www.calhr.ca.gov,,08/06/2024,,,True,
2023,State Department,Financial Information System for California,,"Information Technology Specialist II, Range A",False,False,,97560,130716,,125645,0,0,5481,131126,41119,0,0,2202,43321,Public Employees Retirement System,https://www.calhr.ca.gov,,08/06/2024,,,True,
2023,State Department,Financial Information System for California,,Information Technology Manager I,False,False,,106188,142284,,128508,0,0,2420,130928,43110,0,0,18217,61327,Public Employees Retirement System,https://www.calhr.ca.gov,,08/06/2024,,,True,
2023,State Department,Financial Information System for California,,Information Technology Manager I,False,False,,106188,142284,,128314,0,0,2420,130734,44758,0,0,23377,68135,Public Employees Retirement System,https://www.calhr.ca.gov,,08/06/2024,,,True,
2023,State Department,Financial Information System for California,,Information Technology Manager I,False,False,,106188,142284,,127673,0,0,2082,129755,42396,0,0,17956,60352,Public Employees Retirement System,https://www.calhr.ca.gov,,08/06/2024,,,True,
2023,State Department,Financial Information System for California,,Staff Services Manager I,False,False,,81120,100776,,86984,0,36441,6133,129559,29012,0,0,8614,37626,Public Employees Retirement System,https://www.calhr.ca.gov,,08/06/2024,,,True,
2023,State Department,Financial Information System for California,,"Information Technology Specialist II, Range A",False,False,,97560,130716,,123741,0,0,5481,129222,41119,0,0,935,42054,Public Employees Retirement System,https://www.calhr.ca.gov,,08/06/2024,,,True,
2023,State Department,Financial Information System for California,,"Information Technology Specialist II, Range A",False,False,,97560,130716,,121777,0,0,7301,129078,41119,0,0,9203,50322,Public Employees Retirement System,https://www.calhr.ca.gov,,08/06/2024,,,True,
2023,State Department,Financial Information System for California,,Information Technology Manager II,False,False,,128808,156576,,126267,0,0,2420,128687,43509,0,0,23377,66885,Public Employees Retirement System,https://www.calhr.ca.gov,,08/06/2024,,,True,
2023,State Department,Financial Information System for California,,"C.E.A., Range A",False,False,,117060,241728,,119592,0,0,7325,126917,41318,0,0,23377,64695,Public Employees Retirement System,https://www.calhr.ca.gov,,08/06/2024,,,True,
2023,State Department,Financial Information System for California,,"Information Technology Specialist I, Range C",False,False,,88956,119184,,114840,0,11371,500,126711,37492,0,0,1816,39307,Public Employees Retirement System,https://www.calhr.ca.gov,,08/06/2024,,,True,
2023,State Department,Financial Information System for California,,"Information Technology Specialist II, Range A",False,False,,97560,130716,,118528,0,0,7301,125829,41119,0,0,22698,63817,Public Employees Retirement System,https://www.calhr.ca.gov,,08/06/2024,,,True,
2023,State Department,Financial Information System for California,,"Information Technology Specialist II, Range A",False,False,,97560,130716,,118528,0,0,7301,125829,41119,0,0,22698,63817,Public Employees Retirement System,https://www.calhr.ca.gov,,08/06/2024,,,True,
2023,State Department,Financial Information System for California,,"Information Technology Specialist II, Range A",False,False,,97560,130716,,118520,0,0,7301,125821,41119,0,0,22767,63886,Public Employees Retirement System,https://www.calhr.ca.gov,,08/06/2024,,,True,
2023,State Department,Financial Information System for California,,"Information Technology Specialist II, Range A",False,False,,97560,130716,,118505,0,0,7301,125806,41119,0,0,22767,63886,Public Employees Retirement System,https://www.calhr.ca.gov,,08/06/2024,,,True,
2023,State Department,Financial Information System for California,,"Information Technology Specialist II, Range A",False,False,,97560,130716,,118178,0,0,7301,125479,41119,0,0,22767,63886,Public Employees Retirement System,https://www.calhr.ca.gov,,08/06/2024,,,True,
2023,State Department,Financial Information System for California,,Information Technology Manager I,False,False,,106188,142284,,121977,0,0,2715,124692,42725,0,0,18217,60942,Public Employees Retirement System,https://www.calhr.ca.gov,,08/06/2024,,,True,
2023,State Department,Financial Information System for California,,"Information Technology Specialist II, Range A",False,False,,97560,130716,,118748,0,0,5273,124021,38820,0,0,1816,40636,Public Employees Retirement System,https://www.calhr.ca.gov,,08/06/2024,,,True,
2023,State Department,Financial Information System for California,,"Information Technology Specialist II, Range A",False,False,,97560,130716,,121392,0,0,2420,123812,41119,0,0,22767,63886,Public Employees Retirement System,https://www.calhr.ca.gov,,08/06/2024,,,True,
2023,State Department,Financial Information System for California,,"Information Technology Specialist II, Range A",False,False,,97560,130716,,122939,0,0,600,123539,41119,0,0,1816,42935,Public Employees Retirement System,https://www.calhr.ca.gov,,08/06/2024,,,True,
2023,State Department,Financial Information System for California,,"Information Technology Specialist II, Range A",False,False,,97560,130716,,122876,0,0,600,123476,40153,0,0,1816,41969,Public Employees Retirement System,https://www.calhr.ca.gov,,08/06/2024,,,True,
2023,State Department,Financial Information System for California,,Accounting Administrator III,False,False,,108264,122916,,116285,0,0,7010,123295,38666,0,0,9397,48062,Public Employees Retirement System,https://www.calhr.ca.gov,,08/06/2024,,,True,
2023,State Department,Financial Information System for California,,"Information Technology Specialist II, Range A",False,False,,97560,130716,,122338,0,0,550,122888,41119,0,0,949,42068,Public Employees Retirement System,https://www.calhr.ca.gov,,08/06/2024,,,True,
2023,State Department,Financial Information System for California,,"Information Technology Specialist II, Range A",False,False,,97560,130716,,120010,0,0,2420,122430,41119,0,0,17567,58686,Public Employees Retirement System,https://www.calhr.ca.gov,,08/06/2024,,,True,
2023,State Department,Financial Information System for California,,Accounting Administrator III,False,False,,108264,122916,,115276,0,0,7060,122336,38592,0,0,9397,47988,Public Employees Retirement System,https://www.calhr.ca.gov,,08/06/2024,,,True,
2023,State Department,Financial Information System for California,,"Information Technology Specialist II, Range A",False,False,,97560,130716,,119255,0,0,2420,121675,41119,0,0,22074,63193,Public Employees Retirement System,https://www.calhr.ca.gov,,08/06/2024,,,True,
2023,State Department,Financial Information System for California,,"Information Technology Specialist II, Range A",False,False,,97560,130716,,112908,0,0,7093,120001,39261,0,0,22698,61960,Public Employees Retirement System,https://www.calhr.ca.gov,,08/06/2024,,,True,
2023,State Department,Financial Information System for California,,"Information Technology Specialist I, Range C",False,False,,88956,119184,,114840,0,0,5051,119891,37492,0,0,1816,39307,Public Employees Retirement System,https://www.calhr.ca.gov,,08/06/2024,,,True,
2023,State Department,Financial Information System for California,,"Information Technology Specialist I, Range C",False,False,,88956,119184,,114840,0,0,5051,119891,37492,0,0,1816,39307,Public Employees Retirement System,https://www.calhr.ca.gov,,08/06/2024,,,True,
2023,State Department,Financial Information System for California,,"Information Technology Specialist I, Range C",False,False,,88956,119184,,114840,0,0,5051,119891,37492,0,0,1816,39307,Public Employees Retirement System,https://www.calhr.ca.gov,,08/06/2024,,,True,
2023,State Department,Financial Information System for California,,Information Technology Supervisor II,False,False,,96192,128892,,117467,0,0,2420,119887,39466,0,0,9397,48863,Public Employees Retirement System,https://www.calhr.ca.gov,,08/06/2024,,,True,
2023,State Department,Financial Information System for California,,Information Technology Supervisor II,False,False,,96192,128892,,117257,0,0,2420,119677,40544,0,0,23377,63921,Public Employees Retirement System,https://www.calhr.ca.gov,,08/06/2024,,,True,
2023,State Department,Financial Information System for California,,"Information Technology Specialist II, Range A",False,False,,97560,130716,,114870,0,0,4721,119591,38427,0,0,8748,47175,Public Employees Retirement System,https://www.calhr.ca.gov,,08/06/2024,,,True,
2023,State Department,Financial Information System for California,,"Information Technology Specialist I, Range C",False,False,,88956,119184,,114513,0,0,5051,119564,37492,0,0,1816,39307,Public Employees Retirement System,https://www.calhr.ca.gov,,08/06/2024,,,True,
2023,State Department,Financial Information System for California,,"Information Technology Specialist II, Range A",False,False,,97560,130716,,116852,0,0,2420,119272,40467,0,0,22767,63233,Public Employees Retirement System,https://www.calhr.ca.gov,,08/06/2024,,,True,
2023,State Department,Financial Information System for California,,"Information Technology Specialist II, Range A",False,False,,97560,130716,,114112,0,0,4618,118730,38329,0,0,6642,44971,Public Employees Retirement System,https://www.calhr.ca.gov,,08/06/2024,,,True,
2023,State Department,Financial Information System for California,,Staff Services Manager III,False,False,,108264,122916,,111259,0,0,7010,118269,38666,0,0,23377,62042,Public Employees Retirement System,https://www.calhr.ca.gov,,08/06/2024,,,True,
2023,State Department,Financial Information System for California,,"Information Technology Specialist I, Range C",False,False,,88956,119184,,113160,0,0,5051,118211,37492,0,0,136,37627,Public Employees Retirement System,https://www.calhr.ca.gov,,08/06/2024,,,True,
2023,State Department,Financial Information System for California,,"Information Technology Specialist I, Range C",False,False,,88956,119184,,111195,0,0,6871,118066,37492,0,0,8404,45895,Public Employees Retirement System,https://www.calhr.ca.gov,,08/06/2024,,,True,
2023,State Department,Financial Information System for California,,"Information Technology Specialist I, Range C",False,False,,88956,119184,,111062,0,0,6871,117933,37492,0,0,8861,46353,Public Employees Retirement System,https://www.calhr.ca.gov,,08/06/2024,,,True,
2023,State Department,Financial Information System for California,,"Information Technology Specialist I, Range C",False,False,,88956,119184,,110955,0,0,6871,117826,37492,0,0,8822,46314,Public Employees Retirement System,https://www.calhr.ca.gov,,08/06/2024,,,True,
2023,State Department,Financial Information System for California,,"Information Technology Specialist I, Range C",False,False,,88956,119184,,110925,0,0,6871,117796,37492,0,0,9217,46708,Public Employees Retirement System,https://www.calhr.ca.gov,,08/06/2024,,,True,
2023,State Department,Financial Information System for California,,"Information Technology Specialist II, Range A",False,False,,97560,130716,,115224,0,0,2420,117644,40140,0,0,22767,62907,Public Employees Retirement System,https://www.calhr.ca.gov,,08/06/2024,,,True,
2023,State Department,Financial Information System for California,,Accounting Administrator III,False,False,,108264,122916,,112616,0,0,4938,117554,36694,0,0,1996,38690,Public Employees Retirement System,https://www.calhr.ca.gov,,08/06/2024,,,True,
2023,State Department,Financial Information System for California,,"Information Technology Specialist II, Range A",False,False,,97560,130716,,115120,0,0,2420,117540,38876,0,0,8861,47737,Public Employees Retirement System,https://www.calhr.ca.gov,,08/06/2024,,,True,
2023,State Department,Financial Information System for California,,"Information Technology Specialist II, Range A",False,False,,97560,130716,,114139,0,0,2420,116559,41119,0,0,17922,59041,Public Employees Retirement System,https://www.calhr.ca.gov,,08/06/2024,,,True,
2023,State Department,Financial Information System for California,,"Information Technology Specialist I, Range C",False,False,,88956,119184,,109095,0,0,6871,115966,37492,0,0,17581,55072,Public Employees Retirement System,https://www.calhr.ca.gov,,08/06/2024,,,True,
2023,State Department,Financial Information System for California,,Information Technology Supervisor II,False,False,,96192,128892,,112346,0,0,2830,115176,38566,0,0,18647,57213,Public Employees Retirement System,https://www.calhr.ca.gov,,08/06/2024,,,True,
2023,State Department,Financial Information System for California,,Information Technology Manager II,False,False,,128808,156576,,102921,0,11749,400,115070,33698,0,0,2350,36048,Public Employees Retirement System,https://www.calhr.ca.gov,,08/06/2024,,,True,
2023,State Department,Financial Information System for California,,"Information Technology Specialist I, Range C",False,False,,88956,119184,,114468,0,0,600,115068,37368,0,0,1816,39184,Public Employees Retirement System,https://www.calhr.ca.gov,,08/06/2024,,,True,
2023,State Department,Financial Information System for California,,"Information Technology Specialist I, Range C",False,False,,88956,119184,,107921,0,0,6871,114792,37492,0,0,22698,60190,Public Employees Retirement System,https://www.calhr.ca.gov,,08/06/2024,,,True,
2023,State Department,Financial Information System for California,,"Information Technology Specialist I, Range C",False,False,,88956,119184,,109915,0,0,4839,114754,35859,0,0,1816,37675,Public Employees Retirement System,https://www.calhr.ca.gov,,08/06/2024,,,True,
2023,State Department,Financial Information System for California,,"Information Technology Specialist I, Range C",False,False,,88956,119184,,112126,0,0,2345,114471,37492,0,0,8637,46129,Public Employees Retirement System,https://www.calhr.ca.gov,,08/06/2024,,,True,
2023,State Department,Financial Information System for California,,"Information Technology Specialist I, Range C",False,False,,88956,119184,,107556,0,0,6871,114427,37492,0,0,22767,60258,Public Employees Retirement System,https://www.calhr.ca.gov,,08/06/2024,,,True,
2023,State Department,Financial Information System for California,,"Information Technology Specialist I, Range C",False,False,,88956,119184,,107556,0,0,6871,114427,37492,0,0,22767,60258,Public Employees Retirement System,https://www.calhr.ca.gov,,08/06/2024,,,True,
2023,State Department,Financial Information System for California,,Information Technology Manager I,False,False,,106188,142284,,111928,0,0,2420,114348,38894,0,0,23233,62126,Public Employees Retirement System,https://www.calhr.ca.gov,,08/06/2024,,,True,
2023,State Department,Financial Information System for California,,"Information Technology Specialist II, Range A",False,False,,97560,130716,,109422,0,0,4857,114279,35764,0,0,1816,37580,Public Employees Retirement System,https://www.calhr.ca.gov,,08/06/2024,,,True,
2023,State Department,Financial Information System for California,,"Information Technology Specialist II, Range A",False,False,,97560,130716,,111509,0,0,1900,113409,38551,0,0,22074,60625,Public Employees Retirement System,https://www.calhr.ca.gov,,08/06/2024,,,True,
2023,State Department,Financial Information System for California,,"Information Technology Specialist I, Range C",False,False,,88956,119184,,106616,0,0,6780,113396,36149,0,0,22074,58223,Public Employees Retirement System,https://www.calhr.ca.gov,,08/06/2024,,,True,
2023,State Department,Financial Information System for California,,"Information Technology Specialist I, Range C",False,False,,88956,119184,,107579,0,0,5758,113337,37492,0,0,22698,60190,Public Employees Retirement System,https://www.calhr.ca.gov,,08/06/2024,,,True,
2023,State Department,Financial Information System for California,,"Information Technology Specialist I, Range C",False,False,,88956,119184,,106379,0,0,6871,113250,37492,0,0,22698,60190,Public Employees Retirement System,https://www.calhr.ca.gov,,08/06/2024,,,True,
2023,State Department,Financial Information System for California,,"Information Technology Specialist I, Range C",False,False,,88956,119184,,112440,0,0,600,113040,37492,0,0,1816,39307,Public Employees Retirement System,https://www.calhr.ca.gov,,08/06/2024,,,True,
2023,State Department,Financial Information System for California,,"Information Technology Specialist I, Range C",False,False,,88956,119184,,110443,0,0,2420,112863,37492,0,0,22767,60258,Public Employees Retirement System,https://www.calhr.ca.gov,,08/06/2024,,,True,
2023,State Department,Financial Information System for California,,"Information Technology Specialist I, Range C",False,False,,88956,119184,,110257,0,0,2420,112677,37492,0,0,22767,60258,Public Employees Retirement System,https://www.calhr.ca.gov,,08/06/2024,,,True,
2023,State Department,Financial Information System for California,,"Information Technology Specialist I, Range C",False,False,,88956,119184,,105924,0,0,6726,112650,37492,0,0,23082,60574,Public Employees Retirement System,https://www.calhr.ca.gov,,08/06/2024,,,True,
2023,State Department,Financial Information System for California,,"Information Technology Specialist I, Range C",False,False,,88956,119184,,109930,0,0,2420,112350,37492,0,0,22767,60258,Public Employees Retirement System,https://www.calhr.ca.gov,,08/06/2024,,,True,
2023,State Department,Financial Information System for California,,Information Technology Manager I,False,False,,106188,142284,,109137,0,0,2470,111607,36724,0,0,9397,46120,Public Employees Retirement System,https://www.calhr.ca.gov,,08/06/2024,,,True,
2023,State Department,Financial Information System for California,,"Information Technology Specialist I, Range C",False,False,,88956,119184,,109056,0,0,2420,111476,37492,0,0,17581,55072,Public Employees Retirement System,https://www.calhr.ca.gov,,08/06/2024,,,True,
2023,State Department,Financial Information System for California,,"Information Technology Specialist I, Range C",False,False,,88956,119184,,109195,0,0,2120,111315,36763,0,0,8822,45585,Public Employees Retirement System,https://www.calhr.ca.gov,,08/06/2024,,,True,
2023,State Department,Financial Information System for California,,"Information Technology Specialist I, Range C",False,False,,88956,119184,,108853,0,0,2420,111273,37492,0,0,17581,55072,Public Employees Retirement System,https://www.calhr.ca.gov,,08/06/2024,,,True,
2023,State Department,Financial Information System for California,,"Information Technology Specialist I, Range C",False,False,,88956,119184,,108719,0,0,2420,111139,37492,0,0,17581,55072,Public Employees Retirement System,https://www.calhr.ca.gov,,08/06/2024,,,True,
2023,State Department,Financial Information System for California,,"Information Technology Specialist I, Range C",False,False,,88956,119184,,108378,0,0,2420,110798,37492,0,0,17567,55058,Public Employees Retirement System,https://www.calhr.ca.gov,,08/06/2024,,,True,
2023,State Department,Financial Information System for California,,Staff Services Manager III,False,False,,108264,122916,,103987,0,0,6551,110538,35699,0,0,23377,59076,Public Employees Retirement System,https://www.calhr.ca.gov,,08/06/2024,,,True,
2023,State Department,Financial Information System for California,,"Information Technology Specialist I, Range C",False,False,,88956,119184,,109877,0,0,600,110477,36404,0,0,136,36540,Public Employees Retirement System,https://www.calhr.ca.gov,,08/06/2024,,,True,
2023,State Department,Financial Information System for California,,"Information Technology Specialist I, Range C",False,False,,88956,119184,,107893,0,0,2420,110313,37492,0,0,22698,60190,Public Employees Retirement System,https://www.calhr.ca.gov,,08/06/2024,,,True,
2023,State Department,Financial Information System for California,,"Information Technology Specialist I, Range C",False,False,,88956,119184,,107898,0,0,2370,110268,37492,0,0,22767,60258,Public Employees Retirement System,https://www.calhr.ca.gov,,08/06/2024,,,True,
2023,State Department,Financial Information System for California,,"Information Technology Specialist I, Range C",False,False,,88956,119184,,107566,0,0,2420,109986,37492,0,0,22698,60190,Public Employees Retirement System,https://www.calhr.ca.gov,,08/06/2024,,,True,
2023,State Department,Financial Information System for California,,"Information Technology Specialist I, Range C",False,False,,88956,119184,,107556,0,0,2420,109976,37492,0,0,22767,60258,Public Employees Retirement System,https://www.calhr.ca.gov,,08/06/2024,,,True,
2023,State Department,Financial Information System for California,,"Information Technology Specialist I, Range C",False,False,,88956,119184,,107556,0,0,2420,109976,37492,0,0,22767,60258,Public Employees Retirement System,https://www.calhr.ca.gov,,08/06/2024,,,True,
2023,State Department,Financial Information System for California,,"Information Technology Specialist I, Range C",False,False,,88956,119184,,107556,0,0,2420,109976,37492,0,0,22767,60258,Public Employees Retirement System,https://www.calhr.ca.gov,,08/06/2024,,,True,
2023,State Department,Financial Information System for California,,"Information Technology Specialist I, Range C",False,False,,88956,119184,,107517,0,0,2420,109937,36448,0,0,21972,58420,Public Employees Retirement System,https://www.calhr.ca.gov,,08/06/2024,,,True,
2023,State Department,Financial Information System for California,,Accounting Administrator II,False,False,,89040,110628,,103324,0,0,6551,109875,34798,0,0,9397,44195,Public Employees Retirement System,https://www.calhr.ca.gov,,08/06/2024,,,True,
2023,State Department,Financial Information System for California,,"Information Technology Specialist II, Range A",False,False,,97560,130716,,109102,0,0,650,109752,36197,0,0,593,36791,Public Employees Retirement System,https://www.calhr.ca.gov,,08/06/2024,,,True,
2023,State Department,Financial Information System for California,,Information Technology Supervisor II,False,False,,96192,128892,,107311,0,0,2420,109731,36312,0,0,23377,59689,Public Employees Retirement System,https://www.calhr.ca.gov,,08/06/2024,,,True,
2023,State Department,Financial Information System for California,,"Information Technology Specialist I, Range C",False,False,,88956,119184,,107376,0,0,2345,109721,37492,0,0,22767,60258,Public Employees Retirement System,https://www.calhr.ca.gov,,08/06/2024,,,True,
2023,State Department,Financial Information System for California,,Accounting Administrator III,False,False,,108264,122916,,102527,0,0,6665,109192,35618,0,0,23377,58995,Public Employees Retirement System,https://www.calhr.ca.gov,,08/06/2024,,,True,
2023,State Department,Financial Information System for California,,Accounting Administrator II,False,False,,89040,110628,,102474,0,0,6551,109025,34798,0,0,23377,58175,Public Employees Retirement System,https://www.calhr.ca.gov,,08/06/2024,,,True,
2023,State Department,Financial Information System for California,,"Information Technology Specialist I, Range C",False,False,,88956,119184,,105983,0,0,2420,108403,37492,0,0,22698,60190,Public Employees Retirement System,https://www.calhr.ca.gov,,08/06/2024,,,True,
2023,State Department,Financial Information System for California,,"Information Technology Specialist I, Range C",False,False,,88956,119184,,105880,0,0,2420,108300,36801,0,0,21544,58345,Public Employees Retirement System,https://www.calhr.ca.gov,,08/06/2024,,,True,
2023,State Department,Financial Information System for California,,"Information Technology Specialist I, Range C",False,False,,88956,119184,,105837,0,0,2420,108257,37492,0,0,21544,59035,Public Employees Retirement System,https://www.calhr.ca.gov,,08/06/2024,,,True,
2023,State Department,Financial Information System for California,,"Information Technology Specialist I, Range C",False,False,,88956,119184,,105160,0,0,2420,107580,35667,0,0,21972,57640,Public Employees Retirement System,https://www.calhr.ca.gov,,08/06/2024,,,True,
2023,State Department,Financial Information System for California,,"Information Technology Specialist I, Range C",False,False,,88956,119184,,105002,0,0,2420,107422,36261,0,0,17991,54251,Public Employees Retirement System,https://www.calhr.ca.gov,,08/06/2024,,,True,
2023,State Department,Financial Information System for California,,Information Technology Manager II,False,False,,128808,156576,,97025,0,7247,1870,106142,32552,0,0,6264,38816,Public Employees Retirement System,https://www.calhr.ca.gov,,08/06/2024,,,True,
2023,State Department,Financial Information System for California,,"Information Technology Specialist I, Range C",False,False,,88956,119184,,103300,0,0,2420,105720,35584,0,0,17581,53165,Public Employees Retirement System,https://www.calhr.ca.gov,,08/06/2024,,,True,
2023,State Department,Financial Information System for California,,"Information Technology Specialist I, Range C",False,False,,88956,119184,,102481,0,0,2420,104901,35711,0,0,17581,53291,Public Employees Retirement System,https://www.calhr.ca.gov,,08/06/2024,,,True,
2023,State Department,Financial Information System for California,,"Information Technology Specialist I, Range C",False,False,,88956,119184,,98431,0,0,6291,104722,33616,0,0,22698,56315,Public Employees Retirement System,https://www.calhr.ca.gov,,08/06/2024,,,True,
2023,State Department,Financial Information System for California,,"Information Technology Specialist I, Range B",False,False,,81012,108576,,103691,0,0,600,104291,33906,0,0,1816,35722,Public Employees Retirement System,https://www.calhr.ca.gov,,08/06/2024,,,True,
2023,State Department,Financial Information System for California,,"Information Technology Specialist I, Range C",False,False,,88956,119184,,103775,0,0,325,104100,33835,0,0,1816,35651,Public Employees Retirement System,https://www.calhr.ca.gov,,08/06/2024,,,True,
2023,State Department,Financial Information System for California,,Accounting Administrator II,False,False,,89040,110628,,99628,0,0,4460,104089,32392,0,0,1996,34388,Public Employees Retirement System,https://www.calhr.ca.gov,,08/06/2024,,,True,
2023,State Department,Financial Information System for California,,"Information Technology Specialist I, Range B",False,False,,81012,108576,,97099,0,0,6374,103473,33595,0,0,17567,51162,Public Employees Retirement System,https://www.calhr.ca.gov,,08/06/2024,,,True,
2023,State Department,Financial Information System for California,,"Information Technology Specialist I, Range C",False,False,,88956,119184,,100644,0,0,2420,103064,35711,0,0,22698,58409,Public Employees Retirement System,https://www.calhr.ca.gov,,08/06/2024,,,True,
2023,State Department,Financial Information System for California,,Staff Services Manager II (Managerial),False,False,,98580,111972,,96615,0,0,6371,102987,33226,0,0,18217,51443,Public Employees Retirement System,https://www.calhr.ca.gov,,08/06/2024,,,True,
2023,State Department,Financial Information System for California,,Information Officer II,False,False,,84816,105396,,101640,0,0,600,102240,33153,0,0,1996,35149,Public Employees Retirement System,https://www.calhr.ca.gov,,08/06/2024,,,True,
2023,State Department,Financial Information System for California,,"Information Technology Specialist I, Range C",False,False,,88956,119184,,99660,0,0,2420,102080,34445,0,0,17581,52025,Public Employees Retirement System,https://www.calhr.ca.gov,,08/06/2024,,,True,
2023,State Department,Financial Information System for California,,"Information Technology Specialist I, Range C",False,False,,88956,119184,,99645,0,0,2420,102065,33344,0,0,8822,42166,Public Employees Retirement System,https://www.calhr.ca.gov,,08/06/2024,,,True,
2023,State Department,Financial Information System for California,,"Information Technology Specialist I, Range C",False,False,,88956,119184,,99497,0,0,2420,101917,34285,0,0,17225,51511,Public Employees Retirement System,https://www.calhr.ca.gov,,08/06/2024,,,True,
2023,State Department,Financial Information System for California,,"Information Technology Specialist I, Range C",False,False,,88956,119184,,95321,0,0,6461,101781,33000,0,0,17991,50991,Public Employees Retirement System,https://www.calhr.ca.gov,,08/06/2024,,,True,
2023,State Department,Financial Information System for California,,"Information Technology Specialist I, Range C",False,False,,88956,119184,,96654,0,0,4388,101042,33852,0,0,22074,55925,Public Employees Retirement System,https://www.calhr.ca.gov,,08/06/2024,,,True,
2023,State Department,Financial Information System for California,,Information Technology Supervisor II,False,False,,96192,128892,,98066,0,0,2370,100436,34304,0,0,23151,57455,Public Employees Retirement System,https://www.calhr.ca.gov,,08/06/2024,,,True,
2023,State Department,Financial Information System for California,,Information Technology Supervisor II,False,False,,96192,128892,,97891,0,0,2420,100311,33076,0,0,9040,42116,Public Employees Retirement System,https://www.calhr.ca.gov,,08/06/2024,,,True,
2023,State Department,Financial Information System for California,,"Information Technology Specialist I, Range C",False,False,,88956,119184,,97884,0,0,2160,100044,33394,0,0,22698,56092,Public Employees Retirement System,https://www.calhr.ca.gov,,08/06/2024,,,True,
2023,State Department,Financial Information System for California,,"Information Technology Specialist I, Range B",False,False,,81012,108576,,93720,0,0,6296,100016,32906,0,0,22767,55673,Public Employees Retirement System,https://www.calhr.ca.gov,,08/06/2024,,,True,
2023,State Department,Financial Information System for California,,"Information Technology Specialist I, Range C",False,False,,88956,119184,,97464,0,0,2420,99884,34140,0,0,22698,56838,Public Employees Retirement System,https://www.calhr.ca.gov,,08/06/2024,,,True,
2023,State Department,Financial Information System for California,,"Information Technology Specialist II, Range A",False,False,,97560,130716,,97097,0,0,2420,99517,32900,0,0,8822,41722,Public Employees Retirement System,https://www.calhr.ca.gov,,08/06/2024,,,True,
2023,State Department,Financial Information System for California,,"Information Technology Specialist I, Range C",False,False,,88956,119184,,92596,0,0,6771,99366,31280,0,0,8637,39917,Public Employees Retirement System,https://www.calhr.ca.gov,,08/06/2024,,,True,
2023,State Department,Financial Information System for California,,"Information Technology Specialist II, Range A",False,False,,97560,130716,,96840,0,0,2420,99260,37198,0,0,22698,59896,Public Employees Retirement System,https://www.calhr.ca.gov,,08/06/2024,,,True,
2023,State Department,Financial Information System for California,,Staff Services Manager II (Managerial),False,False,,98580,111972,,93069,0,0,6103,99172,31468,0,0,19077,50545,Public Employees Retirement System,https://www.calhr.ca.gov,,08/06/2024,,,True,
2023,State Department,Financial Information System for California,,Accounting Administrator II,False,False,,89040,110628,,94645,0,0,4277,98922,30961,0,0,3291,34251,Public Employees Retirement System,https://www.calhr.ca.gov,,08/06/2024,,,True,
2023,State Department,Financial Information System for California,,"Information Technology Specialist I, Range C",False,False,,88956,119184,,95620,0,0,2468,98088,33478,0,0,21688,55166,Public Employees Retirement System,https://www.calhr.ca.gov,,08/06/2024,,,True,
2023,State Department,Financial Information System for California,,"Information Technology Specialist I, Range B",False,False,,81012,108576,,91709,0,0,6296,98005,32127,0,0,22767,54894,Public Employees Retirement System,https://www.calhr.ca.gov,,08/06/2024,,,True,
2023,State Department,Financial Information System for California,,Staff Services Manager I,False,False,,81120,100776,,95176,0,0,2420,97596,31700,0,0,9397,41096,Public Employees Retirement System,https://www.calhr.ca.gov,,08/06/2024,,,True,
2023,State Department,Financial Information System for California,,"Information Technology Specialist I, Range B",False,False,,81012,108576,,94995,0,0,2420,97415,34153,0,0,22698,56851,Public Employees Retirement System,https://www.calhr.ca.gov,,08/06/2024,,,True,
2023,State Department,Financial Information System for California,,"Information Technology Specialist I, Range C",False,False,,88956,119184,,94962,0,0,2420,97382,33427,0,0,22767,56193,Public Employees Retirement System,https://www.calhr.ca.gov,,08/06/2024,,,True,
2023,State Department,Financial Information System for California,,"Information Technology Specialist I, Range C",False,False,,88956,119184,,90530,0,0,6111,96641,31352,0,0,17581,48933,Public Employees Retirement System,https://www.calhr.ca.gov,,08/06/2024,,,True,
2023,State Department,Financial Information System for California,,"Information Technology Specialist I, Range B",False,False,,81012,108576,,94128,0,0,2420,96548,32906,0,0,21927,54833,Public Employees Retirement System,https://www.calhr.ca.gov,,08/06/2024,,,True,
2023,State Department,Financial Information System for California,,"Information Technology Specialist I, Range B",False,False,,81012,108576,,90314,0,0,6111,96425,31279,0,0,17567,48846,Public Employees Retirement System,https://www.calhr.ca.gov,,08/06/2024,,,True,
2023,State Department,Financial Information System for California,,Staff Services Manager I,False,False,,81120,100776,,90234,0,0,6183,96417,31700,0,0,23377,55076,Public Employees Retirement System,https://www.calhr.ca.gov,,08/06/2024,,,True,
2023,State Department,Financial Information System for California,,"Information Technology Specialist I, Range A",False,False,,73668,98736,,94893,0,0,600,95493,31058,0,0,2826,33884,Public Employees Retirement System,https://www.calhr.ca.gov,,08/06/2024,,,True,
2023,State Department,Financial Information System for California,,"Information Technology Associate, Range D",False,False,,73764,98856,,92743,0,0,2420,95163,31096,0,0,8861,39958,Public Employees Retirement System,https://www.calhr.ca.gov,,08/06/2024,,,True,
2023,State Department,Financial Information System for California,,"Information Technology Specialist I, Range B",False,False,,81012,108576,,88957,0,0,6107,95064,31301,0,0,21923,53225,Public Employees Retirement System,https://www.calhr.ca.gov,,08/06/2024,,,True,
2023,State Department,Financial Information System for California,,"Information Technology Specialist I, Range C",False,False,,88956,119184,,92515,0,0,2420,94935,32395,0,0,22767,55162,Public Employees Retirement System,https://www.calhr.ca.gov,,08/06/2024,,,True,
2023,State Department,Financial Information System for California,,"Information Technology Associate, Range D",False,False,,73764,98856,,90509,249,0,4102,94860,30066,0,0,554,30620,Public Employees Retirement System,https://www.calhr.ca.gov,,08/06/2024,,,True,
2023,State Department,Financial Information System for California,,Accounting Administrator II,False,False,,89040,110628,,92425,0,0,2420,94845,31365,0,0,23377,54742,Public Employees Retirement System,https://www.calhr.ca.gov,,08/06/2024,,,True,
2023,State Department,Financial Information System for California,,"Information Technology Specialist I, Range C",False,False,,88956,119184,,92263,0,0,2420,94683,32532,0,0,22767,55299,Public Employees Retirement System,https://www.calhr.ca.gov,,08/06/2024,,,True,
2023,State Department,Financial Information System for California,,Information Technology Supervisor I,False,False,,87504,117252,,94014,0,0,600,94614,30556,0,0,1921,32477,Public Employees Retirement System,https://www.calhr.ca.gov,,08/06/2024,,,True,
2023,State Department,Financial Information System for California,,"Accounting Administrator I (Specialist), Range A",False,False,,74916,93780,,90419,0,0,4102,94521,29499,0,0,2129,31628,Public Employees Retirement System,https://www.calhr.ca.gov,,08/06/2024,,,True,
2023,State Department,Financial Information System for California,,"Accounting Administrator I (Specialist), Range A",False,False,,74916,93780,,87040,1539,0,5922,94500,29499,0,0,8861,38360,Public Employees Retirement System,https://www.calhr.ca.gov,,08/06/2024,,,True,
2023,State Department,Financial Information System for California,,"Information Technology Associate, Range D",False,False,,73764,98856,,91410,285,0,2420,94115,30982,0,0,8822,39804,Public Employees Retirement System,https://www.calhr.ca.gov,,08/06/2024,,,True,
2023,State Department,Financial Information System for California,,Staff Services Manager I,False,False,,81120,100776,,87941,0,0,6079,94020,30899,0,0,23377,54275,Public Employees Retirement System,https://www.calhr.ca.gov,,08/06/2024,,,True,
2023,State Department,Financial Information System for California,,"Information Technology Specialist II, Range A",False,False,,97560,130716,,91451,0,0,2420,93871,30949,0,0,8637,39586,Public Employees Retirement System,https://www.calhr.ca.gov,,08/06/2024,,,True,
2023,State Department,Financial Information System for California,,Staff Services Manager I,False,False,,81120,100776,,91334,0,0,2420,93754,30955,0,0,9397,40351,Public Employees Retirement System,https://www.calhr.ca.gov,,08/06/2024,,,True,
2023,State Department,Financial Information System for California,,"Information Technology Associate, Range D",False,False,,73764,98856,,92955,0,0,600,93555,30288,0,0,2055,32343,Public Employees Retirement System,https://www.calhr.ca.gov,,08/06/2024,,,True,
2023,State Department,Financial Information System for California,,Staff Services Manager I,False,False,,81120,100776,,91032,0,0,2420,93452,31364,0,0,18217,49580,Public Employees Retirement System,https://www.calhr.ca.gov,,08/06/2024,,,True,
2023,State Department,Financial Information System for California,,"Information Technology Associate, Range D",False,False,,73764,98856,,92791,0,0,600,93391,30187,0,0,1816,32003,Public Employees Retirement System,https://www.calhr.ca.gov,,08/06/2024,,,True,
2023,State Department,Financial Information System for California,,"Accounting Administrator I (Specialist), Range A",False,False,,74916,93780,,86932,0,0,5922,92854,29499,0,0,8822,38321,Public Employees Retirement System,https://www.calhr.ca.gov,,08/06/2024,,,True,
2023,State Department,Financial Information System for California,,Staff Services Manager I,False,False,,81120,100776,,90234,0,0,2420,92654,31700,0,0,23377,55076,Public Employees Retirement System,https://www.calhr.ca.gov,,08/06/2024,,,True,
2023,State Department,Financial Information System for California,,Staff Services Manager I,False,False,,81120,100776,,90234,0,0,2420,92654,31700,0,0,23377,55076,Public Employees Retirement System,https://www.calhr.ca.gov,,08/06/2024,,,True,
2023,State Department,Financial Information System for California,,"Information Technology Specialist I, Range C",False,False,,88956,119184,,89888,0,0,2420,92308,32575,0,0,22767,55342,Public Employees Retirement System,https://www.calhr.ca.gov,,08/06/2024,,,True,
2023,State Department,Financial Information System for California,,"Information Technology Associate, Range D",False,False,,73764,98856,,89856,0,0,2420,92276,30421,0,0,8637,39058,Public Employees Retirement System,https://www.calhr.ca.gov,,08/06/2024,,,True,
2023,State Department,Financial Information System for California,,Accounting Administrator II,False,False,,89040,110628,,86262,0,0,5922,92184,30178,0,0,18290,48468,Public Employees Retirement System,https://www.calhr.ca.gov,,08/06/2024,,,True,
2023,State Department,Financial Information System for California,,"Accounting Administrator I (Specialist), Range A",False,False,,74916,93780,,83128,2976,0,5922,92026,29499,0,0,22698,52197,Public Employees Retirement System,https://www.calhr.ca.gov,,08/06/2024,,,True,
2023,State Department,Financial Information System for California,,"Information Technology Specialist I, Range C",False,False,,88956,119184,,87285,0,0,4619,91904,29756,0,0,22247,52002,Public Employees Retirement System,https://www.calhr.ca.gov,,08/06/2024,,,True,
2023,State Department,Financial Information System for California,,"Information Technology Specialist I, Range B",False,False,,81012,108576,,89423,0,0,2420,91843,31234,0,0,22074,53308,Public Employees Retirement System,https://www.calhr.ca.gov,,08/06/2024,,,True,
2023,State Department,Financial Information System for California,,"Research Data Specialist I, Range A",False,False,,78660,98472,,85920,0,0,5922,91842,30125,0,0,22001,52126,Public Employees Retirement System,https://www.calhr.ca.gov,,08/06/2024,,,True,
2023,State Department,Financial Information System for California,,"Information Technology Specialist I, Range A",False,False,,73668,98736,,89354,0,0,2420,91774,30334,0,0,8822,39156,Public Employees Retirement System,https://www.calhr.ca.gov,,08/06/2024,,,True,
2023,State Department,Financial Information System for California,,"Accounting Administrator I (Specialist), Range A",False,False,,74916,93780,,90716,0,0,600,91316,29499,0,0,1816,31315,Public Employees Retirement System,https://www.calhr.ca.gov,,08/06/2024,,,True,
2023,State Department,Financial Information System for California,,"Accounting Administrator I (Specialist), Range A",False,False,,74916,93780,,86576,3842,0,600,91018,28212,0,0,1816,30028,Public Employees Retirement System,https://www.calhr.ca.gov,,08/06/2024,,,True,
2023,State Department,Financial Information System for California,,Staff Services Manager I,False,False,,81120,100776,,88516,0,0,2420,90936,31106,0,0,18217,49323,Public Employees Retirement System,https://www.calhr.ca.gov,,08/06/2024,,,True,
2023,State Department,Financial Information System for California,,"Information Technology Specialist I, Range C",False,False,,88956,119184,,88461,0,0,2285,90746,28751,0,0,1816,30567,Public Employees Retirement System,https://www.calhr.ca.gov,,08/06/2024,,,True,
2023,State Department,Financial Information System for California,,"Information Technology Specialist II, Range A",False,False,,97560,130716,,87890,0,0,2420,90310,29889,0,0,22073,51962,Public Employees Retirement System,https://www.calhr.ca.gov,,08/06/2024,,,True,
2023,State Department,Financial Information System for California,,"Information Technology Specialist I, Range C",False,False,,88956,119184,,87839,0,0,2420,90259,30951,0,0,22698,53649,Public Employees Retirement System,https://www.calhr.ca.gov,,08/06/2024,,,True,
2023,State Department,Financial Information System for California,,"Information Technology Associate, Range D",False,False,,73764,98856,,87713,0,0,2420,90133,30487,0,0,17581,48067,Public Employees Retirement System,https://www.calhr.ca.gov,,08/06/2024,,,True,
2023,State Department,Financial Information System for California,,"Information Technology Specialist I, Range B",False,False,,81012,108576,,78317,9264,0,2481,90062,27728,0,0,22767,50495,Public Employees Retirement System,https://www.calhr.ca.gov,,08/06/2024,,,True,
2023,State Department,Financial Information System for California,,"Information Technology Specialist I, Range B",False,False,,81012,108576,,83680,0,0,6290,89969,28617,0,0,8861,37479,Public Employees Retirement System,https://www.calhr.ca.gov,,08/06/2024,,,True,
2023,State Department,Financial Information System for California,,"Information Technology Specialist I, Range C",False,False,,88956,119184,,89300,0,0,600,89900,29029,0,0,1816,30845,Public Employees Retirement System,https://www.calhr.ca.gov,,08/06/2024,,,True,
2023,State Department,Financial Information System for California,,"Information Technology Associate, Range D",False,False,,73764,98856,,87212,138,0,2420,89771,31021,0,0,22767,53788,Public Employees Retirement System,https://www.calhr.ca.gov,,08/06/2024,,,True,
2023,State Department,Financial Information System for California,,"Information Technology Associate, Range D",False,False,,73764,98856,,87331,0,0,2370,89701,21099,0,0,9308,30407,Public Employees Retirement System,https://www.calhr.ca.gov,,08/06/2024,,,True,
2023,State Department,Financial Information System for California,,"Accounting Administrator I (Specialist), Range A",False,False,,74916,93780,,86932,0,0,2420,89352,29499,0,0,8822,38321,Public Employees Retirement System,https://www.calhr.ca.gov,,08/06/2024,,,True,
2023,State Department,Financial Information System for California,,"Accounting Administrator I (Specialist), Range A",False,False,,74916,93780,,86818,0,0,2420,89238,29499,0,0,8861,38360,Public Employees Retirement System,https://www.calhr.ca.gov,,08/06/2024,,,True,
2023,State Department,Financial Information System for California,,"Accounting Administrator I (Specialist), Range A",False,False,,74916,93780,,86729,0,0,2420,89149,29499,0,0,9217,38716,Public Employees Retirement System,https://www.calhr.ca.gov,,08/06/2024,,,True,
2023,State Department,Financial Information System for California,,"Information Technology Specialist I, Range B",False,False,,81012,108576,,85886,0,0,2420,88306,29037,0,0,21923,50960,Public Employees Retirement System,https://www.calhr.ca.gov,,08/06/2024,,,True,
2023,State Department,Financial Information System for California,,"Information Technology Associate, Range C",False,False,,67068,89892,,81562,931,0,5767,88261,27629,0,0,8637,36267,Public Employees Retirement System,https://www.calhr.ca.gov,,08/06/2024,,,True,
2023,State Department,Financial Information System for California,,"Information Technology Specialist I, Range B",False,False,,81012,108576,,82635,0,0,5539,88174,28063,0,0,8593,36656,Public Employees Retirement System,https://www.calhr.ca.gov,,08/06/2024,,,True,
2023,State Department,Financial Information System for California,,"Information Technology Specialist I, Range A",False,False,,73668,98736,,85620,0,0,2420,88040,30110,0,0,22767,52877,Public Employees Retirement System,https://www.calhr.ca.gov,,08/06/2024,,,True,
2023,State Department,Financial Information System for California,,"Accounting Administrator I (Specialist), Range A",False,False,,74916,93780,,83128,2311,0,2420,87859,29499,0,0,22698,52197,Public Employees Retirement System,https://www.calhr.ca.gov,,08/06/2024,,,True,
2023,State Department,Financial Information System for California,,"Information Technology Specialist I, Range A",False,False,,73668,98736,,85424,0,0,2420,87844,28998,0,0,8822,37820,Public Employees Retirement System,https://www.calhr.ca.gov,,08/06/2024,,,True,
2023,State Department,Financial Information System for California,,"Accounting Administrator I (Specialist), Range A",False,False,,74916,93780,,85716,1217,0,600,87533,29499,0,0,1816,31315,Public Employees Retirement System,https://www.calhr.ca.gov,,08/06/2024,,,True,
2023,State Department,Financial Information System for California,,Staff Services Manager II (Managerial),False,False,,98580,111972,,85003,0,0,2370,87373,30868,0,0,18217,49085,Public Employees Retirement System,https://www.calhr.ca.gov,,08/06/2024,,,True,
2023,State Department,Financial Information System for California,,"Information Technology Specialist I, Range C",False,False,,88956,119184,,84801,0,0,2420,87221,28791,0,0,8822,37613,Public Employees Retirement System,https://www.calhr.ca.gov,,08/06/2024,,,True,
2023,State Department,Financial Information System for California,,"Information Technology Specialist I, Range C",False,False,,88956,119184,,84547,0,0,2420,86967,29631,0,0,8861,38492,Public Employees Retirement System,https://www.calhr.ca.gov,,08/06/2024,,,True,
2023,State Department,Financial Information System for California,,"Information Technology Associate, Range D",False,False,,73764,98856,,84444,0,0,2420,86864,28629,0,0,8637,37266,Public Employees Retirement System,https://www.calhr.ca.gov,,08/06/2024,,,True,
2023,State Department,Financial Information System for California,,"Associate Governmental Program Analyst, Range A",False,False,,68208,85368,,82733,0,0,3788,86521,26854,0,0,1816,28670,Public Employees Retirement System,https://www.calhr.ca.gov,,08/06/2024,,,True,
2023,State Department,Financial Information System for California,,"Associate Governmental Program Analyst, Range A",False,False,,68208,85368,,82733,0,0,3788,86521,26854,0,0,1816,28670,Public Employees Retirement System,https://www.calhr.ca.gov,,08/06/2024,,,True,
2023,State Department,Financial Information System for California,,"Information Technology Associate, Range D",False,False,,73764,98856,,83926,0,0,2420,86346,29722,0,0,22698,52420,Public Employees Retirement System,https://www.calhr.ca.gov,,08/06/2024,,,True,
2023,State Department,Financial Information System for California,,"Information Technology Specialist I, Range C",False,False,,88956,119184,,83596,0,0,2284,85880,29383,0,0,22665,52048,Public Employees Retirement System,https://www.calhr.ca.gov,,08/06/2024,,,True,
2023,State Department,Financial Information System for California,,"Accounting Administrator I (Specialist), Range A",False,False,,74916,93780,,83448,0,0,2420,85868,29499,0,0,22767,52266,Public Employees Retirement System,https://www.calhr.ca.gov,,08/06/2024,,,True,
2023,State Department,Financial Information System for California,,"Accounting Administrator I (Specialist), Range A",False,False,,74916,93780,,83443,0,0,2420,85863,29499,0,0,22698,52197,Public Employees Retirement System,https://www.calhr.ca.gov,,08/06/2024,,,True,
2023,State Department,Financial Information System for California,,"Information Technology Associate, Range D",False,False,,73764,98856,,83366,0,0,2436,85802,29457,0,0,22699,52156,Public Employees Retirement System,https://www.calhr.ca.gov,,08/06/2024,,,True,
2023,State Department,Financial Information System for California,,"Information Technology Specialist I, Range C",False,False,,88956,119184,,80785,0,0,4867,85652,28101,0,0,17566,45667,Public Employees Retirement System,https://www.calhr.ca.gov,,08/06/2024,,,True,
2023,State Department,Financial Information System for California,,"Accounting Administrator I (Specialist), Range A",False,False,,74916,93780,,83126,0,0,2420,85546,28301,0,0,8861,37163,Public Employees Retirement System,https://www.calhr.ca.gov,,08/06/2024,,,True,
2023,State Department,Financial Information System for California,,"Accounting Administrator I (Specialist), Range A",False,False,,74916,93780,,80170,0,0,5225,85395,28344,0,0,22868,51212,Public Employees Retirement System,https://www.calhr.ca.gov,,08/06/2024,,,True,
2023,State Department,Financial Information System for California,,"Information Technology Associate, Range C",False,False,,67068,89892,,82527,0,0,2420,84947,28277,0,0,22074,50351,Public Employees Retirement System,https://www.calhr.ca.gov,,08/06/2024,,,True,
2023,State Department,Financial Information System for California,,"Accounting Administrator I (Specialist), Range A",False,False,,74916,93780,,84312,0,0,550,84862,27934,0,0,136,28070,Public Employees Retirement System,https://www.calhr.ca.gov,,08/06/2024,,,True,
2023,State Department,Financial Information System for California,,"Associate Governmental Program Analyst, Range A",False,False,,68208,85368,,76970,0,5497,2051,84518,26727,0,0,17151,43877,Public Employees Retirement System,https://www.calhr.ca.gov,,08/06/2024,,,True,
2023,State Department,Financial Information System for California,,"Accounting Administrator I (Specialist), Range A",False,False,,74916,93780,,83639,297,0,550,84486,27369,0,0,2826,30195,Public Employees Retirement System,https://www.calhr.ca.gov,,08/06/2024,,,True,
2023,State Department,Financial Information System for California,,"Accounting Administrator I (Specialist), Range A",False,False,,74916,93780,,77896,3170,0,2370,83436,26743,0,0,21987,48729,Public Employees Retirement System,https://www.calhr.ca.gov,,08/06/2024,,,True,
2023,State Department,Financial Information System for California,,"Accounting Administrator I (Specialist), Range A",False,False,,74916,93780,,80201,591,0,2420,83212,27160,0,0,17225,44386,Public Employees Retirement System,https://www.calhr.ca.gov,,08/06/2024,,,True,
2023,State Department,Financial Information System for California,,"Accounting Administrator I (Specialist), Range A",False,False,,74916,93780,,80728,0,0,2420,83148,29499,0,0,22698,52197,Public Employees Retirement System,https://www.calhr.ca.gov,,08/06/2024,,,True,
2023,State Department,Financial Information System for California,,"Information Technology Specialist I, Range A",False,False,,73668,98736,,80478,0,0,2420,82898,27364,0,0,8861,36226,Public Employees Retirement System,https://www.calhr.ca.gov,,08/06/2024,,,True,
2023,State Department,Financial Information System for California,,"Information Technology Specialist I, Range C",False,False,,88956,119184,,80324,0,0,2420,82744,28220,0,0,21544,49763,Public Employees Retirement System,https://www.calhr.ca.gov,,08/06/2024,,,True,
2023,State Department,Financial Information System for California,,"Information Technology Associate, Range D",False,False,,73764,98856,,80066,0,0,2420,82486,30972,0,0,22698,53670,Public Employees Retirement System,https://www.calhr.ca.gov,,08/06/2024,,,True,
2023,State Department,Financial Information System for California,,"Accounting Administrator I (Specialist), Range A",False,False,,74916,93780,,79880,0,0,2445,82325,27167,0,0,8861,36028,Public Employees Retirement System,https://www.calhr.ca.gov,,08/06/2024,,,True,
2023,State Department,Financial Information System for California,,"Information Technology Associate, Range D",False,False,,73764,98856,,79845,0,0,2420,82265,26759,0,0,8404,35163,Public Employees Retirement System,https://www.calhr.ca.gov,,08/06/2024,,,True,
2023,State Department,Financial Information System for California,,"Associate Governmental Program Analyst, Range A",False,False,,68208,85368,,81581,0,0,600,82181,26472,0,0,1816,28288,Public Employees Retirement System,https://www.calhr.ca.gov,,08/06/2024,,,True,
2023,State Department,Financial Information System for California,,"Accounting Administrator I (Specialist), Range A",False,False,,74916,93780,,79393,215,0,2420,82028,27000,0,0,8822,35822,Public Employees Retirement System,https://www.calhr.ca.gov,,08/06/2024,,,True,
2023,State Department,Financial Information System for California,,"Associate Accounting Analyst, Range A",False,False,,71604,89688,,79627,0,0,2302,81929,28212,0,0,22733,50944,Public Employees Retirement System,https://www.calhr.ca.gov,,08/06/2024,,,True,
2023,State Department,Financial Information System for California,,"Information Technology Specialist I, Range C",False,False,,88956,119184,,79607,0,0,2160,81767,27623,0,0,17151,44774,Public Employees Retirement System,https://www.calhr.ca.gov,,08/06/2024,,,True,
2023,State Department,Financial Information System for California,,"Information Technology Specialist II, Range A",False,False,,97560,130716,,79554,0,0,2110,81664,27933,0,0,20234,48167,Public Employees Retirement System,https://www.calhr.ca.gov,,08/06/2024,,,True,
2023,State Department,Financial Information System for California,,"Information Technology Specialist I, Range A",False,False,,73668,98736,,79136,0,0,2420,81556,27665,0,0,22074,49739,Public Employees Retirement System,https://www.calhr.ca.gov,,08/06/2024,,,True,
2023,State Department,Financial Information System for California,,Accounting Administrator II,False,False,,89040,110628,,78585,198,0,2420,81203,27378,0,0,17634,45012,Public Employees Retirement System,https://www.calhr.ca.gov,,08/06/2024,,,True,
2023,State Department,Financial Information System for California,,"Associate Governmental Program Analyst, Range A",False,False,,68208,85368,,75280,0,0,5608,80888,26790,0,0,22698,49489,Public Employees Retirement System,https://www.calhr.ca.gov,,08/06/2024,,,True,
2023,State Department,Financial Information System for California,,"Accounting Administrator I (Specialist), Range A",False,False,,74916,93780,,80045,0,0,600,80645,25964,0,0,1816,27779,Public Employees Retirement System,https://www.calhr.ca.gov,,08/06/2024,,,True,
2023,State Department,Financial Information System for California,,"Information Technology Associate, Range C",False,False,,67068,89892,,78169,0,0,2420,80589,26854,0,0,8822,35676,Public Employees Retirement System,https://www.calhr.ca.gov,,08/06/2024,,,True,
2023,State Department,Financial Information System for California,,"Information Technology Specialist I, Range A",False,False,,73668,98736,,77925,0,0,2470,80395,26468,0,0,8593,35061,Public Employees Retirement System,https://www.calhr.ca.gov,,08/06/2024,,,True,
2023,State Department,Financial Information System for California,,"Information Technology Associate, Range D",False,False,,73764,98856,,77381,0,0,2420,79801,27422,0,0,17080,44502,Public Employees Retirement System,https://www.calhr.ca.gov,,08/06/2024,,,True,
2023,State Department,Financial Information System for California,,"Information Technology Specialist I, Range C",False,False,,88956,119184,,74048,0,0,5692,79739,26397,0,0,22767,49164,Public Employees Retirement System,https://www.calhr.ca.gov,,08/06/2024,,,True,
2023,State Department,Financial Information System for California,,"Associate Governmental Program Analyst, Range A",False,False,,68208,85368,,77221,0,0,2420,79641,26854,0,0,16768,43622,Public Employees Retirement System,https://www.calhr.ca.gov,,08/06/2024,,,True,
2023,State Department,Financial Information System for California,,"Associate Governmental Program Analyst, Range A",False,False,,68208,85368,,77213,0,0,2420,79633,26854,0,0,17581,44435,Public Employees Retirement System,https://www.calhr.ca.gov,,08/06/2024,,,True,
2023,State Department,Financial Information System for California,,Staff Services Manager I,False,False,,81120,100776,,74058,0,0,5515,79573,26183,0,0,23377,49560,Public Employees Retirement System,https://www.calhr.ca.gov,,08/06/2024,,,True,
2023,State Department,Financial Information System for California,,"Associate Governmental Program Analyst, Range A",False,False,,68208,85368,,78792,0,0,600,79392,26349,0,0,1359,27707,Public Employees Retirement System,https://www.calhr.ca.gov,,08/06/2024,,,True,
2023,State Department,Financial Information System for California,,"Information Technology Associate, Range D",False,False,,73764,98856,,76869,0,0,2420,79289,26476,0,0,22767,49243,Public Employees Retirement System,https://www.calhr.ca.gov,,08/06/2024,,,True,
2023,State Department,Financial Information System for California,,Staff Services Manager I,False,False,,81120,100776,,75241,0,0,4010,79251,26583,0,0,23377,49959,Public Employees Retirement System,https://www.calhr.ca.gov,,08/06/2024,,,True,
2023,State Department,Financial Information System for California,,"Associate Governmental Program Analyst, Range A",False,False,,68208,85368,,76751,0,0,2420,79171,26854,0,0,17567,44421,Public Employees Retirement System,https://www.calhr.ca.gov,,08/06/2024,,,True,
2023,State Department,Financial Information System for California,,"Information Technology Associate, Range D",False,False,,73764,98856,,76630,0,0,2420,79050,27064,0,0,21927,48990,Public Employees Retirement System,https://www.calhr.ca.gov,,08/06/2024,,,True,
2023,State Department,Financial Information System for California,,Staff Services Manager I,False,False,,81120,100776,,77903,0,0,650,78553,25810,0,0,136,25946,Public Employees Retirement System,https://www.calhr.ca.gov,,08/06/2024,,,True,
2023,State Department,Financial Information System for California,,"Information Technology Specialist I, Range B",False,False,,81012,108576,,74684,0,0,3720,78404,26253,0,0,19406,45659,Public Employees Retirement System,https://www.calhr.ca.gov,,08/06/2024,,,True,
2023,State Department,Financial Information System for California,,"Associate Governmental Program Analyst, Range A",False,False,,68208,85368,,75502,0,0,2390,77892,26854,0,0,22847,49701,Public Employees Retirement System,https://www.calhr.ca.gov,,08/06/2024,,,True,
2023,State Department,Financial Information System for California,,"Accounting Administrator I (Specialist), Range A",False,False,,74916,93780,,77172,0,0,600,77772,25568,0,0,136,25704,Public Employees Retirement System,https://www.calhr.ca.gov,,08/06/2024,,,True,
2023,State Department,Financial Information System for California,,Staff Services Manager I,False,False,,81120,100776,,75013,239,0,2345,77597,27080,0,0,23094,50174,Public Employees Retirement System,https://www.calhr.ca.gov,,08/06/2024,,,True,
2023,State Department,Financial Information System for California,,"Information Technology Associate, Range D",False,False,,73764,98856,,72123,0,0,5344,77467,24630,0,0,8861,33492,Public Employees Retirement System,https://www.calhr.ca.gov,,08/06/2024,,,True,
2023,State Department,Financial Information System for California,,"Accounting Administrator I (Specialist), Range A",False,False,,74916,93780,,75000,39,0,2420,77459,25702,0,0,22343,48045,Public Employees Retirement System,https://www.calhr.ca.gov,,08/06/2024,,,True,
2023,State Department,Financial Information System for California,,"Information Technology Associate, Range D",False,False,,73764,98856,,76314,0,0,600,76914,24774,0,0,2202,26976,Public Employees Retirement System,https://www.calhr.ca.gov,,08/06/2024,,,True,
2023,State Department,Financial Information System for California,,"Information Technology Specialist I, Range C",False,False,,88956,119184,,74236,0,0,2420,76656,26315,0,0,22116,48431,Public Employees Retirement System,https://www.calhr.ca.gov,,08/06/2024,,,True,
2023,State Department,Financial Information System for California,,Staff Services Manager I,False,False,,81120,100776,,73077,933,0,2520,76530,25063,0,0,23151,48213,Public Employees Retirement System,https://www.calhr.ca.gov,,08/06/2024,,,True,
2023,State Department,Financial Information System for California,,"Accounting Administrator I (Specialist), Range A",False,False,,74916,93780,,73922,301,0,2245,76468,25849,0,0,17567,43415,Public Employees Retirement System,https://www.calhr.ca.gov,,08/06/2024,,,True,
2023,State Department,Financial Information System for California,,"Accounting Administrator I (Specialist), Range A",False,False,,74916,93780,,71004,0,0,5407,76411,24255,0,0,8822,33077,Public Employees Retirement System,https://www.calhr.ca.gov,,08/06/2024,,,True,
2023,State Department,Financial Information System for California,,"Accounting Administrator I (Specialist), Range A",False,False,,74916,93780,,67319,3541,0,5494,76354,23005,0,0,8861,31866,Public Employees Retirement System,https://www.calhr.ca.gov,,08/06/2024,,,True,
2023,State Department,Financial Information System for California,,"Information Technology Associate, Range D",False,False,,73764,98856,,75524,0,0,600,76124,24465,0,0,1816,26281,Public Employees Retirement System,https://www.calhr.ca.gov,,08/06/2024,,,True,
2023,State Department,Financial Information System for California,,"Information Technology Associate, Range D",False,False,,73764,98856,,73340,345,0,2420,76105,24956,0,0,8861,33818,Public Employees Retirement System,https://www.calhr.ca.gov,,08/06/2024,,,True,
2023,State Department,Financial Information System for California,,"Senior Accounting Officer (Specialist), Range A",False,False,,68208,85368,,73176,0,0,2420,75596,25018,0,0,9217,34235,Public Employees Retirement System,https://www.calhr.ca.gov,,08/06/2024,,,True,
2023,State Department,Financial Information System for California,,"Associate Governmental Program Analyst, Range A",False,False,,68208,85368,,74580,0,0,650,75230,24152,0,0,1816,25968,Public Employees Retirement System,https://www.calhr.ca.gov,,08/06/2024,,,True,
2023,State Department,Financial Information System for California,,"Associate Accounting Analyst, Range A",False,False,,71604,89688,,74277,0,0,600,74877,24052,0,0,1816,25868,Public Employees Retirement System,https://www.calhr.ca.gov,,08/06/2024,,,True,
2023,State Department,Financial Information System for California,,"Information Technology Specialist I, Range C",False,False,,88956,119184,,73068,0,0,1647,74715,24737,0,0,7906,32643,Public Employees Retirement System,https://www.calhr.ca.gov,,08/06/2024,,,True,
2023,State Department,Financial Information System for California,,"Information Technology Associate, Range C",False,False,,67068,89892,,71991,0,0,2420,74411,24587,0,0,8861,33448,Public Employees Retirement System,https://www.calhr.ca.gov,,08/06/2024,,,True,
2023,State Department,Financial Information System for California,,"Information Technology Specialist II, Range A",False,False,,97560,130716,,69435,0,3388,1540,74363,23501,0,0,7492,30993,Public Employees Retirement System,https://www.calhr.ca.gov,,08/06/2024,,,True,
2023,State Department,Financial Information System for California,,"Associate Personnel Analyst, Range A",False,False,,68208,85368,,68291,0,0,5228,73518,24052,0,0,17581,41633,Public Employees Retirement System,https://www.calhr.ca.gov,,08/06/2024,,,True,
2023,State Department,Financial Information System for California,,"Associate Accounting Analyst, Range A",False,False,,71604,89688,,66819,4091,0,2320,73230,22467,0,0,8822,31289,Public Employees Retirement System,https://www.calhr.ca.gov,,08/06/2024,,,True,
2023,State Department,Financial Information System for California,,"Personnel Specialist, Range D",False,False,,58632,73392,,65521,0,0,7380,72901,22398,0,0,8822,31220,Public Employees Retirement System,https://www.calhr.ca.gov,,08/06/2024,,,True,
2023,State Department,Financial Information System for California,,"Information Technology Associate, Range D",False,False,,73764,98856,,73207,0,0,-1307,71900,25278,0,0,46107,71385,Public Employees Retirement System,https://www.calhr.ca.gov,,08/06/2024,,,True,
2023,State Department,Financial Information System for California,,"Accounting Administrator I (Specialist), Range A",False,False,,74916,93780,,68582,0,0,2420,71002,24573,0,0,22698,47272,Public Employees Retirement System,https://www.calhr.ca.gov,,08/06/2024,,,True,
2023,State Department,Financial Information System for California,,"Information Technology Associate, Range D",False,False,,73764,98856,,0,0,70619,50,70669,0,0,0,0,0,Public Employees Retirement System,https://www.calhr.ca.gov,,08/06/2024,,,True,
2023,State Department,Financial Information System for California,,"Accounting Administrator I (Specialist), Range A",False,False,,74916,93780,,67543,770,0,2220,70533,24300,0,0,22767,47067,Public Employees Retirement System,https://www.calhr.ca.gov,,08/06/2024,,,True,
2023,State Department,Financial Information System for California,,"Information Technology Associate, Range A",False,False,,55812,74808,,69885,0,0,600,70485,22597,0,0,1816,24413,Public Employees Retirement System,https://www.calhr.ca.gov,,08/06/2024,,,True,
2023,State Department,Financial Information System for California,,"Information Technology Associate, Range D",False,False,,73764,98856,,67591,0,0,2292,69883,24076,0,0,22602,46678,Public Employees Retirement System,https://www.calhr.ca.gov,,08/06/2024,,,True,
2023,State Department,Financial Information System for California,,"Information Technology Associate, Range D",False,False,,73764,98856,,67319,0,0,2420,69739,23315,0,0,13283,36597,Public Employees Retirement System,https://www.calhr.ca.gov,,08/06/2024,,,True,
2023,State Department,Financial Information System for California,,"Accounting Administrator I (Specialist), Range A",False,False,,74916,93780,,63617,1214,0,4894,69724,23000,0,0,22767,45767,Public Employees Retirement System,https://www.calhr.ca.gov,,08/06/2024,,,True,
2023,State Department,Financial Information System for California,,"Information Technology Specialist I, Range A",False,False,,73668,98736,,68643,0,0,600,69243,23173,0,0,5476,28649,Public Employees Retirement System,https://www.calhr.ca.gov,,08/06/2024,,,True,
2023,State Department,Financial Information System for California,,"Associate Governmental Program Analyst, Range A",False,False,,68208,85368,,66439,0,0,2420,68859,23372,0,0,17581,40952,Public Employees Retirement System,https://www.calhr.ca.gov,,08/06/2024,,,True,
2023,State Department,Financial Information System for California,,"Associate Personnel Analyst, Range A",False,False,,68208,85368,,61993,1466,0,4972,68431,21190,0,0,8637,29827,Public Employees Retirement System,https://www.calhr.ca.gov,,08/06/2024,,,True,
2023,State Department,Financial Information System for California,,"Business Service Officer I (Specialist), Range A",False,False,,56712,70992,,65957,0,0,2370,68327,22544,0,0,8861,31405,Public Employees Retirement System,https://www.calhr.ca.gov,,08/06/2024,,,True,
2023,State Department,Financial Information System for California,,"Information Technology Associate, Range D",False,False,,73764,98856,,64744,358,0,2420,67522,23302,0,0,22767,46069,Public Employees Retirement System,https://www.calhr.ca.gov,,08/06/2024,,,True,
2023,State Department,Financial Information System for California,,Audio-Visual Specialist (Technical),False,False,,68208,85368,,65376,13,0,2115,67504,20861,0,0,8750,29611,Public Employees Retirement System,https://www.calhr.ca.gov,,08/06/2024,,,True,
2023,State Department,Financial Information System for California,,"Associate Accounting Analyst, Range A",False,False,,71604,89688,,64030,0,0,2420,66450,23062,0,0,22698,45761,Public Employees Retirement System,https://www.calhr.ca.gov,,08/06/2024,,,True,
2023,State Department,Financial Information System for California,,"Associate Governmental Program Analyst, Range A",False,False,,68208,85368,,63617,0,0,2420,66037,21727,0,0,8404,30131,Public Employees Retirement System,https://www.calhr.ca.gov,,08/06/2024,,,True,
2023,State Department,Financial Information System for California,,"Associate Accounting Analyst, Range A",False,False,,71604,89688,,63247,0,0,2370,65617,21818,0,0,8861,30680,Public Employees Retirement System,https://www.calhr.ca.gov,,08/06/2024,,,True,
2023,State Department,Financial Information System for California,,"Accounting Administrator I (Specialist), Range A",False,False,,74916,93780,,63291,0,0,2206,65497,22417,0,0,18761,41177,Public Employees Retirement System,https://www.calhr.ca.gov,,08/06/2024,,,True,
2023,State Department,Financial Information System for California,,"Accounting Administrator I (Specialist), Range A",False,False,,74916,93780,,62713,171,0,2470,65354,21068,0,0,7917,28985,Public Employees Retirement System,https://www.calhr.ca.gov,,08/06/2024,,,True,
2023,State Department,Financial Information System for California,,"Information Technology Specialist I, Range A",False,False,,73668,98736,,62456,0,0,1426,63882,21179,0,0,7160,28339,Public Employees Retirement System,https://www.calhr.ca.gov,,08/06/2024,,,True,
2023,State Department,Financial Information System for California,,"Associate Governmental Program Analyst, Range A",False,False,,68208,85368,,60654,0,0,2420,63074,22351,0,0,22698,45049,Public Employees Retirement System,https://www.calhr.ca.gov,,08/06/2024,,,True,
2023,State Department,Financial Information System for California,,"Accounting Administrator I (Specialist), Range A",False,False,,74916,93780,,60573,0,0,2060,62633,21769,0,0,24565,46334,Public Employees Retirement System,https://www.calhr.ca.gov,,08/06/2024,,,True,
2023,State Department,Financial Information System for California,,"Information Technology Specialist I, Range C",False,False,,88956,119184,,61609,0,0,590,62199,20081,0,0,1219,21300,Public Employees Retirement System,https://www.calhr.ca.gov,,08/06/2024,,,True,
2023,State Department,Financial Information System for California,,"Information Technology Associate, Range B",False,False,,61356,82224,,57639,279,0,2420,60337,19867,0,0,22074,41940,Public Employees Retirement System,https://www.calhr.ca.gov,,08/06/2024,,,True,
2023,State Department,Financial Information System for California,,"Information Technology Associate, Range D",False,False,,73764,98856,,47609,0,10557,2170,60336,16252,0,0,5881,22134,Public Employees Retirement System,https://www.calhr.ca.gov,,08/06/2024,,,True,
2023,State Department,Financial Information System for California,,"Staff Services Analyst, Range C",False,False,,56712,70992,,59110,0,0,600,59710,19584,0,0,136,19720,Public Employees Retirement System,https://www.calhr.ca.gov,,08/06/2024,,,True,
2023,State Department,Financial Information System for California,,"Accounting Officer (Specialist), Range A",False,False,,59568,74556,,55967,0,0,2470,58437,20425,0,0,22698,43123,Public Employees Retirement System,https://www.calhr.ca.gov,,08/06/2024,,,True,
2023,State Department,Financial Information System for California,,"Information Technology Associate, Range A",False,False,,55812,74808,,55692,0,0,2420,58112,19101,0,0,8571,27673,Public Employees Retirement System,https://www.calhr.ca.gov,,08/06/2024,,,True,
2023,State Department,Financial Information System for California,,"Administrative Assistant I, Range A",False,False,,56712,70992,,55234,0,0,2420,57654,18583,0,0,8637,27220,Public Employees Retirement System,https://www.calhr.ca.gov,,08/06/2024,,,True,
2023,State Department,Financial Information System for California,,"Associate Governmental Program Analyst, Range A",False,False,,68208,85368,,54233,194,0,2320,56747,19736,0,0,22698,42434,Public Employees Retirement System,https://www.calhr.ca.gov,,08/06/2024,,,True,
2023,State Department,Financial Information System for California,,Staff Services Manager I,False,False,,81120,100776,,54034,0,0,580,54614,17594,0,0,1528,19122,Public Employees Retirement System,https://www.calhr.ca.gov,,08/06/2024,,,True,
2023,State Department,Financial Information System for California,,"Accounting Officer (Specialist), Range A",False,False,,59568,74556,,51598,0,0,2420,54018,18816,0,0,22115,40932,Public Employees Retirement System,https://www.calhr.ca.gov,,08/06/2024,,,True,
2023,State Department,Financial Information System for California,,"Associate Governmental Program Analyst, Range A",False,False,,68208,85368,,50547,0,0,3000,53547,18002,0,0,28164,46165,Public Employees Retirement System,https://www.calhr.ca.gov,,08/06/2024,,,True,
2023,State Department,Financial Information System for California,,"Information Technology Specialist I, Range B",False,False,,81012,108576,,52315,0,0,578,52893,17071,0,0,987,18057,Public Employees Retirement System,https://www.calhr.ca.gov,,08/06/2024,,,True,
2023,State Department,Financial Information System for California,,"Information Technology Associate, Range C",False,False,,67068,89892,,51016,0,0,1417,52433,18334,0,0,20222,38557,Public Employees Retirement System,https://www.calhr.ca.gov,,08/06/2024,,,True,
2023,State Department,Financial Information System for California,,"Associate Personnel Analyst, Range A",False,False,,68208,85368,,51713,0,0,0,51713,0,0,0,0,0,,https://www.calhr.ca.gov,,08/06/2024,,,True,
2023,State Department,Financial Information System for California,,"Information Technology Specialist I, Range C",False,False,,88956,119184,,50848,0,0,0,50848,0,0,0,0,0,,https://www.calhr.ca.gov,,08/06/2024,,,True,
2023,State Department,Financial Information System for California,,"Associate Personnel Analyst, Range A",False,False,,68208,85368,,49501,0,0,903,50403,16830,0,0,7183,24013,Public Employees Retirement System,https://www.calhr.ca.gov,,08/06/2024,,,True,
2023,State Department,Financial Information System for California,,"Associate Personnel Analyst, Range A",False,False,,68208,85368,,43930,0,0,5408,49338,15874,0,0,15132,31006,Public Employees Retirement System,https://www.calhr.ca.gov,,08/06/2024,,,True,
2023,State Department,Financial Information System for California,,"Research Data Analyst II, Range A",False,False,,75180,94176,,47105,0,0,1750,48855,17035,0,0,20663,37698,Public Employees Retirement System,https://www.calhr.ca.gov,,08/06/2024,,,True,
2023,State Department,Financial Information System for California,,"Information Technology Associate, Range B",False,False,,61356,82224,,47023,0,0,1446,48469,16917,0,0,20222,37140,Public Employees Retirement System,https://www.calhr.ca.gov,,08/06/2024,,,True,
2023,State Department,Financial Information System for California,,"Staff Services Analyst, Range C",False,False,,56712,70992,,37574,0,7908,1910,47391,12867,0,0,5146,18013,Public Employees Retirement System,https://www.calhr.ca.gov,,08/06/2024,,,True,
2023,State Department,Financial Information System for California,,"Staff Services Analyst, Range C",False,False,,56712,70992,,44680,0,0,2420,47100,16230,0,0,17581,33811,Public Employees Retirement System,https://www.calhr.ca.gov,,08/06/2024,,,True,
2023,State Department,Financial Information System for California,,"Personnel Specialist, Range B",False,False,,52392,65688,,42106,0,0,4840,46946,15286,0,0,17151,32437,Public Employees Retirement System,https://www.calhr.ca.gov,,08/06/2024,,,True,
2023,State Department,Financial Information System for California,,"Information Technology Specialist I, Range C",False,False,,88956,119184,,45904,0,0,585,46489,16048,0,0,10993,27041,Public Employees Retirement System,https://www.calhr.ca.gov,,08/06/2024,,,True,
2023,State Department,Financial Information System for California,,"Information Technology Specialist II, Range A",False,False,,97560,130716,,45989,0,0,200,46189,15052,0,0,1345,16397,Public Employees Retirement System,https://www.calhr.ca.gov,,08/06/2024,,,True,
2023,State Department,Financial Information System for California,,"Graphic Designer I, Range A",False,False,,52536,65772,,45395,0,567,-311,45651,13546,0,0,12669,26215,Public Employees Retirement System,https://www.calhr.ca.gov,,08/06/2024,,,True,
2023,State Department,Financial Information System for California,,"Associate Governmental Program Analyst, Range A",False,False,,68208,85368,,43852,0,0,1086,44937,15596,0,0,16552,32148,Public Employees Retirement System,https://www.calhr.ca.gov,,08/06/2024,,,True,
2023,State Department,Financial Information System for California,,"Staff Services Analyst, Range C",False,False,,56712,70992,,41143,61,0,2420,43624,14166,0,0,17151,31317,Public Employees Retirement System,https://www.calhr.ca.gov,,08/06/2024,,,True,
2023,State Department,Financial Information System for California,,"Associate Personnel Analyst, Range A",False,False,,68208,85368,,42465,0,0,0,42465,0,0,0,0,0,,https://www.calhr.ca.gov,,08/06/2024,,,True,
2023,State Department,Financial Information System for California,,"Information Technology Specialist I, Range B",False,False,,81012,108576,,38866,0,2877,347,42090,12493,0,0,689,13182,Public Employees Retirement System,https://www.calhr.ca.gov,,08/06/2024,,,True,
2023,State Department,Financial Information System for California,,"Information Technology Specialist I, Range C",False,False,,88956,119184,,40893,0,0,300,41193,13536,0,0,57,13592,Public Employees Retirement System,https://www.calhr.ca.gov,,08/06/2024,,,True,
2023,State Department,Financial Information System for California,,"Staff Services Analyst, Range C",False,False,,56712,70992,,39883,272,0,953,41108,13644,0,0,7183,20827,Public Employees Retirement System,https://www.calhr.ca.gov,,08/06/2024,,,True,
2023,State Department,Financial Information System for California,,"Associate Governmental Program Analyst, Range A",False,False,,68208,85368,,38972,0,0,0,38972,0,0,0,0,0,,https://www.calhr.ca.gov,,08/06/2024,,,True,
2023,State Department,Financial Information System for California,,"Associate Governmental Program Analyst, Range A",False,False,,68208,85368,,38255,0,0,0,38255,0,0,0,0,0,,https://www.calhr.ca.gov,,08/06/2024,,,True,
2023,State Department,Financial Information System for California,,"Information Technology Specialist I, Range C",False,False,,88956,119184,,37608,0,0,-104,37503,13117,0,0,11025,24142,Public Employees Retirement System,https://www.calhr.ca.gov,,08/06/2024,,,True,
2023,State Department,Financial Information System for California,,"Associate Governmental Program Analyst, Range A",False,False,,68208,85368,,37421,0,0,0,37421,0,0,0,0,0,,https://www.calhr.ca.gov,,08/06/2024,,,True,
2023,State Department,Financial Information System for California,,"Information Technology Specialist I, Range C",False,False,,88956,119184,,31615,0,0,250,31865,10459,0,0,42,10501,Public Employees Retirement System,https://www.calhr.ca.gov,,08/06/2024,,,True,
2023,State Department,Financial Information System for California,,Information Technology Supervisor II,False,False,,96192,128892,,0,0,30881,50,30931,0,0,0,0,0,Public Employees Retirement System,https://www.calhr.ca.gov,,08/06/2024,,,True,
2023,State Department,Financial Information System for California,,"Associate Personnel Analyst, Range A",False,False,,68208,85368,,30206,0,0,92,30299,10379,0,0,11025,21404,Public Employees Retirement System,https://www.calhr.ca.gov,,08/06/2024,,,True,
2023,State Department,Financial Information System for California,,"Information Technology Specialist I, Range C",False,False,,88956,119184,,27453,0,0,250,27703,9091,0,0,42,9134,Public Employees Retirement System,https://www.calhr.ca.gov,,08/06/2024,,,True,
2023,State Department,Financial Information System for California,,"Associate Governmental Program Analyst, Range A",False,False,,68208,85368,,26285,0,0,0,26285,0,0,0,0,0,,https://www.calhr.ca.gov,,08/06/2024,,,True,
2023,State Department,Financial Information System for California,,"Staff Services Analyst, Range C",False,False,,56712,70992,,14910,0,11118,-177,25851,5019,0,0,2205,7223,Public Employees Retirement System,https://www.calhr.ca.gov,,08/06/2024,,,True,
2023,State Department,Financial Information System for California,,Accounting Administrator II,False,False,,89040,110628,,25401,0,0,0,25401,0,0,0,0,0,,https://www.calhr.ca.gov,,08/06/2024,,,True,
2023,State Department,Financial Information System for California,,"Accounting Administrator I (Specialist), Range A",False,False,,74916,93780,,20466,0,0,880,21346,7071,0,0,3637,10708,Public Employees Retirement System,https://www.calhr.ca.gov,,08/06/2024,,,True,
2023,State Department,Financial Information System for California,,"Information Technology Specialist I, Range C",False,False,,88956,119184,,20045,0,0,-254,19790,6891,0,0,5386,12277,Public Employees Retirement System,https://www.calhr.ca.gov,,08/06/2024,,,True,
2023,State Department,Financial Information System for California,,"Information Technology Associate, Range C",False,False,,67068,89892,,18442,0,0,-258,18184,6097,0,0,2101,8198,Public Employees Retirement System,https://www.calhr.ca.gov,,08/06/2024,,,True,
2023,State Department,Financial Information System for California,,Senior Advisor to the Director,False,False,,137220,163476,,16066,0,1114,310,17491,5547,0,0,3895,9443,Public Employees Retirement System,https://www.calhr.ca.gov,,08/06/2024,,,True,
2023,State Department,Financial Information System for California,,"Associate Personnel Analyst, Range A",False,False,,68208,85368,,16296,0,0,-204,16091,5787,0,0,7347,13134,Public Employees Retirement System,https://www.calhr.ca.gov,,08/06/2024,,,True,
2023,State Department,Financial Information System for California,,"Information Technology Specialist I, Range A",False,False,,73668,98736,,14449,0,0,-14,14435,4771,0,0,712,5483,Public Employees Retirement System,https://www.calhr.ca.gov,,08/06/2024,,,True,
2023,State Department,Financial Information System for California,,"Personnel Specialist, Range D",False,False,,58632,73392,,0,0,0,11815,11815,5024,0,0,1676,6700,Public Employees Retirement System,https://www.calhr.ca.gov,,08/06/2024,,,True,
2023,State Department,Financial Information System for California,,"Information Technology Specialist I, Range C",False,False,,88956,119184,,8897,0,572,50,9520,3008,0,0,735,3743,Public Employees Retirement System,https://www.calhr.ca.gov,,08/06/2024,,,True,
2023,State Department,Financial Information System for California,,"Associate Accounting Analyst, Range A",False,False,,71604,89688,,9208,0,0,310,9518,8604,0,0,3675,12279,Public Employees Retirement System,https://www.calhr.ca.gov,,08/06/2024,,,True,
2023,State Department,Financial Information System for California,,"Information Technology Associate, Range D",False,False,,73764,98856,,7224,0,0,0,7224,2559,0,0,1897,4456,Public Employees Retirement System,https://www.calhr.ca.gov,,08/06/2024,,,True,
2023,State Department,Financial Information System for California,,"Information Technology Specialist I, Range C",False,False,,88956,119184,,6210,0,0,50,6260,2049,0,0,0,2049,Public Employees Retirement System,https://www.calhr.ca.gov,,08/06/2024,,,True,
2023,State Department,Financial Information System for California,,"Associate Governmental Program Analyst, Range A",False,False,,68208,85368,,4511,98,0,-354,4255,1488,0,0,1795,3284,Public Employees Retirement System,https://www.calhr.ca.gov,,08/06/2024,,,True,
2023,State Department,Financial Information System for California,,"Graphic Designer III, Range A",False,False,,71088,89004,,4108,0,0,0,4108,0,0,0,0,0,,https://www.calhr.ca.gov,,08/06/2024,,,True,
2023,State Department,Financial Information System for California,,"Office Technician (Typing), Range A",False,False,,43308,54216,,3634,0,0,410,4044,1348,0,0,1400,2748,Public Employees Retirement System,https://www.calhr.ca.gov,,08/06/2024,,,True,
2023,State Department,Financial Information System for California,,Information Technology Manager I,False,False,,106188,142284,,3386,0,0,50,3436,0,0,0,0,0,,https://www.calhr.ca.gov,,08/06/2024,,,True,
2023,State Department,Financial Information System for California,,"Office Technician (Typing), Range A",False,False,,43308,54216,,3023,0,0,50,3073,997,0,0,0,997,Public Employees Retirement System,https://www.calhr.ca.gov,,08/06/2024,,,True,
2023,State Department,Financial Information System for California,,"Office Technician (Typing), Range A",False,False,,43308,54216,,2142,0,0,50,2192,707,0,0,0,707,Public Employees Retirement System,https://www.calhr.ca.gov,,08/06/2024,,,True,
2023,State Department,Financial Information System for California,,"Information Technology Specialist I, Range C",False,False,,88956,119184,,0,0,1795,0,1795,0,0,0,0,0,Public Employees Retirement System,https://www.calhr.ca.gov,,08/06/2024,,,True,
2023,State Department,Financial Information System for California,,"Associate Governmental Program Analyst, Range A",False,False,,68208,85368,,201,0,0,0,201,0,0,0,0,0,,https://www.calhr.ca.gov,,08/06/2024,,,True,

