﻿Year,EmployerType,EmployerName,DepartmentOrSubdivision,Position,ElectedOfficial,Judicial,OtherPositions,MinPositionSalary,MaxPositionSalary,ReportedBaseWage,RegularPay,OvertimePay,LumpSumPay,OtherPay,TotalWages,DefinedBenefitPlanContribution,EmployeesRetirementCostCovered,DeferredCompensationPlan,HealthDentalVision,TotalRetirementAndHealthContribution,PensionFormula,EmployerURL,EmployerPopulation,LastUpdatedDate,EmployerCounty,SpecialDistrictActivities,IncludesUnfundedLiability,SpecialDistrictType
2023,State Department,Housing Finance Agency,,Executive Director/California Housing Finance Agency,False,False,,171996,258000,,248138,0,0,2457,250595,82560,0,0,18217,100777,Public Employees Retirement System,https://www.calhr.ca.gov,,08/06/2024,,,True,
2023,State Department,Housing Finance Agency,,"Director of Multifamily Programs, Calhfa",False,False,,140004,210000,,205010,0,0,2420,207430,46733,0,0,9397,56130,Public Employees Retirement System,https://www.calhr.ca.gov,,08/06/2024,,,True,
2023,State Department,Housing Finance Agency,,General Counsel/California Housing Finance Agency,False,False,,140004,210000,,199843,0,0,2370,202213,67200,0,0,23377,90577,Public Employees Retirement System,https://www.calhr.ca.gov,,08/06/2024,,,True,
2023,State Department,Housing Finance Agency,,"Attorney, Assistant Chief Counsel",False,False,,169080,197796,,186526,0,0,15360,201886,62195,0,0,23377,85571,Public Employees Retirement System,https://www.calhr.ca.gov,,08/06/2024,,,True,
2023,State Department,Housing Finance Agency,,Chief Deputy Director/California Housing Finance Agency,False,False,,152004,228000,,183894,0,0,9977,193871,62872,0,0,23377,86249,Public Employees Retirement System,https://www.calhr.ca.gov,,08/06/2024,,,True,
2023,State Department,Housing Finance Agency,,"Director, Financing/California Housing Finance Agency",False,False,,140004,210000,,182245,0,0,2420,184665,46733,0,0,9397,56130,Public Employees Retirement System,https://www.calhr.ca.gov,,08/06/2024,,,True,
2023,State Department,Housing Finance Agency,,"Attorney V, Range A",False,False,,147480,188220,,176839,0,0,7629,184468,59207,0,0,22693,81899,Public Employees Retirement System,https://www.calhr.ca.gov,,08/06/2024,,,True,
2023,State Department,Housing Finance Agency,,"Senior Housing Construction Inspector, California Housing Finance Agency",False,False,,130512,163320,,162408,0,0,7301,169709,54201,0,0,18083,72284,Public Employees Retirement System,https://www.calhr.ca.gov,,08/06/2024,,,True,
2023,State Department,Housing Finance Agency,,Chief Deputy Director/California Housing Finance Agency,False,False,,152004,228000,,86659,0,78041,1500,166200,28952,0,0,9740,38692,Public Employees Retirement System,https://www.calhr.ca.gov,,08/06/2024,,,True,
2023,State Department,Housing Finance Agency,,Director of Homeownership Program,False,False,,140004,210000,,164909,0,0,550,165459,53557,0,0,2253,55810,Public Employees Retirement System,https://www.calhr.ca.gov,,08/06/2024,,,True,
2023,State Department,Housing Finance Agency,,Director of Enterprise Risk Management and Compliance,False,False,,128004,192000,,154547,0,0,2420,156967,51231,0,0,9397,60628,Public Employees Retirement System,https://www.calhr.ca.gov,,08/06/2024,,,True,
2023,State Department,Housing Finance Agency,,"Housing Maintenance Inspector, California Housing Finance Agency",False,False,,110940,138792,,135644,12313,0,6068,154025,46060,0,0,23283,69343,Public Employees Retirement System,https://www.calhr.ca.gov,,08/06/2024,,,True,
2023,State Department,Housing Finance Agency,,"Chief Information Officer, California Housing Finance Agency",False,False,,111996,168000,,148079,0,0,2420,150499,51863,0,0,23377,75239,Public Employees Retirement System,https://www.calhr.ca.gov,,08/06/2024,,,True,
2023,State Department,Housing Finance Agency,,"C.E.A., Range B",False,False,,117060,241728,,141733,0,0,8038,149771,48761,0,0,23377,72137,Public Employees Retirement System,https://www.calhr.ca.gov,,08/06/2024,,,True,
2023,State Department,Housing Finance Agency,,Director of Legislation,False,False,,99996,150000,,138361,0,0,7932,146293,44000,0,0,19658,63658,Public Employees Retirement System,https://www.calhr.ca.gov,,08/06/2024,,,True,
2023,State Department,Housing Finance Agency,,"C.E.A., Range A",False,False,,117060,241728,,130684,0,0,7744,138428,44568,0,0,18217,62785,Public Employees Retirement System,https://www.calhr.ca.gov,,08/06/2024,,,True,
2023,State Department,Housing Finance Agency,,"C.E.A., Range A",False,False,,117060,241728,,135876,0,0,550,136426,44568,0,0,2945,47513,Public Employees Retirement System,https://www.calhr.ca.gov,,08/06/2024,,,True,
2023,State Department,Housing Finance Agency,,"C.E.A., Range A",False,False,,117060,241728,,130631,0,0,5125,135756,42863,0,0,4463,47326,Public Employees Retirement System,https://www.calhr.ca.gov,,08/06/2024,,,True,
2023,State Department,Housing Finance Agency,,Information Technology Manager I,False,False,,106188,142284,,130873,0,0,2420,133293,44758,0,0,23377,68135,Public Employees Retirement System,https://www.calhr.ca.gov,,08/06/2024,,,True,
2023,State Department,Housing Finance Agency,,Housing Finance Chief (Single Family),False,False,,119016,135144,,123536,0,0,7466,131002,42511,0,0,23377,65888,Public Employees Retirement System,https://www.calhr.ca.gov,,08/06/2024,,,True,
2023,State Department,Housing Finance Agency,,"C.E.A., Range B",False,False,,117060,241728,,129558,0,0,1426,130984,44055,0,0,8610,52664,Public Employees Retirement System,https://www.calhr.ca.gov,,08/06/2024,,,True,
2023,State Department,Housing Finance Agency,,Information Technology Manager II,False,False,,128808,156576,,128440,0,0,2420,130860,44859,0,0,23377,68236,Public Employees Retirement System,https://www.calhr.ca.gov,,08/06/2024,,,True,
2023,State Department,Housing Finance Agency,,Housing Finance Chief (Single Family),False,False,,119016,135144,,70903,0,56528,2290,129721,24492,0,0,10626,35119,Public Employees Retirement System,https://www.calhr.ca.gov,,08/06/2024,,,True,
2023,State Department,Housing Finance Agency,,Information Technology Manager I,False,False,,106188,142284,,126304,0,0,2420,128724,42690,0,0,9397,52087,Public Employees Retirement System,https://www.calhr.ca.gov,,08/06/2024,,,True,
2023,State Department,Housing Finance Agency,,Information Technology Manager I,False,False,,106188,142284,,126332,0,0,550,126882,41293,0,0,1831,43124,Public Employees Retirement System,https://www.calhr.ca.gov,,08/06/2024,,,True,
2023,State Department,Housing Finance Agency,,Housing Finance Specialist (Single Family),False,False,,74916,93780,,86687,34211,0,5922,126820,29499,0,0,9558,39057,Public Employees Retirement System,https://www.calhr.ca.gov,,08/06/2024,,,True,
2023,State Department,Housing Finance Agency,,"Information Technology Specialist II, Range A",False,False,,97560,130716,,118842,0,0,7302,126144,41119,0,0,22698,63817,Public Employees Retirement System,https://www.calhr.ca.gov,,08/06/2024,,,True,
2023,State Department,Housing Finance Agency,,Housing Finance Chief (Single Family),False,False,,119016,135144,,122867,0,0,2420,125287,42511,0,0,23377,65888,Public Employees Retirement System,https://www.calhr.ca.gov,,08/06/2024,,,True,
2023,State Department,Housing Finance Agency,,Housing Finance Chief (Rental),False,False,,119016,135144,,122793,0,0,2443,125236,41797,0,0,23377,65174,Public Employees Retirement System,https://www.calhr.ca.gov,,08/06/2024,,,True,
2023,State Department,Housing Finance Agency,,"Attorney III, Range A",False,False,,126432,162312,,120570,0,0,600,121170,40451,0,0,17569,58020,Public Employees Retirement System,https://www.calhr.ca.gov,,08/06/2024,,,True,
2023,State Department,Housing Finance Agency,,"Financing Officer, California Housing Finance Agency",False,False,,97620,121560,,113408,0,0,6890,120298,37900,0,0,9397,47297,Public Employees Retirement System,https://www.calhr.ca.gov,,08/06/2024,,,True,
2023,State Department,Housing Finance Agency,,"Housing Maintenance Inspector, California Housing Finance Agency",False,False,,110940,138792,,117828,0,0,600,118428,40242,0,0,23283,63525,Public Employees Retirement System,https://www.calhr.ca.gov,,08/06/2024,,,True,
2023,State Department,Housing Finance Agency,,Housing Finance Officer (Management Services),False,False,,97620,121560,,110958,0,0,6934,117892,37997,0,0,18217,56214,Public Employees Retirement System,https://www.calhr.ca.gov,,08/06/2024,,,True,
2023,State Department,Housing Finance Agency,,Information Technology Supervisor II,False,False,,96192,128892,,112606,0,0,5276,117882,38588,0,0,18213,56801,Public Employees Retirement System,https://www.calhr.ca.gov,,08/06/2024,,,True,
2023,State Department,Housing Finance Agency,,Housing Finance Officer (Management Services),False,False,,97620,121560,,111200,0,0,4838,116038,36462,0,0,3327,39789,Public Employees Retirement System,https://www.calhr.ca.gov,,08/06/2024,,,True,
2023,State Department,Housing Finance Agency,,Financial Accountant II,False,False,,97932,121692,,108774,0,0,6914,115688,38281,0,0,23377,61657,Public Employees Retirement System,https://www.calhr.ca.gov,,08/06/2024,,,True,
2023,State Department,Housing Finance Agency,,"Information Technology Specialist II, Range A",False,False,,97560,130716,,112986,0,0,2420,115406,38134,0,0,8861,46996,Public Employees Retirement System,https://www.calhr.ca.gov,,08/06/2024,,,True,
2023,State Department,Housing Finance Agency,,"Information Technology Specialist I, Range C",False,False,,88956,119184,,107964,0,0,6870,114834,37492,0,0,21987,59478,Public Employees Retirement System,https://www.calhr.ca.gov,,08/06/2024,,,True,
2023,State Department,Housing Finance Agency,,"Information Technology Specialist I, Range C",False,False,,88956,119184,,107252,0,0,6870,114122,37492,0,0,22698,60190,Public Employees Retirement System,https://www.calhr.ca.gov,,08/06/2024,,,True,
2023,State Department,Housing Finance Agency,,Staff Services Manager I,False,False,,81120,100776,,30663,0,78592,1240,110495,10436,0,0,3132,13567,Public Employees Retirement System,https://www.calhr.ca.gov,,08/06/2024,,,True,
2023,State Department,Housing Finance Agency,,"Information Technology Specialist I, Range C",False,False,,88956,119184,,104468,0,0,2420,106888,37492,0,0,14251,51742,Public Employees Retirement System,https://www.calhr.ca.gov,,08/06/2024,,,True,
2023,State Department,Housing Finance Agency,,Staff Services Manager II (Managerial),False,False,,98580,111972,,100171,0,0,6438,106609,35222,0,0,20797,56019,Public Employees Retirement System,https://www.calhr.ca.gov,,08/06/2024,,,True,
2023,State Department,Housing Finance Agency,,"Information Technology Specialist II, Range A",False,False,,97560,130716,,104160,0,0,2420,106580,36390,0,0,23021,59411,Public Employees Retirement System,https://www.calhr.ca.gov,,08/06/2024,,,True,
2023,State Department,Housing Finance Agency,,Accounting Administrator II,False,False,,89040,110628,,99711,0,0,6501,106212,34798,0,0,23377,58175,Public Employees Retirement System,https://www.calhr.ca.gov,,08/06/2024,,,True,
2023,State Department,Housing Finance Agency,,Housing Finance Officer (Single Family),False,False,,97620,121560,,97520,0,0,6371,103891,33850,0,0,23377,57227,Public Employees Retirement System,https://www.calhr.ca.gov,,08/06/2024,,,True,
2023,State Department,Housing Finance Agency,,"Senior Accounting Officer (Specialist), Range A",False,False,,68208,85368,,68716,0,27183,5508,101407,24578,0,0,20870,45447,Public Employees Retirement System,https://www.calhr.ca.gov,,08/06/2024,,,True,
2023,State Department,Housing Finance Agency,,Information Officer II,False,False,,84816,105396,,96420,0,0,4266,100686,31540,0,0,3245,34785,Public Employees Retirement System,https://www.calhr.ca.gov,,08/06/2024,,,True,
2023,State Department,Housing Finance Agency,,Information Officer II,False,False,,84816,105396,,93837,0,0,6356,100193,33153,0,0,18217,51370,Public Employees Retirement System,https://www.calhr.ca.gov,,08/06/2024,,,True,
2023,State Department,Housing Finance Agency,,Housing Finance Specialist (Rental),False,False,,74916,93780,,92389,0,5018,2420,99827,32000,0,0,19302,51301,Public Employees Retirement System,https://www.calhr.ca.gov,,08/06/2024,,,True,
2023,State Department,Housing Finance Agency,,Financial Accountant I,False,False,,85164,105792,,93386,0,0,6231,99617,31755,0,0,18217,49972,Public Employees Retirement System,https://www.calhr.ca.gov,,08/06/2024,,,True,
2023,State Department,Housing Finance Agency,,Information Technology Supervisor II,False,False,,96192,128892,,96330,0,0,2147,98478,32391,0,0,9445,41836,Public Employees Retirement System,https://www.calhr.ca.gov,,08/06/2024,,,True,
2023,State Department,Housing Finance Agency,,"Information Technology Specialist II, Range A",False,False,,97560,130716,,92260,0,0,6058,98318,31240,0,0,8760,40000,Public Employees Retirement System,https://www.calhr.ca.gov,,08/06/2024,,,True,
2023,State Department,Housing Finance Agency,,Risk Manager-Financing,False,False,,111996,168000,,96661,0,0,1490,98151,31846,0,0,10825,42671,Public Employees Retirement System,https://www.calhr.ca.gov,,08/06/2024,,,True,
2023,State Department,Housing Finance Agency,,Housing Finance Officer (Rental),False,False,,97620,121560,,93396,0,0,3772,97168,32392,0,0,9397,41789,Public Employees Retirement System,https://www.calhr.ca.gov,,08/06/2024,,,True,
2023,State Department,Housing Finance Agency,,Staff Services Manager I,False,False,,81120,100776,,72208,0,18369,5961,96538,25572,0,0,19481,45053,Public Employees Retirement System,https://www.calhr.ca.gov,,08/06/2024,,,True,
2023,State Department,Housing Finance Agency,,Accounting Administrator I (Supervisor),False,False,,81120,100776,,95975,0,0,550,96525,31281,0,0,2330,33611,Public Employees Retirement System,https://www.calhr.ca.gov,,08/06/2024,,,True,
2023,State Department,Housing Finance Agency,,Accounting Administrator I (Supervisor),False,False,,81120,100776,,89826,0,0,6133,95959,31460,0,0,23377,54837,Public Employees Retirement System,https://www.calhr.ca.gov,,08/06/2024,,,True,
2023,State Department,Housing Finance Agency,,Housing Finance Officer (Rental),False,False,,97620,121560,,94961,0,0,901,95861,30851,0,0,1981,32832,Public Employees Retirement System,https://www.calhr.ca.gov,,08/06/2024,,,True,
2023,State Department,Housing Finance Agency,,"Information Technology Specialist II, Range A",False,False,,97560,130716,,92360,0,0,2420,94780,32372,0,0,22001,54373,Public Employees Retirement System,https://www.calhr.ca.gov,,08/06/2024,,,True,
2023,State Department,Housing Finance Agency,,Housing Finance Specialist (Management Services),False,False,,74916,93780,,92287,0,0,2370,94657,32376,0,0,22925,55301,Public Employees Retirement System,https://www.calhr.ca.gov,,08/06/2024,,,True,
2023,State Department,Housing Finance Agency,,"Information Technology Associate, Range D",False,False,,73764,98856,,93857,0,0,600,94457,31096,0,0,136,31232,Public Employees Retirement System,https://www.calhr.ca.gov,,08/06/2024,,,True,
2023,State Department,Housing Finance Agency,,"Accounting Administrator I (Specialist), Range A",False,False,,74916,93780,,84339,4005,0,5694,94039,29499,0,0,20560,50059,Public Employees Retirement System,https://www.calhr.ca.gov,,08/06/2024,,,True,
2023,State Department,Housing Finance Agency,,Staff Services Manager I,False,False,,81120,100776,,91446,0,0,2420,93866,31256,0,0,9397,40652,Public Employees Retirement System,https://www.calhr.ca.gov,,08/06/2024,,,True,
2023,State Department,Housing Finance Agency,,"Accounting Administrator I (Specialist), Range A",False,False,,74916,93780,,85786,2869,0,3897,92552,27865,0,0,1816,29681,Public Employees Retirement System,https://www.calhr.ca.gov,,08/06/2024,,,True,
2023,State Department,Housing Finance Agency,,Staff Services Manager I,False,False,,81120,100776,,90146,0,0,2370,92516,30908,0,0,18217,49125,Public Employees Retirement System,https://www.calhr.ca.gov,,08/06/2024,,,True,
2023,State Department,Housing Finance Agency,,"Attorney, Range B",False,False,,104496,134076,,89206,0,0,2069,91276,30624,0,0,8857,39481,Public Employees Retirement System,https://www.calhr.ca.gov,,08/06/2024,,,True,
2023,State Department,Housing Finance Agency,,"Information Technology Specialist II, Range A",False,False,,97560,130716,,88895,0,0,2352,91247,31240,0,0,22507,53747,Public Employees Retirement System,https://www.calhr.ca.gov,,08/06/2024,,,True,
2023,State Department,Housing Finance Agency,,"Information Technology Associate, Range D",False,False,,73764,98856,,90595,0,0,575,91170,29502,0,0,1816,31318,Public Employees Retirement System,https://www.calhr.ca.gov,,08/06/2024,,,True,
2023,State Department,Housing Finance Agency,,"Information Technology Specialist II, Range A",False,False,,97560,130716,,88548,0,0,2420,90968,31184,0,0,22698,53882,Public Employees Retirement System,https://www.calhr.ca.gov,,08/06/2024,,,True,
2023,State Department,Housing Finance Agency,,Housing Finance Specialist (Management Services),False,False,,74916,93780,,87315,0,0,2420,89735,30267,0,0,17567,47834,Public Employees Retirement System,https://www.calhr.ca.gov,,08/06/2024,,,True,
2023,State Department,Housing Finance Agency,,Housing Finance Officer (Single Family),False,False,,97620,121560,,82823,0,0,6815,89638,29051,0,0,23377,52428,Public Employees Retirement System,https://www.calhr.ca.gov,,08/06/2024,,,True,
2023,State Department,Housing Finance Agency,,Housing Finance Specialist (Management Services),False,False,,74916,93780,,86704,0,0,2420,89124,29499,0,0,9203,38702,Public Employees Retirement System,https://www.calhr.ca.gov,,08/06/2024,,,True,
2023,State Department,Housing Finance Agency,,Information Officer II,False,False,,84816,105396,,86558,0,0,2420,88978,30861,0,0,23377,54238,Public Employees Retirement System,https://www.calhr.ca.gov,,08/06/2024,,,True,
2023,State Department,Housing Finance Agency,,"Accounting Administrator I (Specialist), Range A",False,False,,74916,93780,,85978,0,0,2370,88348,29499,0,0,8861,38360,Public Employees Retirement System,https://www.calhr.ca.gov,,08/06/2024,,,True,
2023,State Department,Housing Finance Agency,,Housing Finance Specialist (Single Family),False,False,,74916,93780,,85446,337,0,2420,88203,30267,0,0,22698,52965,Public Employees Retirement System,https://www.calhr.ca.gov,,08/06/2024,,,True,
2023,State Department,Housing Finance Agency,,"Accounting Administrator I (Specialist), Range A",False,False,,74916,93780,,85762,0,0,2370,88132,29075,0,0,8861,37937,Public Employees Retirement System,https://www.calhr.ca.gov,,08/06/2024,,,True,
2023,State Department,Housing Finance Agency,,"Accounting Administrator I (Specialist), Range A",False,False,,74916,93780,,87278,94,0,550,87922,29075,0,0,1816,30891,Public Employees Retirement System,https://www.calhr.ca.gov,,08/06/2024,,,True,
2023,State Department,Housing Finance Agency,,Housing Finance Specialist (Single Family),False,False,,74916,93780,,85446,0,0,2420,87866,30267,0,0,22698,52965,Public Employees Retirement System,https://www.calhr.ca.gov,,08/06/2024,,,True,
2023,State Department,Housing Finance Agency,,Housing Finance Specialist (Single Family),False,False,,74916,93780,,84997,0,0,2420,87417,29499,0,0,17567,47066,Public Employees Retirement System,https://www.calhr.ca.gov,,08/06/2024,,,True,
2023,State Department,Housing Finance Agency,,Housing Finance Specialist (Rental),False,False,,74916,93780,,84712,0,0,2450,87162,28717,0,0,8593,37310,Public Employees Retirement System,https://www.calhr.ca.gov,,08/06/2024,,,True,
2023,State Department,Housing Finance Agency,,Housing Finance Specialist (Single Family),False,False,,74916,93780,,83965,0,0,2420,86385,29178,0,0,17581,46759,Public Employees Retirement System,https://www.calhr.ca.gov,,08/06/2024,,,True,
2023,State Department,Housing Finance Agency,,Housing Finance Specialist (Management Services),False,False,,74916,93780,,83128,0,0,2420,85548,29499,0,0,22698,52197,Public Employees Retirement System,https://www.calhr.ca.gov,,08/06/2024,,,True,
2023,State Department,Housing Finance Agency,,Housing Finance Specialist (Single Family),False,False,,74916,93780,,83128,0,0,2420,85548,29499,0,0,22698,52197,Public Employees Retirement System,https://www.calhr.ca.gov,,08/06/2024,,,True,
2023,State Department,Housing Finance Agency,,Housing Finance Specialist (Single Family),False,False,,74916,93780,,83128,0,0,2420,85548,29499,0,0,22698,52197,Public Employees Retirement System,https://www.calhr.ca.gov,,08/06/2024,,,True,
2023,State Department,Housing Finance Agency,,Housing Finance Specialist (Management Services),False,False,,74916,93780,,82690,0,0,2402,85092,28098,0,0,8861,36959,Public Employees Retirement System,https://www.calhr.ca.gov,,08/06/2024,,,True,
2023,State Department,Housing Finance Agency,,"Associate Accounting Analyst, Range A",False,False,,71604,89688,,83815,356,0,550,84721,27755,0,0,1816,29571,Public Employees Retirement System,https://www.calhr.ca.gov,,08/06/2024,,,True,
2023,State Department,Housing Finance Agency,,Staff Services Manager I,False,False,,81120,100776,,82045,0,0,2390,84434,27726,0,0,18000,45726,Public Employees Retirement System,https://www.calhr.ca.gov,,08/06/2024,,,True,
2023,State Department,Housing Finance Agency,,Housing Finance Specialist (Single Family),False,False,,74916,93780,,81786,0,0,2420,84206,28098,0,0,22698,50796,Public Employees Retirement System,https://www.calhr.ca.gov,,08/06/2024,,,True,
2023,State Department,Housing Finance Agency,,"Associate Accounting Analyst, Range A",False,False,,71604,89688,,79943,841,0,2370,83154,28212,0,0,22074,50285,Public Employees Retirement System,https://www.calhr.ca.gov,,08/06/2024,,,True,
2023,State Department,Housing Finance Agency,,Housing Finance Associate (Single Family),False,False,,68208,85368,,75123,5340,0,2443,82905,26854,0,0,22767,49621,Public Employees Retirement System,https://www.calhr.ca.gov,,08/06/2024,,,True,
2023,State Department,Housing Finance Agency,,"Associate Governmental Program Analyst, Range A",False,False,,68208,85368,,82181,0,0,550,82731,26854,0,0,2895,29749,Public Employees Retirement System,https://www.calhr.ca.gov,,08/06/2024,,,True,
2023,State Department,Housing Finance Agency,,"Information Technology Specialist I, Range A",False,False,,73668,98736,,80247,0,0,2420,82667,27270,0,0,8637,35908,Public Employees Retirement System,https://www.calhr.ca.gov,,08/06/2024,,,True,
2023,State Department,Housing Finance Agency,,"Associate Governmental Program Analyst, Range A",False,False,,68208,85368,,78558,0,0,3646,82204,26077,0,0,1816,27892,Public Employees Retirement System,https://www.calhr.ca.gov,,08/06/2024,,,True,
2023,State Department,Housing Finance Agency,,"Associate Accounting Analyst, Range A",False,False,,71604,89688,,79571,0,0,2370,81941,28212,0,0,22698,50910,Public Employees Retirement System,https://www.calhr.ca.gov,,08/06/2024,,,True,
2023,State Department,Housing Finance Agency,,Housing Finance Associate (Single Family),False,False,,68208,85368,,79057,0,0,2420,81477,26854,0,0,8861,35716,Public Employees Retirement System,https://www.calhr.ca.gov,,08/06/2024,,,True,
2023,State Department,Housing Finance Agency,,Staff Services Manager I,False,False,,81120,100776,,79010,0,0,2420,81430,26373,0,0,9397,35770,Public Employees Retirement System,https://www.calhr.ca.gov,,08/06/2024,,,True,
2023,State Department,Housing Finance Agency,,Staff Services Manager I,False,False,,81120,100776,,80662,0,0,600,81262,26107,0,0,1996,28103,Public Employees Retirement System,https://www.calhr.ca.gov,,08/06/2024,,,True,
2023,State Department,Housing Finance Agency,,Housing Finance Associate (Single Family),False,False,,68208,85368,,78823,0,0,2420,81243,26854,0,0,9203,36057,Public Employees Retirement System,https://www.calhr.ca.gov,,08/06/2024,,,True,
2023,State Department,Housing Finance Agency,,"Senior Accounting Officer (Specialist), Range A",False,False,,68208,85368,,78835,0,0,2370,81205,26854,0,0,8861,35716,Public Employees Retirement System,https://www.calhr.ca.gov,,08/06/2024,,,True,
2023,State Department,Housing Finance Agency,,Housing Finance Associate (Single Family),False,False,,68208,85368,,78216,0,0,2420,80636,26854,0,0,21475,48329,Public Employees Retirement System,https://www.calhr.ca.gov,,08/06/2024,,,True,
2023,State Department,Housing Finance Agency,,Housing Finance Associate (Single Family),False,False,,68208,85368,,77099,1116,0,2420,80635,26854,0,0,17922,44777,Public Employees Retirement System,https://www.calhr.ca.gov,,08/06/2024,,,True,
2023,State Department,Housing Finance Agency,,"Associate Governmental Program Analyst, Range A",False,False,,68208,85368,,74920,0,0,5558,80478,26854,0,0,22698,49553,Public Employees Retirement System,https://www.calhr.ca.gov,,08/06/2024,,,True,
2023,State Department,Housing Finance Agency,,Staff Services Manager I,False,False,,81120,100776,,77646,0,0,2420,80066,26793,0,0,18217,45009,Public Employees Retirement System,https://www.calhr.ca.gov,,08/06/2024,,,True,
2023,State Department,Housing Finance Agency,,Housing Finance Associate (Single Family),False,False,,68208,85368,,76836,0,0,2420,79256,26854,0,0,17922,44777,Public Employees Retirement System,https://www.calhr.ca.gov,,08/06/2024,,,True,
2023,State Department,Housing Finance Agency,,Housing Finance Associate (Single Family),False,False,,68208,85368,,75472,1195,0,2420,79088,26854,0,0,22698,49553,Public Employees Retirement System,https://www.calhr.ca.gov,,08/06/2024,,,True,
2023,State Department,Housing Finance Agency,,Housing Finance Associate (Single Family),False,False,,68208,85368,,75859,538,0,2420,78817,26854,0,0,22698,49553,Public Employees Retirement System,https://www.calhr.ca.gov,,08/06/2024,,,True,
2023,State Department,Housing Finance Agency,,"Information Technology Associate, Range C",False,False,,67068,89892,,76035,173,0,2420,78628,25927,0,0,8861,34788,Public Employees Retirement System,https://www.calhr.ca.gov,,08/06/2024,,,True,
2023,State Department,Housing Finance Agency,,Housing Finance Associate (Single Family),False,False,,68208,85368,,75492,473,0,2400,78366,26854,0,0,22698,49553,Public Employees Retirement System,https://www.calhr.ca.gov,,08/06/2024,,,True,
2023,State Department,Housing Finance Agency,,Housing Finance Associate (Single Family),False,False,,68208,85368,,75935,0,0,2370,78305,26854,0,0,20174,47028,Public Employees Retirement System,https://www.calhr.ca.gov,,08/06/2024,,,True,
2023,State Department,Housing Finance Agency,,"Information Technology Specialist II, Range A",False,False,,97560,130716,,74189,0,0,2420,76609,25261,0,0,8593,33853,Public Employees Retirement System,https://www.calhr.ca.gov,,08/06/2024,,,True,
2023,State Department,Housing Finance Agency,,"Graphic Designer III, Range A",False,False,,71088,89004,,71134,2513,0,2813,76459,24615,0,0,8619,33234,Public Employees Retirement System,https://www.calhr.ca.gov,,08/06/2024,,,True,
2023,State Department,Housing Finance Agency,,"Research Data Analyst II, Range A",False,False,,75180,94176,,71227,0,0,5228,76455,23965,0,0,8861,32827,Public Employees Retirement System,https://www.calhr.ca.gov,,08/06/2024,,,True,
2023,State Department,Housing Finance Agency,,Housing Finance Associate (Management Services),False,False,,68208,85368,,72940,0,0,2427,75367,24938,0,0,9203,34141,Public Employees Retirement System,https://www.calhr.ca.gov,,08/06/2024,,,True,
2023,State Department,Housing Finance Agency,,Staff Services Manager I,False,False,,81120,100776,,70322,1838,0,2370,74530,25146,0,0,22698,47845,Public Employees Retirement System,https://www.calhr.ca.gov,,08/06/2024,,,True,
2023,State Department,Housing Finance Agency,,"Information Technology Associate, Range D",False,False,,73764,98856,,71537,0,0,2420,73957,24527,0,0,21972,46500,Public Employees Retirement System,https://www.calhr.ca.gov,,08/06/2024,,,True,
2023,State Department,Housing Finance Agency,,"Attorney, Range B",False,False,,104496,134076,,72132,0,0,1544,73677,23844,0,0,6642,30486,Public Employees Retirement System,https://www.calhr.ca.gov,,08/06/2024,,,True,
2023,State Department,Housing Finance Agency,,"Associate Governmental Program Analyst, Range A",False,False,,68208,85368,,69486,0,0,2370,71856,23650,0,0,17581,41231,Public Employees Retirement System,https://www.calhr.ca.gov,,08/06/2024,,,True,
2023,State Department,Housing Finance Agency,,"Senior Accounting Officer (Specialist), Range A",False,False,,68208,85368,,64372,1824,0,5089,71285,22639,0,0,17567,40205,Public Employees Retirement System,https://www.calhr.ca.gov,,08/06/2024,,,True,
2023,State Department,Housing Finance Agency,,"Accounting Officer (Specialist), Range A",False,False,,59568,74556,,68669,0,0,2370,71039,23453,0,0,8861,32314,Public Employees Retirement System,https://www.calhr.ca.gov,,08/06/2024,,,True,
2023,State Department,Housing Finance Agency,,Staff Services Manager I,False,False,,81120,100776,,70191,0,0,600,70791,22693,0,0,1831,24523,Public Employees Retirement System,https://www.calhr.ca.gov,,08/06/2024,,,True,
2023,State Department,Housing Finance Agency,,Staff Services Manager I,False,False,,81120,100776,,68047,0,0,2370,70417,23843,0,0,17962,41805,Public Employees Retirement System,https://www.calhr.ca.gov,,08/06/2024,,,True,
2023,State Department,Housing Finance Agency,,"Research Data Analyst II, Range A",False,False,,75180,94176,,67459,0,0,2420,69879,23000,0,0,8593,31594,Public Employees Retirement System,https://www.calhr.ca.gov,,08/06/2024,,,True,
2023,State Department,Housing Finance Agency,,"Information Technology Technician, Range C",False,False,,55800,74796,,66750,48,0,2320,69118,19961,0,0,8822,28783,Public Employees Retirement System,https://www.calhr.ca.gov,,08/06/2024,,,True,
2023,State Department,Housing Finance Agency,,"Senior Accounting Officer (Specialist), Range A",False,False,,68208,85368,,65946,0,0,2370,68316,24240,0,0,22698,46938,Public Employees Retirement System,https://www.calhr.ca.gov,,08/06/2024,,,True,
2023,State Department,Housing Finance Agency,,Housing Finance Officer (Rental),False,False,,97620,121560,,26171,0,41144,930,68246,9093,0,0,5843,14936,,https://www.calhr.ca.gov,,08/06/2024,,,True,
2023,State Department,Housing Finance Agency,,"Senior Accounting Officer (Specialist), Range A",False,False,,68208,85368,,65206,538,0,2370,68113,23453,0,0,22698,46151,Public Employees Retirement System,https://www.calhr.ca.gov,,08/06/2024,,,True,
2023,State Department,Housing Finance Agency,,"Accounting Officer (Specialist), Range A",False,False,,59568,74556,,65003,645,0,2370,68018,23453,0,0,22698,46151,Public Employees Retirement System,https://www.calhr.ca.gov,,08/06/2024,,,True,
2023,State Department,Housing Finance Agency,,"Senior Legal Analyst, Range A",False,False,,71604,89688,,63163,0,0,4758,67922,21652,0,0,8920,30571,Public Employees Retirement System,https://www.calhr.ca.gov,,08/06/2024,,,True,
2023,State Department,Housing Finance Agency,,"Accounting Officer (Specialist), Range A",False,False,,59568,74556,,67224,108,0,550,67881,22433,0,0,1290,23723,Public Employees Retirement System,https://www.calhr.ca.gov,,08/06/2024,,,True,
2023,State Department,Housing Finance Agency,,"Associate Governmental Program Analyst, Range A",False,False,,68208,85368,,63496,401,0,2337,66234,22351,0,0,17700,40051,Public Employees Retirement System,https://www.calhr.ca.gov,,08/06/2024,,,True,
2023,State Department,Housing Finance Agency,,"Attorney III, Range A",False,False,,126432,162312,,46539,0,19316,150,66005,15699,0,0,9455,25154,Public Employees Retirement System,https://www.calhr.ca.gov,,08/06/2024,,,True,
2023,State Department,Housing Finance Agency,,"Associate Governmental Program Analyst, Range A",False,False,,68208,85368,,62510,0,0,2420,64930,22590,0,0,22767,45357,Public Employees Retirement System,https://www.calhr.ca.gov,,08/06/2024,,,True,
2023,State Department,Housing Finance Agency,,Housing Finance Assistant (General),False,False,,56712,70992,,60724,0,0,2987,63711,20207,0,0,935,21141,Public Employees Retirement System,https://www.calhr.ca.gov,,08/06/2024,,,True,
2023,State Department,Housing Finance Agency,,"Information Technology Specialist I, Range C",False,False,,88956,119184,,62392,0,0,590,62982,20340,0,0,1219,21559,Public Employees Retirement System,https://www.calhr.ca.gov,,08/06/2024,,,True,
2023,State Department,Housing Finance Agency,,"Staff Services Analyst, Range C",False,False,,56712,70992,,60531,0,0,2370,62901,20789,0,0,8861,29651,Public Employees Retirement System,https://www.calhr.ca.gov,,08/06/2024,,,True,
2023,State Department,Housing Finance Agency,,"Associate Governmental Program Analyst, Range A",False,False,,68208,85368,,59506,0,0,2390,61896,21536,0,0,21544,43080,Public Employees Retirement System,https://www.calhr.ca.gov,,08/06/2024,,,True,
2023,State Department,Housing Finance Agency,,"Information Technology Associate, Range C",False,False,,67068,89892,,60090,0,0,550,60640,19975,0,0,136,20111,Public Employees Retirement System,https://www.calhr.ca.gov,,08/06/2024,,,True,
2023,State Department,Housing Finance Agency,,"Information Technology Associate, Range B",False,False,,61356,82224,,59486,0,0,600,60086,19708,0,0,136,19844,Public Employees Retirement System,https://www.calhr.ca.gov,,08/06/2024,,,True,
2023,State Department,Housing Finance Agency,,Housing Finance Assistant (General),False,False,,56712,70992,,57024,247,0,2420,59691,19632,0,0,9203,28834,Public Employees Retirement System,https://www.calhr.ca.gov,,08/06/2024,,,True,
2023,State Department,Housing Finance Agency,,"Business Service Assistant (Specialist), Range C",False,False,,49188,61560,,54703,0,0,4580,59283,18935,0,0,9558,28494,Public Employees Retirement System,https://www.calhr.ca.gov,,08/06/2024,,,True,
2023,State Department,Housing Finance Agency,,"Staff Services Analyst, Range C",False,False,,56712,70992,,56740,0,0,2420,59160,19476,0,0,17567,37042,Public Employees Retirement System,https://www.calhr.ca.gov,,08/06/2024,,,True,
2023,State Department,Housing Finance Agency,,"Associate Governmental Program Analyst, Range A",False,False,,68208,85368,,56036,0,0,2420,58456,19924,0,0,17581,37505,Public Employees Retirement System,https://www.calhr.ca.gov,,08/06/2024,,,True,
2023,State Department,Housing Finance Agency,,"C.E.A., Range A",False,False,,117060,241728,,32485,0,24554,1240,58280,11338,0,0,7792,19130,Public Employees Retirement System,https://www.calhr.ca.gov,,08/06/2024,,,True,
2023,State Department,Housing Finance Agency,,"Attorney, Range B",False,False,,104496,134076,,57762,0,0,500,58262,19751,0,0,15117,34868,Public Employees Retirement System,https://www.calhr.ca.gov,,08/06/2024,,,True,
2023,State Department,Housing Finance Agency,,"Staff Services Analyst, Range C",False,False,,56712,70992,,55534,0,0,2420,57954,20231,0,0,17567,37797,Public Employees Retirement System,https://www.calhr.ca.gov,,08/06/2024,,,True,
2023,State Department,Housing Finance Agency,,"Staff Services Analyst, Range C",False,False,,56712,70992,,54243,0,0,2370,56613,18656,0,0,8404,27060,Public Employees Retirement System,https://www.calhr.ca.gov,,08/06/2024,,,True,
2023,State Department,Housing Finance Agency,,Accounting Administrator I (Supervisor),False,False,,81120,100776,,52740,0,0,2944,55683,17105,0,0,1164,18269,Public Employees Retirement System,https://www.calhr.ca.gov,,08/06/2024,,,True,
2023,State Department,Housing Finance Agency,,"Information Technology Associate, Range D",False,False,,73764,98856,,43355,0,9402,1860,54617,15356,0,0,11349,26705,Public Employees Retirement System,https://www.calhr.ca.gov,,08/06/2024,,,True,
2023,State Department,Housing Finance Agency,,"Information Technology Associate, Range B",False,False,,61356,82224,,51954,0,0,2420,54374,17863,0,0,8656,26519,Public Employees Retirement System,https://www.calhr.ca.gov,,08/06/2024,,,True,
2023,State Department,Housing Finance Agency,,Housing Finance Assistant (General),False,False,,56712,70992,,51584,0,0,2370,53954,17743,0,0,8637,26380,Public Employees Retirement System,https://www.calhr.ca.gov,,08/06/2024,,,True,
2023,State Department,Housing Finance Agency,,"Staff Services Analyst, Range C",False,False,,56712,70992,,53398,0,0,550,53948,17135,0,0,1816,18951,Public Employees Retirement System,https://www.calhr.ca.gov,,08/06/2024,,,True,
2023,State Department,Housing Finance Agency,,"Associate Governmental Program Analyst, Range A",False,False,,68208,85368,,47976,4405,0,1540,53920,17166,0,0,6497,23663,Public Employees Retirement System,https://www.calhr.ca.gov,,08/06/2024,,,True,
2023,State Department,Housing Finance Agency,,"Management Services Technician, Range B",False,False,,45432,56916,,50727,0,0,2370,53097,17508,0,0,8861,26369,Public Employees Retirement System,https://www.calhr.ca.gov,,08/06/2024,,,True,
2023,State Department,Housing Finance Agency,,"Associate Governmental Program Analyst, Range A",False,False,,68208,85368,,51496,0,0,665,52161,16686,0,0,1373,18059,Public Employees Retirement System,https://www.calhr.ca.gov,,08/06/2024,,,True,
2023,State Department,Housing Finance Agency,,"Staff Services Analyst, Range C",False,False,,56712,70992,,51056,0,0,678,51734,16533,0,0,1752,18285,Public Employees Retirement System,https://www.calhr.ca.gov,,08/06/2024,,,True,
2023,State Department,Housing Finance Agency,,"Management Services Technician, Range B",False,False,,45432,56916,,48453,0,0,2499,50952,17508,0,0,17596,35104,Public Employees Retirement System,https://www.calhr.ca.gov,,08/06/2024,,,True,
2023,State Department,Housing Finance Agency,,"Staff Services Analyst, Range C",False,False,,56712,70992,,48674,0,0,2270,50944,16810,0,0,8593,25403,Public Employees Retirement System,https://www.calhr.ca.gov,,08/06/2024,,,True,
2023,State Department,Housing Finance Agency,,"Information Technology Technician, Range C",False,False,,55800,74796,,48706,0,0,1748,50454,15780,0,0,7905,23686,Public Employees Retirement System,https://www.calhr.ca.gov,,08/06/2024,,,True,
2023,State Department,Housing Finance Agency,,"Staff Services Analyst, Range C",False,False,,56712,70992,,47915,0,0,665,48580,15637,0,0,1513,17149,Public Employees Retirement System,https://www.calhr.ca.gov,,08/06/2024,,,True,
2023,State Department,Housing Finance Agency,,"Research Data Analyst II, Range A",False,False,,75180,94176,,42659,0,3506,2220,48385,14534,0,0,11334,25868,Public Employees Retirement System,https://www.calhr.ca.gov,,08/06/2024,,,True,
2023,State Department,Housing Finance Agency,,"Business Service Assistant (Specialist), Range B",False,False,,45432,56916,,44699,0,0,2370,47069,15493,0,0,8637,24130,Public Employees Retirement System,https://www.calhr.ca.gov,,08/06/2024,,,True,
2023,State Department,Housing Finance Agency,,"Staff Services Analyst, Range C",False,False,,56712,70992,,45660,0,0,1401,47062,15637,0,0,7197,22834,Public Employees Retirement System,https://www.calhr.ca.gov,,08/06/2024,,,True,
2023,State Department,Housing Finance Agency,,"Business Service Assistant (Specialist), Range B",False,False,,45432,56916,,45273,0,0,550,45823,14985,0,0,1816,16801,Public Employees Retirement System,https://www.calhr.ca.gov,,08/06/2024,,,True,
2023,State Department,Housing Finance Agency,,"Management Services Technician, Range B",False,False,,45432,56916,,43043,0,0,2370,45413,16217,0,0,22698,38915,Public Employees Retirement System,https://www.calhr.ca.gov,,08/06/2024,,,True,
2023,State Department,Housing Finance Agency,,"Associate Governmental Program Analyst, Range A",False,False,,68208,85368,,42960,0,0,2220,45180,16084,0,0,22766,38849,Public Employees Retirement System,https://www.calhr.ca.gov,,08/06/2024,,,True,
2023,State Department,Housing Finance Agency,,"Management Services Technician, Range B",False,False,,45432,56916,,44373,0,0,550,44923,14062,0,0,1816,15878,Public Employees Retirement System,https://www.calhr.ca.gov,,08/06/2024,,,True,
2023,State Department,Housing Finance Agency,,"Information Technology Specialist I, Range B",False,False,,81012,108576,,43343,0,0,478,43821,14138,0,0,1145,15283,Public Employees Retirement System,https://www.calhr.ca.gov,,08/06/2024,,,True,
2023,State Department,Housing Finance Agency,,"Staff Services Analyst, Range C",False,False,,56712,70992,,41028,0,0,2370,43398,15452,0,0,22698,38151,Public Employees Retirement System,https://www.calhr.ca.gov,,08/06/2024,,,True,
2023,State Department,Housing Finance Agency,,"Information Technology Associate, Range C",False,False,,67068,89892,,42788,0,0,601,43389,14151,0,0,11423,25574,Public Employees Retirement System,https://www.calhr.ca.gov,,08/06/2024,,,True,
2023,State Department,Housing Finance Agency,,Staff Services Manager I,False,False,,81120,100776,,38463,0,2861,1825,43148,13401,0,0,7593,20994,Public Employees Retirement System,https://www.calhr.ca.gov,,08/06/2024,,,True,
2023,State Department,Housing Finance Agency,,"Office Technician (Typing), Range A",False,False,,43308,54216,,40166,0,0,2420,42586,13590,0,0,8593,22184,Public Employees Retirement System,https://www.calhr.ca.gov,,08/06/2024,,,True,
2023,State Department,Housing Finance Agency,,"Management Services Technician, Range B",False,False,,45432,56916,,39409,0,0,2370,41779,13707,0,0,8637,22344,Public Employees Retirement System,https://www.calhr.ca.gov,,08/06/2024,,,True,
2023,State Department,Housing Finance Agency,,"Accountant I (Specialist), Range A",False,False,,44496,55692,,39181,0,0,2370,41551,14174,0,0,8878,23053,Public Employees Retirement System,https://www.calhr.ca.gov,,08/06/2024,,,True,
2023,State Department,Housing Finance Agency,,"Accountant Trainee, Range A",False,False,,50244,59904,,36992,0,0,1489,38481,13203,0,0,8591,21794,Public Employees Retirement System,https://www.calhr.ca.gov,,08/06/2024,,,True,
2023,State Department,Housing Finance Agency,,"Office Technician (General), Range A",False,False,,42516,53280,,37072,0,0,1210,38282,13031,0,0,8123,21154,Public Employees Retirement System,https://www.calhr.ca.gov,,08/06/2024,,,True,
2023,State Department,Housing Finance Agency,,"Staff Services Analyst, Range C",False,False,,56712,70992,,35726,0,0,821,36546,12785,0,0,14292,27076,Public Employees Retirement System,https://www.calhr.ca.gov,,08/06/2024,,,True,
2023,State Department,Housing Finance Agency,,"Information Technology Associate, Range D",False,False,,73764,98856,,34009,0,0,152,34161,13308,0,0,12832,26140,Public Employees Retirement System,https://www.calhr.ca.gov,,08/06/2024,,,True,
2023,State Department,Housing Finance Agency,,"Information Technology Specialist I, Range C",False,False,,88956,119184,,33863,0,0,-69,33794,11645,0,0,7135,18780,Public Employees Retirement System,https://www.calhr.ca.gov,,08/06/2024,,,True,
2023,State Department,Housing Finance Agency,,"Information Technology Specialist I, Range C",False,False,,88956,119184,,33700,0,0,-77,33622,11322,0,0,3588,14909,Public Employees Retirement System,https://www.calhr.ca.gov,,08/06/2024,,,True,
2023,State Department,Housing Finance Agency,,Housing Finance Officer (Rental),False,False,,97620,121560,,33580,0,0,0,33580,0,0,0,0,0,,https://www.calhr.ca.gov,,08/06/2024,,,True,
2023,State Department,Housing Finance Agency,,"Office Technician (Typing), Range A",False,False,,43308,54216,,24778,0,138,5150,30066,8774,0,0,6397,15171,Public Employees Retirement System,https://www.calhr.ca.gov,,08/06/2024,,,True,
2023,State Department,Housing Finance Agency,,"Student Assistant, Range D",False,False,,43860,48276,,26878,0,0,0,26878,4910,0,0,0,4910,Public Employees Retirement System,https://www.calhr.ca.gov,,08/06/2024,,,True,
2023,State Department,Housing Finance Agency,,"Office Technician (General), Range A",False,False,,42516,53280,,23445,0,0,318,23763,8344,0,0,7991,16335,Public Employees Retirement System,https://www.calhr.ca.gov,,08/06/2024,,,True,
2023,State Department,Housing Finance Agency,,"Student Assistant, Range D",False,False,,43860,48276,,20778,0,993,0,21771,0,0,0,0,0,Part-Time Seasonal and Temporary (PST) Retirement Plan,https://www.calhr.ca.gov,,08/06/2024,,,True,
2023,State Department,Housing Finance Agency,,"Personnel Specialist, Range A",False,False,,45588,57048,,18519,0,998,1465,20982,6388,0,0,8575,14963,Public Employees Retirement System,https://www.calhr.ca.gov,,08/06/2024,,,True,
2023,State Department,Housing Finance Agency,,"Staff Services Analyst, Range C",False,False,,56712,70992,,20764,0,0,-300,20464,9030,0,0,10993,20022,Public Employees Retirement System,https://www.calhr.ca.gov,,08/06/2024,,,True,
2023,State Department,Housing Finance Agency,,"Associate Governmental Program Analyst, Range A",False,False,,68208,85368,,15907,0,2665,1140,19712,5699,0,0,5765,11464,Public Employees Retirement System,https://www.calhr.ca.gov,,08/06/2024,,,True,
2023,State Department,Housing Finance Agency,,"Student Assistant, Range D",False,False,,43860,48276,,14779,0,0,0,14779,0,0,0,0,0,Part-Time Seasonal and Temporary (PST) Retirement Plan,https://www.calhr.ca.gov,,08/06/2024,,,True,
2023,State Department,Housing Finance Agency,,"Information Technology Associate, Range C",False,False,,67068,89892,,13411,0,0,150,13561,4429,0,0,23,4451,Public Employees Retirement System,https://www.calhr.ca.gov,,08/06/2024,,,True,
2023,State Department,Housing Finance Agency,,"Information Technology Associate, Range C",False,False,,67068,89892,,13411,0,0,150,13561,4429,0,0,23,4451,Public Employees Retirement System,https://www.calhr.ca.gov,,08/06/2024,,,True,
2023,State Department,Housing Finance Agency,,"Research Data Analyst I, Range C",False,False,,62544,78288,,13088,0,0,78,13166,4372,0,0,2148,6520,Public Employees Retirement System,https://www.calhr.ca.gov,,08/06/2024,,,True,
2023,State Department,Housing Finance Agency,,"Student Assistant, Range D",False,False,,43860,48276,,11332,0,993,0,12325,1168,0,0,0,1168,Public Employees Retirement System,https://www.calhr.ca.gov,,08/06/2024,,,True,
2023,State Department,Housing Finance Agency,,"Student Assistant, Range D",False,False,,43860,48276,,11133,0,152,0,11285,3563,0,0,0,3563,Public Employees Retirement System,https://www.calhr.ca.gov,,08/06/2024,,,True,
2023,State Department,Housing Finance Agency,,"Student Assistant, Range D",False,False,,43860,48276,,7090,0,455,0,7545,0,0,0,0,0,Part-Time Seasonal and Temporary (PST) Retirement Plan,https://www.calhr.ca.gov,,08/06/2024,,,True,
2023,State Department,Housing Finance Agency,,"Information Technology Specialist I, Range C",False,False,,88956,119184,,6210,0,0,100,6310,2049,0,0,11,2060,Public Employees Retirement System,https://www.calhr.ca.gov,,08/06/2024,,,True,
2023,State Department,Housing Finance Agency,,"Information Technology Associate, Range D",False,False,,73764,98856,,4878,0,0,-85,4793,1609,0,0,1386,2995,Public Employees Retirement System,https://www.calhr.ca.gov,,08/06/2024,,,True,
2023,State Department,Housing Finance Agency,,"Student Assistant, Range A",False,False,,35820,39372,,3780,0,0,0,3780,0,0,0,0,0,Part-Time Seasonal and Temporary (PST) Retirement Plan,https://www.calhr.ca.gov,,08/06/2024,,,True,
2023,State Department,Housing Finance Agency,,"Staff Services Analyst, Range C",False,False,,56712,70992,,3542,0,0,50,3592,1169,0,0,0,1169,Public Employees Retirement System,https://www.calhr.ca.gov,,08/06/2024,,,True,
2023,State Department,Housing Finance Agency,,"Office Technician (Typing), Range A",False,False,,43308,54216,,1910,0,0,50,1960,630,0,0,0,630,Public Employees Retirement System,https://www.calhr.ca.gov,,08/06/2024,,,True,
2023,State Department,Housing Finance Agency,,"Student Assistant, Range A",False,False,,35820,39372,,895,0,0,0,895,0,0,0,0,0,Part-Time Seasonal and Temporary (PST) Retirement Plan,https://www.calhr.ca.gov,,08/06/2024,,,True,
2023,State Department,Housing Finance Agency,,Member of the Board/California Housing Finance Agency,False,False,,25920,25920,,700,0,0,0,700,0,0,0,0,0,Part-Time Seasonal and Temporary (PST) Retirement Plan,https://www.calhr.ca.gov,,08/06/2024,,,True,
2023,State Department,Housing Finance Agency,,Member of the Board/California Housing Finance Agency,False,False,,25920,25920,,700,0,0,0,700,0,0,0,0,0,Part-Time Seasonal and Temporary (PST) Retirement Plan,https://www.calhr.ca.gov,,08/06/2024,,,True,
2023,State Department,Housing Finance Agency,,Member of the Board/California Housing Finance Agency,False,False,,25920,25920,,600,0,0,0,600,0,0,0,0,0,Part-Time Seasonal and Temporary (PST) Retirement Plan,https://www.calhr.ca.gov,,08/06/2024,,,True,
2023,State Department,Housing Finance Agency,,Member of the Board/California Housing Finance Agency,False,False,,25920,25920,,600,0,0,0,600,0,0,0,0,0,Part-Time Seasonal and Temporary (PST) Retirement Plan,https://www.calhr.ca.gov,,08/06/2024,,,True,
2023,State Department,Housing Finance Agency,,Member of the Board/California Housing Finance Agency,False,False,,25920,25920,,500,0,0,30,530,0,0,0,0,0,Part-Time Seasonal and Temporary (PST) Retirement Plan,https://www.calhr.ca.gov,,08/06/2024,,,True,
2023,State Department,Housing Finance Agency,,Member of the Board/California Housing Finance Agency,False,False,,25920,25920,,500,0,0,0,500,0,0,0,0,0,Part-Time Seasonal and Temporary (PST) Retirement Plan,https://www.calhr.ca.gov,,08/06/2024,,,True,
2023,State Department,Housing Finance Agency,,Member of the Board/California Housing Finance Agency,False,False,,25920,25920,,400,0,0,0,400,0,0,0,0,0,Part-Time Seasonal and Temporary (PST) Retirement Plan,https://www.calhr.ca.gov,,08/06/2024,,,True,
2023,State Department,Housing Finance Agency,,Member of the Board/California Housing Finance Agency,False,False,,25920,25920,,400,0,0,0,400,0,0,0,0,0,Part-Time Seasonal and Temporary (PST) Retirement Plan,https://www.calhr.ca.gov,,08/06/2024,,,True,
2023,State Department,Housing Finance Agency,,"Staff Services Analyst, Range C",False,False,,56712,70992,,208,0,0,0,208,69,0,0,0,69,Public Employees Retirement System,https://www.calhr.ca.gov,,08/06/2024,,,True,

