﻿Year,EmployerType,EmployerName,DepartmentOrSubdivision,Position,ElectedOfficial,Judicial,OtherPositions,MinPositionSalary,MaxPositionSalary,ReportedBaseWage,RegularPay,OvertimePay,LumpSumPay,OtherPay,TotalWages,DefinedBenefitPlanContribution,EmployeesRetirementCostCovered,DeferredCompensationPlan,HealthDentalVision,TotalRetirementAndHealthContribution,PensionFormula,EmployerURL,EmployerPopulation,LastUpdatedDate,EmployerCounty,SpecialDistrictActivities,IncludesUnfundedLiability,SpecialDistrictType
2023,State Department,Mental Health Services Oversight and Accountability Commission,,"C.E.A., Range C",False,False,,117060,241728,,158921,0,98581,8770,266273,56746,0,0,21432,78177,Public Employees Retirement System,https://www.calhr.ca.gov,,08/06/2024,,,True,
2023,State Department,Mental Health Services Oversight and Accountability Commission,,Research Scientist Manager (Social/Behavioral Sciences),False,False,,149580,169848,,161388,0,0,7385,168773,51093,0,0,18217,69310,Public Employees Retirement System,https://www.calhr.ca.gov,,08/06/2024,,,True,
2023,State Department,Mental Health Services Oversight and Accountability Commission,,"Executive Director, Mental Health Services Oversight and Accountability Commission",False,False,,157836,175860,,163919,0,0,2155,166074,55319,0,0,23377,78695,Public Employees Retirement System,https://www.calhr.ca.gov,,08/06/2024,,,True,
2023,State Department,Mental Health Services Oversight and Accountability Commission,,"C.E.A., Range C",False,False,,117060,241728,,153287,0,0,8387,161674,52590,0,0,23377,75967,Public Employees Retirement System,https://www.calhr.ca.gov,,08/06/2024,,,True,
2023,State Department,Mental Health Services Oversight and Accountability Commission,,"Consulting Psychologist, Range U",False,False,,135300,162432,,139487,0,0,550,140037,44323,0,0,8857,53180,Public Employees Retirement System,https://www.calhr.ca.gov,,08/06/2024,,,True,
2023,State Department,Mental Health Services Oversight and Accountability Commission,,"C.E.A., Range B",False,False,,117060,241728,,121782,0,0,7269,129051,40248,0,0,9397,49644,Public Employees Retirement System,https://www.calhr.ca.gov,,08/06/2024,,,True,
2023,State Department,Mental Health Services Oversight and Accountability Commission,,Information Technology Specialist III,False,False,,107532,144108,,119053,0,0,7076,126129,41265,0,0,22869,64134,Public Employees Retirement System,https://www.calhr.ca.gov,,08/06/2024,,,True,
2023,State Department,Mental Health Services Oversight and Accountability Commission,,"C.E.A., Range B",False,False,,117060,241728,,118263,0,0,2095,120358,40943,0,0,23377,64320,Public Employees Retirement System,https://www.calhr.ca.gov,,08/06/2024,,,True,
2023,State Department,Mental Health Services Oversight and Accountability Commission,,Staff Services Manager III,False,False,,108264,122916,,111586,0,0,6760,118346,38666,0,0,23377,62042,Public Employees Retirement System,https://www.calhr.ca.gov,,08/06/2024,,,True,
2023,State Department,Mental Health Services Oversight and Accountability Commission,,Research Scientist III (Social/Behavioral Sciences),False,False,,93732,117324,,112777,0,0,5198,117975,37544,0,0,22767,60311,Public Employees Retirement System,https://www.calhr.ca.gov,,08/06/2024,,,True,
2023,State Department,Mental Health Services Oversight and Accountability Commission,,Research Scientist III (Social/Behavioral Sciences),False,False,,93732,117324,,116283,0,0,275,116558,37544,0,0,8861,46405,Public Employees Retirement System,https://www.calhr.ca.gov,,08/06/2024,,,True,
2023,State Department,Mental Health Services Oversight and Accountability Commission,,Research Scientist Supervisor I (Social/Behavioral Sciences),False,False,,107808,134352,,110076,0,0,475,110551,34702,0,0,1876,36578,Public Employees Retirement System,https://www.calhr.ca.gov,,08/06/2024,,,True,
2023,State Department,Mental Health Services Oversight and Accountability Commission,,Staff Services Manager III,False,False,,108264,122916,,100535,0,0,6451,106986,35003,0,0,23377,58380,Public Employees Retirement System,https://www.calhr.ca.gov,,08/06/2024,,,True,
2023,State Department,Mental Health Services Oversight and Accountability Commission,,Research Scientist II (Social/Behavioral Sciences),False,False,,85824,106668,,105304,0,0,550,105854,34005,0,0,8787,42791,Public Employees Retirement System,https://www.calhr.ca.gov,,08/06/2024,,,True,
2023,State Department,Mental Health Services Oversight and Accountability Commission,,Research Scientist II (Social/Behavioral Sciences),False,False,,85824,106668,,105067,0,0,550,105617,34134,0,0,8861,42995,Public Employees Retirement System,https://www.calhr.ca.gov,,08/06/2024,,,True,
2023,State Department,Mental Health Services Oversight and Accountability Commission,,Staff Services Manager II (Managerial),False,False,,98580,111972,,98971,0,0,6046,105017,33006,0,0,23377,56382,Public Employees Retirement System,https://www.calhr.ca.gov,,08/06/2024,,,True,
2023,State Department,Mental Health Services Oversight and Accountability Commission,,Staff Services Manager III,False,False,,108264,122916,,104152,0,0,550,104702,35003,0,0,136,35139,Public Employees Retirement System,https://www.calhr.ca.gov,,08/06/2024,,,True,
2023,State Department,Mental Health Services Oversight and Accountability Commission,,Information Officer II,False,False,,84816,105396,,99863,0,0,550,100413,33153,0,0,136,33289,Public Employees Retirement System,https://www.calhr.ca.gov,,08/06/2024,,,True,
2023,State Department,Mental Health Services Oversight and Accountability Commission,,"Information Technology Specialist I, Range C",False,False,,88956,119184,,99074,0,0,550,99624,32268,0,0,1816,34084,Public Employees Retirement System,https://www.calhr.ca.gov,,08/06/2024,,,True,
2023,State Department,Mental Health Services Oversight and Accountability Commission,,Research Scientist Supervisor I (Social/Behavioral Sciences),False,False,,107808,134352,,97347,0,0,2251,99598,33448,0,0,9749,43197,Public Employees Retirement System,https://www.calhr.ca.gov,,08/06/2024,,,True,
2023,State Department,Mental Health Services Oversight and Accountability Commission,,"Staff Mental Health Specialist, Range A",False,False,,74916,93780,,86919,0,9192,2370,98481,29499,0,0,8861,38360,Public Employees Retirement System,https://www.calhr.ca.gov,,08/06/2024,,,True,
2023,State Department,Mental Health Services Oversight and Accountability Commission,,Health Program Specialist II,False,False,,82296,103008,,95713,0,0,2370,98083,32403,0,0,8861,41264,Public Employees Retirement System,https://www.calhr.ca.gov,,08/06/2024,,,True,
2023,State Department,Mental Health Services Oversight and Accountability Commission,,Health Program Specialist II,False,False,,82296,103008,,93964,0,0,3572,97536,32403,0,0,17567,49969,Public Employees Retirement System,https://www.calhr.ca.gov,,08/06/2024,,,True,
2023,State Department,Mental Health Services Oversight and Accountability Commission,,Health Program Specialist II,False,False,,82296,103008,,93697,0,0,2370,96067,32403,0,0,17581,49983,Public Employees Retirement System,https://www.calhr.ca.gov,,08/06/2024,,,True,
2023,State Department,Mental Health Services Oversight and Accountability Commission,,Health Program Specialist II,False,False,,82296,103008,,94064,0,0,550,94614,30608,0,0,1816,32424,Public Employees Retirement System,https://www.calhr.ca.gov,,08/06/2024,,,True,
2023,State Department,Mental Health Services Oversight and Accountability Commission,,Health Program Specialist II,False,False,,82296,103008,,91873,0,0,2388,94261,32231,0,0,22698,54929,Public Employees Retirement System,https://www.calhr.ca.gov,,08/06/2024,,,True,
2023,State Department,Mental Health Services Oversight and Accountability Commission,,Health Program Specialist I,False,False,,74916,93780,,86932,0,0,5872,92804,29499,0,0,8822,38321,Public Employees Retirement System,https://www.calhr.ca.gov,,08/06/2024,,,True,
2023,State Department,Mental Health Services Oversight and Accountability Commission,,Health Program Specialist I,False,False,,74916,93780,,86949,0,0,2370,89319,29499,0,0,8861,38360,Public Employees Retirement System,https://www.calhr.ca.gov,,08/06/2024,,,True,
2023,State Department,Mental Health Services Oversight and Accountability Commission,,Health Program Specialist I,False,False,,74916,93780,,84819,0,0,2370,87189,29499,0,0,17922,47421,Public Employees Retirement System,https://www.calhr.ca.gov,,08/06/2024,,,True,
2023,State Department,Mental Health Services Oversight and Accountability Commission,,Health Program Specialist I,False,False,,74916,93780,,84720,0,0,550,85270,28197,0,0,1290,29487,Public Employees Retirement System,https://www.calhr.ca.gov,,08/06/2024,,,True,
2023,State Department,Mental Health Services Oversight and Accountability Commission,,Health Program Specialist I,False,False,,74916,93780,,82139,0,0,2370,84509,29178,0,0,22767,51945,Public Employees Retirement System,https://www.calhr.ca.gov,,08/06/2024,,,True,
2023,State Department,Mental Health Services Oversight and Accountability Commission,,"Associate Governmental Program Analyst, Range A",False,False,,68208,85368,,82733,1114,0,275,84122,26854,0,0,1816,28670,Public Employees Retirement System,https://www.calhr.ca.gov,,08/06/2024,,,True,
2023,State Department,Mental Health Services Oversight and Accountability Commission,,Staff Services Manager I,False,False,,81120,100776,,78284,0,0,2145,80429,26441,0,0,9218,35658,Public Employees Retirement System,https://www.calhr.ca.gov,,08/06/2024,,,True,
2023,State Department,Mental Health Services Oversight and Accountability Commission,,Health Program Specialist I,False,False,,74916,93780,,77290,0,0,2370,79660,25974,0,0,8861,34836,Public Employees Retirement System,https://www.calhr.ca.gov,,08/06/2024,,,True,
2023,State Department,Mental Health Services Oversight and Accountability Commission,,Health Program Specialist I,False,False,,74916,93780,,72121,0,0,2164,74285,24609,0,0,10056,34665,Public Employees Retirement System,https://www.calhr.ca.gov,,08/06/2024,,,True,
2023,State Department,Mental Health Services Oversight and Accountability Commission,,Health Program Specialist I,False,False,,74916,93780,,71648,0,0,2370,74018,24472,0,0,8861,33333,Public Employees Retirement System,https://www.calhr.ca.gov,,08/06/2024,,,True,
2023,State Department,Mental Health Services Oversight and Accountability Commission,,"Information Technology Specialist I, Range A",False,False,,73668,98736,,70659,0,0,2095,72754,24145,0,0,8861,33006,Public Employees Retirement System,https://www.calhr.ca.gov,,08/06/2024,,,True,
2023,State Department,Mental Health Services Oversight and Accountability Commission,,Health Program Specialist I,False,False,,74916,93780,,69416,0,0,2370,71786,24357,0,0,17581,41938,Public Employees Retirement System,https://www.calhr.ca.gov,,08/06/2024,,,True,
2023,State Department,Mental Health Services Oversight and Accountability Commission,,Information Technology Manager I,False,False,,106188,142284,,67346,0,0,0,67346,0,0,0,0,0,,https://www.calhr.ca.gov,,08/06/2024,,,True,
2023,State Department,Mental Health Services Oversight and Accountability Commission,,"Associate Governmental Program Analyst, Range A",False,False,,68208,85368,,64504,0,0,2060,66564,22086,0,0,8801,30887,Public Employees Retirement System,https://www.calhr.ca.gov,,08/06/2024,,,True,
2023,State Department,Mental Health Services Oversight and Accountability Commission,,"Associate Governmental Program Analyst, Range L",False,False,,70260,87948,,50757,0,0,3363,54120,17781,0,0,9397,27178,Public Employees Retirement System,https://www.calhr.ca.gov,,08/06/2024,,,True,
2023,State Department,Mental Health Services Oversight and Accountability Commission,,"Attorney III, Range A",False,False,,126432,162312,,53146,0,0,0,53146,0,0,0,0,0,,https://www.calhr.ca.gov,,08/06/2024,,,True,
2023,State Department,Mental Health Services Oversight and Accountability Commission,,"Staff Services Analyst, Range C",False,False,,56712,70992,,48864,0,0,365,49229,15770,0,0,1513,17283,Public Employees Retirement System,https://www.calhr.ca.gov,,08/06/2024,,,True,
2023,State Department,Mental Health Services Oversight and Accountability Commission,,Health Program Specialist I,False,False,,74916,93780,,46880,0,0,0,46880,0,0,0,0,0,,https://www.calhr.ca.gov,,08/06/2024,,,True,
2023,State Department,Mental Health Services Oversight and Accountability Commission,,"Associate Governmental Program Analyst, Range A",False,False,,68208,85368,,40491,0,0,2020,42511,14074,0,0,8861,22935,Public Employees Retirement System,https://www.calhr.ca.gov,,08/06/2024,,,True,
2023,State Department,Mental Health Services Oversight and Accountability Commission,,"Associate Personnel Analyst, Range A",False,False,,68208,85368,,38870,0,0,0,38870,0,0,0,0,0,,https://www.calhr.ca.gov,,08/06/2024,,,True,
2023,State Department,Mental Health Services Oversight and Accountability Commission,,"C.E.A., Range B",False,False,,117060,241728,,34598,0,1468,520,36586,11871,0,0,5844,17715,Public Employees Retirement System,https://www.calhr.ca.gov,,08/06/2024,,,True,
2023,State Department,Mental Health Services Oversight and Accountability Commission,,Special Consultant,False,False,,0,1200000,,36407,0,0,-35,36372,3696,0,0,4698,8395,Public Employees Retirement System,https://www.calhr.ca.gov,,08/06/2024,,,True,
2023,State Department,Mental Health Services Oversight and Accountability Commission,,"Information Officer I (Specialist), Range A",False,False,,68208,85368,,33737,0,0,1893,35630,12360,0,0,19801,32161,Public Employees Retirement System,https://www.calhr.ca.gov,,08/06/2024,,,True,
2023,State Department,Mental Health Services Oversight and Accountability Commission,,Health Program Specialist I,False,False,,74916,93780,,35483,0,0,0,35483,0,0,0,0,0,,https://www.calhr.ca.gov,,08/06/2024,,,True,
2023,State Department,Mental Health Services Oversight and Accountability Commission,,"Staff Mental Health Specialist, Range A",False,False,,74916,93780,,32685,0,0,0,32685,0,0,0,0,0,,https://www.calhr.ca.gov,,08/06/2024,,,True,
2023,State Department,Mental Health Services Oversight and Accountability Commission,,Special Consultant,False,False,,0,1200000,,30447,0,2448,-727,32169,10271,0,0,4543,14814,Public Employees Retirement System,https://www.calhr.ca.gov,,08/06/2024,,,True,
2023,State Department,Mental Health Services Oversight and Accountability Commission,,"Associate Governmental Program Analyst, Range A",False,False,,68208,85368,,30536,0,0,36,30573,10379,0,0,4307,14686,Public Employees Retirement System,https://www.calhr.ca.gov,,08/06/2024,,,True,
2023,State Department,Mental Health Services Oversight and Accountability Commission,,Research Scientist Supervisor I (Social/Behavioral Sciences),False,False,,107808,134352,,26003,0,0,-247,25756,8351,0,0,5844,14195,Public Employees Retirement System,https://www.calhr.ca.gov,,08/06/2024,,,True,
2023,State Department,Mental Health Services Oversight and Accountability Commission,,Special Consultant,False,False,,0,1200000,,13338,0,0,-124,13214,2683,0,0,2349,5032,Public Employees Retirement System,https://www.calhr.ca.gov,,08/06/2024,,,True,
2023,State Department,Mental Health Services Oversight and Accountability Commission,,"Information Officer I (Specialist), Range A",False,False,,68208,85368,,12062,0,0,25,12087,4071,0,0,2795,6865,Public Employees Retirement System,https://www.calhr.ca.gov,,08/06/2024,,,True,
2023,State Department,Mental Health Services Oversight and Accountability Commission,,"Information Officer I (Specialist), Range A",False,False,,68208,85368,,11393,0,0,25,11418,3898,0,0,3591,7489,Public Employees Retirement System,https://www.calhr.ca.gov,,08/06/2024,,,True,
2023,State Department,Mental Health Services Oversight and Accountability Commission,,"Staff Mental Health Specialist, Range A",False,False,,74916,93780,,11347,0,0,0,11347,0,0,0,0,0,,https://www.calhr.ca.gov,,08/06/2024,,,True,
2023,State Department,Mental Health Services Oversight and Accountability Commission,,"Associate Personnel Analyst, Range A",False,False,,68208,85368,,2710,0,0,0,2710,0,0,0,0,0,,https://www.calhr.ca.gov,,08/06/2024,,,True,

