﻿Year,EmployerType,EmployerName,DepartmentOrSubdivision,Position,ElectedOfficial,Judicial,OtherPositions,MinPositionSalary,MaxPositionSalary,ReportedBaseWage,RegularPay,OvertimePay,LumpSumPay,OtherPay,TotalWages,DefinedBenefitPlanContribution,EmployeesRetirementCostCovered,DeferredCompensationPlan,HealthDentalVision,TotalRetirementAndHealthContribution,PensionFormula,EmployerURL,EmployerPopulation,LastUpdatedDate,EmployerCounty,SpecialDistrictActivities,IncludesUnfundedLiability,SpecialDistrictType
2023,State Department,Secretary for Environmental Protection,,Secretary for Environmental Protection,False,False,,208695,239844,,226820,0,0,1927,228747,46734,0,0,23377,70110,Public Employees Retirement System,https://www.calhr.ca.gov,,08/06/2024,,,True,
2023,State Department,Secretary for Environmental Protection,,Deputy Secretary for Law Enforcement and Counsel,False,False,,188124,228648,,203083,0,0,673,203756,46733,0,0,1996,48729,Public Employees Retirement System,https://www.calhr.ca.gov,,08/06/2024,,,True,
2023,State Department,Secretary for Environmental Protection,,Undersecretary for Environmental Protection,False,False,,212028,212028,,195881,0,0,2020,197901,66271,0,0,23377,89647,Public Employees Retirement System,https://www.calhr.ca.gov,,08/06/2024,,,True,
2023,State Department,Secretary for Environmental Protection,,Information Technology Manager II,False,False,,128808,156576,,120457,0,57886,8217,186560,40902,0,0,15181,56083,Public Employees Retirement System,https://www.calhr.ca.gov,,08/06/2024,,,True,
2023,State Department,Secretary for Environmental Protection,,Environmental Program Manager I (Supervisory),False,False,,143352,178212,,171000,0,0,7305,178305,56058,0,0,9397,65455,Public Employees Retirement System,https://www.calhr.ca.gov,,08/06/2024,,,True,
2023,State Department,Secretary for Environmental Protection,,"C.E.A., Range A",False,False,,117060,241728,,177086,0,0,650,177736,46733,0,0,666,47399,Public Employees Retirement System,https://www.calhr.ca.gov,,08/06/2024,,,True,
2023,State Department,Secretary for Environmental Protection,,Deputy Secretary of Environmental Policy and Emergency Resp,False,False,,165432,184332,,175252,0,0,1807,177059,46733,0,0,22807,69540,Public Employees Retirement System,https://www.calhr.ca.gov,,08/06/2024,,,True,
2023,State Department,Secretary for Environmental Protection,,"C.E.A., Range B",False,False,,117060,241728,,165602,0,0,9185,174787,56562,0,0,23377,79939,Public Employees Retirement System,https://www.calhr.ca.gov,,08/06/2024,,,True,
2023,State Department,Secretary for Environmental Protection,,Deputy Secretary and Special Counsel for Water Policy,False,False,,170400,189864,,169498,0,0,2470,171968,46733,0,0,18217,64950,Public Employees Retirement System,https://www.calhr.ca.gov,,08/06/2024,,,True,
2023,State Department,Secretary for Environmental Protection,,Deputy Secretary for Communications and External Affairs,False,False,,165432,184332,,145370,0,0,23728,169098,54126,0,0,23377,77502,Public Employees Retirement System,https://www.calhr.ca.gov,,08/06/2024,,,True,
2023,State Department,Secretary for Environmental Protection,,Deputy Secretary for Public Policy,False,False,,170400,189864,,158067,0,0,7170,165237,52681,0,0,9397,62078,Public Employees Retirement System,https://www.calhr.ca.gov,,08/06/2024,,,True,
2023,State Department,Secretary for Environmental Protection,,Senior Environmental Scientist(Specialist),False,False,,88032,109512,,105380,58846,0,550,164776,35044,0,0,8593,43637,Public Employees Retirement System,https://www.calhr.ca.gov,,08/06/2024,,,True,
2023,State Department,Secretary for Environmental Protection,,Deputy Secretary for Legislative Affairs,False,False,,155760,173484,,159029,0,0,5594,164623,52636,0,0,9397,62032,Public Employees Retirement System,https://www.calhr.ca.gov,,08/06/2024,,,True,
2023,State Department,Secretary for Environmental Protection,,"Deputy Secretary for Environmental Justice, Tribal Affairs and Border Relations",False,False,,170400,189864,,159283,0,0,2127,161410,48981,0,0,9397,58378,Public Employees Retirement System,https://www.calhr.ca.gov,,08/06/2024,,,True,
2023,State Department,Secretary for Environmental Protection,,"Attorney III, Range A",False,False,,126432,162312,,156551,0,0,275,156826,46045,0,0,1996,48041,Public Employees Retirement System,https://www.calhr.ca.gov,,08/06/2024,,,True,
2023,State Department,Secretary for Environmental Protection,,Assistant General Counsel for Enforcement,False,False,,155760,173484,,150520,0,0,2500,153020,50350,0,0,23377,73727,Public Employees Retirement System,https://www.calhr.ca.gov,,08/06/2024,,,True,
2023,State Department,Secretary for Environmental Protection,,"Attorney IV, Range A",False,False,,139728,179448,,141015,0,0,11984,152999,47579,0,0,22693,70272,Public Employees Retirement System,https://www.calhr.ca.gov,,08/06/2024,,,True,
2023,State Department,Secretary for Environmental Protection,,Environmental Program Manager I (Supervisory),False,False,,143352,178212,,148071,0,0,650,148721,50138,0,0,23377,73515,Public Employees Retirement System,https://www.calhr.ca.gov,,08/06/2024,,,True,
2023,State Department,Secretary for Environmental Protection,,Information Technology Manager II,False,False,,128808,156576,,145269,0,0,2470,147739,49253,0,0,18217,67470,Public Employees Retirement System,https://www.calhr.ca.gov,,08/06/2024,,,True,
2023,State Department,Secretary for Environmental Protection,,Deputy Secretary for Climate Policy and Intergovernmental Relations,False,False,,170400,189864,,115203,0,22467,2320,139990,38548,0,0,6329,44876,Public Employees Retirement System,https://www.calhr.ca.gov,,08/06/2024,,,True,
2023,State Department,Secretary for Environmental Protection,,Senior Environmental Scientist (Supervisory),False,False,,123972,154116,,139206,0,0,650,139856,46841,0,0,18217,65058,Public Employees Retirement System,https://www.calhr.ca.gov,,08/06/2024,,,True,
2023,State Department,Secretary for Environmental Protection,,Information Technology Manager I,False,False,,106188,142284,,132872,0,0,2420,135292,44529,0,0,9397,53926,Public Employees Retirement System,https://www.calhr.ca.gov,,08/06/2024,,,True,
2023,State Department,Secretary for Environmental Protection,,Information Technology Specialist III,False,False,,107532,144108,,132045,0,0,2570,134615,45331,0,0,23377,68707,Public Employees Retirement System,https://www.calhr.ca.gov,,08/06/2024,,,True,
2023,State Department,Secretary for Environmental Protection,,Information Technology Specialist III,False,False,,107532,144108,,131703,0,0,2470,134173,45331,0,0,23377,68707,Public Employees Retirement System,https://www.calhr.ca.gov,,08/06/2024,,,True,
2023,State Department,Secretary for Environmental Protection,,Information Technology Specialist III,False,False,,107532,144108,,131367,0,0,2470,133837,45219,0,0,23377,68596,Public Employees Retirement System,https://www.calhr.ca.gov,,08/06/2024,,,True,
2023,State Department,Secretary for Environmental Protection,,Environmental Program Manager I (Supervisory),False,False,,143352,178212,,130368,0,0,575,130943,44302,0,0,23320,67622,Public Employees Retirement System,https://www.calhr.ca.gov,,08/06/2024,,,True,
2023,State Department,Secretary for Environmental Protection,,Information Technology Specialist III,False,False,,107532,144108,,124993,397,0,2395,127785,42999,0,0,23326,66325,Public Employees Retirement System,https://www.calhr.ca.gov,,08/06/2024,,,True,
2023,State Department,Secretary for Environmental Protection,,Information Technology Manager I,False,False,,106188,142284,,125297,0,0,2370,127667,42653,0,0,17886,60539,Public Employees Retirement System,https://www.calhr.ca.gov,,08/06/2024,,,True,
2023,State Department,Secretary for Environmental Protection,,"Information Technology Specialist II, Range A",False,False,,97560,130716,,119255,0,0,7351,126606,41119,0,0,22074,63193,Public Employees Retirement System,https://www.calhr.ca.gov,,08/06/2024,,,True,
2023,State Department,Secretary for Environmental Protection,,"Air Pollution Specialist, Range C",False,False,,104604,130836,,120973,0,0,5540,126513,41155,0,0,23201,64356,Public Employees Retirement System,https://www.calhr.ca.gov,,08/06/2024,,,True,
2023,State Department,Secretary for Environmental Protection,,"Senior Emergency Services Coordinator, Office of Emergency Services",False,False,,81036,103272,,82715,42296,0,500,125511,27499,0,0,136,27635,Public Employees Retirement System,https://www.calhr.ca.gov,,08/06/2024,,,True,
2023,State Department,Secretary for Environmental Protection,,"Information Technology Specialist II, Range A",False,False,,97560,130716,,116344,0,0,7143,123487,39212,0,0,17922,57135,Public Employees Retirement System,https://www.calhr.ca.gov,,08/06/2024,,,True,
2023,State Department,Secretary for Environmental Protection,,"Air Pollution Specialist, Range C",False,False,,104604,130836,,120858,0,0,650,121508,40635,0,0,18097,58732,Public Employees Retirement System,https://www.calhr.ca.gov,,08/06/2024,,,True,
2023,State Department,Secretary for Environmental Protection,,Senior Environmental Scientist (Supervisory),False,False,,123972,154116,,120827,0,0,650,121477,40627,0,0,18217,58844,Public Employees Retirement System,https://www.calhr.ca.gov,,08/06/2024,,,True,
2023,State Department,Secretary for Environmental Protection,,"Information Technology Specialist II, Range A",False,False,,97560,130716,,114286,0,0,7143,121429,39721,0,0,22767,62487,Public Employees Retirement System,https://www.calhr.ca.gov,,08/06/2024,,,True,
2023,State Department,Secretary for Environmental Protection,,"Information Technology Specialist II, Range A",False,False,,97560,130716,,112773,0,0,6743,119516,39212,0,0,22698,61911,Public Employees Retirement System,https://www.calhr.ca.gov,,08/06/2024,,,True,
2023,State Department,Secretary for Environmental Protection,,Undersecretary for Environmental Protection,False,False,,212028,212028,,24169,0,94012,410,118591,2097,0,0,1565,3663,Public Employees Retirement System,https://www.calhr.ca.gov,,08/06/2024,,,True,
2023,State Department,Secretary for Environmental Protection,,Information Technology Supervisor II,False,False,,96192,128892,,115795,0,0,2470,118265,40060,0,0,23377,63436,Public Employees Retirement System,https://www.calhr.ca.gov,,08/06/2024,,,True,
2023,State Department,Secretary for Environmental Protection,,Deputy Secretary for Public Policy,False,False,,170400,189864,,101647,0,15594,400,117641,0,0,0,79,79,,https://www.calhr.ca.gov,,08/06/2024,,,True,
2023,State Department,Secretary for Environmental Protection,,"Information Technology Specialist I, Range C",False,False,,88956,119184,,107579,0,0,2470,110049,37492,0,0,22698,60190,Public Employees Retirement System,https://www.calhr.ca.gov,,08/06/2024,,,True,
2023,State Department,Secretary for Environmental Protection,,"Air Pollution Specialist, Range C",False,False,,104604,130836,,107916,0,0,650,108566,35711,0,0,9153,44864,Public Employees Retirement System,https://www.calhr.ca.gov,,08/06/2024,,,True,
2023,State Department,Secretary for Environmental Protection,,Senior Environmental Scientist(Specialist),False,False,,88032,109512,,104985,0,0,512,105497,35044,0,0,17991,53035,Public Employees Retirement System,https://www.calhr.ca.gov,,08/06/2024,,,True,
2023,State Department,Secretary for Environmental Protection,,"Information Technology Specialist I, Range B",False,False,,81012,108576,,97773,0,0,4526,102299,33034,0,0,1359,34392,Public Employees Retirement System,https://www.calhr.ca.gov,,08/06/2024,,,True,
2023,State Department,Secretary for Environmental Protection,,Staff Services Manager II (Supervisory),False,False,,89040,110628,,99587,0,0,2470,102057,34798,0,0,23377,58175,Public Employees Retirement System,https://www.calhr.ca.gov,,08/06/2024,,,True,
2023,State Department,Secretary for Environmental Protection,,"Air Pollution Specialist, Range C",False,False,,104604,130836,,101157,0,0,650,101807,33737,0,0,9153,42891,Public Employees Retirement System,https://www.calhr.ca.gov,,08/06/2024,,,True,
2023,State Department,Secretary for Environmental Protection,,Staff Services Manager I,False,False,,81120,100776,,93524,0,0,6082,99606,31598,0,0,12337,43935,Public Employees Retirement System,https://www.calhr.ca.gov,,08/06/2024,,,True,
2023,State Department,Secretary for Environmental Protection,,Special Assistant to the Secretary,False,False,,100548,112008,,94327,621,0,2293,97240,31405,0,0,9270,40675,Public Employees Retirement System,https://www.calhr.ca.gov,,08/06/2024,,,True,
2023,State Department,Secretary for Environmental Protection,,Staff Services Manager I,False,False,,81120,100776,,90561,0,0,5633,96194,31700,0,0,23377,55076,Public Employees Retirement System,https://www.calhr.ca.gov,,08/06/2024,,,True,
2023,State Department,Secretary for Environmental Protection,,"Information Technology Associate, Range D",False,False,,73764,98856,,93003,0,0,2470,95473,31096,0,0,8637,39734,Public Employees Retirement System,https://www.calhr.ca.gov,,08/06/2024,,,True,
2023,State Department,Secretary for Environmental Protection,,"Information Technology Specialist I, Range B",False,False,,81012,108576,,91528,0,0,2470,93998,32173,0,0,22698,54871,Public Employees Retirement System,https://www.calhr.ca.gov,,08/06/2024,,,True,
2023,State Department,Secretary for Environmental Protection,,Staff Services Manager I,False,False,,81120,100776,,90126,0,0,2470,92596,31451,0,0,23377,54828,Public Employees Retirement System,https://www.calhr.ca.gov,,08/06/2024,,,True,
2023,State Department,Secretary for Environmental Protection,,Information Officer II,False,False,,84816,105396,,85090,0,0,600,85690,28192,0,0,369,28561,Public Employees Retirement System,https://www.calhr.ca.gov,,08/06/2024,,,True,
2023,State Department,Secretary for Environmental Protection,,Deputy Secretary for Communications and External Affairs,False,False,,165432,184332,,80627,0,1652,1960,84239,28793,0,0,13636,42430,Public Employees Retirement System,https://www.calhr.ca.gov,,08/06/2024,,,True,
2023,State Department,Secretary for Environmental Protection,,Senior Environmental Scientist(Specialist),False,False,,88032,109512,,82247,0,0,1865,84112,26911,0,0,369,27280,Public Employees Retirement System,https://www.calhr.ca.gov,,08/06/2024,,,True,
2023,State Department,Secretary for Environmental Protection,,"Environmental Scientist, Range C",False,False,,76500,95112,,83449,0,0,650,84099,28119,0,0,8637,36756,Public Employees Retirement System,https://www.calhr.ca.gov,,08/06/2024,,,True,
2023,State Department,Secretary for Environmental Protection,,"Associate Governmental Program Analyst, Range A",False,False,,68208,85368,,78475,0,0,4861,83336,26854,0,0,8637,35491,Public Employees Retirement System,https://www.calhr.ca.gov,,08/06/2024,,,True,
2023,State Department,Secretary for Environmental Protection,,"Environmental Scientist, Range C",False,False,,76500,95112,,78700,2472,0,257,81428,26027,0,0,8637,34664,Public Employees Retirement System,https://www.calhr.ca.gov,,08/06/2024,,,True,
2023,State Department,Secretary for Environmental Protection,,"Environmental Scientist, Range C",False,False,,76500,95112,,80763,0,0,400,81163,26135,0,0,2471,28606,Public Employees Retirement System,https://www.calhr.ca.gov,,08/06/2024,,,True,
2023,State Department,Secretary for Environmental Protection,,"Information Technology Specialist I, Range B",False,False,,81012,108576,,78478,0,0,2670,81148,26652,0,0,8787,35438,Public Employees Retirement System,https://www.calhr.ca.gov,,08/06/2024,,,True,
2023,State Department,Secretary for Environmental Protection,,Staff Services Manager I,False,False,,81120,100776,,76318,0,0,2720,79038,27057,0,0,23224,50282,Public Employees Retirement System,https://www.calhr.ca.gov,,08/06/2024,,,True,
2023,State Department,Secretary for Environmental Protection,,"Associate Governmental Program Analyst, Range A",False,False,,68208,85368,,73072,0,0,5658,78730,26854,0,0,22698,49553,Public Employees Retirement System,https://www.calhr.ca.gov,,08/06/2024,,,True,
2023,State Department,Secretary for Environmental Protection,,"Digital Composition Specialist III, Range A",False,False,,66348,83064,,72371,0,4267,1920,78558,24718,0,0,8861,33580,Public Employees Retirement System,https://www.calhr.ca.gov,,08/06/2024,,,True,
2023,State Department,Secretary for Environmental Protection,,"Associate Governmental Program Analyst, Range A",False,False,,68208,85368,,75586,0,0,2470,78056,26854,0,0,22357,49211,Public Employees Retirement System,https://www.calhr.ca.gov,,08/06/2024,,,True,
2023,State Department,Secretary for Environmental Protection,,"Digital Composition Specialist III, Range A",False,False,,66348,83064,,75841,0,0,1920,77761,26128,0,0,22698,48826,Public Employees Retirement System,https://www.calhr.ca.gov,,08/06/2024,,,True,
2023,State Department,Secretary for Environmental Protection,,"Associate Governmental Program Analyst, Range A",False,False,,68208,85368,,75472,0,0,1995,77467,26854,0,0,22698,49553,Public Employees Retirement System,https://www.calhr.ca.gov,,08/06/2024,,,True,
2023,State Department,Secretary for Environmental Protection,,"Staff Services Analyst, Range C",False,False,,56712,70992,,71866,0,0,5121,76987,24225,0,0,10476,34702,Public Employees Retirement System,https://www.calhr.ca.gov,,08/06/2024,,,True,
2023,State Department,Secretary for Environmental Protection,,"Information Technology Specialist I, Range A",False,False,,73668,98736,,73970,0,0,2370,76340,26337,0,0,22074,48410,Public Employees Retirement System,https://www.calhr.ca.gov,,08/06/2024,,,True,
2023,State Department,Secretary for Environmental Protection,,"Associate Governmental Program Analyst, Range A",False,False,,68208,85368,,72719,0,0,2420,75139,24833,0,0,9217,34050,Public Employees Retirement System,https://www.calhr.ca.gov,,08/06/2024,,,True,
2023,State Department,Secretary for Environmental Protection,,"Associate Governmental Program Analyst, Range A",False,False,,68208,85368,,69350,0,0,2420,71770,24833,0,0,22767,47600,Public Employees Retirement System,https://www.calhr.ca.gov,,08/06/2024,,,True,
2023,State Department,Secretary for Environmental Protection,,"Environmental Scientist, Range B",False,False,,60444,75000,,70913,0,0,650,71563,23904,0,0,8861,32765,Public Employees Retirement System,https://www.calhr.ca.gov,,08/06/2024,,,True,
2023,State Department,Secretary for Environmental Protection,,"Associate Governmental Program Analyst, Range A",False,False,,68208,85368,,64064,2582,0,2370,69016,21909,0,0,8637,30546,Public Employees Retirement System,https://www.calhr.ca.gov,,08/06/2024,,,True,
2023,State Department,Secretary for Environmental Protection,,"Digital Composition Specialist III, Range A",False,False,,66348,83064,,66581,0,0,1820,68401,22374,0,0,8637,31011,Public Employees Retirement System,https://www.calhr.ca.gov,,08/06/2024,,,True,
2023,State Department,Secretary for Environmental Protection,,"Staff Services Analyst, Range C",False,False,,56712,70992,,65405,0,0,2470,67875,22010,0,0,8571,30581,Public Employees Retirement System,https://www.calhr.ca.gov,,08/06/2024,,,True,
2023,State Department,Secretary for Environmental Protection,,"Associate Governmental Program Analyst, Range A",False,False,,68208,85368,,65129,0,0,2470,67599,22262,0,0,8637,30900,Public Employees Retirement System,https://www.calhr.ca.gov,,08/06/2024,,,True,
2023,State Department,Secretary for Environmental Protection,,Environmental Program Manager I (Supervisory),False,False,,143352,178212,,67028,0,0,550,67578,0,0,0,0,0,,https://www.calhr.ca.gov,,08/06/2024,,,True,
2023,State Department,Secretary for Environmental Protection,,"Executive Assistant, Range A",False,False,,53532,66996,,66377,0,0,650,67027,22058,0,0,136,22194,Public Employees Retirement System,https://www.calhr.ca.gov,,08/06/2024,,,True,
2023,State Department,Secretary for Environmental Protection,,"Staff Services Analyst, Range C",False,False,,56712,70992,,63572,0,0,2470,66042,22332,0,0,17298,39630,Public Employees Retirement System,https://www.calhr.ca.gov,,08/06/2024,,,True,
2023,State Department,Secretary for Environmental Protection,,"Executive Assistant, Range A",False,False,,53532,66996,,62274,0,0,2470,64744,22058,0,0,17581,39639,Public Employees Retirement System,https://www.calhr.ca.gov,,08/06/2024,,,True,
2023,State Department,Secretary for Environmental Protection,,"Attorney III, Range A",False,False,,126432,162312,,16701,0,47575,0,64276,5582,0,0,783,6365,,https://www.calhr.ca.gov,,08/06/2024,,,True,
2023,State Department,Secretary for Environmental Protection,,"Staff Services Analyst, Range C",False,False,,56712,70992,,59358,0,0,4602,63960,20367,0,0,8861,29229,Public Employees Retirement System,https://www.calhr.ca.gov,,08/06/2024,,,True,
2023,State Department,Secretary for Environmental Protection,,"Environmental Scientist, Range C",False,False,,76500,95112,,63459,0,0,451,63909,21026,0,0,7003,28029,Public Employees Retirement System,https://www.calhr.ca.gov,,08/06/2024,,,True,
2023,State Department,Secretary for Environmental Protection,,"Environmental Scientist, Range B",False,False,,60444,75000,,60430,0,0,2481,62910,20394,0,0,8593,28987,Public Employees Retirement System,https://www.calhr.ca.gov,,08/06/2024,,,True,
2023,State Department,Secretary for Environmental Protection,,"Executive Assistant, Range A",False,False,,53532,66996,,56391,0,0,2470,58861,20040,0,0,17567,37607,Public Employees Retirement System,https://www.calhr.ca.gov,,08/06/2024,,,True,
2023,State Department,Secretary for Environmental Protection,,"Environmental Scientist, Range B",False,False,,60444,75000,,57206,0,0,600,57806,19341,0,0,8637,27978,Public Employees Retirement System,https://www.calhr.ca.gov,,08/06/2024,,,True,
2023,State Department,Secretary for Environmental Protection,,"Executive Assistant, Range A",False,False,,53532,66996,,55071,0,0,2470,57541,20496,0,0,21850,42346,Public Employees Retirement System,https://www.calhr.ca.gov,,08/06/2024,,,True,
2023,State Department,Secretary for Environmental Protection,,"Mailing Machines Operator I, Range B",False,False,,42624,53328,,48414,0,0,4385,52799,16737,0,0,8822,25559,Public Employees Retirement System,https://www.calhr.ca.gov,,08/06/2024,,,True,
2023,State Department,Secretary for Environmental Protection,,"Integrated Waste Management Specialist, Range C",False,False,,76500,95112,,34477,0,1531,16160,52168,16601,0,0,4431,21032,Public Employees Retirement System,https://www.calhr.ca.gov,,08/06/2024,,,True,
2023,State Department,Secretary for Environmental Protection,,"Mailing Machines Operator I, Range B",False,False,,42624,53328,,44318,0,0,2470,46788,16404,0,0,21927,38331,Public Employees Retirement System,https://www.calhr.ca.gov,,08/06/2024,,,True,
2023,State Department,Secretary for Environmental Protection,,"Program Technician, Range A",False,False,,37500,50400,,42322,0,0,2470,44792,15448,0,0,17581,33029,Public Employees Retirement System,https://www.calhr.ca.gov,,08/06/2024,,,True,
2023,State Department,Secretary for Environmental Protection,,"Program Technician, Range A",False,False,,37500,50400,,41923,0,0,2314,44238,15198,0,0,18232,33430,Public Employees Retirement System,https://www.calhr.ca.gov,,08/06/2024,,,True,
2023,State Department,Secretary for Environmental Protection,,"Warehouse Worker, Range A",False,False,,45144,51540,,43173,0,0,100,43273,16213,0,0,22074,38286,Public Employees Retirement System,https://www.calhr.ca.gov,,08/06/2024,,,True,
2023,State Department,Secretary for Environmental Protection,,"Associate Governmental Program Analyst, Range A",False,False,,68208,85368,,42223,0,0,747,42970,15194,0,0,16431,31625,Public Employees Retirement System,https://www.calhr.ca.gov,,08/06/2024,,,True,
2023,State Department,Secretary for Environmental Protection,,Deputy Director for the Office of Environmental Equity,False,False,,155760,173484,,25787,0,14677,670,41134,8548,0,0,1565,10114,Public Employees Retirement System,https://www.calhr.ca.gov,,08/06/2024,,,True,
2023,State Department,Secretary for Environmental Protection,,"Information Officer I (Specialist), Range A",False,False,,68208,85368,,32245,0,0,136,32381,10956,0,0,4307,15263,Public Employees Retirement System,https://www.calhr.ca.gov,,08/06/2024,,,True,
2023,State Department,Secretary for Environmental Protection,,Senior Environmental Scientist(Specialist),False,False,,88032,109512,,28010,0,0,0,28010,0,0,0,0,0,,https://www.calhr.ca.gov,,08/06/2024,,,True,
2023,State Department,Secretary for Environmental Protection,,"Administrative Assistant II, Range A",False,False,,68208,85368,,24781,0,0,-64,24717,8681,0,0,3568,12249,Public Employees Retirement System,https://www.calhr.ca.gov,,08/06/2024,,,True,
2023,State Department,Secretary for Environmental Protection,,"Office Technician (Typing), Range A",False,False,,43308,54216,,19192,0,0,100,19292,6352,0,0,216,6568,Public Employees Retirement System,https://www.calhr.ca.gov,,08/06/2024,,,True,
2023,State Department,Secretary for Environmental Protection,,"Office Assistant (General), Range B",False,False,,39372,49284,,0,0,0,200,200,0,0,0,0,0,Public Employees Retirement System,https://www.calhr.ca.gov,,08/06/2024,,,True,

