﻿Year,EmployerType,EmployerName,DepartmentOrSubdivision,Position,ElectedOfficial,Judicial,OtherPositions,MinPositionSalary,MaxPositionSalary,ReportedBaseWage,RegularPay,OvertimePay,LumpSumPay,OtherPay,TotalWages,DefinedBenefitPlanContribution,EmployeesRetirementCostCovered,DeferredCompensationPlan,HealthDentalVision,TotalRetirementAndHealthContribution,PensionFormula,EmployerURL,EmployerPopulation,LastUpdatedDate,EmployerCounty,SpecialDistrictActivities,IncludesUnfundedLiability,SpecialDistrictType
2023,State Department,"Systems Integration, Office of",,"Chief Counsel, Office of Systems Integration",False,False,,199320,199320,,184170,0,0,17155,201325,61975,0,0,23377,85352,Public Employees Retirement System,https://www.calhr.ca.gov,,08/06/2024,,,True,
2023,State Department,"Systems Integration, Office of",,"Director, Office of Systems Integration & Agency Informationofficer",False,False,,190248,205728,,198941,0,0,600,199541,64715,0,0,3450,68165,Public Employees Retirement System,https://www.calhr.ca.gov,,08/06/2024,,,True,
2023,State Department,"Systems Integration, Office of",,Information Technology Manager II,False,False,,128808,156576,,148417,0,32154,2420,182991,53429,0,0,25480,78908,Public Employees Retirement System,https://www.calhr.ca.gov,,08/06/2024,,,True,
2023,State Department,"Systems Integration, Office of",,"C.E.A., Range C",False,False,,117060,241728,,174042,0,0,7357,181399,57146,0,0,3450,60596,Public Employees Retirement System,https://www.calhr.ca.gov,,08/06/2024,,,True,
2023,State Department,"Systems Integration, Office of",,Chief Deputy Director and Deputy Agency Information Officer,False,False,,166248,185232,,173030,0,0,2420,175450,46733,0,0,9397,56130,Public Employees Retirement System,https://www.calhr.ca.gov,,08/06/2024,,,True,
2023,State Department,"Systems Integration, Office of",,"Attorney IV, Range A",False,False,,139728,179448,,172816,0,0,600,173416,46733,0,0,8857,55590,Public Employees Retirement System,https://www.calhr.ca.gov,,08/06/2024,,,True,
2023,State Department,"Systems Integration, Office of",,"C.E.A., Range B",False,False,,117060,241728,,150789,0,0,8413,159202,50486,0,0,18217,68703,Public Employees Retirement System,https://www.calhr.ca.gov,,08/06/2024,,,True,
2023,State Department,"Systems Integration, Office of",,"C.E.A., Range C",False,False,,117060,241728,,150718,0,0,8474,159192,51725,0,0,23377,75102,Public Employees Retirement System,https://www.calhr.ca.gov,,08/06/2024,,,True,
2023,State Department,"Systems Integration, Office of",,"C.E.A., Range B",False,False,,117060,241728,,150434,0,0,8524,158958,51423,0,0,23377,74800,Public Employees Retirement System,https://www.calhr.ca.gov,,08/06/2024,,,True,
2023,State Department,"Systems Integration, Office of",,"Attorney IV, Range A",False,False,,139728,179448,,151922,0,0,6631,158553,50729,0,0,17569,68298,Public Employees Retirement System,https://www.calhr.ca.gov,,08/06/2024,,,True,
2023,State Department,"Systems Integration, Office of",,"C.E.A., Range C",False,False,,117060,241728,,155891,0,0,2420,158311,53006,0,0,18217,71223,Public Employees Retirement System,https://www.calhr.ca.gov,,08/06/2024,,,True,
2023,State Department,"Systems Integration, Office of",,"C.E.A., Range B",False,False,,117060,241728,,154203,0,0,2420,156623,51423,0,0,23377,74800,Public Employees Retirement System,https://www.calhr.ca.gov,,08/06/2024,,,True,
2023,State Department,"Systems Integration, Office of",,"Attorney IV, Range A",False,False,,139728,179448,,155660,0,0,600,156260,46733,0,0,8857,55590,Public Employees Retirement System,https://www.calhr.ca.gov,,08/06/2024,,,True,
2023,State Department,"Systems Integration, Office of",,Information Technology Manager II,False,False,,128808,156576,,147131,0,0,8217,155348,49253,0,0,9397,58650,Public Employees Retirement System,https://www.calhr.ca.gov,,08/06/2024,,,True,
2023,State Department,"Systems Integration, Office of",,Information Technology Manager II,False,False,,128808,156576,,148456,0,0,6447,154903,49253,0,0,1890,51143,Public Employees Retirement System,https://www.calhr.ca.gov,,08/06/2024,,,True,
2023,State Department,"Systems Integration, Office of",,"Attorney IV, Range A",False,False,,139728,179448,,153320,0,0,600,153920,51178,0,0,17569,68747,Public Employees Retirement System,https://www.calhr.ca.gov,,08/06/2024,,,True,
2023,State Department,"Systems Integration, Office of",,Information Technology Manager II,False,False,,128808,156576,,143542,0,0,8267,151809,49253,0,0,23377,72630,Public Employees Retirement System,https://www.calhr.ca.gov,,08/06/2024,,,True,
2023,State Department,"Systems Integration, Office of",,"C.E.A., Range B",False,False,,117060,241728,,150976,0,0,550,151526,49437,0,0,1996,51433,Public Employees Retirement System,https://www.calhr.ca.gov,,08/06/2024,,,True,
2023,State Department,"Systems Integration, Office of",,Information Technology Manager II,False,False,,128808,156576,,67736,0,81884,1500,151121,22849,0,0,11688,34537,Public Employees Retirement System,https://www.calhr.ca.gov,,08/06/2024,,,True,
2023,State Department,"Systems Integration, Office of",,Information Technology Manager II,False,False,,128808,156576,,144229,0,0,6397,150626,48925,0,0,2330,51255,Public Employees Retirement System,https://www.calhr.ca.gov,,08/06/2024,,,True,
2023,State Department,"Systems Integration, Office of",,Information Technology Manager II,False,False,,128808,156576,,147898,0,0,2420,150318,45199,0,0,9397,54596,Public Employees Retirement System,https://www.calhr.ca.gov,,08/06/2024,,,True,
2023,State Department,"Systems Integration, Office of",,Information Technology Manager II,False,False,,128808,156576,,140453,0,0,8101,148554,47972,0,0,18217,66189,Public Employees Retirement System,https://www.calhr.ca.gov,,08/06/2024,,,True,
2023,State Department,"Systems Integration, Office of",,Information Technology Manager II,False,False,,128808,156576,,143216,0,0,2420,145636,49253,0,0,23377,72630,Public Employees Retirement System,https://www.calhr.ca.gov,,08/06/2024,,,True,
2023,State Department,"Systems Integration, Office of",,Information Technology Manager II,False,False,,128808,156576,,142547,0,0,2370,144917,48882,0,0,23377,72259,Public Employees Retirement System,https://www.calhr.ca.gov,,08/06/2024,,,True,
2023,State Department,"Systems Integration, Office of",,Information Technology Manager II,False,False,,128808,156576,,143715,0,0,600,144315,46999,0,0,1996,48995,Public Employees Retirement System,https://www.calhr.ca.gov,,08/06/2024,,,True,
2023,State Department,"Systems Integration, Office of",,Information Technology Manager II,False,False,,128808,156576,,140112,0,0,2370,142482,47190,0,0,9397,56587,Public Employees Retirement System,https://www.calhr.ca.gov,,08/06/2024,,,True,
2023,State Department,"Systems Integration, Office of",,Information Technology Manager I,False,False,,106188,142284,,133486,0,0,7733,141219,44758,0,0,9397,54155,Public Employees Retirement System,https://www.calhr.ca.gov,,08/06/2024,,,True,
2023,State Department,"Systems Integration, Office of",,Information Technology Manager II,False,False,,128808,156576,,138472,0,0,2370,140842,47572,0,0,23377,70949,Public Employees Retirement System,https://www.calhr.ca.gov,,08/06/2024,,,True,
2023,State Department,"Systems Integration, Office of",,Information Technology Manager I,False,False,,106188,142284,,133037,0,0,7733,140770,44758,0,0,9397,54155,Public Employees Retirement System,https://www.calhr.ca.gov,,08/06/2024,,,True,
2023,State Department,"Systems Integration, Office of",,"Information Technology Specialist I, Range C",False,False,,88956,119184,,118242,0,19413,2420,140075,40670,0,0,16822,57492,Public Employees Retirement System,https://www.calhr.ca.gov,,08/06/2024,,,True,
2023,State Department,"Systems Integration, Office of",,Information Technology Manager I,False,False,,106188,142284,,132323,0,0,7633,139956,44744,0,0,9397,54140,Public Employees Retirement System,https://www.calhr.ca.gov,,08/06/2024,,,True,
2023,State Department,"Systems Integration, Office of",,Information Technology Manager II,False,False,,128808,156576,,130688,0,0,7733,138421,45061,0,0,23377,68437,Public Employees Retirement System,https://www.calhr.ca.gov,,08/06/2024,,,True,
2023,State Department,"Systems Integration, Office of",,Information Technology Manager I,False,False,,106188,142284,,129606,0,0,7943,137549,44758,0,0,23377,68135,Public Employees Retirement System,https://www.calhr.ca.gov,,08/06/2024,,,True,
2023,State Department,"Systems Integration, Office of",,Information Technology Manager I,False,False,,106188,142284,,129842,0,0,7677,137519,44722,0,0,23377,68099,Public Employees Retirement System,https://www.calhr.ca.gov,,08/06/2024,,,True,
2023,State Department,"Systems Integration, Office of",,Information Technology Specialist III,False,False,,107532,144108,,134811,0,0,2466,137277,45331,0,0,22517,67847,Public Employees Retirement System,https://www.calhr.ca.gov,,08/06/2024,,,True,
2023,State Department,"Systems Integration, Office of",,Information Technology Manager II,False,False,,128808,156576,,134742,0,0,2520,137262,45912,0,0,23377,69289,Public Employees Retirement System,https://www.calhr.ca.gov,,08/06/2024,,,True,
2023,State Department,"Systems Integration, Office of",,Information Technology Manager I,False,False,,106188,142284,,134577,0,0,2420,136997,44283,0,0,9397,53680,Public Employees Retirement System,https://www.calhr.ca.gov,,08/06/2024,,,True,
2023,State Department,"Systems Integration, Office of",,Information Technology Manager I,False,False,,106188,142284,,136325,0,0,550,136875,44758,0,0,3327,48085,Public Employees Retirement System,https://www.calhr.ca.gov,,08/06/2024,,,True,
2023,State Department,"Systems Integration, Office of",,Information Technology Manager I,False,False,,106188,142284,,135144,0,0,900,136044,44283,0,0,1767,46050,Public Employees Retirement System,https://www.calhr.ca.gov,,08/06/2024,,,True,
2023,State Department,"Systems Integration, Office of",,Information Technology Manager I,False,False,,106188,142284,,128052,0,0,7733,135785,44758,0,0,23377,68135,Public Employees Retirement System,https://www.calhr.ca.gov,,08/06/2024,,,True,
2023,State Department,"Systems Integration, Office of",,Information Technology Manager I,False,False,,106188,142284,,128011,0,0,7733,135744,44107,0,0,23377,67484,Public Employees Retirement System,https://www.calhr.ca.gov,,08/06/2024,,,True,
2023,State Department,"Systems Integration, Office of",,Information Technology Manager I,False,False,,106188,142284,,135144,0,0,600,135744,44283,0,0,136,44419,Public Employees Retirement System,https://www.calhr.ca.gov,,08/06/2024,,,True,
2023,State Department,"Systems Integration, Office of",,Information Technology Manager I,False,False,,106188,142284,,134984,0,0,600,135584,44722,0,0,136,44858,Public Employees Retirement System,https://www.calhr.ca.gov,,08/06/2024,,,True,
2023,State Department,"Systems Integration, Office of",,Information Technology Specialist III,False,False,,107532,144108,,131691,0,0,2420,134111,45322,0,0,23377,68698,Public Employees Retirement System,https://www.calhr.ca.gov,,08/06/2024,,,True,
2023,State Department,"Systems Integration, Office of",,Information Technology Manager I,False,False,,106188,142284,,131625,0,0,2420,134045,44758,0,0,18217,62975,Public Employees Retirement System,https://www.calhr.ca.gov,,08/06/2024,,,True,
2023,State Department,"Systems Integration, Office of",,Information Technology Manager I,False,False,,106188,142284,,131367,0,0,2420,133787,44283,0,0,23377,67660,Public Employees Retirement System,https://www.calhr.ca.gov,,08/06/2024,,,True,
2023,State Department,"Systems Integration, Office of",,Information Technology Manager II,False,False,,128808,156576,,130450,0,0,3170,133620,44706,0,0,18217,62922,Public Employees Retirement System,https://www.calhr.ca.gov,,08/06/2024,,,True,
2023,State Department,"Systems Integration, Office of",,"Attorney IV, Range A",False,False,,139728,179448,,122998,0,0,10460,133458,41399,0,0,22693,64092,Public Employees Retirement System,https://www.calhr.ca.gov,,08/06/2024,,,True,
2023,State Department,"Systems Integration, Office of",,Information Technology Manager I,False,False,,106188,142284,,130317,0,0,2420,132737,44758,0,0,23377,68135,Public Employees Retirement System,https://www.calhr.ca.gov,,08/06/2024,,,True,
2023,State Department,"Systems Integration, Office of",,Information Technology Manager I,False,False,,106188,142284,,130151,0,0,2370,132521,44283,0,0,23377,67660,Public Employees Retirement System,https://www.calhr.ca.gov,,08/06/2024,,,True,
2023,State Department,"Systems Integration, Office of",,Information Technology Manager I,False,False,,106188,142284,,130027,0,0,2420,132447,44283,0,0,23377,67660,Public Employees Retirement System,https://www.calhr.ca.gov,,08/06/2024,,,True,
2023,State Department,"Systems Integration, Office of",,Information Technology Manager I,False,False,,106188,142284,,129648,0,0,2420,132068,44758,0,0,23377,68135,Public Employees Retirement System,https://www.calhr.ca.gov,,08/06/2024,,,True,
2023,State Department,"Systems Integration, Office of",,Information Technology Manager I,False,False,,106188,142284,,129648,0,0,2370,132018,44758,0,0,23377,68135,Public Employees Retirement System,https://www.calhr.ca.gov,,08/06/2024,,,True,
2023,State Department,"Systems Integration, Office of",,Information Technology Specialist III,False,False,,107532,144108,,129588,0,0,2395,131983,45189,0,0,20113,65302,Public Employees Retirement System,https://www.calhr.ca.gov,,08/06/2024,,,True,
2023,State Department,"Systems Integration, Office of",,Information Technology Specialist III,False,False,,107532,144108,,129445,0,0,2420,131865,44090,0,0,18217,62306,Public Employees Retirement System,https://www.calhr.ca.gov,,08/06/2024,,,True,
2023,State Department,"Systems Integration, Office of",,Information Technology Manager I,False,False,,106188,142284,,123631,0,0,7934,131565,42311,0,0,18217,60528,Public Employees Retirement System,https://www.calhr.ca.gov,,08/06/2024,,,True,
2023,State Department,"Systems Integration, Office of",,"Information Technology Specialist II, Range A",False,False,,97560,130716,,124109,0,0,5481,129590,41119,0,0,136,41255,Public Employees Retirement System,https://www.calhr.ca.gov,,08/06/2024,,,True,
2023,State Department,"Systems Integration, Office of",,"Information Technology Specialist II, Range A",False,False,,97560,130716,,121390,0,0,7183,128573,40835,0,0,9129,49964,Public Employees Retirement System,https://www.calhr.ca.gov,,08/06/2024,,,True,
2023,State Department,"Systems Integration, Office of",,Information Technology Specialist III,False,False,,107532,144108,,125834,0,0,2420,128254,42222,0,0,9397,51618,Public Employees Retirement System,https://www.calhr.ca.gov,,08/06/2024,,,True,
2023,State Department,"Systems Integration, Office of",,Information Technology Manager I,False,False,,106188,142284,,125772,0,0,2420,128192,42959,0,0,23377,66335,Public Employees Retirement System,https://www.calhr.ca.gov,,08/06/2024,,,True,
2023,State Department,"Systems Integration, Office of",,Information Technology Manager I,False,False,,106188,142284,,121226,0,0,6783,128009,40969,0,0,23377,64346,Public Employees Retirement System,https://www.calhr.ca.gov,,08/06/2024,,,True,
2023,State Department,"Systems Integration, Office of",,"Information Technology Specialist II, Range A",False,False,,97560,130716,,120005,0,0,7301,127306,41119,0,0,17581,58700,Public Employees Retirement System,https://www.calhr.ca.gov,,08/06/2024,,,True,
2023,State Department,"Systems Integration, Office of",,Information Technology Manager I,False,False,,106188,142284,,120123,0,0,7183,127306,41493,0,0,23377,64870,Public Employees Retirement System,https://www.calhr.ca.gov,,08/06/2024,,,True,
2023,State Department,"Systems Integration, Office of",,Information Technology Manager I,False,False,,106188,142284,,124276,0,0,2420,126696,41688,0,0,18217,59905,Public Employees Retirement System,https://www.calhr.ca.gov,,08/06/2024,,,True,
2023,State Department,"Systems Integration, Office of",,"Information Technology Specialist II, Range A",False,False,,97560,130716,,120512,0,0,6081,126593,41119,0,0,9217,50336,Public Employees Retirement System,https://www.calhr.ca.gov,,08/06/2024,,,True,
2023,State Department,"Systems Integration, Office of",,"Information Technology Specialist II, Range A",False,False,,97560,130716,,125789,0,0,600,126389,41119,0,0,1816,42935,Public Employees Retirement System,https://www.calhr.ca.gov,,08/06/2024,,,True,
2023,State Department,"Systems Integration, Office of",,"Information Technology Specialist II, Range A",False,False,,97560,130716,,118913,0,0,7301,126214,41119,0,0,22074,63193,Public Employees Retirement System,https://www.calhr.ca.gov,,08/06/2024,,,True,
2023,State Department,"Systems Integration, Office of",,"Information Technology Specialist II, Range A",False,False,,97560,130716,,125492,0,0,600,126092,41119,0,0,2129,43248,Public Employees Retirement System,https://www.calhr.ca.gov,,08/06/2024,,,True,
2023,State Department,"Systems Integration, Office of",,Information Technology Supervisor II,False,False,,96192,128892,,118539,0,0,7233,125772,40544,0,0,18217,58761,Public Employees Retirement System,https://www.calhr.ca.gov,,08/06/2024,,,True,
2023,State Department,"Systems Integration, Office of",,Information Technology Manager I,False,False,,106188,142284,,124679,0,0,500,125179,40790,0,0,2945,43734,Public Employees Retirement System,https://www.calhr.ca.gov,,08/06/2024,,,True,
2023,State Department,"Systems Integration, Office of",,"Information Technology Specialist II, Range A",False,False,,97560,130716,,122144,0,0,2370,124514,41119,0,0,8637,49756,Public Employees Retirement System,https://www.calhr.ca.gov,,08/06/2024,,,True,
2023,State Department,"Systems Integration, Office of",,"Information Technology Specialist II, Range A",False,False,,97560,130716,,123904,0,0,600,124504,40542,0,0,2202,42743,Public Employees Retirement System,https://www.calhr.ca.gov,,08/06/2024,,,True,
2023,State Department,"Systems Integration, Office of",,Information Technology Supervisor II,False,False,,96192,128892,,121955,0,0,2420,124375,40544,0,0,9397,49941,Public Employees Retirement System,https://www.calhr.ca.gov,,08/06/2024,,,True,
2023,State Department,"Systems Integration, Office of",,"Information Technology Specialist II, Range A",False,False,,97560,130716,,121890,0,0,2420,124310,41119,0,0,8861,49980,Public Employees Retirement System,https://www.calhr.ca.gov,,08/06/2024,,,True,
2023,State Department,"Systems Integration, Office of",,Information Technology Supervisor II,False,False,,96192,128892,,117017,0,0,7202,124219,40350,0,0,23377,63727,Public Employees Retirement System,https://www.calhr.ca.gov,,08/06/2024,,,True,
2023,State Department,"Systems Integration, Office of",,Information Technology Supervisor II,False,False,,96192,128892,,116930,0,0,7233,124163,40544,0,0,23377,63921,Public Employees Retirement System,https://www.calhr.ca.gov,,08/06/2024,,,True,
2023,State Department,"Systems Integration, Office of",,"Information Technology Specialist II, Range A",False,False,,97560,130716,,116582,0,0,7351,123933,41119,0,0,22767,63886,Public Employees Retirement System,https://www.calhr.ca.gov,,08/06/2024,,,True,
2023,State Department,"Systems Integration, Office of",,"Information Technology Specialist II, Range A",False,False,,97560,130716,,121498,0,0,2420,123918,40985,0,0,8822,49807,Public Employees Retirement System,https://www.calhr.ca.gov,,08/06/2024,,,True,
2023,State Department,"Systems Integration, Office of",,"Information Technology Specialist II, Range A",False,False,,97560,130716,,116867,0,0,6587,123454,40187,0,0,18318,58505,Public Employees Retirement System,https://www.calhr.ca.gov,,08/06/2024,,,True,
2023,State Department,"Systems Integration, Office of",,Information Technology Supervisor II,False,False,,96192,128892,,120768,0,0,2420,123188,40544,0,0,9397,49941,Public Employees Retirement System,https://www.calhr.ca.gov,,08/06/2024,,,True,
2023,State Department,"Systems Integration, Office of",,Staff Services Manager III,False,False,,108264,122916,,116106,0,0,7010,123116,38666,0,0,9397,48062,Public Employees Retirement System,https://www.calhr.ca.gov,,08/06/2024,,,True,
2023,State Department,"Systems Integration, Office of",,"Information Technology Specialist II, Range A",False,False,,97560,130716,,120531,0,0,2420,122951,41119,0,0,17581,58700,Public Employees Retirement System,https://www.calhr.ca.gov,,08/06/2024,,,True,
2023,State Department,"Systems Integration, Office of",,Information Technology Supervisor II,False,False,,96192,128892,,120253,0,0,2420,122673,40544,0,0,18217,58761,Public Employees Retirement System,https://www.calhr.ca.gov,,08/06/2024,,,True,
2023,State Department,"Systems Integration, Office of",,Information Technology Supervisor II,False,False,,96192,128892,,114996,0,0,7133,122129,40544,0,0,23377,63921,Public Employees Retirement System,https://www.calhr.ca.gov,,08/06/2024,,,True,
2023,State Department,"Systems Integration, Office of",,Information Technology Supervisor II,False,False,,96192,128892,,119445,0,0,2370,121815,40544,0,0,9397,49941,Public Employees Retirement System,https://www.calhr.ca.gov,,08/06/2024,,,True,
2023,State Department,"Systems Integration, Office of",,Information Technology Manager I,False,False,,106188,142284,,119112,0,0,2370,121482,41172,0,0,23320,64492,Public Employees Retirement System,https://www.calhr.ca.gov,,08/06/2024,,,True,
2023,State Department,"Systems Integration, Office of",,Information Technology Supervisor II,False,False,,96192,128892,,118945,0,0,2420,121365,40544,0,0,18217,58761,Public Employees Retirement System,https://www.calhr.ca.gov,,08/06/2024,,,True,
2023,State Department,"Systems Integration, Office of",,"Information Technology Specialist II, Range A",False,False,,97560,130716,,119015,0,0,2320,121335,41119,0,0,22074,63193,Public Employees Retirement System,https://www.calhr.ca.gov,,08/06/2024,,,True,
2023,State Department,"Systems Integration, Office of",,Information Technology Supervisor II,False,False,,96192,128892,,120378,0,0,730,121108,39452,0,0,2200,41652,Public Employees Retirement System,https://www.calhr.ca.gov,,08/06/2024,,,True,
2023,State Department,"Systems Integration, Office of",,"Information Technology Specialist II, Range A",False,False,,97560,130716,,118520,0,0,2420,120940,41119,0,0,22767,63886,Public Employees Retirement System,https://www.calhr.ca.gov,,08/06/2024,,,True,
2023,State Department,"Systems Integration, Office of",,"Information Technology Specialist II, Range A",False,False,,97560,130716,,118505,0,0,2420,120925,41119,0,0,22767,63886,Public Employees Retirement System,https://www.calhr.ca.gov,,08/06/2024,,,True,
2023,State Department,"Systems Integration, Office of",,Information Technology Supervisor II,False,False,,96192,128892,,116496,0,0,3888,120384,38128,0,0,1876,40004,Public Employees Retirement System,https://www.calhr.ca.gov,,08/06/2024,,,True,
2023,State Department,"Systems Integration, Office of",,Information Technology Specialist III,False,False,,107532,144108,,118225,0,0,1917,120142,40501,0,0,22399,62900,Public Employees Retirement System,https://www.calhr.ca.gov,,08/06/2024,,,True,
2023,State Department,"Systems Integration, Office of",,Information Technology Supervisor II,False,False,,96192,128892,,117661,0,0,2420,120081,40544,0,0,23377,63921,Public Employees Retirement System,https://www.calhr.ca.gov,,08/06/2024,,,True,
2023,State Department,"Systems Integration, Office of",,Information Technology Supervisor II,False,False,,96192,128892,,117700,0,0,2370,120070,40544,0,0,18217,58761,Public Employees Retirement System,https://www.calhr.ca.gov,,08/06/2024,,,True,
2023,State Department,"Systems Integration, Office of",,Staff Services Manager III,False,False,,108264,122916,,112566,0,0,6960,119526,38666,0,0,18217,56882,Public Employees Retirement System,https://www.calhr.ca.gov,,08/06/2024,,,True,
2023,State Department,"Systems Integration, Office of",,"Information Technology Specialist II, Range A",False,False,,97560,130716,,116397,0,0,2320,118717,39960,0,0,17922,57883,Public Employees Retirement System,https://www.calhr.ca.gov,,08/06/2024,,,True,
2023,State Department,"Systems Integration, Office of",,"Information Technology Specialist II, Range A",False,False,,97560,130716,,116172,0,0,2370,118542,38796,0,0,8637,47433,Public Employees Retirement System,https://www.calhr.ca.gov,,08/06/2024,,,True,
2023,State Department,"Systems Integration, Office of",,"Information Technology Specialist II, Range A",False,False,,97560,130716,,110987,0,0,7251,118238,41119,0,0,22698,63817,Public Employees Retirement System,https://www.calhr.ca.gov,,08/06/2024,,,True,
2023,State Department,"Systems Integration, Office of",,"Information Technology Specialist I, Range C",False,False,,88956,119184,,113160,0,0,5051,118211,37492,0,0,136,37627,Public Employees Retirement System,https://www.calhr.ca.gov,,08/06/2024,,,True,
2023,State Department,"Systems Integration, Office of",,"Information Technology Specialist II, Range A",False,False,,97560,130716,,115736,0,0,2420,118156,39960,0,0,8822,48782,Public Employees Retirement System,https://www.calhr.ca.gov,,08/06/2024,,,True,
2023,State Department,"Systems Integration, Office of",,"Information Technology Specialist II, Range A",False,False,,97560,130716,,115406,0,0,2420,117826,39960,0,0,22074,62034,Public Employees Retirement System,https://www.calhr.ca.gov,,08/06/2024,,,True,
2023,State Department,"Systems Integration, Office of",,Information Technology Manager I,False,False,,106188,142284,,115278,0,0,2420,117698,38725,0,0,9397,48121,Public Employees Retirement System,https://www.calhr.ca.gov,,08/06/2024,,,True,
2023,State Department,"Systems Integration, Office of",,"Information Technology Specialist I, Range C",False,False,,88956,119184,,109953,0,0,6871,116824,37492,0,0,22698,60190,Public Employees Retirement System,https://www.calhr.ca.gov,,08/06/2024,,,True,
2023,State Department,"Systems Integration, Office of",,"Information Technology Specialist I, Range C",False,False,,88956,119184,,109964,0,0,6837,116801,37492,0,0,22886,60378,Public Employees Retirement System,https://www.calhr.ca.gov,,08/06/2024,,,True,
2023,State Department,"Systems Integration, Office of",,Information Technology Supervisor II,False,False,,96192,128892,,115857,0,0,550,116407,37974,0,0,3003,40977,Public Employees Retirement System,https://www.calhr.ca.gov,,08/06/2024,,,True,
2023,State Department,"Systems Integration, Office of",,"Information Technology Specialist I, Range C",False,False,,88956,119184,,109319,0,0,6871,116190,37492,0,0,17581,55072,Public Employees Retirement System,https://www.calhr.ca.gov,,08/06/2024,,,True,
2023,State Department,"Systems Integration, Office of",,"Information Technology Specialist II, Range A",False,False,,97560,130716,,109136,0,0,7040,116176,37498,0,0,17581,55079,Public Employees Retirement System,https://www.calhr.ca.gov,,08/06/2024,,,True,
2023,State Department,"Systems Integration, Office of",,"Information Technology Specialist II, Range A",False,False,,97560,130716,,113563,0,0,2420,115983,38173,0,0,22074,60246,Public Employees Retirement System,https://www.calhr.ca.gov,,08/06/2024,,,True,
2023,State Department,"Systems Integration, Office of",,"Information Technology Specialist I, Range C",False,False,,88956,119184,,109056,0,0,6871,115927,37492,0,0,17581,55072,Public Employees Retirement System,https://www.calhr.ca.gov,,08/06/2024,,,True,
2023,State Department,"Systems Integration, Office of",,"Information Technology Specialist I, Range C",False,False,,88956,119184,,109061,0,0,6821,115882,37492,0,0,17567,55058,Public Employees Retirement System,https://www.calhr.ca.gov,,08/06/2024,,,True,
2023,State Department,"Systems Integration, Office of",,"Information Technology Specialist II, Range A",False,False,,97560,130716,,114772,0,0,550,115322,37468,0,0,1816,39284,Public Employees Retirement System,https://www.calhr.ca.gov,,08/06/2024,,,True,
2023,State Department,"Systems Integration, Office of",,"Information Technology Specialist II, Range A",False,False,,97560,130716,,112888,0,0,2420,115308,39366,0,0,22767,62133,Public Employees Retirement System,https://www.calhr.ca.gov,,08/06/2024,,,True,
2023,State Department,"Systems Integration, Office of",,"Information Technology Specialist I, Range C",False,False,,88956,119184,,114575,0,0,600,115175,37492,0,0,1816,39307,Public Employees Retirement System,https://www.calhr.ca.gov,,08/06/2024,,,True,
2023,State Department,"Systems Integration, Office of",,"Information Technology Specialist I, Range C",False,False,,88956,119184,,110336,0,0,4773,115109,35999,0,0,1816,37815,Public Employees Retirement System,https://www.calhr.ca.gov,,08/06/2024,,,True,
2023,State Department,"Systems Integration, Office of",,"Information Technology Specialist II, Range A",False,False,,97560,130716,,112685,0,0,2370,115055,37619,0,0,8404,46023,Public Employees Retirement System,https://www.calhr.ca.gov,,08/06/2024,,,True,
2023,State Department,"Systems Integration, Office of",,"Information Technology Specialist I, Range C",False,False,,88956,119184,,108119,0,0,6871,114990,37492,0,0,17581,55072,Public Employees Retirement System,https://www.calhr.ca.gov,,08/06/2024,,,True,
2023,State Department,"Systems Integration, Office of",,"Information Technology Specialist I, Range C",False,False,,88956,119184,,108066,0,0,6843,114909,37492,0,0,17615,55106,Public Employees Retirement System,https://www.calhr.ca.gov,,08/06/2024,,,True,
2023,State Department,"Systems Integration, Office of",,"Information Technology Specialist I, Range C",False,False,,88956,119184,,114288,0,0,600,114888,37492,0,0,2895,40386,Public Employees Retirement System,https://www.calhr.ca.gov,,08/06/2024,,,True,
2023,State Department,"Systems Integration, Office of",,"Information Technology Specialist I, Range C",False,False,,88956,119184,,114311,0,0,550,114861,37492,0,0,2826,40318,Public Employees Retirement System,https://www.calhr.ca.gov,,08/06/2024,,,True,
2023,State Department,"Systems Integration, Office of",,"Information Technology Specialist I, Range C",False,False,,88956,119184,,107594,0,0,6871,114465,37492,0,0,22698,60190,Public Employees Retirement System,https://www.calhr.ca.gov,,08/06/2024,,,True,
2023,State Department,"Systems Integration, Office of",,"Information Technology Specialist I, Range C",False,False,,88956,119184,,107556,0,0,6871,114427,37492,0,0,22767,60258,Public Employees Retirement System,https://www.calhr.ca.gov,,08/06/2024,,,True,
2023,State Department,"Systems Integration, Office of",,"Information Technology Specialist I, Range C",False,False,,88956,119184,,107571,0,0,6821,114392,37492,0,0,22767,60258,Public Employees Retirement System,https://www.calhr.ca.gov,,08/06/2024,,,True,
2023,State Department,"Systems Integration, Office of",,"Information Technology Specialist I, Range C",False,False,,88956,119184,,107497,0,0,6677,114174,36553,0,0,8861,45414,Public Employees Retirement System,https://www.calhr.ca.gov,,08/06/2024,,,True,
2023,State Department,"Systems Integration, Office of",,Information Technology Supervisor II,False,False,,96192,128892,,111760,0,0,2370,114130,38718,0,0,23377,62095,Public Employees Retirement System,https://www.calhr.ca.gov,,08/06/2024,,,True,
2023,State Department,"Systems Integration, Office of",,Information Technology Supervisor II,False,False,,96192,128892,,111353,0,0,2420,113773,38786,0,0,23377,62163,Public Employees Retirement System,https://www.calhr.ca.gov,,08/06/2024,,,True,
2023,State Department,"Systems Integration, Office of",,"Information Technology Specialist I, Range C",False,False,,88956,119184,,110116,0,0,3650,113766,37247,0,0,8822,46069,Public Employees Retirement System,https://www.calhr.ca.gov,,08/06/2024,,,True,
2023,State Department,"Systems Integration, Office of",,"Information Technology Specialist I, Range C",False,False,,88956,119184,,112027,0,0,1708,113735,37492,0,0,6507,43999,Public Employees Retirement System,https://www.calhr.ca.gov,,08/06/2024,,,True,
2023,State Department,"Systems Integration, Office of",,"Information Technology Specialist I, Range C",False,False,,88956,119184,,111164,0,0,2420,113584,37492,0,0,8861,46353,Public Employees Retirement System,https://www.calhr.ca.gov,,08/06/2024,,,True,
2023,State Department,"Systems Integration, Office of",,"Information Technology Specialist I, Range C",False,False,,88956,119184,,110955,0,0,2420,113375,37492,0,0,8822,46314,Public Employees Retirement System,https://www.calhr.ca.gov,,08/06/2024,,,True,
2023,State Department,"Systems Integration, Office of",,"Information Technology Specialist I, Range C",False,False,,88956,119184,,110941,0,0,2420,113361,37492,0,0,8861,46353,Public Employees Retirement System,https://www.calhr.ca.gov,,08/06/2024,,,True,
2023,State Department,"Systems Integration, Office of",,"Information Technology Specialist I, Range C",False,False,,88956,119184,,110955,0,0,2370,113325,37492,0,0,8822,46314,Public Employees Retirement System,https://www.calhr.ca.gov,,08/06/2024,,,True,
2023,State Department,"Systems Integration, Office of",,"Information Technology Specialist I, Range C",False,False,,88956,119184,,110853,0,0,2420,113273,37492,0,0,8822,46314,Public Employees Retirement System,https://www.calhr.ca.gov,,08/06/2024,,,True,
2023,State Department,"Systems Integration, Office of",,"Information Technology Specialist I, Range C",False,False,,88956,119184,,110833,0,0,2420,113253,37492,0,0,21544,59035,Public Employees Retirement System,https://www.calhr.ca.gov,,08/06/2024,,,True,
2023,State Department,"Systems Integration, Office of",,"Information Technology Specialist I, Range C",False,False,,88956,119184,,110762,0,0,2420,113182,37438,0,0,9217,46655,Public Employees Retirement System,https://www.calhr.ca.gov,,08/06/2024,,,True,
2023,State Department,"Systems Integration, Office of",,"Information Technology Specialist I, Range C",False,False,,88956,119184,,110732,0,0,2420,113152,37492,0,0,22074,59565,Public Employees Retirement System,https://www.calhr.ca.gov,,08/06/2024,,,True,
2023,State Department,"Systems Integration, Office of",,"Information Technology Specialist I, Range C",False,False,,88956,119184,,108388,0,0,4654,113042,35911,0,0,136,36047,Public Employees Retirement System,https://www.calhr.ca.gov,,08/06/2024,,,True,
2023,State Department,"Systems Integration, Office of",,"Information Technology Specialist II, Range A",False,False,,97560,130716,,106206,0,0,6708,112914,36922,0,0,22698,59620,Public Employees Retirement System,https://www.calhr.ca.gov,,08/06/2024,,,True,
2023,State Department,"Systems Integration, Office of",,"Information Technology Specialist I, Range C",False,False,,88956,119184,,110534,0,0,2370,112904,37492,0,0,21972,59464,Public Employees Retirement System,https://www.calhr.ca.gov,,08/06/2024,,,True,
2023,State Department,"Systems Integration, Office of",,"Information Technology Specialist I, Range C",False,False,,88956,119184,,110327,0,0,2420,112747,37492,0,0,8861,46353,Public Employees Retirement System,https://www.calhr.ca.gov,,08/06/2024,,,True,
2023,State Department,"Systems Integration, Office of",,"Information Technology Specialist I, Range C",False,False,,88956,119184,,110221,0,0,2370,112591,37492,0,0,8861,46353,Public Employees Retirement System,https://www.calhr.ca.gov,,08/06/2024,,,True,
2023,State Department,"Systems Integration, Office of",,"Information Technology Specialist I, Range C",False,False,,88956,119184,,110122,0,0,2420,112542,37492,0,0,22698,60190,Public Employees Retirement System,https://www.calhr.ca.gov,,08/06/2024,,,True,
2023,State Department,"Systems Integration, Office of",,Information Technology Supervisor II,False,False,,96192,128892,,105673,0,0,6677,112350,35719,0,0,9550,45269,Public Employees Retirement System,https://www.calhr.ca.gov,,08/06/2024,,,True,
2023,State Department,"Systems Integration, Office of",,"Information Technology Specialist I, Range C",False,False,,88956,119184,,109930,0,0,2320,112250,37492,0,0,22767,60258,Public Employees Retirement System,https://www.calhr.ca.gov,,08/06/2024,,,True,
2023,State Department,"Systems Integration, Office of",,"Information Technology Specialist II, Range A",False,False,,97560,130716,,110277,0,0,1866,112143,37297,0,0,21925,59223,Public Employees Retirement System,https://www.calhr.ca.gov,,08/06/2024,,,True,
2023,State Department,"Systems Integration, Office of",,"Information Technology Specialist I, Range C",False,False,,88956,119184,,109590,0,0,2420,112010,37492,0,0,16768,54259,Public Employees Retirement System,https://www.calhr.ca.gov,,08/06/2024,,,True,
2023,State Department,"Systems Integration, Office of",,"Information Technology Specialist II, Range A",False,False,,97560,130716,,109850,0,0,2109,111959,37651,0,0,17581,55231,Public Employees Retirement System,https://www.calhr.ca.gov,,08/06/2024,,,True,
2023,State Department,"Systems Integration, Office of",,"Information Technology Specialist I, Range C",False,False,,88956,119184,,109642,0,0,2256,111898,37492,0,0,16841,54333,Public Employees Retirement System,https://www.calhr.ca.gov,,08/06/2024,,,True,
2023,State Department,"Systems Integration, Office of",,"Information Technology Specialist I, Range C",False,False,,88956,119184,,111137,0,0,600,111737,36265,0,0,1816,38081,Public Employees Retirement System,https://www.calhr.ca.gov,,08/06/2024,,,True,
2023,State Department,"Systems Integration, Office of",,"Information Technology Specialist I, Range C",False,False,,88956,119184,,104859,0,0,6871,111730,37492,0,0,9558,47050,Public Employees Retirement System,https://www.calhr.ca.gov,,08/06/2024,,,True,
2023,State Department,"Systems Integration, Office of",,Information Technology Supervisor II,False,False,,96192,128892,,109347,0,0,2370,111717,37923,0,0,23377,61300,Public Employees Retirement System,https://www.calhr.ca.gov,,08/06/2024,,,True,
2023,State Department,"Systems Integration, Office of",,"Information Technology Specialist I, Range C",False,False,,88956,119184,,104844,0,0,6821,111665,37492,0,0,22698,60190,Public Employees Retirement System,https://www.calhr.ca.gov,,08/06/2024,,,True,
2023,State Department,"Systems Integration, Office of",,Information Technology Supervisor II,False,False,,96192,128892,,109342,0,0,2295,111637,38077,0,0,22919,60996,Public Employees Retirement System,https://www.calhr.ca.gov,,08/06/2024,,,True,
2023,State Department,"Systems Integration, Office of",,"Information Technology Specialist I, Range C",False,False,,88956,119184,,109201,0,0,2420,111621,37492,0,0,17567,55058,Public Employees Retirement System,https://www.calhr.ca.gov,,08/06/2024,,,True,
2023,State Department,"Systems Integration, Office of",,"Information Technology Specialist I, Range C",False,False,,88956,119184,,106727,0,0,4645,111372,37492,0,0,8861,46353,Public Employees Retirement System,https://www.calhr.ca.gov,,08/06/2024,,,True,
2023,State Department,"Systems Integration, Office of",,"Information Technology Specialist I, Range C",False,False,,88956,119184,,108920,0,0,2420,111340,37492,0,0,17991,55482,Public Employees Retirement System,https://www.calhr.ca.gov,,08/06/2024,,,True,
2023,State Department,"Systems Integration, Office of",,Information Technology Manager I,False,False,,106188,142284,,108810,0,0,2320,111130,37233,0,0,18217,55449,Public Employees Retirement System,https://www.calhr.ca.gov,,08/06/2024,,,True,
2023,State Department,"Systems Integration, Office of",,"Information Technology Specialist II, Range A",False,False,,97560,130716,,108296,0,0,2370,110666,37310,0,0,17990,55299,Public Employees Retirement System,https://www.calhr.ca.gov,,08/06/2024,,,True,
2023,State Department,"Systems Integration, Office of",,"Information Technology Specialist I, Range C",False,False,,88956,119184,,108150,0,0,2420,110570,37492,0,0,9217,46708,Public Employees Retirement System,https://www.calhr.ca.gov,,08/06/2024,,,True,
2023,State Department,"Systems Integration, Office of",,"Information Technology Specialist I, Range C",False,False,,88956,119184,,107934,0,0,2420,110354,37492,0,0,20310,57802,Public Employees Retirement System,https://www.calhr.ca.gov,,08/06/2024,,,True,
2023,State Department,"Systems Integration, Office of",,"Information Technology Specialist I, Range C",False,False,,88956,119184,,107964,0,0,2370,110334,37492,0,0,21923,59415,Public Employees Retirement System,https://www.calhr.ca.gov,,08/06/2024,,,True,
2023,State Department,"Systems Integration, Office of",,"Information Technology Specialist I, Range C",False,False,,88956,119184,,107893,0,0,2420,110313,37492,0,0,22698,60190,Public Employees Retirement System,https://www.calhr.ca.gov,,08/06/2024,,,True,
2023,State Department,"Systems Integration, Office of",,"Information Technology Specialist I, Range C",False,False,,88956,119184,,107744,0,0,2420,110164,37492,0,0,17225,54717,Public Employees Retirement System,https://www.calhr.ca.gov,,08/06/2024,,,True,
2023,State Department,"Systems Integration, Office of",,"Information Technology Specialist I, Range C",False,False,,88956,119184,,107714,0,0,2420,110134,37492,0,0,17922,55414,Public Employees Retirement System,https://www.calhr.ca.gov,,08/06/2024,,,True,
2023,State Department,"Systems Integration, Office of",,"Information Technology Specialist I, Range C",False,False,,88956,119184,,107252,0,0,2370,109622,37492,0,0,22698,60190,Public Employees Retirement System,https://www.calhr.ca.gov,,08/06/2024,,,True,
2023,State Department,"Systems Integration, Office of",,"Information Technology Specialist II, Range A",False,False,,97560,130716,,108858,0,0,600,109458,36066,0,0,136,36202,Public Employees Retirement System,https://www.calhr.ca.gov,,08/06/2024,,,True,
2023,State Department,"Systems Integration, Office of",,"Information Technology Specialist I, Range C",False,False,,88956,119184,,107070,0,0,2320,109390,36300,0,0,22074,58373,Public Employees Retirement System,https://www.calhr.ca.gov,,08/06/2024,,,True,
2023,State Department,"Systems Integration, Office of",,"Information Technology Specialist I, Range C",False,False,,88956,119184,,108507,0,0,550,109057,35949,0,0,369,36318,Public Employees Retirement System,https://www.calhr.ca.gov,,08/06/2024,,,True,
2023,State Department,"Systems Integration, Office of",,"Information Technology Specialist II, Range A",False,False,,97560,130716,,102388,0,0,6559,108947,35668,0,0,22698,58366,Public Employees Retirement System,https://www.calhr.ca.gov,,08/06/2024,,,True,
2023,State Department,"Systems Integration, Office of",,Information Technology Supervisor II,False,False,,96192,128892,,108235,0,0,600,108835,35859,0,0,693,36553,Public Employees Retirement System,https://www.calhr.ca.gov,,08/06/2024,,,True,
2023,State Department,"Systems Integration, Office of",,Information Technology Supervisor II,False,False,,96192,128892,,106151,0,0,2370,108521,36702,0,0,19077,55779,Public Employees Retirement System,https://www.calhr.ca.gov,,08/06/2024,,,True,
2023,State Department,"Systems Integration, Office of",,Information Technology Supervisor II,False,False,,96192,128892,,107796,0,0,600,108396,35098,0,0,1996,37094,Public Employees Retirement System,https://www.calhr.ca.gov,,08/06/2024,,,True,
2023,State Department,"Systems Integration, Office of",,"Information Technology Specialist I, Range C",False,False,,88956,119184,,105890,0,0,2420,108310,37089,0,0,22698,59788,Public Employees Retirement System,https://www.calhr.ca.gov,,08/06/2024,,,True,
2023,State Department,"Systems Integration, Office of",,Information Technology Supervisor II,False,False,,96192,128892,,101845,0,0,6458,108303,34012,0,0,18217,52228,Public Employees Retirement System,https://www.calhr.ca.gov,,08/06/2024,,,True,
2023,State Department,"Systems Integration, Office of",,"Information Technology Specialist I, Range C",False,False,,88956,119184,,105762,0,0,2420,108182,36553,0,0,17991,54544,Public Employees Retirement System,https://www.calhr.ca.gov,,08/06/2024,,,True,
2023,State Department,"Systems Integration, Office of",,"Information Technology Specialist I, Range C",False,False,,88956,119184,,105277,0,0,2420,107697,36265,0,0,17991,54255,Public Employees Retirement System,https://www.calhr.ca.gov,,08/06/2024,,,True,
2023,State Department,"Systems Integration, Office of",,"Information Technology Specialist I, Range B",False,False,,81012,108576,,90365,12563,0,4612,107539,30630,0,0,8861,39491,Public Employees Retirement System,https://www.calhr.ca.gov,,08/06/2024,,,True,
2023,State Department,"Systems Integration, Office of",,"Information Technology Specialist I, Range C",False,False,,88956,119184,,100343,0,0,6871,107214,37492,0,0,22767,60258,Public Employees Retirement System,https://www.calhr.ca.gov,,08/06/2024,,,True,
2023,State Department,"Systems Integration, Office of",,"Information Technology Specialist I, Range C",False,False,,88956,119184,,106325,0,0,600,106925,34669,0,0,1816,36485,Public Employees Retirement System,https://www.calhr.ca.gov,,08/06/2024,,,True,
2023,State Department,"Systems Integration, Office of",,"Information Technology Specialist II, Range A",False,False,,97560,130716,,104492,0,0,2370,106862,36468,0,0,22698,59166,Public Employees Retirement System,https://www.calhr.ca.gov,,08/06/2024,,,True,
2023,State Department,"Systems Integration, Office of",,"Information Technology Specialist I, Range B",False,False,,81012,108576,,100372,0,0,6374,106746,34153,0,0,22698,56851,Public Employees Retirement System,https://www.calhr.ca.gov,,08/06/2024,,,True,
2023,State Department,"Systems Integration, Office of",,"Associate Governmental Program Analyst, Range A",False,False,,68208,85368,,76199,0,28075,2370,106644,26854,0,0,21544,48398,Public Employees Retirement System,https://www.calhr.ca.gov,,08/06/2024,,,True,
2023,State Department,"Systems Integration, Office of",,Staff Services Manager II (Supervisory),False,False,,89040,110628,,99711,0,0,6551,106262,34798,0,0,23377,58175,Public Employees Retirement System,https://www.calhr.ca.gov,,08/06/2024,,,True,
2023,State Department,"Systems Integration, Office of",,"Information Technology Specialist I, Range C",False,False,,88956,119184,,103309,0,0,2420,105729,37492,0,0,17567,55058,Public Employees Retirement System,https://www.calhr.ca.gov,,08/06/2024,,,True,
2023,State Department,"Systems Integration, Office of",,"Information Technology Specialist I, Range C",False,False,,88956,119184,,98638,0,0,6871,105509,34527,0,0,22698,57225,Public Employees Retirement System,https://www.calhr.ca.gov,,08/06/2024,,,True,
2023,State Department,"Systems Integration, Office of",,"Information Technology Specialist I, Range C",False,False,,88956,119184,,102871,0,0,2420,105291,34445,0,0,8822,43267,Public Employees Retirement System,https://www.calhr.ca.gov,,08/06/2024,,,True,
2023,State Department,"Systems Integration, Office of",,"Information Technology Specialist I, Range C",False,False,,88956,119184,,102720,0,0,2370,105090,34734,0,0,8861,43595,Public Employees Retirement System,https://www.calhr.ca.gov,,08/06/2024,,,True,
2023,State Department,"Systems Integration, Office of",,"Information Technology Specialist I, Range B",False,False,,81012,108576,,98607,0,0,6291,104898,33327,0,0,8861,42188,Public Employees Retirement System,https://www.calhr.ca.gov,,08/06/2024,,,True,
2023,State Department,"Systems Integration, Office of",,"Information Technology Specialist I, Range C",False,False,,88956,119184,,102449,0,0,2420,104869,35616,0,0,21688,57304,Public Employees Retirement System,https://www.calhr.ca.gov,,08/06/2024,,,True,
2023,State Department,"Systems Integration, Office of",,"Information Technology Specialist I, Range C",False,False,,88956,119184,,98321,0,0,6491,104812,34297,0,0,22074,56370,Public Employees Retirement System,https://www.calhr.ca.gov,,08/06/2024,,,True,
2023,State Department,"Systems Integration, Office of",,Information Technology Manager I,False,False,,106188,142284,,102418,0,0,2370,104788,35203,0,0,18217,53419,Public Employees Retirement System,https://www.calhr.ca.gov,,08/06/2024,,,True,
2023,State Department,"Systems Integration, Office of",,"Information Technology Specialist I, Range C",False,False,,88956,119184,,102102,0,0,2420,104522,37181,0,0,22343,59523,Public Employees Retirement System,https://www.calhr.ca.gov,,08/06/2024,,,True,
2023,State Department,"Systems Integration, Office of",,Staff Services Manager II (Managerial),False,False,,98580,111972,,103736,0,0,600,104336,33919,0,0,2098,36017,Public Employees Retirement System,https://www.calhr.ca.gov,,08/06/2024,,,True,
2023,State Department,"Systems Integration, Office of",,Staff Services Manager II (Supervisory),False,False,,89040,110628,,97682,0,0,6489,104170,33600,0,0,18217,51817,Public Employees Retirement System,https://www.calhr.ca.gov,,08/06/2024,,,True,
2023,State Department,"Systems Integration, Office of",,"Information Technology Specialist I, Range C",False,False,,88956,119184,,101444,0,0,2420,103864,34300,0,0,8861,43162,Public Employees Retirement System,https://www.calhr.ca.gov,,08/06/2024,,,True,
2023,State Department,"Systems Integration, Office of",,"Information Technology Specialist I, Range C",False,False,,88956,119184,,101913,0,0,1881,103794,35711,0,0,22767,58478,Public Employees Retirement System,https://www.calhr.ca.gov,,08/06/2024,,,True,
2023,State Department,"Systems Integration, Office of",,"Information Technology Specialist I, Range C",False,False,,88956,119184,,101345,0,0,2420,103765,35429,0,0,22767,58195,Public Employees Retirement System,https://www.calhr.ca.gov,,08/06/2024,,,True,
2023,State Department,"Systems Integration, Office of",,Information Technology Supervisor II,False,False,,96192,128892,,97260,0,0,6408,103668,33878,0,0,23377,57255,Public Employees Retirement System,https://www.calhr.ca.gov,,08/06/2024,,,True,
2023,State Department,"Systems Integration, Office of",,"Information Technology Specialist I, Range C",False,False,,88956,119184,,101725,0,0,1800,103525,34527,0,0,22072,56599,Public Employees Retirement System,https://www.calhr.ca.gov,,08/06/2024,,,True,
2023,State Department,"Systems Integration, Office of",,"Information Technology Specialist I, Range C",False,False,,88956,119184,,100596,0,0,2420,103016,35036,0,0,22074,57109,Public Employees Retirement System,https://www.calhr.ca.gov,,08/06/2024,,,True,
2023,State Department,"Systems Integration, Office of",,"Information Technology Specialist I, Range B",False,False,,81012,108576,,100597,0,0,2370,102967,34026,0,0,8822,42848,Public Employees Retirement System,https://www.calhr.ca.gov,,08/06/2024,,,True,
2023,State Department,"Systems Integration, Office of",,"Information Technology Specialist I, Range C",False,False,,88956,119184,,100039,0,0,2420,102459,37492,0,0,22698,60190,Public Employees Retirement System,https://www.calhr.ca.gov,,08/06/2024,,,True,
2023,State Department,"Systems Integration, Office of",,"Information Technology Specialist I, Range C",False,False,,88956,119184,,99485,0,0,2420,101905,33611,0,0,8637,42248,Public Employees Retirement System,https://www.calhr.ca.gov,,08/06/2024,,,True,
2023,State Department,"Systems Integration, Office of",,Information Technology Specialist III,False,False,,107532,144108,,99469,0,0,2370,101839,34399,0,0,9397,43796,Public Employees Retirement System,https://www.calhr.ca.gov,,08/06/2024,,,True,
2023,State Department,"Systems Integration, Office of",,Information Technology Supervisor II,False,False,,96192,128892,,99408,0,0,2420,101828,34589,0,0,23377,57966,Public Employees Retirement System,https://www.calhr.ca.gov,,08/06/2024,,,True,
2023,State Department,"Systems Integration, Office of",,Staff Services Manager II (Supervisory),False,False,,89040,110628,,95000,0,0,6295,101295,32000,0,0,9397,41397,Public Employees Retirement System,https://www.calhr.ca.gov,,08/06/2024,,,True,
2023,State Department,"Systems Integration, Office of",,"Information Technology Specialist I, Range C",False,False,,88956,119184,,98828,0,0,2420,101248,33478,0,0,8861,42339,Public Employees Retirement System,https://www.calhr.ca.gov,,08/06/2024,,,True,
2023,State Department,"Systems Integration, Office of",,"Information Technology Specialist I, Range B",False,False,,81012,108576,,96568,0,0,4291,100859,31620,0,0,2895,34515,Public Employees Retirement System,https://www.calhr.ca.gov,,08/06/2024,,,True,
2023,State Department,"Systems Integration, Office of",,"Information Technology Specialist I, Range C",False,False,,88956,119184,,98271,0,0,2420,100691,32944,0,0,8822,41766,Public Employees Retirement System,https://www.calhr.ca.gov,,08/06/2024,,,True,
2023,State Department,"Systems Integration, Office of",,"Information Technology Specialist I, Range C",False,False,,88956,119184,,99839,0,0,600,100439,33077,0,0,136,33213,Public Employees Retirement System,https://www.calhr.ca.gov,,08/06/2024,,,True,
2023,State Department,"Systems Integration, Office of",,"Information Technology Specialist I, Range C",False,False,,88956,119184,,98009,0,0,2420,100429,34300,0,0,21923,56223,Public Employees Retirement System,https://www.calhr.ca.gov,,08/06/2024,,,True,
2023,State Department,"Systems Integration, Office of",,"Information Technology Specialist I, Range B",False,False,,81012,108576,,94814,2813,0,2270,99897,32997,0,0,17567,50563,Public Employees Retirement System,https://www.calhr.ca.gov,,08/06/2024,,,True,
2023,State Department,"Systems Integration, Office of",,"Information Technology Specialist I, Range B",False,False,,81012,108576,,97300,0,0,2420,99720,34153,0,0,22698,56851,Public Employees Retirement System,https://www.calhr.ca.gov,,08/06/2024,,,True,
2023,State Department,"Systems Integration, Office of",,"Information Technology Specialist I, Range C",False,False,,88956,119184,,97076,0,0,2420,99496,34012,0,0,22698,56710,Public Employees Retirement System,https://www.calhr.ca.gov,,08/06/2024,,,True,
2023,State Department,"Systems Integration, Office of",,"Information Technology Specialist I, Range B",False,False,,81012,108576,,96996,0,0,2420,99416,33939,0,0,22698,56637,Public Employees Retirement System,https://www.calhr.ca.gov,,08/06/2024,,,True,
2023,State Department,"Systems Integration, Office of",,Staff Services Manager II (Managerial),False,False,,98580,111972,,93016,0,0,6133,99149,32372,0,0,23377,55748,Public Employees Retirement System,https://www.calhr.ca.gov,,08/06/2024,,,True,
2023,State Department,"Systems Integration, Office of",,"Information Technology Specialist I, Range C",False,False,,88956,119184,,94689,0,0,4292,98981,31371,0,0,194,31565,Public Employees Retirement System,https://www.calhr.ca.gov,,08/06/2024,,,True,
2023,State Department,"Systems Integration, Office of",,"Information Technology Specialist I, Range C",False,False,,88956,119184,,92553,0,0,6266,98819,32268,0,0,8637,40905,Public Employees Retirement System,https://www.calhr.ca.gov,,08/06/2024,,,True,
2023,State Department,"Systems Integration, Office of",,"Information Technology Specialist II, Range A",False,False,,97560,130716,,96402,0,0,2370,98772,32268,0,0,9407,41675,Public Employees Retirement System,https://www.calhr.ca.gov,,08/06/2024,,,True,
2023,State Department,"Systems Integration, Office of",,"Information Technology Specialist II, Range A",False,False,,97560,130716,,95997,0,0,2420,98417,32506,0,0,8861,41367,Public Employees Retirement System,https://www.calhr.ca.gov,,08/06/2024,,,True,
2023,State Department,"Systems Integration, Office of",,"Information Technology Specialist I, Range C",False,False,,88956,119184,,90539,0,0,7556,98095,30726,0,0,11457,42184,Public Employees Retirement System,https://www.calhr.ca.gov,,08/06/2024,,,True,
2023,State Department,"Systems Integration, Office of",,"Information Technology Specialist I, Range B",False,False,,81012,108576,,95603,0,0,2420,98023,32375,0,0,8861,41237,Public Employees Retirement System,https://www.calhr.ca.gov,,08/06/2024,,,True,
2023,State Department,"Systems Integration, Office of",,"Information Technology Specialist I, Range C",False,False,,88956,119184,,95040,0,0,2420,97460,32669,0,0,17151,49820,Public Employees Retirement System,https://www.calhr.ca.gov,,08/06/2024,,,True,
2023,State Department,"Systems Integration, Office of",,"Information Technology Specialist I, Range A",False,False,,73668,98736,,92941,0,0,4187,97127,30344,0,0,1816,32160,Public Employees Retirement System,https://www.calhr.ca.gov,,08/06/2024,,,True,
2023,State Department,"Systems Integration, Office of",,"Information Technology Specialist I, Range C",False,False,,88956,119184,,94147,0,0,2420,96567,33039,0,0,22698,55737,Public Employees Retirement System,https://www.calhr.ca.gov,,08/06/2024,,,True,
2023,State Department,"Systems Integration, Office of",,Staff Services Manager I,False,False,,81120,100776,,90175,0,0,6111,96286,31093,0,0,18217,49309,Public Employees Retirement System,https://www.calhr.ca.gov,,08/06/2024,,,True,
2023,State Department,"Systems Integration, Office of",,"Information Technology Associate, Range D",False,False,,73764,98856,,95537,0,0,600,96137,31096,0,0,1816,32912,Public Employees Retirement System,https://www.calhr.ca.gov,,08/06/2024,,,True,
2023,State Department,"Systems Integration, Office of",,"Information Technology Specialist I, Range C",False,False,,88956,119184,,94325,0,0,1540,95865,33037,0,0,17565,50602,Public Employees Retirement System,https://www.calhr.ca.gov,,08/06/2024,,,True,
2023,State Department,"Systems Integration, Office of",,"Information Technology Specialist I, Range B",False,False,,81012,108576,,95241,0,0,550,95791,31555,0,0,136,31691,Public Employees Retirement System,https://www.calhr.ca.gov,,08/06/2024,,,True,
2023,State Department,"Systems Integration, Office of",,Staff Services Manager I,False,False,,81120,100776,,89509,0,0,6133,95642,31700,0,0,23377,55076,Public Employees Retirement System,https://www.calhr.ca.gov,,08/06/2024,,,True,
2023,State Department,"Systems Integration, Office of",,"Information Technology Specialist I, Range C",False,False,,88956,119184,,92868,0,0,2370,95238,32486,0,0,22074,54560,Public Employees Retirement System,https://www.calhr.ca.gov,,08/06/2024,,,True,
2023,State Department,"Systems Integration, Office of",,"Information Technology Specialist I, Range B",False,False,,81012,108576,,92810,0,0,2059,94868,31555,0,0,12122,43677,Public Employees Retirement System,https://www.calhr.ca.gov,,08/06/2024,,,True,
2023,State Department,"Systems Integration, Office of",,"Information Technology Specialist I, Range B",False,False,,81012,108576,,92300,0,0,2420,94720,31270,0,0,8822,40092,Public Employees Retirement System,https://www.calhr.ca.gov,,08/06/2024,,,True,
2023,State Department,"Systems Integration, Office of",,"Information Technology Specialist I, Range C",False,False,,88956,119184,,92198,0,0,2370,94568,32511,0,0,22767,55277,Public Employees Retirement System,https://www.calhr.ca.gov,,08/06/2024,,,True,
2023,State Department,"Systems Integration, Office of",,Staff Services Manager I,False,False,,81120,100776,,92046,0,0,2420,94466,31700,0,0,18217,49916,Public Employees Retirement System,https://www.calhr.ca.gov,,08/06/2024,,,True,
2023,State Department,"Systems Integration, Office of",,"Information Technology Associate, Range D",False,False,,73764,98856,,91861,0,0,2558,94419,31096,0,0,8861,39958,Public Employees Retirement System,https://www.calhr.ca.gov,,08/06/2024,,,True,
2023,State Department,"Systems Integration, Office of",,"Information Technology Specialist II, Range A",False,False,,97560,130716,,93415,0,0,550,93965,30949,0,0,136,31085,Public Employees Retirement System,https://www.calhr.ca.gov,,08/06/2024,,,True,
2023,State Department,"Systems Integration, Office of",,"Information Technology Specialist I, Range C",False,False,,88956,119184,,91538,0,0,2420,93958,30978,0,0,8637,39615,Public Employees Retirement System,https://www.calhr.ca.gov,,08/06/2024,,,True,
2023,State Department,"Systems Integration, Office of",,"Information Technology Specialist I, Range C",False,False,,88956,119184,,91355,0,0,2420,93775,32010,0,0,22767,54777,Public Employees Retirement System,https://www.calhr.ca.gov,,08/06/2024,,,True,
2023,State Department,"Systems Integration, Office of",,"Information Technology Specialist I, Range C",False,False,,88956,119184,,90889,0,0,2420,93309,31968,0,0,22767,54735,Public Employees Retirement System,https://www.calhr.ca.gov,,08/06/2024,,,True,
2023,State Department,"Systems Integration, Office of",,Staff Services Manager I,False,False,,81120,100776,,86860,0,0,5912,92772,29783,0,0,15277,45059,Public Employees Retirement System,https://www.calhr.ca.gov,,08/06/2024,,,True,
2023,State Department,"Systems Integration, Office of",,Information Technology Supervisor II,False,False,,96192,128892,,90360,0,0,2370,92730,30260,0,0,9396,39656,Public Employees Retirement System,https://www.calhr.ca.gov,,08/06/2024,,,True,
2023,State Department,"Systems Integration, Office of",,"Information Technology Specialist I, Range C",False,False,,88956,119184,,92124,0,0,500,92624,29962,0,0,1816,31778,Public Employees Retirement System,https://www.calhr.ca.gov,,08/06/2024,,,True,
2023,State Department,"Systems Integration, Office of",,"Information Technology Specialist I, Range C",False,False,,88956,119184,,90706,0,0,1841,92546,31433,0,0,18318,49752,Public Employees Retirement System,https://www.calhr.ca.gov,,08/06/2024,,,True,
2023,State Department,"Systems Integration, Office of",,"Information Technology Specialist I, Range C",False,False,,88956,119184,,90047,0,0,2320,92367,31688,0,0,22767,54455,Public Employees Retirement System,https://www.calhr.ca.gov,,08/06/2024,,,True,
2023,State Department,"Systems Integration, Office of",,Staff Services Manager I,False,False,,81120,100776,,91613,0,0,550,92163,29745,0,0,1996,31741,Public Employees Retirement System,https://www.calhr.ca.gov,,08/06/2024,,,True,
2023,State Department,"Systems Integration, Office of",,"Information Technology Specialist I, Range C",False,False,,88956,119184,,88273,0,0,3747,92020,30605,0,0,17581,48186,Public Employees Retirement System,https://www.calhr.ca.gov,,08/06/2024,,,True,
2023,State Department,"Systems Integration, Office of",,"Information Technology Specialist I, Range B",False,False,,81012,108576,,89364,0,0,2420,91784,30308,0,0,8861,39170,Public Employees Retirement System,https://www.calhr.ca.gov,,08/06/2024,,,True,
2023,State Department,"Systems Integration, Office of",,"Information Technology Specialist I, Range A",False,False,,73668,98736,,89254,0,0,2420,91674,30272,0,0,8861,39133,Public Employees Retirement System,https://www.calhr.ca.gov,,08/06/2024,,,True,
2023,State Department,"Systems Integration, Office of",,"Information Technology Specialist I, Range B",False,False,,81012,108576,,89246,0,0,2420,91666,30265,0,0,8822,39087,Public Employees Retirement System,https://www.calhr.ca.gov,,08/06/2024,,,True,
2023,State Department,"Systems Integration, Office of",,"Information Technology Specialist I, Range C",False,False,,88956,119184,,89216,0,0,2420,91636,30243,0,0,8710,38953,Public Employees Retirement System,https://www.calhr.ca.gov,,08/06/2024,,,True,
2023,State Department,"Systems Integration, Office of",,"Information Technology Specialist I, Range A",False,False,,73668,98736,,90665,0,0,600,91265,30038,0,0,136,30174,Public Employees Retirement System,https://www.calhr.ca.gov,,08/06/2024,,,True,
2023,State Department,"Systems Integration, Office of",,Health Program Specialist I,False,False,,74916,93780,,84937,0,0,6322,91259,29499,0,0,17567,47066,Public Employees Retirement System,https://www.calhr.ca.gov,,08/06/2024,,,True,
2023,State Department,"Systems Integration, Office of",,"Information Technology Specialist I, Range B",False,False,,81012,108576,,88642,0,0,2420,91062,31224,0,0,22767,53991,Public Employees Retirement System,https://www.calhr.ca.gov,,08/06/2024,,,True,
2023,State Department,"Systems Integration, Office of",,"Information Technology Specialist II, Range A",False,False,,97560,130716,,88635,0,0,2370,91005,31209,0,0,22698,53908,Public Employees Retirement System,https://www.calhr.ca.gov,,08/06/2024,,,True,
2023,State Department,"Systems Integration, Office of",,"Information Technology Specialist I, Range A",False,False,,73668,98736,,90336,0,0,550,90886,31029,0,0,1816,32845,Public Employees Retirement System,https://www.calhr.ca.gov,,08/06/2024,,,True,
2023,State Department,"Systems Integration, Office of",,"Information Technology Specialist I, Range B",False,False,,81012,108576,,89943,0,0,920,90863,29382,0,0,1816,31198,Public Employees Retirement System,https://www.calhr.ca.gov,,08/06/2024,,,True,
2023,State Department,"Systems Integration, Office of",,Information Technology Supervisor II,False,False,,96192,128892,,88399,0,0,2370,90769,30234,0,0,18128,48362,Public Employees Retirement System,https://www.calhr.ca.gov,,08/06/2024,,,True,
2023,State Department,"Systems Integration, Office of",,"Information Technology Specialist I, Range C",False,False,,88956,119184,,90177,0,0,500,90677,29876,0,0,136,30012,Public Employees Retirement System,https://www.calhr.ca.gov,,08/06/2024,,,True,
2023,State Department,"Systems Integration, Office of",,Staff Services Manager I,False,False,,81120,100776,,84170,0,0,5783,89953,28414,0,0,18217,46631,Public Employees Retirement System,https://www.calhr.ca.gov,,08/06/2024,,,True,
2023,State Department,"Systems Integration, Office of",,"Information Technology Specialist I, Range C",False,False,,88956,119184,,87438,0,0,2385,89822,29880,0,0,22247,52127,Public Employees Retirement System,https://www.calhr.ca.gov,,08/06/2024,,,True,
2023,State Department,"Systems Integration, Office of",,"Information Technology Specialist I, Range C",False,False,,88956,119184,,84654,0,0,5036,89690,28691,0,0,8637,37328,Public Employees Retirement System,https://www.calhr.ca.gov,,08/06/2024,,,True,
2023,State Department,"Systems Integration, Office of",,"Information Technology Specialist I, Range C",False,False,,88956,119184,,88680,0,0,700,89380,29133,0,0,1816,30948,Public Employees Retirement System,https://www.calhr.ca.gov,,08/06/2024,,,True,
2023,State Department,"Systems Integration, Office of",,"Information Technology Specialist I, Range C",False,False,,88956,119184,,86528,0,0,2397,88926,30001,0,0,17330,47331,Public Employees Retirement System,https://www.calhr.ca.gov,,08/06/2024,,,True,
2023,State Department,"Systems Integration, Office of",,"Information Technology Specialist I, Range A",False,False,,73668,98736,,86406,0,0,2370,88776,30384,0,0,17581,47965,Public Employees Retirement System,https://www.calhr.ca.gov,,08/06/2024,,,True,
2023,State Department,"Systems Integration, Office of",,"Information Technology Specialist I, Range C",False,False,,88956,119184,,86284,0,0,2420,88704,30443,0,0,22767,53209,Public Employees Retirement System,https://www.calhr.ca.gov,,08/06/2024,,,True,
2023,State Department,"Systems Integration, Office of",,"Information Technology Specialist I, Range C",False,False,,88956,119184,,87931,0,0,600,88531,28576,0,0,1816,30392,Public Employees Retirement System,https://www.calhr.ca.gov,,08/06/2024,,,True,
2023,State Department,"Systems Integration, Office of",,"Information Technology Associate, Range D",False,False,,73764,98856,,86111,0,0,2160,88271,30487,0,0,22698,53185,Public Employees Retirement System,https://www.calhr.ca.gov,,08/06/2024,,,True,
2023,State Department,"Systems Integration, Office of",,"Information Technology Specialist I, Range C",False,False,,88956,119184,,81423,0,0,5922,87345,28806,0,0,21972,50778,Public Employees Retirement System,https://www.calhr.ca.gov,,08/06/2024,,,True,
2023,State Department,"Systems Integration, Office of",,"Information Technology Specialist I, Range C",False,False,,88956,119184,,84233,0,0,2320,86553,28597,0,0,17298,45894,Public Employees Retirement System,https://www.calhr.ca.gov,,08/06/2024,,,True,
2023,State Department,"Systems Integration, Office of",,"Information Technology Specialist I, Range C",False,False,,88956,119184,,83781,0,0,2420,86201,28338,0,0,16768,45106,Public Employees Retirement System,https://www.calhr.ca.gov,,08/06/2024,,,True,
2023,State Department,"Systems Integration, Office of",,"Senior Accounting Officer (Specialist), Range A",False,False,,68208,85368,,82204,0,3536,450,86190,26854,0,0,2826,29681,Public Employees Retirement System,https://www.calhr.ca.gov,,08/06/2024,,,True,
2023,State Department,"Systems Integration, Office of",,Information Technology Manager I,False,False,,106188,142284,,85476,0,0,655,86131,27904,0,0,1508,29412,Public Employees Retirement System,https://www.calhr.ca.gov,,08/06/2024,,,True,
2023,State Department,"Systems Integration, Office of",,"Information Technology Associate, Range D",False,False,,73764,98856,,83534,0,0,2370,85904,28414,0,0,9558,37973,Public Employees Retirement System,https://www.calhr.ca.gov,,08/06/2024,,,True,
2023,State Department,"Systems Integration, Office of",,"Information Technology Specialist I, Range A",False,False,,73668,98736,,83064,0,0,2370,85434,30040,0,0,22767,52807,Public Employees Retirement System,https://www.calhr.ca.gov,,08/06/2024,,,True,
2023,State Department,"Systems Integration, Office of",,"Information Technology Specialist I, Range B",False,False,,81012,108576,,79365,0,0,5718,85083,27652,0,0,17567,45219,Public Employees Retirement System,https://www.calhr.ca.gov,,08/06/2024,,,True,
2023,State Department,"Systems Integration, Office of",,"Information Technology Specialist I, Range C",False,False,,88956,119184,,84458,0,0,600,85058,27982,0,0,136,28118,Public Employees Retirement System,https://www.calhr.ca.gov,,08/06/2024,,,True,
2023,State Department,"Systems Integration, Office of",,"Information Technology Associate, Range D",False,False,,73764,98856,,82322,0,0,2420,84742,27976,0,0,8861,36837,Public Employees Retirement System,https://www.calhr.ca.gov,,08/06/2024,,,True,
2023,State Department,"Systems Integration, Office of",,"Information Technology Associate, Range C",False,False,,67068,89892,,82410,0,0,2320,84730,27909,0,0,17151,45060,Public Employees Retirement System,https://www.calhr.ca.gov,,08/06/2024,,,True,
2023,State Department,"Systems Integration, Office of",,"Associate Personnel Analyst, Range L",False,False,,70260,87948,,79022,0,0,5704,84727,27666,0,0,9397,37063,Public Employees Retirement System,https://www.calhr.ca.gov,,08/06/2024,,,True,
2023,State Department,"Systems Integration, Office of",,"Information Technology Associate, Range C",False,False,,67068,89892,,83795,0,0,600,84395,27205,0,0,1816,29021,Public Employees Retirement System,https://www.calhr.ca.gov,,08/06/2024,,,True,
2023,State Department,"Systems Integration, Office of",,"Information Technology Associate, Range C",False,False,,67068,89892,,81119,0,0,2420,83539,27610,0,0,8861,36472,Public Employees Retirement System,https://www.calhr.ca.gov,,08/06/2024,,,True,
2023,State Department,"Systems Integration, Office of",,Staff Services Manager I,False,False,,81120,100776,,80775,0,0,2420,83195,27361,0,0,9397,36757,Public Employees Retirement System,https://www.calhr.ca.gov,,08/06/2024,,,True,
2023,State Department,"Systems Integration, Office of",,"Information Technology Specialist I, Range B",False,False,,81012,108576,,80517,0,0,2420,82937,27947,0,0,17567,45514,Public Employees Retirement System,https://www.calhr.ca.gov,,08/06/2024,,,True,
2023,State Department,"Systems Integration, Office of",,Staff Services Manager I,False,False,,81120,100776,,80511,0,0,2420,82931,27964,0,0,23377,51340,Public Employees Retirement System,https://www.calhr.ca.gov,,08/06/2024,,,True,
2023,State Department,"Systems Integration, Office of",,Information Technology Supervisor II,False,False,,96192,128892,,79668,0,889,2220,82777,26796,0,0,6264,33060,Public Employees Retirement System,https://www.calhr.ca.gov,,08/06/2024,,,True,
2023,State Department,"Systems Integration, Office of",,"Information Technology Specialist I, Range B",False,False,,81012,108576,,77899,0,0,4707,82606,26406,0,0,17367,43773,Public Employees Retirement System,https://www.calhr.ca.gov,,08/06/2024,,,True,
2023,State Department,"Systems Integration, Office of",,"Information Technology Specialist I, Range A",False,False,,73668,98736,,76813,0,0,5528,82341,26106,0,0,8861,34967,Public Employees Retirement System,https://www.calhr.ca.gov,,08/06/2024,,,True,
2023,State Department,"Systems Integration, Office of",,"Information Technology Specialist I, Range C",False,False,,88956,119184,,79605,0,0,2370,81975,28338,0,0,22767,51105,Public Employees Retirement System,https://www.calhr.ca.gov,,08/06/2024,,,True,
2023,State Department,"Systems Integration, Office of",,"Associate Administrative Analyst -Accounting Systems-, Range A",False,False,,71604,89688,,79571,0,0,2370,81941,28212,0,0,22698,50910,Public Employees Retirement System,https://www.calhr.ca.gov,,08/06/2024,,,True,
2023,State Department,"Systems Integration, Office of",,Staff Services Manager I,False,False,,81120,100776,,77974,0,0,3945,81919,26001,0,0,9397,35398,Public Employees Retirement System,https://www.calhr.ca.gov,,08/06/2024,,,True,
2023,State Department,"Systems Integration, Office of",,"Information Technology Specialist I, Range B",False,False,,81012,108576,,81457,0,0,285,81742,26639,0,0,3567,30206,Public Employees Retirement System,https://www.calhr.ca.gov,,08/06/2024,,,True,
2023,State Department,"Systems Integration, Office of",,Staff Services Manager I,False,False,,81120,100776,,78835,0,0,2470,81305,26854,0,0,8861,35716,Public Employees Retirement System,https://www.calhr.ca.gov,,08/06/2024,,,True,
2023,State Department,"Systems Integration, Office of",,"Associate Governmental Program Analyst, Range A",False,False,,68208,85368,,78847,0,0,2420,81267,26746,0,0,17567,44313,Public Employees Retirement System,https://www.calhr.ca.gov,,08/06/2024,,,True,
2023,State Department,"Systems Integration, Office of",,Limited Examination and Appointment Program Candidate (Identified Class),False,False,,0,181716,,78835,0,0,2420,81255,26854,0,0,8861,35716,Public Employees Retirement System,https://www.calhr.ca.gov,,08/06/2024,,,True,
2023,State Department,"Systems Integration, Office of",,"Information Technology Specialist I, Range A",False,False,,73668,98736,,78690,0,0,2420,81110,26404,0,0,8861,35265,Public Employees Retirement System,https://www.calhr.ca.gov,,08/06/2024,,,True,
2023,State Department,"Systems Integration, Office of",,"Senior Accounting Officer (Specialist), Range A",False,False,,68208,85368,,78721,0,0,2370,81091,26854,0,0,9203,36057,Public Employees Retirement System,https://www.calhr.ca.gov,,08/06/2024,,,True,
2023,State Department,"Systems Integration, Office of",,"Associate Governmental Program Analyst, Range A",False,False,,68208,85368,,78322,0,0,2420,80742,26854,0,0,8861,35716,Public Employees Retirement System,https://www.calhr.ca.gov,,08/06/2024,,,True,
2023,State Department,"Systems Integration, Office of",,"Associate Governmental Program Analyst, Range A",False,False,,68208,85368,,78235,0,0,2470,80705,26854,0,0,8861,35716,Public Employees Retirement System,https://www.calhr.ca.gov,,08/06/2024,,,True,
2023,State Department,"Systems Integration, Office of",,"Information Technology Associate, Range C",False,False,,67068,89892,,80031,0,0,600,80631,25958,0,0,1816,27773,Public Employees Retirement System,https://www.calhr.ca.gov,,08/06/2024,,,True,
2023,State Department,"Systems Integration, Office of",,"Information Technology Specialist I, Range C",False,False,,88956,119184,,78063,0,0,2352,80416,27598,0,0,17545,45143,Public Employees Retirement System,https://www.calhr.ca.gov,,08/06/2024,,,True,
2023,State Department,"Systems Integration, Office of",,"Senior Legal Analyst, Range A",False,False,,71604,89688,,76668,568,0,2420,79656,25839,0,0,9203,35042,Public Employees Retirement System,https://www.calhr.ca.gov,,08/06/2024,,,True,
2023,State Department,"Systems Integration, Office of",,"Information Technology Specialist I, Range A",False,False,,73668,98736,,73095,0,0,6057,79152,26065,0,0,22698,48764,Public Employees Retirement System,https://www.calhr.ca.gov,,08/06/2024,,,True,
2023,State Department,"Systems Integration, Office of",,"Associate Governmental Program Analyst, Range A",False,False,,68208,85368,,76751,0,0,2370,79121,26854,0,0,17567,44421,Public Employees Retirement System,https://www.calhr.ca.gov,,08/06/2024,,,True,
2023,State Department,"Systems Integration, Office of",,"Associate Personnel Analyst, Range A",False,False,,68208,85368,,76278,0,0,2370,78648,25579,0,0,8637,34216,Public Employees Retirement System,https://www.calhr.ca.gov,,08/06/2024,,,True,
2023,State Department,"Systems Integration, Office of",,"Associate Personnel Analyst, Range A",False,False,,68208,85368,,75698,0,0,2420,78118,26091,0,0,22767,48858,Public Employees Retirement System,https://www.calhr.ca.gov,,08/06/2024,,,True,
2023,State Department,"Systems Integration, Office of",,Staff Services Manager I,False,False,,81120,100776,,75632,0,0,2420,78052,25517,0,0,9397,34914,Public Employees Retirement System,https://www.calhr.ca.gov,,08/06/2024,,,True,
2023,State Department,"Systems Integration, Office of",,"Information Technology Associate, Range C",False,False,,67068,89892,,75576,0,0,2420,77996,25736,0,0,8822,34558,Public Employees Retirement System,https://www.calhr.ca.gov,,08/06/2024,,,True,
2023,State Department,"Systems Integration, Office of",,"Information Technology Specialist I, Range A",False,False,,73668,98736,,75433,0,0,2420,77853,25645,0,0,8822,34467,Public Employees Retirement System,https://www.calhr.ca.gov,,08/06/2024,,,True,
2023,State Department,"Systems Integration, Office of",,"Senior Accounting Officer (Specialist), Range A",False,False,,68208,85368,,75450,0,0,2370,77820,26854,0,0,22767,49621,Public Employees Retirement System,https://www.calhr.ca.gov,,08/06/2024,,,True,
2023,State Department,"Systems Integration, Office of",,"Senior Accounting Officer (Specialist), Range A",False,False,,68208,85368,,73670,2624,0,600,76893,23851,0,0,1816,25667,Public Employees Retirement System,https://www.calhr.ca.gov,,08/06/2024,,,True,
2023,State Department,"Systems Integration, Office of",,"Associate Personnel Analyst, Range A",False,False,,68208,85368,,71243,0,0,5417,76660,25460,0,0,22767,48226,Public Employees Retirement System,https://www.calhr.ca.gov,,08/06/2024,,,True,
2023,State Department,"Systems Integration, Office of",,"Associate Governmental Program Analyst, Range A",False,False,,68208,85368,,71036,0,0,5343,76379,24236,0,0,8861,33098,Public Employees Retirement System,https://www.calhr.ca.gov,,08/06/2024,,,True,
2023,State Department,"Systems Integration, Office of",,"Information Technology Associate, Range D",False,False,,73764,98856,,75628,0,0,285,75912,25022,0,0,5319,30341,Public Employees Retirement System,https://www.calhr.ca.gov,,08/06/2024,,,True,
2023,State Department,"Systems Integration, Office of",,"Associate Governmental Program Analyst, Range A",False,False,,68208,85368,,72671,0,0,2420,75091,24727,0,0,8637,33365,Public Employees Retirement System,https://www.calhr.ca.gov,,08/06/2024,,,True,
2023,State Department,"Systems Integration, Office of",,"Information Technology Specialist I, Range B",False,False,,81012,108576,,73458,0,0,500,73958,23780,0,0,1816,25596,Public Employees Retirement System,https://www.calhr.ca.gov,,08/06/2024,,,True,
2023,State Department,"Systems Integration, Office of",,"Associate Governmental Program Analyst, Range A",False,False,,68208,85368,,71519,0,0,2420,73939,24052,0,0,8861,32913,Public Employees Retirement System,https://www.calhr.ca.gov,,08/06/2024,,,True,
2023,State Department,"Systems Integration, Office of",,"Information Technology Specialist I, Range B",False,False,,81012,108576,,71157,0,0,2420,73577,25178,0,0,8637,33815,Public Employees Retirement System,https://www.calhr.ca.gov,,08/06/2024,,,True,
2023,State Department,"Systems Integration, Office of",,"Associate Governmental Program Analyst, Range A",False,False,,68208,85368,,70970,0,0,2336,73306,25358,0,0,22767,48125,Public Employees Retirement System,https://www.calhr.ca.gov,,08/06/2024,,,True,
2023,State Department,"Systems Integration, Office of",,"Information Technology Associate, Range C",False,False,,67068,89892,,72001,0,0,600,72601,23854,0,0,369,24224,Public Employees Retirement System,https://www.calhr.ca.gov,,08/06/2024,,,True,
2023,State Department,"Systems Integration, Office of",,"Information Technology Associate, Range C",False,False,,67068,89892,,70221,0,0,2320,72541,23956,0,0,8861,32817,Public Employees Retirement System,https://www.calhr.ca.gov,,08/06/2024,,,True,
2023,State Department,"Systems Integration, Office of",,"Associate Personnel Analyst, Range A",False,False,,68208,85368,,69894,0,0,2609,72503,25021,0,0,22562,47582,Public Employees Retirement System,https://www.calhr.ca.gov,,08/06/2024,,,True,
2023,State Department,"Systems Integration, Office of",,"Information Technology Associate, Range C",False,False,,67068,89892,,70741,0,0,791,71532,23627,0,0,6513,30140,Public Employees Retirement System,https://www.calhr.ca.gov,,08/06/2024,,,True,
2023,State Department,"Systems Integration, Office of",,"Information Technology Associate, Range C",False,False,,67068,89892,,68436,0,0,2358,70795,22988,0,0,8765,31752,Public Employees Retirement System,https://www.calhr.ca.gov,,08/06/2024,,,True,
2023,State Department,"Systems Integration, Office of",,"Information Technology Associate, Range C",False,False,,67068,89892,,67929,0,0,2420,70349,23207,0,0,8861,32068,Public Employees Retirement System,https://www.calhr.ca.gov,,08/06/2024,,,True,
2023,State Department,"Systems Integration, Office of",,"Associate Governmental Program Analyst, Range A",False,False,,68208,85368,,67523,0,0,2370,69893,22711,0,0,8637,31348,Public Employees Retirement System,https://www.calhr.ca.gov,,08/06/2024,,,True,
2023,State Department,"Systems Integration, Office of",,"Associate Personnel Analyst, Range A",False,False,,68208,85368,,67066,0,0,2420,69486,23951,0,0,20379,44330,Public Employees Retirement System,https://www.calhr.ca.gov,,08/06/2024,,,True,
2023,State Department,"Systems Integration, Office of",,"Information Technology Specialist I, Range C",False,False,,88956,119184,,68309,0,0,496,68805,22944,0,0,5038,27983,Public Employees Retirement System,https://www.calhr.ca.gov,,08/06/2024,,,True,
2023,State Department,"Systems Integration, Office of",,"Associate Governmental Program Analyst, Range A",False,False,,68208,85368,,65814,0,0,2356,68170,23186,0,0,17536,40722,Public Employees Retirement System,https://www.calhr.ca.gov,,08/06/2024,,,True,
2023,State Department,"Systems Integration, Office of",,"Associate Governmental Program Analyst, Range A",False,False,,68208,85368,,63678,0,0,2520,66198,23109,0,0,22698,45808,Public Employees Retirement System,https://www.calhr.ca.gov,,08/06/2024,,,True,
2023,State Department,"Systems Integration, Office of",,"Information Technology Specialist I, Range C",False,False,,88956,119184,,64532,0,0,1540,66072,21888,0,0,16749,38636,Public Employees Retirement System,https://www.calhr.ca.gov,,08/06/2024,,,True,
2023,State Department,"Systems Integration, Office of",,Staff Services Manager I,False,False,,81120,100776,,63512,0,0,2370,65882,21721,0,0,8870,30591,Public Employees Retirement System,https://www.calhr.ca.gov,,08/06/2024,,,True,
2023,State Department,"Systems Integration, Office of",,"Information Technology Specialist I, Range B",False,False,,81012,108576,,62447,0,0,2120,64567,21502,0,0,8087,29588,Public Employees Retirement System,https://www.calhr.ca.gov,,08/06/2024,,,True,
2023,State Department,"Systems Integration, Office of",,"Executive Assistant, Range A",False,False,,53532,66996,,61914,0,0,2420,64334,21173,0,0,8861,30035,Public Employees Retirement System,https://www.calhr.ca.gov,,08/06/2024,,,True,
2023,State Department,"Systems Integration, Office of",,"Associate Governmental Program Analyst, Range A",False,False,,68208,85368,,61088,0,0,2420,63508,20974,0,0,8861,29835,Public Employees Retirement System,https://www.calhr.ca.gov,,08/06/2024,,,True,
2023,State Department,"Systems Integration, Office of",,"Associate Governmental Program Analyst, Range A",False,False,,68208,85368,,60386,0,0,2890,63276,21727,0,0,21544,43271,Public Employees Retirement System,https://www.calhr.ca.gov,,08/06/2024,,,True,
2023,State Department,"Systems Integration, Office of",,"Executive Assistant, Range A",False,False,,53532,66996,,59645,0,0,2420,62065,20496,0,0,8861,29357,Public Employees Retirement System,https://www.calhr.ca.gov,,08/06/2024,,,True,
2023,State Department,"Systems Integration, Office of",,"Executive Assistant, Range A",False,False,,53532,66996,,59645,0,0,2420,62065,20496,0,0,8861,29357,Public Employees Retirement System,https://www.calhr.ca.gov,,08/06/2024,,,True,
2023,State Department,"Systems Integration, Office of",,"Associate Governmental Program Analyst, Range A",False,False,,68208,85368,,59176,0,0,2420,61596,21455,0,0,22698,44153,Public Employees Retirement System,https://www.calhr.ca.gov,,08/06/2024,,,True,
2023,State Department,"Systems Integration, Office of",,"Information Technology Specialist I, Range C",False,False,,88956,119184,,61544,0,0,0,61544,0,0,0,0,0,,https://www.calhr.ca.gov,,08/06/2024,,,True,
2023,State Department,"Systems Integration, Office of",,"Information Technology Specialist I, Range A",False,False,,73668,98736,,61036,0,0,475,61511,20253,0,0,325,20578,Public Employees Retirement System,https://www.calhr.ca.gov,,08/06/2024,,,True,
2023,State Department,"Systems Integration, Office of",,"Information Technology Specialist I, Range A",False,False,,73668,98736,,59087,0,0,2003,61090,21146,0,0,21927,43073,Public Employees Retirement System,https://www.calhr.ca.gov,,08/06/2024,,,True,
2023,State Department,"Systems Integration, Office of",,"Information Technology Associate, Range B",False,False,,61356,82224,,58479,0,0,2420,60899,20026,0,0,8404,28430,Public Employees Retirement System,https://www.calhr.ca.gov,,08/06/2024,,,True,
2023,State Department,"Systems Integration, Office of",,"Executive Assistant, Range A",False,False,,53532,66996,,57562,0,0,2370,59932,20496,0,0,17567,38062,Public Employees Retirement System,https://www.calhr.ca.gov,,08/06/2024,,,True,
2023,State Department,"Systems Integration, Office of",,"Staff Services Analyst, Range C",False,False,,56712,70992,,58931,0,0,600,59531,18967,0,0,1816,20783,Public Employees Retirement System,https://www.calhr.ca.gov,,08/06/2024,,,True,
2023,State Department,"Systems Integration, Office of",,"Information Technology Specialist II, Range A",False,False,,97560,130716,,59251,0,0,0,59251,0,0,0,0,0,,https://www.calhr.ca.gov,,08/06/2024,,,True,
2023,State Department,"Systems Integration, Office of",,"Staff Services Analyst, Range C",False,False,,56712,70992,,55057,0,0,2859,57916,19493,0,0,17567,37060,Public Employees Retirement System,https://www.calhr.ca.gov,,08/06/2024,,,True,
2023,State Department,"Systems Integration, Office of",,"Information Technology Specialist I, Range C",False,False,,88956,119184,,57495,0,0,165,57660,19819,0,0,5008,24826,Public Employees Retirement System,https://www.calhr.ca.gov,,08/06/2024,,,True,
2023,State Department,"Systems Integration, Office of",,"Staff Services Analyst, Range C",False,False,,56712,70992,,53913,119,0,2370,56403,18098,0,0,8637,26735,Public Employees Retirement System,https://www.calhr.ca.gov,,08/06/2024,,,True,
2023,State Department,"Systems Integration, Office of",,"Information Technology Specialist I, Range C",False,False,,88956,119184,,55595,0,0,590,56185,18132,0,0,1059,19192,Public Employees Retirement System,https://www.calhr.ca.gov,,08/06/2024,,,True,
2023,State Department,"Systems Integration, Office of",,"Associate Governmental Program Analyst, Range A",False,False,,68208,85368,,53646,0,0,2070,55716,19135,0,0,18659,37794,Public Employees Retirement System,https://www.calhr.ca.gov,,08/06/2024,,,True,
2023,State Department,"Systems Integration, Office of",,"Information Technology Specialist I, Range C",False,False,,88956,119184,,55610,0,0,0,55610,0,0,0,0,0,,https://www.calhr.ca.gov,,08/06/2024,,,True,
2023,State Department,"Systems Integration, Office of",,"Information Technology Specialist I, Range C",False,False,,88956,119184,,52416,0,0,400,52816,17125,0,0,779,17904,Public Employees Retirement System,https://www.calhr.ca.gov,,08/06/2024,,,True,
2023,State Department,"Systems Integration, Office of",,"Associate Governmental Program Analyst, Range A",False,False,,68208,85368,,49452,0,0,2320,51772,17120,0,0,9203,26323,Public Employees Retirement System,https://www.calhr.ca.gov,,08/06/2024,,,True,
2023,State Department,"Systems Integration, Office of",,"Senior Accounting Officer (Specialist), Range A",False,False,,68208,85368,,50919,0,0,50,50969,0,0,0,0,0,,https://www.calhr.ca.gov,,08/06/2024,,,True,
2023,State Department,"Systems Integration, Office of",,Staff Services Manager II (Managerial),False,False,,98580,111972,,50527,0,0,0,50527,0,0,0,0,0,,https://www.calhr.ca.gov,,08/06/2024,,,True,
2023,State Department,"Systems Integration, Office of",,Information Technology Manager II,False,False,,128808,156576,,50129,0,0,380,50509,16512,0,0,1017,17529,Public Employees Retirement System,https://www.calhr.ca.gov,,08/06/2024,,,True,
2023,State Department,"Systems Integration, Office of",,Staff Services Manager I,False,False,,81120,100776,,50417,0,0,0,50417,0,0,0,0,0,,https://www.calhr.ca.gov,,08/06/2024,,,True,
2023,State Department,"Systems Integration, Office of",,Information Technology Manager I,False,False,,106188,142284,,50291,0,0,50,50341,0,0,0,0,0,,https://www.calhr.ca.gov,,08/06/2024,,,True,
2023,State Department,"Systems Integration, Office of",,"Information Technology Specialist I, Range C",False,False,,88956,119184,,50234,0,0,0,50234,0,0,0,0,0,,https://www.calhr.ca.gov,,08/06/2024,,,True,
2023,State Department,"Systems Integration, Office of",,"Information Technology Technician, Range B",False,False,,50724,67992,,46790,0,0,2370,49160,16159,0,0,8822,24981,Public Employees Retirement System,https://www.calhr.ca.gov,,08/06/2024,,,True,
2023,State Department,"Systems Integration, Office of",,"Information Technology Specialist I, Range C",False,False,,88956,119184,,48861,0,0,0,48861,0,0,0,0,0,,https://www.calhr.ca.gov,,08/06/2024,,,True,
2023,State Department,"Systems Integration, Office of",,"Information Technology Specialist I, Range C",False,False,,88956,119184,,48030,0,0,350,48380,16017,0,0,3599,19616,Public Employees Retirement System,https://www.calhr.ca.gov,,08/06/2024,,,True,
2023,State Department,"Systems Integration, Office of",,"Information Technology Specialist I, Range C",False,False,,88956,119184,,47317,0,0,0,47317,0,0,0,0,0,,https://www.calhr.ca.gov,,08/06/2024,,,True,
2023,State Department,"Systems Integration, Office of",,"Staff Services Analyst, Range A",False,False,,43680,54732,,44665,0,0,2420,47085,15528,0,0,8822,24350,Public Employees Retirement System,https://www.calhr.ca.gov,,08/06/2024,,,True,
2023,State Department,"Systems Integration, Office of",,"Information Technology Specialist I, Range C",False,False,,88956,119184,,44218,0,0,533,44751,14792,0,0,5008,19800,Public Employees Retirement System,https://www.calhr.ca.gov,,08/06/2024,,,True,
2023,State Department,"Systems Integration, Office of",,"Information Technology Specialist I, Range C",False,False,,88956,119184,,44654,0,0,0,44654,0,0,0,0,0,,https://www.calhr.ca.gov,,08/06/2024,,,True,
2023,State Department,"Systems Integration, Office of",,"Associate Governmental Program Analyst, Range A",False,False,,68208,85368,,42382,0,0,766,43148,14392,0,0,5591,19983,Public Employees Retirement System,https://www.calhr.ca.gov,,08/06/2024,,,True,
2023,State Department,"Systems Integration, Office of",,"Information Technology Associate, Range D",False,False,,73764,98856,,41239,0,0,400,41639,13655,0,0,68,13723,Public Employees Retirement System,https://www.calhr.ca.gov,,08/06/2024,,,True,
2023,State Department,"Systems Integration, Office of",,"Information Technology Specialist I, Range C",False,False,,88956,119184,,41411,0,0,0,41411,0,0,0,0,0,,https://www.calhr.ca.gov,,08/06/2024,,,True,
2023,State Department,"Systems Integration, Office of",,"Information Technology Specialist I, Range C",False,False,,88956,119184,,40910,0,0,0,40910,0,0,0,0,0,,https://www.calhr.ca.gov,,08/06/2024,,,True,
2023,State Department,"Systems Integration, Office of",,"Associate Governmental Program Analyst, Range A",False,False,,68208,85368,,40312,0,0,236,40548,13467,0,0,5717,19184,Public Employees Retirement System,https://www.calhr.ca.gov,,08/06/2024,,,True,
2023,State Department,"Systems Integration, Office of",,"Associate Personnel Analyst, Range A",False,False,,68208,85368,,38538,0,0,0,38538,0,0,0,0,0,,https://www.calhr.ca.gov,,08/06/2024,,,True,
2023,State Department,"Systems Integration, Office of",,"Associate Personnel Analyst, Range A",False,False,,68208,85368,,37771,0,0,0,37771,0,0,0,0,0,,https://www.calhr.ca.gov,,08/06/2024,,,True,
2023,State Department,"Systems Integration, Office of",,"Student Assistant, Range D",False,False,,43860,48276,,30329,0,0,350,30679,6153,0,0,0,6153,Public Employees Retirement System,https://www.calhr.ca.gov,,08/06/2024,,,True,
2023,State Department,"Systems Integration, Office of",,"Student Assistant, Range D",False,False,,43860,48276,,30536,0,0,0,30536,6761,0,0,0,6761,Public Employees Retirement System,https://www.calhr.ca.gov,,08/06/2024,,,True,
2023,State Department,"Systems Integration, Office of",,"Information Technology Associate, Range B",False,False,,61356,82224,,24184,0,6044,200,30428,8066,0,0,79,8146,Public Employees Retirement System,https://www.calhr.ca.gov,,08/06/2024,,,True,
2023,State Department,"Systems Integration, Office of",,"Student Assistant, Range D",False,False,,43860,48276,,29671,0,0,600,30271,4262,0,0,0,4262,Public Employees Retirement System,https://www.calhr.ca.gov,,08/06/2024,,,True,
2023,State Department,"Systems Integration, Office of",,"Associate Personnel Analyst, Range A",False,False,,68208,85368,,29879,0,0,0,29879,0,0,0,0,0,,https://www.calhr.ca.gov,,08/06/2024,,,True,
2023,State Department,"Systems Integration, Office of",,"Information Technology Associate, Range A",False,False,,55812,74808,,29025,0,0,400,29425,9609,0,0,68,9677,Public Employees Retirement System,https://www.calhr.ca.gov,,08/06/2024,,,True,
2023,State Department,"Systems Integration, Office of",,"Management Services Technician, Range B",False,False,,45432,56916,,28846,0,0,450,29296,9553,0,0,79,9632,Public Employees Retirement System,https://www.calhr.ca.gov,,08/06/2024,,,True,
2023,State Department,"Systems Integration, Office of",,"Student Assistant, Range D",False,False,,43860,48276,,28558,0,0,0,28558,5206,0,0,0,5206,Public Employees Retirement System,https://www.calhr.ca.gov,,08/06/2024,,,True,
2023,State Department,"Systems Integration, Office of",,"Student Assistant, Range D",False,False,,43860,48276,,27944,0,0,600,28544,4326,0,0,0,4326,Public Employees Retirement System,https://www.calhr.ca.gov,,08/06/2024,,,True,
2023,State Department,"Systems Integration, Office of",,"Graduate Student Assistant, Range A",False,False,,42132,46836,,23351,0,2661,450,26462,3241,0,0,0,3241,Public Employees Retirement System,https://www.calhr.ca.gov,,08/06/2024,,,True,
2023,State Department,"Systems Integration, Office of",,"Student Assistant, Range B",False,False,,38328,42132,,21637,0,0,0,21637,0,0,0,0,0,Part-Time Seasonal and Temporary (PST) Retirement Plan,https://www.calhr.ca.gov,,08/06/2024,,,True,
2023,State Department,"Systems Integration, Office of",,"Information Technology Specialist I, Range C",False,False,,88956,119184,,20482,0,0,0,20482,0,0,0,0,0,,https://www.calhr.ca.gov,,08/06/2024,,,True,
2023,State Department,"Systems Integration, Office of",,"Associate Personnel Analyst, Range A",False,False,"Associate Governmental Program Analyst, Range A",68208,85368,,18758,0,0,0,18758,0,0,0,0,0,,https://www.calhr.ca.gov,,08/06/2024,,,True,
2023,State Department,"Systems Integration, Office of",,"Information Technology Specialist I, Range C",False,False,,88956,119184,,18852,0,0,-169,18683,6439,0,0,4276,10715,Public Employees Retirement System,https://www.calhr.ca.gov,,08/06/2024,,,True,
2023,State Department,"Systems Integration, Office of",,Information Technology Manager I,False,False,,106188,142284,,16054,0,0,0,16054,0,0,0,0,0,,https://www.calhr.ca.gov,,08/06/2024,,,True,
2023,State Department,"Systems Integration, Office of",,Chief Counsel II C.E.A.,False,False,"Attorney, Assistant Chief Counsel",186288,217896,,15060,0,0,0,15060,0,0,0,0,0,,https://www.calhr.ca.gov,,08/06/2024,,,True,
2023,State Department,"Systems Integration, Office of",,"Student Assistant, Range C",False,False,,40980,45108,,14400,0,0,500,14900,0,0,0,0,0,Part-Time Seasonal and Temporary (PST) Retirement Plan,https://www.calhr.ca.gov,,08/06/2024,,,True,
2023,State Department,"Systems Integration, Office of",,"Student Assistant, Range D",False,False,,43860,48276,,10483,0,953,100,11536,3355,0,0,0,3355,Public Employees Retirement System,https://www.calhr.ca.gov,,08/06/2024,,,True,
2023,State Department,"Systems Integration, Office of",,"Senior Personnel Specialist, Range A",False,False,,64056,80268,,10213,0,0,0,10213,0,0,0,0,0,,https://www.calhr.ca.gov,,08/06/2024,,,True,
2023,State Department,"Systems Integration, Office of",,"Student Assistant, Range D",False,False,,43860,48276,,7931,0,868,100,8899,0,0,0,0,0,Part-Time Seasonal and Temporary (PST) Retirement Plan,https://www.calhr.ca.gov,,08/06/2024,,,True,
2023,State Department,"Systems Integration, Office of",,"Student Assistant, Range D",False,False,,43860,48276,,3887,0,0,0,3887,0,0,0,0,0,Part-Time Seasonal and Temporary (PST) Retirement Plan,https://www.calhr.ca.gov,,08/06/2024,,,True,
2023,State Department,"Systems Integration, Office of",,"Associate Governmental Program Analyst, Range A",False,False,,68208,85368,,3528,0,0,0,3528,0,0,0,0,0,,https://www.calhr.ca.gov,,08/06/2024,,,True,
2023,State Department,"Systems Integration, Office of",,"Student Assistant, Range A",False,False,,35820,39372,,1720,0,0,0,1720,0,0,0,0,0,Part-Time Seasonal and Temporary (PST) Retirement Plan,https://www.calhr.ca.gov,,08/06/2024,,,True,
2023,State Department,"Systems Integration, Office of",,"Student Assistant, Range B",False,False,,38328,42132,,112,0,516,100,728,0,0,0,0,0,Part-Time Seasonal and Temporary (PST) Retirement Plan,https://www.calhr.ca.gov,,08/06/2024,,,True,
2023,State Department,"Systems Integration, Office of",,Staff Services Manager II (Supervisory),False,False,,89040,110628,,0,0,0,50,50,0,0,0,0,0,Public Employees Retirement System,https://www.calhr.ca.gov,,08/06/2024,,,True,

