﻿Year,EmployerType,EmployerName,DepartmentOrSubdivision,Position,ElectedOfficial,Judicial,OtherPositions,MinPositionSalary,MaxPositionSalary,ReportedBaseWage,RegularPay,OvertimePay,LumpSumPay,OtherPay,TotalWages,DefinedBenefitPlanContribution,EmployeesRetirementCostCovered,DeferredCompensationPlan,HealthDentalVision,TotalRetirementAndHealthContribution,PensionFormula,EmployerURL,EmployerPopulation,LastUpdatedDate,EmployerCounty,SpecialDistrictActivities,IncludesUnfundedLiability,SpecialDistrictType
2023,State Department,"Human Resources, Department of",,Director/California Department of Human Resources,False,False,,190232,226226,,218096,0,0,-270,217826,71163,0,0,1996,73159,Public Employees Retirement System,https://www.calhr.ca.gov,,08/06/2024,,,True,
2023,State Department,"Human Resources, Department of",,Chief Counsel/California Department of Human Resources,False,False,,167964,220056,,198972,0,0,8272,207244,64627,0,0,1996,66623,Public Employees Retirement System,https://www.calhr.ca.gov,,08/06/2024,,,True,
2023,State Department,"Human Resources, Department of",,Deputy Director of Labor Relations,False,False,,154656,205308,,191078,0,0,9886,200964,64583,0,0,18217,82800,Public Employees Retirement System,https://www.calhr.ca.gov,,08/06/2024,,,True,
2023,State Department,"Human Resources, Department of",,"C.E.A., Range C",False,False,,117060,241728,,192559,0,0,8091,200650,63102,0,0,1996,65098,Public Employees Retirement System,https://www.calhr.ca.gov,,08/06/2024,,,True,
2023,State Department,"Human Resources, Department of",,"Attorney, Assistant Chief Counsel",False,False,,169080,197796,,182813,0,0,15060,197873,62195,0,0,23377,85571,Public Employees Retirement System,https://www.calhr.ca.gov,,08/06/2024,,,True,
2023,State Department,"Human Resources, Department of",,"Attorney, Assistant Chief Counsel",False,False,,169080,197796,,187639,0,0,8718,196357,62313,0,0,23377,85690,Public Employees Retirement System,https://www.calhr.ca.gov,,08/06/2024,,,True,
2023,State Department,"Human Resources, Department of",,"C.E.A., Range C",False,False,,117060,241728,,192566,0,0,2120,194686,65280,0,0,23377,88657,Public Employees Retirement System,https://www.calhr.ca.gov,,08/06/2024,,,True,
2023,State Department,"Human Resources, Department of",,"Attorney V, Range A",False,False,,147480,188220,,174642,0,0,14508,189150,58897,0,0,23377,82274,Public Employees Retirement System,https://www.calhr.ca.gov,,08/06/2024,,,True,
2023,State Department,"Human Resources, Department of",,"Attorney, Assistant Chief Counsel",False,False,,169080,197796,,182546,0,0,600,183146,62195,0,0,23377,85571,Public Employees Retirement System,https://www.calhr.ca.gov,,08/06/2024,,,True,
2023,State Department,"Human Resources, Department of",,"Attorney IV, Range L",False,False,,139728,179448,,169117,0,0,14002,183119,56447,0,0,9397,65843,Public Employees Retirement System,https://www.calhr.ca.gov,,08/06/2024,,,True,
2023,State Department,"Human Resources, Department of",,"Deputy Director of Fiscal and Data Management, Range B",False,False,,162888,185100,,170913,0,0,9482,180395,58226,0,0,23377,81603,Public Employees Retirement System,https://www.calhr.ca.gov,,08/06/2024,,,True,
2023,State Department,"Human Resources, Department of",,"Medical Officer, State Personnel Board",False,False,,176652,211092,,179344,0,0,600,179944,46733,0,0,23377,70110,Public Employees Retirement System,https://www.calhr.ca.gov,,08/06/2024,,,True,
2023,State Department,"Human Resources, Department of",,Chief Deputy Director,False,False,,189276,194964,,165055,0,0,9588,174643,56549,0,0,18217,74766,Public Employees Retirement System,https://www.calhr.ca.gov,,08/06/2024,,,True,
2023,State Department,"Human Resources, Department of",,"C.E.A., Range B",False,False,,117060,241728,,165171,0,0,9034,174205,46733,0,0,23377,70110,Public Employees Retirement System,https://www.calhr.ca.gov,,08/06/2024,,,True,
2023,State Department,"Human Resources, Department of",,"Senior Administrative Law Judge, Range L",False,False,,133848,178524,,160117,0,0,13394,173511,56098,0,0,18217,74315,Public Employees Retirement System,https://www.calhr.ca.gov,,08/06/2024,,,True,
2023,State Department,"Human Resources, Department of",,"Attorney IV, Range L",False,False,,139728,179448,,169964,0,0,2890,172854,57404,0,0,23377,80780,Public Employees Retirement System,https://www.calhr.ca.gov,,08/06/2024,,,True,
2023,State Department,"Human Resources, Department of",,"Attorney IV, Range L",False,False,,139728,179448,,170690,0,0,600,171290,46733,0,0,23377,70110,Public Employees Retirement System,https://www.calhr.ca.gov,,08/06/2024,,,True,
2023,State Department,"Human Resources, Department of",,"Attorney V, Range L",False,False,,147480,188220,,169824,0,0,473,170297,58897,0,0,23377,82274,Public Employees Retirement System,https://www.calhr.ca.gov,,08/06/2024,,,True,
2023,State Department,"Human Resources, Department of",,"Attorney IV, Range L",False,False,,139728,179448,,168436,0,0,575,169011,54877,0,0,1696,56573,Public Employees Retirement System,https://www.calhr.ca.gov,,08/06/2024,,,True,
2023,State Department,"Human Resources, Department of",,Chief Psychologist,False,False,,139896,177204,,167947,0,0,550,168497,46733,0,0,9397,56130,Public Employees Retirement System,https://www.calhr.ca.gov,,08/06/2024,,,True,
2023,State Department,"Human Resources, Department of",,"C.E.A., Range B",False,False,,117060,241728,,160364,0,0,6876,167240,52450,0,0,3450,55900,Public Employees Retirement System,https://www.calhr.ca.gov,,08/06/2024,,,True,
2023,State Department,"Human Resources, Department of",,"C.E.A., Range B",False,False,,117060,241728,,157721,0,0,8686,166407,52783,0,0,9397,62180,Public Employees Retirement System,https://www.calhr.ca.gov,,08/06/2024,,,True,
2023,State Department,"Human Resources, Department of",,Assistant Chief of Labor Relations/Department of Human Resources,False,False,,155760,173484,,159058,0,0,2420,161478,52710,0,0,9397,62107,Public Employees Retirement System,https://www.calhr.ca.gov,,08/06/2024,,,True,
2023,State Department,"Human Resources, Department of",,Deputy Director of Legislative Affairs,False,False,,143340,159696,,152497,0,0,8076,160573,47223,0,0,8460,55683,Public Employees Retirement System,https://www.calhr.ca.gov,,08/06/2024,,,True,
2023,State Department,"Human Resources, Department of",,"Attorney IV, Range L",False,False,,139728,179448,,156090,0,0,2766,158856,46733,0,0,8947,55680,Public Employees Retirement System,https://www.calhr.ca.gov,,08/06/2024,,,True,
2023,State Department,"Human Resources, Department of",,"C.E.A., Range B",False,False,,117060,241728,,146949,0,0,2420,149369,49858,0,0,23377,73234,Public Employees Retirement System,https://www.calhr.ca.gov,,08/06/2024,,,True,
2023,State Department,"Human Resources, Department of",,"Principal Labor Relations Officer,Department of Human Resources",False,False,,127680,149016,,139699,0,0,7985,147684,46874,0,0,9397,56271,Public Employees Retirement System,https://www.calhr.ca.gov,,08/06/2024,,,True,
2023,State Department,"Human Resources, Department of",,Labor Relations Officer/Dept of Human Resources,False,False,,116052,135420,,104140,0,40422,2270,146832,35224,0,0,16699,51923,Public Employees Retirement System,https://www.calhr.ca.gov,,08/06/2024,,,True,
2023,State Department,"Human Resources, Department of",,"Psychologist, Range L",False,False,,107604,160272,,145219,0,0,550,145769,47775,0,0,23377,71151,Public Employees Retirement System,https://www.calhr.ca.gov,,08/06/2024,,,True,
2023,State Department,"Human Resources, Department of",,"Principal Labor Relations Officer,Department of Human Resources",False,False,,127680,149016,,144826,0,0,600,145426,46874,0,0,1996,48870,Public Employees Retirement System,https://www.calhr.ca.gov,,08/06/2024,,,True,
2023,State Department,"Human Resources, Department of",,"C.E.A., Range B",False,False,,117060,241728,,138096,0,0,5902,143998,44281,0,0,1996,46277,Public Employees Retirement System,https://www.calhr.ca.gov,,08/06/2024,,,True,
2023,State Department,"Human Resources, Department of",,"C.E.A., Range B",False,False,,117060,241728,,134577,0,0,7864,142441,45859,0,0,23377,69236,Public Employees Retirement System,https://www.calhr.ca.gov,,08/06/2024,,,True,
2023,State Department,"Human Resources, Department of",,"Psychologist, Range L",False,False,,107604,160272,,141823,0,0,550,142373,45956,0,0,1996,47952,Public Employees Retirement System,https://www.calhr.ca.gov,,08/06/2024,,,True,
2023,State Department,"Human Resources, Department of",,Senior Labor Relations Officer/Department of Human Resources,False,False,,121728,142068,,132396,0,0,7636,140032,43876,0,0,18217,62092,Public Employees Retirement System,https://www.calhr.ca.gov,,08/06/2024,,,True,
2023,State Department,"Human Resources, Department of",,Information Technology Manager I,False,False,,106188,142284,,136512,0,0,3257,139769,44758,0,0,770,45529,Public Employees Retirement System,https://www.calhr.ca.gov,,08/06/2024,,,True,
2023,State Department,"Human Resources, Department of",,"Attorney IV, Range L",False,False,,139728,179448,,137570,0,0,600,138170,48425,0,0,23377,71802,Public Employees Retirement System,https://www.calhr.ca.gov,,08/06/2024,,,True,
2023,State Department,"Human Resources, Department of",,"C.E.A., Range B",False,False,,117060,241728,,130063,0,0,7610,137673,43715,0,0,9397,53112,Public Employees Retirement System,https://www.calhr.ca.gov,,08/06/2024,,,True,
2023,State Department,"Human Resources, Department of",,"C.E.A., Range B",False,False,,117060,241728,,134768,0,0,2420,137188,45817,0,0,18217,64034,Public Employees Retirement System,https://www.calhr.ca.gov,,08/06/2024,,,True,
2023,State Department,"Human Resources, Department of",,Information Technology Manager I,False,False,,106188,142284,,134388,0,0,2420,136808,44758,0,0,23377,68135,Public Employees Retirement System,https://www.calhr.ca.gov,,08/06/2024,,,True,
2023,State Department,"Human Resources, Department of",,Information Technology Manager I,False,False,,106188,142284,,136132,0,0,550,136682,44758,0,0,136,44894,Public Employees Retirement System,https://www.calhr.ca.gov,,08/06/2024,,,True,
2023,State Department,"Human Resources, Department of",,"Psychologist, Range L",False,False,,107604,160272,,135545,0,0,550,136095,45867,0,0,18217,64083,Public Employees Retirement System,https://www.calhr.ca.gov,,08/06/2024,,,True,
2023,State Department,"Human Resources, Department of",,"Information Technology Specialist II, Range L",False,False,,100452,134652,,127031,0,0,7448,134479,42209,0,0,9397,51606,Public Employees Retirement System,https://www.calhr.ca.gov,,08/06/2024,,,True,
2023,State Department,"Human Resources, Department of",,Labor Relations Officer/Dept of Human Resources,False,False,,116052,135420,,127035,0,0,7388,134423,41847,0,0,9397,51243,Public Employees Retirement System,https://www.calhr.ca.gov,,08/06/2024,,,True,
2023,State Department,"Human Resources, Department of",,Deputy Director of Communications,False,False,,127500,142008,,126027,0,0,7516,133543,42511,0,0,18217,60728,Public Employees Retirement System,https://www.calhr.ca.gov,,08/06/2024,,,True,
2023,State Department,"Human Resources, Department of",,"Psychologist, Range L",False,False,,107604,160272,,132886,0,0,0,132886,36550,0,0,23377,59926,Public Employees Retirement System,https://www.calhr.ca.gov,,08/06/2024,,,True,
2023,State Department,"Human Resources, Department of",,"Information Technology Specialist II, Range L",False,False,,100452,134652,,125351,0,0,7448,132799,42356,0,0,18217,60573,Public Employees Retirement System,https://www.calhr.ca.gov,,08/06/2024,,,True,
2023,State Department,"Human Resources, Department of",,"Information Technology Specialist II, Range L",False,False,,100452,134652,,131046,0,0,600,131646,42356,0,0,1996,44352,Public Employees Retirement System,https://www.calhr.ca.gov,,08/06/2024,,,True,
2023,State Department,"Human Resources, Department of",,"C.E.A., Range B",False,False,,117060,241728,,122859,0,0,7750,130609,42368,0,0,23377,65745,Public Employees Retirement System,https://www.calhr.ca.gov,,08/06/2024,,,True,
2023,State Department,"Human Resources, Department of",,"Psychologist, Range L",False,False,,107604,160272,,93351,0,35833,400,129584,28938,0,0,218,29156,Public Employees Retirement System,https://www.calhr.ca.gov,,08/06/2024,,,True,
2023,State Department,"Human Resources, Department of",,Senior Labor Relations Officer/Department of Human Resources,False,False,,121728,142068,,127131,0,0,2420,129551,43876,0,0,23377,67252,Public Employees Retirement System,https://www.calhr.ca.gov,,08/06/2024,,,True,
2023,State Department,"Human Resources, Department of",,"C.E.A., Range B",False,False,,117060,241728,,126583,0,0,2420,129003,42297,0,0,9397,51694,Public Employees Retirement System,https://www.calhr.ca.gov,,08/06/2024,,,True,
2023,State Department,"Human Resources, Department of",,Labor Relations Officer/Dept of Human Resources,False,False,,116052,135420,,126027,0,0,2420,128447,41847,0,0,9397,51243,Public Employees Retirement System,https://www.calhr.ca.gov,,08/06/2024,,,True,
2023,State Department,"Human Resources, Department of",,Labor Relations Officer/Dept of Human Resources,False,False,,116052,135420,,120752,0,0,7388,128140,41847,0,0,23377,65223,Public Employees Retirement System,https://www.calhr.ca.gov,,08/06/2024,,,True,
2023,State Department,"Human Resources, Department of",,"Information Technology Specialist II, Range L",False,False,,100452,134652,,124406,0,0,2420,126826,41980,0,0,18217,60197,Public Employees Retirement System,https://www.calhr.ca.gov,,08/06/2024,,,True,
2023,State Department,"Human Resources, Department of",,Information Technology Manager II,False,False,,128808,156576,,118609,0,0,7083,125692,40533,0,0,18217,58750,Public Employees Retirement System,https://www.calhr.ca.gov,,08/06/2024,,,True,
2023,State Department,"Human Resources, Department of",,"Information Technology Specialist II, Range L",False,False,,100452,134652,,122866,0,0,1463,124329,40560,0,0,136,40696,Public Employees Retirement System,https://www.calhr.ca.gov,,08/06/2024,,,True,
2023,State Department,"Human Resources, Department of",,"Information Technology Specialist I, Range N",False,False,,91608,122748,,116190,0,0,7004,123194,38612,0,0,9397,48009,Public Employees Retirement System,https://www.calhr.ca.gov,,08/06/2024,,,True,
2023,State Department,"Human Resources, Department of",,Personnel Program Manager II,False,False,,108264,122916,,120194,0,0,2420,122614,40599,0,0,18217,58816,Public Employees Retirement System,https://www.calhr.ca.gov,,08/06/2024,,,True,
2023,State Department,"Human Resources, Department of",,Information Technology Supervisor II,False,False,,96192,128892,,120088,0,0,2320,122408,40544,0,0,18217,58761,Public Employees Retirement System,https://www.calhr.ca.gov,,08/06/2024,,,True,
2023,State Department,"Human Resources, Department of",,"Information Technology Specialist I, Range N",False,False,,91608,122748,,115192,0,0,7004,122196,38612,0,0,23377,61989,Public Employees Retirement System,https://www.calhr.ca.gov,,08/06/2024,,,True,
2023,State Department,"Human Resources, Department of",,Personnel Program Manager II,False,False,,108264,122916,,118437,0,0,2420,120857,40599,0,0,23377,63976,Public Employees Retirement System,https://www.calhr.ca.gov,,08/06/2024,,,True,
2023,State Department,"Human Resources, Department of",,"Information Technology Specialist II, Range L",False,False,,100452,134652,,118205,0,0,2420,120625,39243,0,0,9397,48639,Public Employees Retirement System,https://www.calhr.ca.gov,,08/06/2024,,,True,
2023,State Department,"Human Resources, Department of",,"Information Technology Specialist I, Range N",False,False,,91608,122748,,112991,0,0,7004,119995,38612,0,0,23377,61989,Public Employees Retirement System,https://www.calhr.ca.gov,,08/06/2024,,,True,
2023,State Department,"Human Resources, Department of",,Staff Services Manager III,False,False,,108264,122916,,112813,0,0,7010,119823,38666,0,0,23377,62042,Public Employees Retirement System,https://www.calhr.ca.gov,,08/06/2024,,,True,
2023,State Department,"Human Resources, Department of",,"Information Technology Specialist I, Range N",False,False,,91608,122748,,112773,0,0,7004,119777,38612,0,0,23377,61989,Public Employees Retirement System,https://www.calhr.ca.gov,,08/06/2024,,,True,
2023,State Department,"Human Resources, Department of",,Personnel Program Advisor,False,False,,98580,111972,,114658,0,0,4990,119648,36983,0,0,1996,38979,Public Employees Retirement System,https://www.calhr.ca.gov,,08/06/2024,,,True,
2023,State Department,"Human Resources, Department of",,Staff Services Manager III,False,False,,108264,122916,,116946,0,0,2420,119366,40599,0,0,23377,63976,Public Employees Retirement System,https://www.calhr.ca.gov,,08/06/2024,,,True,
2023,State Department,"Human Resources, Department of",,"Information Technology Specialist I, Range N",False,False,,91608,122748,,112322,0,0,7004,119326,38612,0,0,23377,61989,Public Employees Retirement System,https://www.calhr.ca.gov,,08/06/2024,,,True,
2023,State Department,"Human Resources, Department of",,Information Technology Supervisor II,False,False,,96192,128892,,112068,0,0,6917,118985,38421,0,0,23377,61798,Public Employees Retirement System,https://www.calhr.ca.gov,,08/06/2024,,,True,
2023,State Department,"Human Resources, Department of",,"Information Technology Specialist II, Range L",False,False,,100452,134652,,116235,0,0,2470,118705,39494,0,0,18217,57710,Public Employees Retirement System,https://www.calhr.ca.gov,,08/06/2024,,,True,
2023,State Department,"Human Resources, Department of",,"Information Technology Specialist I, Range N",False,False,,91608,122748,,115535,0,0,2420,117955,38612,0,0,23377,61989,Public Employees Retirement System,https://www.calhr.ca.gov,,08/06/2024,,,True,
2023,State Department,"Human Resources, Department of",,Staff Services Manager III,False,False,,108264,122916,,116044,0,0,1870,117914,38666,0,0,9397,48062,Public Employees Retirement System,https://www.calhr.ca.gov,,08/06/2024,,,True,
2023,State Department,"Human Resources, Department of",,Personnel Program Manager II,False,False,,108264,122916,,111516,0,0,6034,117550,37820,0,0,18217,56037,Public Employees Retirement System,https://www.calhr.ca.gov,,08/06/2024,,,True,
2023,State Department,"Human Resources, Department of",,Personnel Program Manager II,False,False,,108264,122916,,110830,0,0,6710,117540,38527,0,0,23377,61904,Public Employees Retirement System,https://www.calhr.ca.gov,,08/06/2024,,,True,
2023,State Department,"Human Resources, Department of",,"Information Technology Specialist II, Range L",False,False,,100452,134652,,110192,0,0,7004,117196,38612,0,0,23377,61989,Public Employees Retirement System,https://www.calhr.ca.gov,,08/06/2024,,,True,
2023,State Department,"Human Resources, Department of",,"Attorney, Range M",False,False,,104496,134076,,107059,0,0,9736,116795,37245,0,0,23377,60622,Public Employees Retirement System,https://www.calhr.ca.gov,,08/06/2024,,,True,
2023,State Department,"Human Resources, Department of",,"Attorney III, Range L",False,False,,126432,162312,,115739,0,0,450,116189,39735,0,0,23377,63112,Public Employees Retirement System,https://www.calhr.ca.gov,,08/06/2024,,,True,
2023,State Department,"Human Resources, Department of",,"Information Technology Specialist I, Range N",False,False,,91608,122748,,113434,0,0,2420,115854,38246,0,0,18217,56463,Public Employees Retirement System,https://www.calhr.ca.gov,,08/06/2024,,,True,
2023,State Department,"Human Resources, Department of",,"Information Technology Specialist I, Range N",False,False,,91608,122748,,112991,0,0,2420,115411,38612,0,0,23377,61989,Public Employees Retirement System,https://www.calhr.ca.gov,,08/06/2024,,,True,
2023,State Department,"Human Resources, Department of",,Staff Services Manager III,False,False,,108264,122916,,114791,0,0,600,115391,37125,0,0,3327,40451,Public Employees Retirement System,https://www.calhr.ca.gov,,08/06/2024,,,True,
2023,State Department,"Human Resources, Department of",,Staff Services Manager III,False,False,,108264,122916,,112610,0,0,2520,115130,38666,0,0,23377,62042,Public Employees Retirement System,https://www.calhr.ca.gov,,08/06/2024,,,True,
2023,State Department,"Human Resources, Department of",,"Information Technology Specialist II, Range L",False,False,,100452,134652,,112983,0,0,2082,115065,38134,0,0,16012,54146,Public Employees Retirement System,https://www.calhr.ca.gov,,08/06/2024,,,True,
2023,State Department,"Human Resources, Department of",,"Information Technology Specialist I, Range N",False,False,,91608,122748,,112037,0,0,2420,114457,37220,0,0,9397,46617,Public Employees Retirement System,https://www.calhr.ca.gov,,08/06/2024,,,True,
2023,State Department,"Human Resources, Department of",,"Information Technology Specialist I, Range N",False,False,,91608,122748,,112485,0,0,1868,114353,37532,0,0,23377,60909,Public Employees Retirement System,https://www.calhr.ca.gov,,08/06/2024,,,True,
2023,State Department,"Human Resources, Department of",,Staff Services Manager II (Managerial),False,False,,98580,111972,,109286,0,0,4481,113767,35222,0,0,1996,37218,Public Employees Retirement System,https://www.calhr.ca.gov,,08/06/2024,,,True,
2023,State Department,"Human Resources, Department of",,Personnel Program Manager II,False,False,,108264,122916,,104901,0,0,8852,113753,38853,0,0,23377,62229,Public Employees Retirement System,https://www.calhr.ca.gov,,08/06/2024,,,True,
2023,State Department,"Human Resources, Department of",,"Information Technology Specialist I, Range N",False,False,,91608,122748,,112443,0,0,1220,113663,36257,0,0,2461,38718,Public Employees Retirement System,https://www.calhr.ca.gov,,08/06/2024,,,True,
2023,State Department,"Human Resources, Department of",,Personnel Program Advisor,False,False,,98580,111972,,112798,0,0,600,113398,36983,0,0,136,37119,Public Employees Retirement System,https://www.calhr.ca.gov,,08/06/2024,,,True,
2023,State Department,"Human Resources, Department of",,Labor Relations Manager II,False,False,,108264,122916,,110737,0,0,2370,113107,36824,0,0,9397,46221,Public Employees Retirement System,https://www.calhr.ca.gov,,08/06/2024,,,True,
2023,State Department,"Human Resources, Department of",,"C.E.A., Range B",False,False,,117060,241728,,113574,0,0,-1254,112320,37862,0,0,14087,51950,Public Employees Retirement System,https://www.calhr.ca.gov,,08/06/2024,,,True,
2023,State Department,"Human Resources, Department of",,"Attorney, Range M",False,False,,104496,134076,,109464,0,0,2410,111874,38198,0,0,23377,61575,Public Employees Retirement System,https://www.calhr.ca.gov,,08/06/2024,,,True,
2023,State Department,"Human Resources, Department of",,Personnel Program Advisor,False,False,,98580,111972,,109204,0,0,2420,111624,36983,0,0,18217,55200,Public Employees Retirement System,https://www.calhr.ca.gov,,08/06/2024,,,True,
2023,State Department,"Human Resources, Department of",,Staff Services Manager III,False,False,,108264,122916,,104974,0,0,6632,111606,36203,0,0,23377,59579,Public Employees Retirement System,https://www.calhr.ca.gov,,08/06/2024,,,True,
2023,State Department,"Human Resources, Department of",,Personnel Program Advisor,False,False,,98580,111972,,108023,0,0,2420,110443,36983,0,0,23377,60360,Public Employees Retirement System,https://www.calhr.ca.gov,,08/06/2024,,,True,
2023,State Department,"Human Resources, Department of",,Staff Services Manager III,False,False,,108264,122916,,102997,0,0,7249,110246,36185,0,0,23377,59561,Public Employees Retirement System,https://www.calhr.ca.gov,,08/06/2024,,,True,
2023,State Department,"Human Resources, Department of",,Personnel Program Advisor,False,False,,98580,111972,,107681,0,0,2420,110101,36983,0,0,23377,60360,Public Employees Retirement System,https://www.calhr.ca.gov,,08/06/2024,,,True,
2023,State Department,"Human Resources, Department of",,Personnel Program Advisor,False,False,,98580,111972,,103309,0,0,6651,109960,35222,0,0,23377,58599,Public Employees Retirement System,https://www.calhr.ca.gov,,08/06/2024,,,True,
2023,State Department,"Human Resources, Department of",,Staff Services Manager II (Managerial),False,False,,98580,111972,,102497,0,0,7445,109942,35499,0,0,18217,53715,Public Employees Retirement System,https://www.calhr.ca.gov,,08/06/2024,,,True,
2023,State Department,"Human Resources, Department of",,Staff Services Manager II (Managerial),False,False,,98580,111972,,107244,0,0,2420,109664,36840,0,0,23377,60216,Public Employees Retirement System,https://www.calhr.ca.gov,,08/06/2024,,,True,
2023,State Department,"Human Resources, Department of",,"Attorney, Range M",False,False,,104496,134076,,107244,0,0,2317,109561,37143,0,0,23377,60520,Public Employees Retirement System,https://www.calhr.ca.gov,,08/06/2024,,,True,
2023,State Department,"Human Resources, Department of",,Staff Services Manager III,False,False,,108264,122916,,102927,0,0,6392,109319,35504,0,0,18217,53721,Public Employees Retirement System,https://www.calhr.ca.gov,,08/06/2024,,,True,
2023,State Department,"Human Resources, Department of",,Personnel Program Advisor,False,False,,98580,111972,,106435,0,0,2420,108855,36983,0,0,23377,60360,Public Employees Retirement System,https://www.calhr.ca.gov,,08/06/2024,,,True,
2023,State Department,"Human Resources, Department of",,Personnel Program Advisor,False,False,,98580,111972,,101982,0,0,6601,108583,35222,0,0,23377,58599,Public Employees Retirement System,https://www.calhr.ca.gov,,08/06/2024,,,True,
2023,State Department,"Human Resources, Department of",,Staff Services Manager III,False,False,,108264,122916,,102076,0,0,6351,108427,34987,0,0,18217,53204,Public Employees Retirement System,https://www.calhr.ca.gov,,08/06/2024,,,True,
2023,State Department,"Human Resources, Department of",,Personnel Program Advisor,False,False,,98580,111972,,107762,0,0,600,108362,35098,0,0,3450,38548,Public Employees Retirement System,https://www.calhr.ca.gov,,08/06/2024,,,True,
2023,State Department,"Human Resources, Department of",,"Information Technology Specialist I, Range N",False,False,,91608,122748,,105711,0,0,2420,108131,36489,0,0,23377,59866,Public Employees Retirement System,https://www.calhr.ca.gov,,08/06/2024,,,True,
2023,State Department,"Human Resources, Department of",,Staff Services Manager II (Managerial),False,False,,98580,111972,,105682,0,0,2420,108102,36266,0,0,18217,54483,Public Employees Retirement System,https://www.calhr.ca.gov,,08/06/2024,,,True,
2023,State Department,"Human Resources, Department of",,Personnel Program Advisor,False,False,,98580,111972,,105494,0,0,2420,107914,36266,0,0,23377,59643,Public Employees Retirement System,https://www.calhr.ca.gov,,08/06/2024,,,True,
2023,State Department,"Human Resources, Department of",,Staff Services Manager II (Managerial),False,False,,98580,111972,,103298,0,0,4210,107508,36051,0,0,23377,59428,Public Employees Retirement System,https://www.calhr.ca.gov,,08/06/2024,,,True,
2023,State Department,"Human Resources, Department of",,Personnel Program Advisor,False,False,,98580,111972,,105010,0,0,2420,107430,35222,0,0,23377,58599,Public Employees Retirement System,https://www.calhr.ca.gov,,08/06/2024,,,True,
2023,State Department,"Human Resources, Department of",,Personnel Program Advisor,False,False,,98580,111972,,99989,0,0,6371,106360,33285,0,0,9397,42681,Public Employees Retirement System,https://www.calhr.ca.gov,,08/06/2024,,,True,
2023,State Department,"Human Resources, Department of",,Staff Services Manager III,False,False,,108264,122916,,103901,0,0,2370,106271,36109,0,0,23377,59486,Public Employees Retirement System,https://www.calhr.ca.gov,,08/06/2024,,,True,
2023,State Department,"Human Resources, Department of",,Staff Services Manager II (Managerial),False,False,,98580,111972,,103969,0,0,2250,106219,34787,0,0,14542,49328,Public Employees Retirement System,https://www.calhr.ca.gov,,08/06/2024,,,True,
2023,State Department,"Human Resources, Department of",,"Research Data Specialist II, Range L",False,False,,89004,111384,,99111,0,0,6521,105632,34173,0,0,23377,57550,Public Employees Retirement System,https://www.calhr.ca.gov,,08/06/2024,,,True,
2023,State Department,"Human Resources, Department of",,Staff Services Manager III,False,False,,108264,122916,,98771,0,0,6654,105425,35164,0,0,23377,58541,Public Employees Retirement System,https://www.calhr.ca.gov,,08/06/2024,,,True,
2023,State Department,"Human Resources, Department of",,Staff Services Manager II (Supervisory),False,False,,89040,110628,,98847,0,0,6490,105337,34087,0,0,23377,57463,Public Employees Retirement System,https://www.calhr.ca.gov,,08/06/2024,,,True,
2023,State Department,"Human Resources, Department of",,"Information Technology Specialist I, Range M",False,False,,83460,111828,,102613,0,0,2420,105033,35178,0,0,23377,58555,Public Employees Retirement System,https://www.calhr.ca.gov,,08/06/2024,,,True,
2023,State Department,"Human Resources, Department of",,Staff Services Manager I,False,False,,81120,100776,,98577,0,0,6371,104948,33285,0,0,18217,51501,Public Employees Retirement System,https://www.calhr.ca.gov,,08/06/2024,,,True,
2023,State Department,"Human Resources, Department of",,Personnel Program Advisor,False,False,,98580,111972,,102309,0,0,2420,104729,35222,0,0,23377,58599,Public Employees Retirement System,https://www.calhr.ca.gov,,08/06/2024,,,True,
2023,State Department,"Human Resources, Department of",,"Attorney, Range L",False,False,,92844,116760,,102322,0,0,2372,104694,35446,0,0,22978,58424,Public Employees Retirement System,https://www.calhr.ca.gov,,08/06/2024,,,True,
2023,State Department,"Human Resources, Department of",,Staff Services Manager I,False,False,,81120,100776,,98250,0,0,6371,104622,33285,0,0,9397,42681,Public Employees Retirement System,https://www.calhr.ca.gov,,08/06/2024,,,True,
2023,State Department,"Human Resources, Department of",,"Information Technology Specialist I, Range N",False,False,,91608,122748,,102068,0,0,2420,104488,34602,0,0,18217,52818,Public Employees Retirement System,https://www.calhr.ca.gov,,08/06/2024,,,True,
2023,State Department,"Human Resources, Department of",,"Information Technology Specialist I, Range N",False,False,,91608,122748,,101879,0,0,2420,104299,35671,0,0,23377,59047,Public Employees Retirement System,https://www.calhr.ca.gov,,08/06/2024,,,True,
2023,State Department,"Human Resources, Department of",,Staff Services Manager II (Supervisory),False,False,,89040,110628,,101484,0,0,2420,103904,34798,0,0,23377,58175,Public Employees Retirement System,https://www.calhr.ca.gov,,08/06/2024,,,True,
2023,State Department,"Human Resources, Department of",,Staff Services Manager II (Managerial),False,False,,98580,111972,,101982,0,0,1820,103802,35222,0,0,23377,58599,Public Employees Retirement System,https://www.calhr.ca.gov,,08/06/2024,,,True,
2023,State Department,"Human Resources, Department of",,Staff Services Manager III,False,False,,108264,122916,,101480,0,0,2320,103800,34511,0,0,9397,43908,Public Employees Retirement System,https://www.calhr.ca.gov,,08/06/2024,,,True,
2023,State Department,"Human Resources, Department of",,Personnel Program Advisor,False,False,,98580,111972,,101298,0,0,2195,103493,35047,0,0,23377,58424,Public Employees Retirement System,https://www.calhr.ca.gov,,08/06/2024,,,True,
2023,State Department,"Human Resources, Department of",,Staff Personnel Program Analyst,False,False,,81120,100776,,100285,0,0,2420,102705,33415,0,0,9397,42812,Public Employees Retirement System,https://www.calhr.ca.gov,,08/06/2024,,,True,
2023,State Department,"Human Resources, Department of",,Staff Services Manager III,False,False,,108264,122916,,102076,0,0,550,102626,32940,0,0,1996,34936,Public Employees Retirement System,https://www.calhr.ca.gov,,08/06/2024,,,True,
2023,State Department,"Human Resources, Department of",,Staff Services Manager I,False,False,,81120,100776,,96197,0,0,6371,102569,33285,0,0,23377,56661,Public Employees Retirement System,https://www.calhr.ca.gov,,08/06/2024,,,True,
2023,State Department,"Human Resources, Department of",,Staff Personnel Program Analyst,False,False,,81120,100776,,99903,0,0,2420,102323,33285,0,0,18217,51501,Public Employees Retirement System,https://www.calhr.ca.gov,,08/06/2024,,,True,
2023,State Department,"Human Resources, Department of",,Staff Services Manager II (Supervisory),False,False,,89040,110628,,101617,0,0,600,102217,32707,0,0,1996,34703,Public Employees Retirement System,https://www.calhr.ca.gov,,08/06/2024,,,True,
2023,State Department,"Human Resources, Department of",,Staff Services Manager II (Supervisory),False,False,,89040,110628,,101443,0,0,460,101903,32846,0,0,3360,36205,Public Employees Retirement System,https://www.calhr.ca.gov,,08/06/2024,,,True,
2023,State Department,"Human Resources, Department of",,Staff Services Manager I,False,False,,81120,100776,,99447,0,0,2420,101867,33097,0,0,9397,42494,Public Employees Retirement System,https://www.calhr.ca.gov,,08/06/2024,,,True,
2023,State Department,"Human Resources, Department of",,Personnel Program Manager I,False,False,,103272,117240,,97746,0,0,4049,101795,31438,0,0,1996,33434,Public Employees Retirement System,https://www.calhr.ca.gov,,08/06/2024,,,True,
2023,State Department,"Human Resources, Department of",,Staff Services Manager II (Supervisory),False,False,,89040,110628,,99233,0,0,2470,101703,34798,0,0,23377,58175,Public Employees Retirement System,https://www.calhr.ca.gov,,08/06/2024,,,True,
2023,State Department,"Human Resources, Department of",,Staff Services Manager I,False,False,,81120,100776,,96074,0,0,4000,100074,33285,0,0,23377,56661,Public Employees Retirement System,https://www.calhr.ca.gov,,08/06/2024,,,True,
2023,State Department,"Human Resources, Department of",,Staff Services Manager II (Managerial),False,False,,98580,111972,,97351,0,0,2420,99771,33663,0,0,23377,57039,Public Employees Retirement System,https://www.calhr.ca.gov,,08/06/2024,,,True,
2023,State Department,"Human Resources, Department of",,Staff Services Manager I,False,False,,81120,100776,,93490,0,0,6183,99673,31187,0,0,9397,40584,Public Employees Retirement System,https://www.calhr.ca.gov,,08/06/2024,,,True,
2023,State Department,"Human Resources, Department of",,"Accounting Administrator I (Specialist), Range L",False,False,,77172,96624,,94056,4976,0,550,99583,30393,0,0,2945,33338,Public Employees Retirement System,https://www.calhr.ca.gov,,08/06/2024,,,True,
2023,State Department,"Human Resources, Department of",,Staff Services Manager I,False,False,,81120,100776,,93248,0,0,6130,99378,31133,0,0,9397,40530,Public Employees Retirement System,https://www.calhr.ca.gov,,08/06/2024,,,True,
2023,State Department,"Human Resources, Department of",,Staff Services Manager I,False,False,,81120,100776,,96957,0,0,2369,99326,33285,0,0,23377,56661,Public Employees Retirement System,https://www.calhr.ca.gov,,08/06/2024,,,True,
2023,State Department,"Human Resources, Department of",,Staff Personnel Program Analyst,False,False,,81120,100776,,93090,0,0,6183,99273,31700,0,0,18217,49916,Public Employees Retirement System,https://www.calhr.ca.gov,,08/06/2024,,,True,
2023,State Department,"Human Resources, Department of",,Staff Personnel Program Analyst,False,False,,81120,100776,,96784,0,0,2420,99204,32267,0,0,9397,41664,Public Employees Retirement System,https://www.calhr.ca.gov,,08/06/2024,,,True,
2023,State Department,"Human Resources, Department of",,Staff Services Manager II (Managerial),False,False,,98580,111972,,97003,0,0,2175,99178,32995,0,0,20367,53362,Public Employees Retirement System,https://www.calhr.ca.gov,,08/06/2024,,,True,
2023,State Department,"Human Resources, Department of",,Staff Personnel Program Analyst,False,False,,81120,100776,,96524,0,0,2420,98944,33285,0,0,23377,56661,Public Employees Retirement System,https://www.calhr.ca.gov,,08/06/2024,,,True,
2023,State Department,"Human Resources, Department of",,Staff Services Manager I,False,False,,81120,100776,,96524,0,0,2420,98944,33285,0,0,23377,56661,Public Employees Retirement System,https://www.calhr.ca.gov,,08/06/2024,,,True,
2023,State Department,"Human Resources, Department of",,Staff Services Manager I,False,False,,81120,100776,,96416,0,0,2420,98836,33285,0,0,23377,56661,Public Employees Retirement System,https://www.calhr.ca.gov,,08/06/2024,,,True,
2023,State Department,"Human Resources, Department of",,Staff Services Manager I,False,False,,81120,100776,,98217,0,0,600,98817,31700,0,0,1996,33695,Public Employees Retirement System,https://www.calhr.ca.gov,,08/06/2024,,,True,
2023,State Department,"Human Resources, Department of",,Staff Personnel Program Analyst,False,False,,81120,100776,,96388,0,0,2420,98808,33285,0,0,23377,56661,Public Employees Retirement System,https://www.calhr.ca.gov,,08/06/2024,,,True,
2023,State Department,"Human Resources, Department of",,Staff Personnel Program Analyst,False,False,,81120,100776,,96169,0,0,2575,98744,31700,0,0,8008,39708,Public Employees Retirement System,https://www.calhr.ca.gov,,08/06/2024,,,True,
2023,State Department,"Human Resources, Department of",,Staff Services Manager I,False,False,,81120,100776,,93870,0,0,4790,98660,31700,0,0,17567,49266,Public Employees Retirement System,https://www.calhr.ca.gov,,08/06/2024,,,True,
2023,State Department,"Human Resources, Department of",,Staff Personnel Program Analyst,False,False,,81120,100776,,96222,0,0,2420,98642,33226,0,0,23377,56603,Public Employees Retirement System,https://www.calhr.ca.gov,,08/06/2024,,,True,
2023,State Department,"Human Resources, Department of",,Staff Services Manager I,False,False,,81120,100776,,98252,0,0,0,98252,31769,0,0,2945,34713,Public Employees Retirement System,https://www.calhr.ca.gov,,08/06/2024,,,True,
2023,State Department,"Human Resources, Department of",,Staff Services Manager I,False,False,,81120,100776,,95078,0,0,2420,97498,31700,0,0,9397,41096,Public Employees Retirement System,https://www.calhr.ca.gov,,08/06/2024,,,True,
2023,State Department,"Human Resources, Department of",,Staff Services Manager I,False,False,,81120,100776,,92919,0,0,4302,97221,31700,0,0,23377,55076,Public Employees Retirement System,https://www.calhr.ca.gov,,08/06/2024,,,True,
2023,State Department,"Human Resources, Department of",,Staff Services Manager I,False,False,,81120,100776,,94716,0,0,2420,97136,31700,0,0,9397,41096,Public Employees Retirement System,https://www.calhr.ca.gov,,08/06/2024,,,True,
2023,State Department,"Human Resources, Department of",,Staff Services Manager I,False,False,,81120,100776,,96205,0,0,500,96705,31576,0,0,136,31712,Public Employees Retirement System,https://www.calhr.ca.gov,,08/06/2024,,,True,
2023,State Department,"Human Resources, Department of",,Staff Services Manager I,False,False,,81120,100776,,90220,0,0,6111,96331,31096,0,0,23377,54473,Public Employees Retirement System,https://www.calhr.ca.gov,,08/06/2024,,,True,
2023,State Department,"Human Resources, Department of",,Staff Services Manager II (Managerial),False,False,,98580,111972,,93542,0,0,2320,95862,31503,0,0,18217,49720,Public Employees Retirement System,https://www.calhr.ca.gov,,08/06/2024,,,True,
2023,State Department,"Human Resources, Department of",,Staff Services Manager II (Managerial),False,False,,98580,111972,,90012,0,0,5833,95846,31569,0,0,23377,54945,Public Employees Retirement System,https://www.calhr.ca.gov,,08/06/2024,,,True,
2023,State Department,"Human Resources, Department of",,Staff Services Manager I,False,False,,81120,100776,,89793,0,0,6024,95817,30359,0,0,18217,48575,Public Employees Retirement System,https://www.calhr.ca.gov,,08/06/2024,,,True,
2023,State Department,"Human Resources, Department of",,Staff Services Manager II (Supervisory),False,False,,89040,110628,,89112,0,0,6102,95214,30528,0,0,23377,53904,Public Employees Retirement System,https://www.calhr.ca.gov,,08/06/2024,,,True,
2023,State Department,"Human Resources, Department of",,Personnel Supervisor II,False,False,,70860,88716,,82205,6766,0,5997,94968,26343,0,0,1996,28339,Public Employees Retirement System,https://www.calhr.ca.gov,,08/06/2024,,,True,
2023,State Department,"Human Resources, Department of",,Staff Personnel Program Analyst,False,False,,81120,100776,,92032,0,0,2420,94452,31700,0,0,23377,55076,Public Employees Retirement System,https://www.calhr.ca.gov,,08/06/2024,,,True,
2023,State Department,"Human Resources, Department of",,Staff Personnel Program Analyst,False,False,,81120,100776,,91879,0,0,2120,93999,31364,0,0,9397,40760,Public Employees Retirement System,https://www.calhr.ca.gov,,08/06/2024,,,True,
2023,State Department,"Human Resources, Department of",,Staff Services Manager II (Supervisory),False,False,,89040,110628,,91447,0,0,2420,93867,31620,0,0,23377,54997,Public Employees Retirement System,https://www.calhr.ca.gov,,08/06/2024,,,True,
2023,State Department,"Human Resources, Department of",,Staff Services Manager II (Managerial),False,False,,98580,111972,,91433,0,0,2420,93853,31536,0,0,23377,54913,Public Employees Retirement System,https://www.calhr.ca.gov,,08/06/2024,,,True,
2023,State Department,"Human Resources, Department of",,Staff Services Manager I,False,False,,81120,100776,,87629,0,0,5934,93564,29848,0,0,18217,48065,Public Employees Retirement System,https://www.calhr.ca.gov,,08/06/2024,,,True,
2023,State Department,"Human Resources, Department of",,Staff Services Manager II (Managerial),False,False,,98580,111972,,90496,280,0,2420,93196,25112,0,0,18217,43329,Public Employees Retirement System,https://www.calhr.ca.gov,,08/06/2024,,,True,
2023,State Department,"Human Resources, Department of",,Staff Services Manager I,False,False,,81120,100776,,90640,0,0,2420,93060,31700,0,0,23377,55076,Public Employees Retirement System,https://www.calhr.ca.gov,,08/06/2024,,,True,
2023,State Department,"Human Resources, Department of",,Staff Services Manager I,False,False,,81120,100776,,90167,0,0,2420,92587,30523,0,0,9397,39920,Public Employees Retirement System,https://www.calhr.ca.gov,,08/06/2024,,,True,
2023,State Department,"Human Resources, Department of",,Personnel Program Advisor,False,False,,98580,111972,,90083,0,0,2320,92403,30062,0,0,9397,39459,Public Employees Retirement System,https://www.calhr.ca.gov,,08/06/2024,,,True,
2023,State Department,"Human Resources, Department of",,"Accounting Administrator I (Specialist), Range L",False,False,,77172,96624,,89880,447,0,1995,92321,30393,0,0,18217,48610,Public Employees Retirement System,https://www.calhr.ca.gov,,08/06/2024,,,True,
2023,State Department,"Human Resources, Department of",,Staff Services Manager I,False,False,,81120,100776,,91654,0,0,600,92254,30359,0,0,3327,33685,Public Employees Retirement System,https://www.calhr.ca.gov,,08/06/2024,,,True,
2023,State Department,"Human Resources, Department of",,Staff Services Manager I,False,False,,81120,100776,,89947,0,0,2270,92217,30341,0,0,9396,39737,Public Employees Retirement System,https://www.calhr.ca.gov,,08/06/2024,,,True,
2023,State Department,"Human Resources, Department of",,Staff Services Manager I,False,False,,81120,100776,,89665,0,0,2420,92085,30501,0,0,23377,53878,Public Employees Retirement System,https://www.calhr.ca.gov,,08/06/2024,,,True,
2023,State Department,"Human Resources, Department of",,Staff Services Manager I,False,False,,81120,100776,,89643,0,0,2420,92063,31700,0,0,23377,55076,Public Employees Retirement System,https://www.calhr.ca.gov,,08/06/2024,,,True,
2023,State Department,"Human Resources, Department of",,Staff Services Manager I,False,False,,81120,100776,,84645,1518,0,5769,91931,28351,0,0,8951,37302,Public Employees Retirement System,https://www.calhr.ca.gov,,08/06/2024,,,True,
2023,State Department,"Human Resources, Department of",,Staff Services Manager II (Supervisory),False,False,,89040,110628,,85868,0,0,5866,91734,28713,0,0,9397,38110,Public Employees Retirement System,https://www.calhr.ca.gov,,08/06/2024,,,True,
2023,State Department,"Human Resources, Department of",,Staff Personnel Program Analyst,False,False,,81120,100776,,89154,0,0,2420,91574,31700,0,0,23377,55076,Public Employees Retirement System,https://www.calhr.ca.gov,,08/06/2024,,,True,
2023,State Department,"Human Resources, Department of",,Staff Services Manager II (Managerial),False,False,,98580,111972,,85425,0,0,5867,91292,28543,0,0,9397,37939,Public Employees Retirement System,https://www.calhr.ca.gov,,08/06/2024,,,True,
2023,State Department,"Human Resources, Department of",,Staff Personnel Program Analyst,False,False,,81120,100776,,63921,0,24978,2270,91169,21915,0,0,6264,28180,Public Employees Retirement System,https://www.calhr.ca.gov,,08/06/2024,,,True,
2023,State Department,"Human Resources, Department of",,"Information Technology Specialist I, Range N",False,False,,91608,122748,,89070,0,0,2021,91091,29553,0,0,9396,38949,Public Employees Retirement System,https://www.calhr.ca.gov,,08/06/2024,,,True,
2023,State Department,"Human Resources, Department of",,Staff Services Manager I,False,False,,81120,100776,,88531,0,0,2420,90951,30704,0,0,23377,54081,Public Employees Retirement System,https://www.calhr.ca.gov,,08/06/2024,,,True,
2023,State Department,"Human Resources, Department of",,Staff Services Manager I,False,False,,81120,100776,,88434,0,0,2420,90854,30645,0,0,23377,54022,Public Employees Retirement System,https://www.calhr.ca.gov,,08/06/2024,,,True,
2023,State Department,"Human Resources, Department of",,Staff Services Manager I,False,False,,81120,100776,,88344,0,0,2420,90764,30603,0,0,23377,53979,Public Employees Retirement System,https://www.calhr.ca.gov,,08/06/2024,,,True,
2023,State Department,"Human Resources, Department of",,Personnel Program Advisor,False,False,,98580,111972,,88307,0,0,2270,90577,29994,0,0,21429,51423,Public Employees Retirement System,https://www.calhr.ca.gov,,08/06/2024,,,True,
2023,State Department,"Human Resources, Department of",,Accounting Administrator II,False,False,,89040,110628,,88387,0,0,2095,90482,29757,0,0,18217,47973,Public Employees Retirement System,https://www.calhr.ca.gov,,08/06/2024,,,True,
2023,State Department,"Human Resources, Department of",,Staff Personnel Program Analyst,False,False,,81120,100776,,87565,0,0,2420,89985,30235,0,0,23377,53612,Public Employees Retirement System,https://www.calhr.ca.gov,,08/06/2024,,,True,
2023,State Department,"Human Resources, Department of",,Staff Services Manager I,False,False,,81120,100776,,84736,0,0,4982,89717,28649,0,0,8966,37615,Public Employees Retirement System,https://www.calhr.ca.gov,,08/06/2024,,,True,
2023,State Department,"Human Resources, Department of",,Staff Personnel Program Analyst,False,False,,81120,100776,,83051,0,0,6603,89654,30840,0,0,23377,54217,Public Employees Retirement System,https://www.calhr.ca.gov,,08/06/2024,,,True,
2023,State Department,"Human Resources, Department of",,Staff Services Manager I,False,False,,81120,100776,,87103,0,0,2420,89523,29129,0,0,9397,38526,Public Employees Retirement System,https://www.calhr.ca.gov,,08/06/2024,,,True,
2023,State Department,"Human Resources, Department of",,"Associate Personnel Analyst, Range L",False,False,,70260,87948,,83778,0,0,5704,89482,27666,0,0,9397,37063,Public Employees Retirement System,https://www.calhr.ca.gov,,08/06/2024,,,True,
2023,State Department,"Human Resources, Department of",,"Associate Accounting Analyst, Range L",False,False,,73752,92352,,82270,4756,0,2370,89396,29051,0,0,23377,52428,Public Employees Retirement System,https://www.calhr.ca.gov,,08/06/2024,,,True,
2023,State Department,"Human Resources, Department of",,Staff Services Manager I,False,False,,81120,100776,,86715,0,0,2420,89135,30109,0,0,23377,53486,Public Employees Retirement System,https://www.calhr.ca.gov,,08/06/2024,,,True,
2023,State Department,"Human Resources, Department of",,Staff Services Manager I,False,False,,81120,100776,,86563,0,0,2370,88933,20004,0,0,23377,43381,Public Employees Retirement System,https://www.calhr.ca.gov,,08/06/2024,,,True,
2023,State Department,"Human Resources, Department of",,Staff Personnel Program Analyst,False,False,,81120,100776,,84866,0,1714,2170,88750,28699,0,0,8614,37312,Public Employees Retirement System,https://www.calhr.ca.gov,,08/06/2024,,,True,
2023,State Department,"Human Resources, Department of",,Staff Services Manager I,False,False,,81120,100776,,86117,0,0,2420,88537,29913,0,0,23377,53289,Public Employees Retirement System,https://www.calhr.ca.gov,,08/06/2024,,,True,
2023,State Department,"Human Resources, Department of",,Personnel Program Analyst,False,False,,70284,87948,,85586,0,0,2420,88006,29164,0,0,23377,52540,Public Employees Retirement System,https://www.calhr.ca.gov,,08/06/2024,,,True,
2023,State Department,"Human Resources, Department of",,"Information Technology Associate, Range O",False,False,,75984,101844,,86807,0,0,600,87407,29080,0,0,1890,30970,Public Employees Retirement System,https://www.calhr.ca.gov,,08/06/2024,,,True,
2023,State Department,"Human Resources, Department of",,Staff Services Manager I,False,False,,81120,100776,,86653,0,0,550,87203,28477,0,0,1767,30244,Public Employees Retirement System,https://www.calhr.ca.gov,,08/06/2024,,,True,
2023,State Department,"Human Resources, Department of",,Staff Services Manager I,False,False,,81120,100776,,81445,0,0,5697,87141,28335,0,0,23377,51712,Public Employees Retirement System,https://www.calhr.ca.gov,,08/06/2024,,,True,
2023,State Department,"Human Resources, Department of",,"Associate Personnel Analyst, Range L",False,False,,70260,87948,,84066,0,0,3063,87129,27666,0,0,1890,29556,Public Employees Retirement System,https://www.calhr.ca.gov,,08/06/2024,,,True,
2023,State Department,"Human Resources, Department of",,"Associate Governmental Program Analyst, Range L",False,False,,70260,87948,,81216,0,0,5704,86920,27666,0,0,9397,37063,Public Employees Retirement System,https://www.calhr.ca.gov,,08/06/2024,,,True,
2023,State Department,"Human Resources, Department of",,Personnel Program Analyst,False,False,,70284,87948,,82806,0,0,4062,86868,27666,0,0,9397,37063,Public Employees Retirement System,https://www.calhr.ca.gov,,08/06/2024,,,True,
2023,State Department,"Human Resources, Department of",,"Associate Personnel Analyst, Range L",False,False,,70260,87948,,86242,0,0,600,86842,27666,0,0,1996,29662,Public Employees Retirement System,https://www.calhr.ca.gov,,08/06/2024,,,True,
2023,State Department,"Human Resources, Department of",,Staff Services Manager I,False,False,,81120,100776,,81181,0,0,5601,86782,27133,0,0,9397,36530,Public Employees Retirement System,https://www.calhr.ca.gov,,08/06/2024,,,True,
2023,State Department,"Human Resources, Department of",,Staff Services Manager I,False,False,,81120,100776,,84201,0,0,2420,86621,28133,0,0,9397,37530,Public Employees Retirement System,https://www.calhr.ca.gov,,08/06/2024,,,True,
2023,State Department,"Human Resources, Department of",,Staff Services Manager I,False,False,,81120,100776,,84054,0,0,2420,86474,28729,0,0,18217,46945,Public Employees Retirement System,https://www.calhr.ca.gov,,08/06/2024,,,True,
2023,State Department,"Human Resources, Department of",,Staff Services Manager I,False,False,,81120,100776,,84243,0,0,2220,86463,28372,0,0,23377,51749,Public Employees Retirement System,https://www.calhr.ca.gov,,08/06/2024,,,True,
2023,State Department,"Human Resources, Department of",,"Associate Personnel Analyst, Range L",False,False,,70260,87948,,80750,0,0,5704,86454,27666,0,0,18217,45883,Public Employees Retirement System,https://www.calhr.ca.gov,,08/06/2024,,,True,
2023,State Department,"Human Resources, Department of",,Staff Services Manager I,False,False,,81120,100776,,82588,0,0,3850,86438,26959,0,0,1996,28955,Public Employees Retirement System,https://www.calhr.ca.gov,,08/06/2024,,,True,
2023,State Department,"Human Resources, Department of",,Senior Labor Relations Officer/Department of Human Resources,False,False,,121728,142068,,86324,0,0,87,86412,26131,0,0,10623,36755,Public Employees Retirement System,https://www.calhr.ca.gov,,08/06/2024,,,True,
2023,State Department,"Human Resources, Department of",,"Associate Governmental Program Analyst, Range L",False,False,,70260,87948,,83855,0,0,2420,86275,27666,0,0,9397,37063,Public Employees Retirement System,https://www.calhr.ca.gov,,08/06/2024,,,True,
2023,State Department,"Human Resources, Department of",,"Associate Personnel Analyst, Range L",False,False,,70260,87948,,82124,0,0,4112,86236,27666,0,0,9397,37063,Public Employees Retirement System,https://www.calhr.ca.gov,,08/06/2024,,,True,
2023,State Department,"Human Resources, Department of",,Staff Services Manager II (Supervisory),False,False,,89040,110628,,85151,0,0,575,85726,27456,0,0,1996,29452,Public Employees Retirement System,https://www.calhr.ca.gov,,08/06/2024,,,True,
2023,State Department,"Human Resources, Department of",,Staff Services Manager I,False,False,,81120,100776,,83240,0,0,2370,85610,28568,0,0,23377,51945,Public Employees Retirement System,https://www.calhr.ca.gov,,08/06/2024,,,True,
2023,State Department,"Human Resources, Department of",,Staff Personnel Program Analyst,False,False,,81120,100776,,83047,0,0,2485,85532,29861,0,0,23377,53238,Public Employees Retirement System,https://www.calhr.ca.gov,,08/06/2024,,,True,
2023,State Department,"Human Resources, Department of",,Staff Services Manager I,False,False,,81120,100776,,79663,0,0,5817,85480,27928,0,0,23207,51136,Public Employees Retirement System,https://www.calhr.ca.gov,,08/06/2024,,,True,
2023,State Department,"Human Resources, Department of",,Staff Services Manager I,False,False,,81120,100776,,83047,0,0,2420,85467,27755,0,0,9397,37152,Public Employees Retirement System,https://www.calhr.ca.gov,,08/06/2024,,,True,
2023,State Department,"Human Resources, Department of",,"Associate Personnel Analyst, Range L",False,False,,70260,87948,,79731,0,0,5704,85435,27666,0,0,23377,51043,Public Employees Retirement System,https://www.calhr.ca.gov,,08/06/2024,,,True,
2023,State Department,"Human Resources, Department of",,Staff Services Manager I,False,False,,81120,100776,,79712,0,0,5620,85332,27061,0,0,23224,50285,Public Employees Retirement System,https://www.calhr.ca.gov,,08/06/2024,,,True,
2023,State Department,"Human Resources, Department of",,"Associate Governmental Program Analyst, Range L",False,False,,70260,87948,,82796,0,0,2420,85216,27666,0,0,9397,37063,Public Employees Retirement System,https://www.calhr.ca.gov,,08/06/2024,,,True,
2023,State Department,"Human Resources, Department of",,Personnel Program Analyst,False,False,,70284,87948,,78938,0,0,5704,84642,27666,0,0,23377,51043,Public Employees Retirement System,https://www.calhr.ca.gov,,08/06/2024,,,True,
2023,State Department,"Human Resources, Department of",,"Associate Personnel Analyst, Range L",False,False,,70260,87948,,78813,0,0,5704,84517,27666,0,0,18217,45883,Public Employees Retirement System,https://www.calhr.ca.gov,,08/06/2024,,,True,
2023,State Department,"Human Resources, Department of",,"Information Technology Associate, Range N",False,False,,69084,92592,,82170,0,0,2012,84182,28552,0,0,23377,51928,Public Employees Retirement System,https://www.calhr.ca.gov,,08/06/2024,,,True,
2023,State Department,"Human Resources, Department of",,"Associate Governmental Program Analyst, Range L",False,False,,70260,87948,,80144,0,0,3998,84142,27038,0,0,9397,36435,Public Employees Retirement System,https://www.calhr.ca.gov,,08/06/2024,,,True,
2023,State Department,"Human Resources, Department of",,Staff Services Manager I,False,False,,81120,100776,,81562,0,0,2420,83982,27534,0,0,9129,36663,Public Employees Retirement System,https://www.calhr.ca.gov,,08/06/2024,,,True,
2023,State Department,"Human Resources, Department of",,Staff Services Manager I,False,False,,81120,100776,,81448,0,0,2420,83868,27239,0,0,9397,36635,Public Employees Retirement System,https://www.calhr.ca.gov,,08/06/2024,,,True,
2023,State Department,"Human Resources, Department of",,Staff Services Manager I,False,False,,81120,100776,,80984,0,0,2370,83354,27112,0,0,9397,36509,Public Employees Retirement System,https://www.calhr.ca.gov,,08/06/2024,,,True,
2023,State Department,"Human Resources, Department of",,Personnel Program Analyst,False,False,,70284,87948,,81216,0,0,2120,83336,27666,0,0,9397,37063,Public Employees Retirement System,https://www.calhr.ca.gov,,08/06/2024,,,True,
2023,State Department,"Human Resources, Department of",,Staff Services Manager I,False,False,,81120,100776,,80925,0,0,2220,83145,27400,0,0,8995,36395,Public Employees Retirement System,https://www.calhr.ca.gov,,08/06/2024,,,True,
2023,State Department,"Human Resources, Department of",,Staff Services Manager I,False,False,,81120,100776,,80751,0,0,2370,83121,24917,0,0,9253,34170,Public Employees Retirement System,https://www.calhr.ca.gov,,08/06/2024,,,True,
2023,State Department,"Human Resources, Department of",,Staff Services Manager I,False,False,,81120,100776,,80513,0,0,2370,82883,27433,0,0,9397,36830,Public Employees Retirement System,https://www.calhr.ca.gov,,08/06/2024,,,True,
2023,State Department,"Human Resources, Department of",,Staff Services Manager I,False,False,,81120,100776,,80267,0,0,2420,82687,26478,0,0,9397,35875,Public Employees Retirement System,https://www.calhr.ca.gov,,08/06/2024,,,True,
2023,State Department,"Human Resources, Department of",,Personnel Program Analyst,False,False,,70284,87948,,80344,0,0,2320,82664,27666,0,0,9397,37063,Public Employees Retirement System,https://www.calhr.ca.gov,,08/06/2024,,,True,
2023,State Department,"Human Resources, Department of",,Staff Services Manager I,False,False,,81120,100776,,78787,0,0,3629,82416,25733,0,0,1996,27729,Public Employees Retirement System,https://www.calhr.ca.gov,,08/06/2024,,,True,
2023,State Department,"Human Resources, Department of",,Labor Relations Specialist,False,False,,81120,100776,,76461,0,0,5499,81959,25328,0,0,18217,43545,Public Employees Retirement System,https://www.calhr.ca.gov,,08/06/2024,,,True,
2023,State Department,"Human Resources, Department of",,"Senior Personnel Specialist, Range L",False,False,,66012,82620,,76723,0,0,5100,81823,25083,0,0,2174,27257,Public Employees Retirement System,https://www.calhr.ca.gov,,08/06/2024,,,True,
2023,State Department,"Human Resources, Department of",,"Associate Personnel Analyst, Range L",False,False,,70260,87948,,79265,0,0,2420,81685,27666,0,0,23377,51043,Public Employees Retirement System,https://www.calhr.ca.gov,,08/06/2024,,,True,
2023,State Department,"Human Resources, Department of",,Staff Services Manager I,False,False,,81120,100776,,76714,0,0,4952,81667,29262,0,0,23377,52639,Public Employees Retirement System,https://www.calhr.ca.gov,,08/06/2024,,,True,
2023,State Department,"Human Resources, Department of",,"Associate Personnel Analyst, Range L",False,False,,70260,87948,,79164,0,0,2420,81584,27666,0,0,23377,51043,Public Employees Retirement System,https://www.calhr.ca.gov,,08/06/2024,,,True,
2023,State Department,"Human Resources, Department of",,Staff Services Manager I,False,False,,81120,100776,,74257,1346,0,5457,81060,24873,0,0,9397,34270,Public Employees Retirement System,https://www.calhr.ca.gov,,08/06/2024,,,True,
2023,State Department,"Human Resources, Department of",,Staff Services Manager I,False,False,,81120,100776,,78214,434,0,2355,81004,27645,0,0,23038,50682,Public Employees Retirement System,https://www.calhr.ca.gov,,08/06/2024,,,True,
2023,State Department,"Human Resources, Department of",,"Associate Governmental Program Analyst, Range L",False,False,,70260,87948,,75470,0,0,5457,80927,25278,0,0,18217,43495,Public Employees Retirement System,https://www.calhr.ca.gov,,08/06/2024,,,True,
2023,State Department,"Human Resources, Department of",,Staff Services Manager I,False,False,,81120,100776,,78471,0,0,2120,80591,26521,0,0,9129,35650,Public Employees Retirement System,https://www.calhr.ca.gov,,08/06/2024,,,True,
2023,State Department,"Human Resources, Department of",,"Associate Governmental Program Analyst, Range L",False,False,,70260,87948,,77952,0,0,2470,80422,26254,0,0,9157,35411,Public Employees Retirement System,https://www.calhr.ca.gov,,08/06/2024,,,True,
2023,State Department,"Human Resources, Department of",,Staff Services Manager I,False,False,,81120,100776,,77991,0,0,2420,80411,26478,0,0,18217,44695,Public Employees Retirement System,https://www.calhr.ca.gov,,08/06/2024,,,True,
2023,State Department,"Human Resources, Department of",,Staff Services Manager I,False,False,,81120,100776,,77757,0,0,2420,80177,26854,0,0,22074,48928,Public Employees Retirement System,https://www.calhr.ca.gov,,08/06/2024,,,True,
2023,State Department,"Human Resources, Department of",,Staff Services Manager I,False,False,,81120,100776,,77664,0,0,2420,80084,26688,0,0,18217,44904,Public Employees Retirement System,https://www.calhr.ca.gov,,08/06/2024,,,True,
2023,State Department,"Human Resources, Department of",,"Associate Governmental Program Analyst, Range L",False,False,,70260,87948,,74567,0,0,5382,79949,24949,0,0,9397,34346,Public Employees Retirement System,https://www.calhr.ca.gov,,08/06/2024,,,True,
2023,State Department,"Human Resources, Department of",,"Associate Accounting Analyst, Range L",False,False,,73752,92352,,62437,15001,0,2498,79937,21159,0,0,9174,30332,Public Employees Retirement System,https://www.calhr.ca.gov,,08/06/2024,,,True,
2023,State Department,"Human Resources, Department of",,Staff Services Manager I,False,False,,81120,100776,,77140,0,0,2470,79610,26980,0,0,23173,50154,Public Employees Retirement System,https://www.calhr.ca.gov,,08/06/2024,,,True,
2023,State Department,"Human Resources, Department of",,"Associate Personnel Analyst, Range L",False,False,,70260,87948,,77162,0,0,2420,79582,26140,0,0,9397,35537,Public Employees Retirement System,https://www.calhr.ca.gov,,08/06/2024,,,True,
2023,State Department,"Human Resources, Department of",,"Associate Governmental Program Analyst, Range L",False,False,,70260,87948,,76925,0,0,2420,79345,25642,0,0,9397,35039,Public Employees Retirement System,https://www.calhr.ca.gov,,08/06/2024,,,True,
2023,State Department,"Human Resources, Department of",,Personnel Program Analyst,False,False,,70284,87948,,76689,0,0,2420,79109,25942,0,0,23377,49319,Public Employees Retirement System,https://www.calhr.ca.gov,,08/06/2024,,,True,
2023,State Department,"Human Resources, Department of",,Staff Services Manager I,False,False,,81120,100776,,78157,0,0,600,78757,25625,0,0,136,25761,Public Employees Retirement System,https://www.calhr.ca.gov,,08/06/2024,,,True,
2023,State Department,"Human Resources, Department of",,Staff Services Manager I,False,False,,81120,100776,,75050,0,0,3579,78629,24632,0,0,136,24768,Public Employees Retirement System,https://www.calhr.ca.gov,,08/06/2024,,,True,
2023,State Department,"Human Resources, Department of",,Staff Services Manager I,False,False,,81120,100776,,77833,105,0,600,78538,25056,0,0,1951,27007,Public Employees Retirement System,https://www.calhr.ca.gov,,08/06/2024,,,True,
2023,State Department,"Human Resources, Department of",,Staff Services Manager I,False,False,,81120,100776,,75277,0,0,2420,77697,26466,0,0,23377,49843,Public Employees Retirement System,https://www.calhr.ca.gov,,08/06/2024,,,True,
2023,State Department,"Human Resources, Department of",,Staff Services Manager I,False,False,,81120,100776,,75178,0,0,2420,77598,25175,0,0,9397,34572,Public Employees Retirement System,https://www.calhr.ca.gov,,08/06/2024,,,True,
2023,State Department,"Human Resources, Department of",,Staff Services Manager I,False,False,,81120,100776,,71878,0,0,5449,77326,24731,0,0,23377,48107,Public Employees Retirement System,https://www.calhr.ca.gov,,08/06/2024,,,True,
2023,State Department,"Human Resources, Department of",,"Associate Governmental Program Analyst, Range L",False,False,,70260,87948,,72004,0,0,5237,77241,24109,0,0,9397,33506,Public Employees Retirement System,https://www.calhr.ca.gov,,08/06/2024,,,True,
2023,State Department,"Human Resources, Department of",,"Business Service Officer I (Specialist), Range L",False,False,,58416,73116,,67120,0,0,9862,76982,22810,0,0,13807,36617,Public Employees Retirement System,https://www.calhr.ca.gov,,08/06/2024,,,True,
2023,State Department,"Human Resources, Department of",,Staff Services Manager I,False,False,,81120,100776,,71634,0,0,5147,76781,24896,0,0,18217,43113,Public Employees Retirement System,https://www.calhr.ca.gov,,08/06/2024,,,True,
2023,State Department,"Human Resources, Department of",,Labor Relations Specialist,False,False,,81120,100776,,74256,0,0,2420,76676,25733,0,0,9397,35130,Public Employees Retirement System,https://www.calhr.ca.gov,,08/06/2024,,,True,
2023,State Department,"Human Resources, Department of",,"Associate Governmental Program Analyst, Range L",False,False,,70260,87948,,76049,0,0,600,76649,24324,0,0,1996,26320,Public Employees Retirement System,https://www.calhr.ca.gov,,08/06/2024,,,True,
2023,State Department,"Human Resources, Department of",,"Associate Governmental Program Analyst, Range L",False,False,,70260,87948,,74221,0,0,2420,76641,26013,0,0,23377,49389,Public Employees Retirement System,https://www.calhr.ca.gov,,08/06/2024,,,True,
2023,State Department,"Human Resources, Department of",,"Associate Personnel Analyst, Range L",False,False,,70260,87948,,74268,0,0,2262,76530,25386,0,0,15276,40663,Public Employees Retirement System,https://www.calhr.ca.gov,,08/06/2024,,,True,
2023,State Department,"Human Resources, Department of",,"Associate Personnel Analyst, Range L",False,False,,70260,87948,,73978,0,0,2420,76398,25051,0,0,9397,34448,Public Employees Retirement System,https://www.calhr.ca.gov,,08/06/2024,,,True,
2023,State Department,"Human Resources, Department of",,"Associate Governmental Program Analyst, Range L",False,False,,70260,87948,,73914,0,0,2420,76334,24769,0,0,9397,34165,Public Employees Retirement System,https://www.calhr.ca.gov,,08/06/2024,,,True,
2023,State Department,"Human Resources, Department of",,"Associate Governmental Program Analyst, Range L",False,False,,70260,87948,,73908,0,0,2420,76328,24767,0,0,9397,34163,Public Employees Retirement System,https://www.calhr.ca.gov,,08/06/2024,,,True,
2023,State Department,"Human Resources, Department of",,Staff Services Manager I,False,False,,81120,100776,,72898,115,0,2420,75433,24378,0,0,17773,42150,Public Employees Retirement System,https://www.calhr.ca.gov,,08/06/2024,,,True,
2023,State Department,"Human Resources, Department of",,Staff Services Manager I,False,False,,81120,100776,,9808,0,65107,510,75424,0,0,0,0,0,,https://www.calhr.ca.gov,,08/06/2024,,,True,
2023,State Department,"Human Resources, Department of",,Staff Services Manager I,False,False,,81120,100776,,74989,0,0,400,75389,24010,0,0,1996,26006,Public Employees Retirement System,https://www.calhr.ca.gov,,08/06/2024,,,True,
2023,State Department,"Human Resources, Department of",,Staff Services Manager I,False,False,,81120,100776,,72210,0,0,2320,74530,24873,0,0,23377,48250,Public Employees Retirement System,https://www.calhr.ca.gov,,08/06/2024,,,True,
2023,State Department,"Human Resources, Department of",,"Associate Personnel Analyst, Range L",False,False,,70260,87948,,72128,0,0,2370,74498,24169,0,0,9397,33565,Public Employees Retirement System,https://www.calhr.ca.gov,,08/06/2024,,,True,
2023,State Department,"Human Resources, Department of",,Staff Services Manager I,False,False,,81120,100776,,71383,386,0,2470,74239,24399,0,0,23038,47436,Public Employees Retirement System,https://www.calhr.ca.gov,,08/06/2024,,,True,
2023,State Department,"Human Resources, Department of",,Staff Services Manager I,False,False,,81120,100776,,71708,0,0,2270,73978,26183,0,0,23377,49560,Public Employees Retirement System,https://www.calhr.ca.gov,,08/06/2024,,,True,
2023,State Department,"Human Resources, Department of",,"Information Officer I (Specialist), Range L",False,False,,70260,87948,,71204,0,0,2470,73674,25700,0,0,9397,35096,Public Employees Retirement System,https://www.calhr.ca.gov,,08/06/2024,,,True,
2023,State Department,"Human Resources, Department of",,"Associate Personnel Analyst, Range L",False,False,,70260,87948,,71100,0,0,2420,73520,23871,0,0,9397,33268,Public Employees Retirement System,https://www.calhr.ca.gov,,08/06/2024,,,True,
2023,State Department,"Human Resources, Department of",,"Associate Personnel Analyst, Range L",False,False,,70260,87948,,61283,0,0,11410,72693,21364,0,0,23377,44740,Public Employees Retirement System,https://www.calhr.ca.gov,,08/06/2024,,,True,
2023,State Department,"Human Resources, Department of",,"Associate Personnel Analyst, Range L",False,False,,70260,87948,,68628,1690,0,2181,72500,23638,0,0,23039,46677,Public Employees Retirement System,https://www.calhr.ca.gov,,08/06/2024,,,True,
2023,State Department,"Human Resources, Department of",,"Associate Governmental Program Analyst, Range L",False,False,,70260,87948,,68294,0,0,3262,71556,24708,0,0,23264,47972,Public Employees Retirement System,https://www.calhr.ca.gov,,08/06/2024,,,True,
2023,State Department,"Human Resources, Department of",,Staff Services Manager I,False,False,,81120,100776,,69007,0,0,2420,71427,23762,0,0,18217,41979,Public Employees Retirement System,https://www.calhr.ca.gov,,08/06/2024,,,True,
2023,State Department,"Human Resources, Department of",,"Associate Governmental Program Analyst, Range L",False,False,,70260,87948,,69000,0,0,2420,71420,23597,0,0,18217,41813,Public Employees Retirement System,https://www.calhr.ca.gov,,08/06/2024,,,True,
2023,State Department,"Human Resources, Department of",,"Associate Personnel Analyst, Range L",False,False,,70260,87948,,66747,0,0,4651,71398,23112,0,0,19796,42908,Public Employees Retirement System,https://www.calhr.ca.gov,,08/06/2024,,,True,
2023,State Department,"Human Resources, Department of",,"Personnel Technician II (Specialist), Range L",False,False,,52068,65244,,57422,0,11057,2420,70898,20352,0,0,23388,43740,Public Employees Retirement System,https://www.calhr.ca.gov,,08/06/2024,,,True,
2023,State Department,"Human Resources, Department of",,"Labor Relations Analyst, Range B",False,False,,70596,88404,,68114,0,0,2420,70534,22834,0,0,10136,32969,Public Employees Retirement System,https://www.calhr.ca.gov,,08/06/2024,,,True,
2023,State Department,"Human Resources, Department of",,"Information Technology Associate, Range N",False,False,,69084,92592,,68389,0,0,2120,70509,23105,0,0,10081,33186,Public Employees Retirement System,https://www.calhr.ca.gov,,08/06/2024,,,True,
2023,State Department,"Human Resources, Department of",,"Associate Governmental Program Analyst, Range L",False,False,,70260,87948,,67252,0,0,2420,69672,23682,0,0,23377,47059,Public Employees Retirement System,https://www.calhr.ca.gov,,08/06/2024,,,True,
2023,State Department,"Human Resources, Department of",,"Associate Governmental Program Analyst, Range L",False,False,,70260,87948,,67140,0,0,2420,69560,22760,0,0,9014,31774,Public Employees Retirement System,https://www.calhr.ca.gov,,08/06/2024,,,True,
2023,State Department,"Human Resources, Department of",,"Staff Services Analyst, Range N",False,False,,58416,73116,,66361,0,0,2807,69168,23001,0,0,23377,46377,Public Employees Retirement System,https://www.calhr.ca.gov,,08/06/2024,,,True,
2023,State Department,"Human Resources, Department of",,"Associate Personnel Analyst, Range L",False,False,,70260,87948,,66104,0,0,2420,68524,22931,0,0,18217,41148,Public Employees Retirement System,https://www.calhr.ca.gov,,08/06/2024,,,True,
2023,State Department,"Human Resources, Department of",,"Legal Analyst, Range L",False,False,,64404,80640,,63888,0,0,4549,68438,21699,0,0,23377,45075,Public Employees Retirement System,https://www.calhr.ca.gov,,08/06/2024,,,True,
2023,State Department,"Human Resources, Department of",,"Staff Services Analyst, Range N",False,False,,58416,73116,,65557,0,0,2316,67873,22717,0,0,18217,40934,Public Employees Retirement System,https://www.calhr.ca.gov,,08/06/2024,,,True,
2023,State Department,"Human Resources, Department of",,"Staff Services Analyst, Range N",False,False,,58416,73116,,65316,0,0,2420,67736,22851,0,0,9397,32248,Public Employees Retirement System,https://www.calhr.ca.gov,,08/06/2024,,,True,
2023,State Department,"Human Resources, Department of",,"Staff Services Analyst, Range N",False,False,,58416,73116,,65022,0,0,2420,67442,23001,0,0,23377,46377,Public Employees Retirement System,https://www.calhr.ca.gov,,08/06/2024,,,True,
2023,State Department,"Human Resources, Department of",,"Staff Services Analyst, Range N",False,False,,58416,73116,,64440,0,0,2873,67313,22406,0,0,9397,31803,Public Employees Retirement System,https://www.calhr.ca.gov,,08/06/2024,,,True,
2023,State Department,"Human Resources, Department of",,"Senior Accounting Officer (Specialist), Range L",False,False,,70260,87948,,62188,498,0,4493,67179,21886,0,0,23484,45370,Public Employees Retirement System,https://www.calhr.ca.gov,,08/06/2024,,,True,
2023,State Department,"Human Resources, Department of",,"Associate Governmental Program Analyst, Range L",False,False,,70260,87948,,65304,0,0,1823,67127,22083,0,0,14538,36622,Public Employees Retirement System,https://www.calhr.ca.gov,,08/06/2024,,,True,
2023,State Department,"Human Resources, Department of",,"Associate Governmental Program Analyst, Range L",False,False,,70260,87948,,66432,56,0,600,67088,21236,0,0,1951,23186,Public Employees Retirement System,https://www.calhr.ca.gov,,08/06/2024,,,True,
2023,State Department,"Human Resources, Department of",,"Staff Services Analyst, Range N",False,False,,58416,73116,,58190,1605,0,7270,67064,19778,0,0,9293,29070,Public Employees Retirement System,https://www.calhr.ca.gov,,08/06/2024,,,True,
2023,State Department,"Human Resources, Department of",,"Associate Governmental Program Analyst, Range L",False,False,,70260,87948,,64349,22,0,2475,66846,22540,0,0,17952,40491,Public Employees Retirement System,https://www.calhr.ca.gov,,08/06/2024,,,True,
2023,State Department,"Human Resources, Department of",,"Associate Governmental Program Analyst, Range L",False,False,,70260,87948,,63871,0,0,2684,66555,20409,0,0,4156,24565,Public Employees Retirement System,https://www.calhr.ca.gov,,08/06/2024,,,True,
2023,State Department,"Human Resources, Department of",,"Legal Analyst, Range L",False,False,,64404,80640,,63726,0,0,2320,66046,22151,0,0,18217,40368,Public Employees Retirement System,https://www.calhr.ca.gov,,08/06/2024,,,True,
2023,State Department,"Human Resources, Department of",,Staff Services Manager I,False,False,,81120,100776,,61649,0,0,3585,65234,21519,0,0,1186,22705,Public Employees Retirement System,https://www.calhr.ca.gov,,08/06/2024,,,True,
2023,State Department,"Human Resources, Department of",,"Associate Personnel Analyst, Range L",False,False,,70260,87948,,62194,0,0,2370,64564,20893,0,0,9397,30290,Public Employees Retirement System,https://www.calhr.ca.gov,,08/06/2024,,,True,
2023,State Department,"Human Resources, Department of",,"Information Technology Associate, Range N",False,False,,69084,92592,,62720,0,0,927,63648,18999,0,0,4901,23900,Public Employees Retirement System,https://www.calhr.ca.gov,,08/06/2024,,,True,
2023,State Department,"Human Resources, Department of",,"Associate Governmental Program Analyst, Range L",False,False,,70260,87948,,61374,0,0,1768,63142,20243,0,0,8610,28853,Public Employees Retirement System,https://www.calhr.ca.gov,,08/06/2024,,,True,
2023,State Department,"Human Resources, Department of",,"Associate Governmental Program Analyst, Range L",False,False,,70260,87948,,62113,66,0,423,62601,20574,0,0,4987,25561,Public Employees Retirement System,https://www.calhr.ca.gov,,08/06/2024,,,True,
2023,State Department,"Human Resources, Department of",,"Executive Secretary I, Range L",False,False,,50628,63408,,57574,0,0,4674,62248,19397,0,0,9397,28794,Public Employees Retirement System,https://www.calhr.ca.gov,,08/06/2024,,,True,
2023,State Department,"Human Resources, Department of",,"Associate Governmental Program Analyst, Range L",False,False,,70260,87948,,59565,0,0,2283,61848,20216,0,0,8989,29204,Public Employees Retirement System,https://www.calhr.ca.gov,,08/06/2024,,,True,
2023,State Department,"Human Resources, Department of",,"Legal Assistant, Range L",False,False,,56772,71088,,59664,0,0,1970,61634,21674,0,0,23377,45050,Public Employees Retirement System,https://www.calhr.ca.gov,,08/06/2024,,,True,
2023,State Department,"Human Resources, Department of",,"Associate Governmental Program Analyst, Range L",False,False,,70260,87948,,59335,0,0,2245,61580,21436,0,0,22687,44124,Public Employees Retirement System,https://www.calhr.ca.gov,,08/06/2024,,,True,
2023,State Department,"Human Resources, Department of",,"Staff Services Analyst, Range N",False,False,,58416,73116,,60952,0,0,600,61552,19374,0,0,1996,21370,Public Employees Retirement System,https://www.calhr.ca.gov,,08/06/2024,,,True,
2023,State Department,"Human Resources, Department of",,"Accounting Officer (Specialist), Range L",False,False,,61332,76800,,58216,846,0,2045,61107,19981,0,0,9397,29377,Public Employees Retirement System,https://www.calhr.ca.gov,,08/06/2024,,,True,
2023,State Department,"Human Resources, Department of",,Staff Services Manager I,False,False,,81120,100776,,58960,0,0,2060,61020,20647,0,0,17473,38120,Public Employees Retirement System,https://www.calhr.ca.gov,,08/06/2024,,,True,
2023,State Department,"Human Resources, Department of",,"Associate Governmental Program Analyst, Range L",False,False,,70260,87948,,57280,0,0,3591,60872,20379,0,0,23377,43756,Public Employees Retirement System,https://www.calhr.ca.gov,,08/06/2024,,,True,
2023,State Department,"Human Resources, Department of",,"Staff Services Analyst, Range N",False,False,,58416,73116,,58523,0,0,1556,60080,19293,0,0,7071,26363,Public Employees Retirement System,https://www.calhr.ca.gov,,08/06/2024,,,True,
2023,State Department,"Human Resources, Department of",,"Staff Services Analyst, Range N",False,False,,58416,73116,,57607,482,0,1851,59939,19620,0,0,15322,34942,Public Employees Retirement System,https://www.calhr.ca.gov,,08/06/2024,,,True,
2023,State Department,"Human Resources, Department of",,"Personnel Technician I, Range M",False,False,,46764,58620,,55042,0,0,3507,58549,18606,0,0,9397,28003,Public Employees Retirement System,https://www.calhr.ca.gov,,08/06/2024,,,True,
2023,State Department,"Human Resources, Department of",,"Staff Services Analyst, Range M",False,False,,48696,60960,,52247,0,0,3631,55878,17544,0,0,9329,26873,Public Employees Retirement System,https://www.calhr.ca.gov,,08/06/2024,,,True,
2023,State Department,"Human Resources, Department of",,"Office Technician (Typing), Range L",False,False,,44616,55824,,51108,0,0,4425,55532,17172,0,0,9397,26568,Public Employees Retirement System,https://www.calhr.ca.gov,,08/06/2024,,,True,
2023,State Department,"Human Resources, Department of",,"Senior Legal Typist, Range M",False,False,,48072,60132,,53248,0,0,2120,55368,18496,0,0,9397,27893,Public Employees Retirement System,https://www.calhr.ca.gov,,08/06/2024,,,True,
2023,State Department,"Human Resources, Department of",,"Personnel Technician I, Range M",False,False,,46764,58620,,52914,0,0,2420,55334,18606,0,0,18217,36823,Public Employees Retirement System,https://www.calhr.ca.gov,,08/06/2024,,,True,
2023,State Department,"Human Resources, Department of",,"Personnel Technician I, Range M",False,False,,46764,58620,,52409,0,0,2420,54829,18606,0,0,18217,36823,Public Employees Retirement System,https://www.calhr.ca.gov,,08/06/2024,,,True,
2023,State Department,"Human Resources, Department of",,"Legal Analyst, Range L",False,False,,64404,80640,,52312,0,0,2370,54682,18189,0,0,10083,28272,Public Employees Retirement System,https://www.calhr.ca.gov,,08/06/2024,,,True,
2023,State Department,"Human Resources, Department of",,"Staff Services Analyst, Range N",False,False,,58416,73116,,50222,0,0,4420,54642,14102,0,0,9129,23231,Public Employees Retirement System,https://www.calhr.ca.gov,,08/06/2024,,,True,
2023,State Department,"Human Resources, Department of",,"Staff Services Analyst, Range N",False,False,,58416,73116,,52310,133,0,1781,54223,17919,0,0,10135,28055,Public Employees Retirement System,https://www.calhr.ca.gov,,08/06/2024,,,True,
2023,State Department,"Human Resources, Department of",,"Accounting Officer (Specialist), Range L",False,False,,61332,76800,,51318,422,0,1920,53660,18824,0,0,23377,42201,Public Employees Retirement System,https://www.calhr.ca.gov,,08/06/2024,,,True,
2023,State Department,"Human Resources, Department of",,"Staff Services Analyst, Range M",False,False,,48696,60960,,51190,0,0,2420,53610,17285,0,0,9397,26682,Public Employees Retirement System,https://www.calhr.ca.gov,,08/06/2024,,,True,
2023,State Department,"Human Resources, Department of",,Staff Services Manager III,False,False,,108264,122916,,51618,0,1346,300,53264,16941,0,0,68,17008,Public Employees Retirement System,https://www.calhr.ca.gov,,08/06/2024,,,True,
2023,State Department,"Human Resources, Department of",,"Staff Services Analyst, Range N",False,False,,58416,73116,,50759,0,0,2420,53179,17900,0,0,18217,36117,Public Employees Retirement System,https://www.calhr.ca.gov,,08/06/2024,,,True,
2023,State Department,"Human Resources, Department of",,Staff Services Manager I,False,False,,81120,100776,,51610,0,0,710,52320,16616,0,0,1319,17936,Public Employees Retirement System,https://www.calhr.ca.gov,,08/06/2024,,,True,
2023,State Department,"Human Resources, Department of",,"Office Technician (Typing), Range L",False,False,,44616,55824,,49314,0,0,2420,51734,17172,0,0,9397,26568,Public Employees Retirement System,https://www.calhr.ca.gov,,08/06/2024,,,True,
2023,State Department,"Human Resources, Department of",,"Staff Services Analyst, Range N",False,False,,58416,73116,,49900,0,0,1679,51579,20878,0,0,23377,44254,Public Employees Retirement System,https://www.calhr.ca.gov,,08/06/2024,,,True,
2023,State Department,"Human Resources, Department of",,"Office Technician (Typing), Range L",False,False,,44616,55824,,49157,0,0,2120,51277,16618,0,0,9397,26015,Public Employees Retirement System,https://www.calhr.ca.gov,,08/06/2024,,,True,
2023,State Department,"Human Resources, Department of",,"Staff Services Analyst, Range N",False,False,,58416,73116,,47483,347,0,2170,50000,16194,0,0,9017,25211,Public Employees Retirement System,https://www.calhr.ca.gov,,08/06/2024,,,True,
2023,State Department,"Human Resources, Department of",,"Staff Services Analyst, Range L",False,False,,44964,56364,,46725,92,0,2045,48862,12007,0,0,17444,29451,Public Employees Retirement System,https://www.calhr.ca.gov,,08/06/2024,,,True,
2023,State Department,"Human Resources, Department of",,"Personnel Technician I, Range M",False,False,,46764,58620,,46141,0,0,2420,48561,15629,0,0,9397,25026,Public Employees Retirement System,https://www.calhr.ca.gov,,08/06/2024,,,True,
2023,State Department,"Human Resources, Department of",,Staff Services Manager I,False,False,,81120,100776,,47802,0,0,318,48120,16616,0,0,15581,32198,Public Employees Retirement System,https://www.calhr.ca.gov,,08/06/2024,,,True,
2023,State Department,"Human Resources, Department of",,"Personnel Technician I, Range M",False,False,,46764,58620,,45341,0,0,2420,47761,16003,0,0,18217,34219,Public Employees Retirement System,https://www.calhr.ca.gov,,08/06/2024,,,True,
2023,State Department,"Human Resources, Department of",,"Accountant Trainee, Range L",False,False,,51756,61704,,44065,99,0,1774,45938,15496,0,0,18217,33712,Public Employees Retirement System,https://www.calhr.ca.gov,,08/06/2024,,,True,
2023,State Department,"Human Resources, Department of",,Staff Services Manager I,False,False,,81120,100776,,43541,0,0,120,43660,14735,0,0,11700,26435,Public Employees Retirement System,https://www.calhr.ca.gov,,08/06/2024,,,True,
2023,State Department,"Human Resources, Department of",,"Staff Services Analyst, Range N",False,False,,58416,73116,,40783,0,0,1952,42735,13781,0,0,10135,23917,Public Employees Retirement System,https://www.calhr.ca.gov,,08/06/2024,,,True,
2023,State Department,"Human Resources, Department of",,"Accountant Trainee, Range L",False,False,,51756,61704,,41801,166,0,275,42242,12398,0,0,462,12861,Public Employees Retirement System,https://www.calhr.ca.gov,,08/06/2024,,,True,
2023,State Department,"Human Resources, Department of",,"Information Technology Specialist II, Range L",False,False,,100452,134652,,40928,0,0,0,40928,0,0,0,0,0,,https://www.calhr.ca.gov,,08/06/2024,,,True,
2023,State Department,"Human Resources, Department of",,"Graduate Legal Assistant, Range L",False,False,,60900,69540,,40163,0,0,610,40773,13196,0,0,1494,14690,Public Employees Retirement System,https://www.calhr.ca.gov,,08/06/2024,,,True,
2023,State Department,"Human Resources, Department of",,Staff Services Manager I,False,False,,81120,100776,,40758,0,0,0,40758,0,0,0,0,0,,https://www.calhr.ca.gov,,08/06/2024,,,True,
2023,State Department,"Human Resources, Department of",,Staff Services Manager I,False,False,,81120,100776,,39394,0,0,300,39694,12916,0,0,57,12973,Public Employees Retirement System,https://www.calhr.ca.gov,,08/06/2024,,,True,
2023,State Department,"Human Resources, Department of",,Personnel Program Manager II,False,False,,108264,122916,,38506,0,1184,0,39689,12477,0,0,1149,13626,Public Employees Retirement System,https://www.calhr.ca.gov,,08/06/2024,,,True,
2023,State Department,"Human Resources, Department of",,"Staff Services Analyst, Range N",False,False,,58416,73116,,38931,0,0,702,39634,13091,0,0,7036,20127,Public Employees Retirement System,https://www.calhr.ca.gov,,08/06/2024,,,True,
2023,State Department,"Human Resources, Department of",,Staff Services Manager I,False,False,,81120,100776,,38225,0,0,183,38408,12725,0,0,4695,17421,Public Employees Retirement System,https://www.calhr.ca.gov,,08/06/2024,,,True,
2023,State Department,"Human Resources, Department of",,"Information Technology Specialist I, Range N",False,False,,91608,122748,,37859,0,0,209,38068,12453,0,0,3190,15643,Public Employees Retirement System,https://www.calhr.ca.gov,,08/06/2024,,,True,
2023,State Department,"Human Resources, Department of",,"Associate Personnel Analyst, Range L",False,False,,70260,87948,,32213,0,0,4728,36941,11022,0,0,7590,18612,Public Employees Retirement System,https://www.calhr.ca.gov,,08/06/2024,,,True,
2023,State Department,"Human Resources, Department of",,"Senior Personnel Specialist, Range L",False,False,,66012,82620,,23730,0,7995,4873,36597,7897,0,0,2779,10676,Public Employees Retirement System,https://www.calhr.ca.gov,,08/06/2024,,,True,
2023,State Department,"Human Resources, Department of",,Staff Services Manager II (Supervisory),False,False,,89040,110628,,37668,0,0,-1284,36383,12758,0,0,9734,22492,Public Employees Retirement System,https://www.calhr.ca.gov,,08/06/2024,,,True,
2023,State Department,"Human Resources, Department of",,"Student Assistant, Range D",False,False,,43860,48276,,31894,0,0,600,32494,0,0,0,0,0,Part-Time Seasonal and Temporary (PST) Retirement Plan,https://www.calhr.ca.gov,,08/06/2024,,,True,
2023,State Department,"Human Resources, Department of",,"Information Technology Specialist I, Range M",False,False,,83460,111828,,31452,0,0,250,31702,10312,0,0,42,10354,Public Employees Retirement System,https://www.calhr.ca.gov,,08/06/2024,,,True,
2023,State Department,"Human Resources, Department of",,"Staff Services Analyst, Range N",False,False,,58416,73116,,31036,0,0,321,31357,10676,0,0,9888,20564,Public Employees Retirement System,https://www.calhr.ca.gov,,08/06/2024,,,True,
2023,State Department,"Human Resources, Department of",,"Staff Services Analyst, Range N",False,False,,58416,73116,,31536,0,0,-238,31298,11102,0,0,6261,17363,Public Employees Retirement System,https://www.calhr.ca.gov,,08/06/2024,,,True,
2023,State Department,"Human Resources, Department of",,"Student Assistant, Range D",False,False,,43860,48276,,29526,0,0,600,30126,5769,0,0,0,5769,Public Employees Retirement System,https://www.calhr.ca.gov,,08/06/2024,,,True,
2023,State Department,"Human Resources, Department of",,"Information Technology Specialist I, Range N",False,False,,91608,122748,,30177,0,0,-129,30048,10243,0,0,7587,17831,Public Employees Retirement System,https://www.calhr.ca.gov,,08/06/2024,,,True,
2023,State Department,"Human Resources, Department of",,"Associate Governmental Program Analyst, Range L",False,False,,70260,87948,,28880,0,0,159,29039,9533,0,0,3915,13449,Public Employees Retirement System,https://www.calhr.ca.gov,,08/06/2024,,,True,
2023,State Department,"Human Resources, Department of",,Staff Personnel Program Analyst,False,False,,81120,100776,,28235,0,0,0,28235,0,0,0,0,0,,https://www.calhr.ca.gov,,08/06/2024,,,True,
2023,State Department,"Human Resources, Department of",,"Associate Governmental Program Analyst, Range L",False,False,,70260,87948,,27439,0,0,255,27694,8942,0,0,662,9604,Public Employees Retirement System,https://www.calhr.ca.gov,,08/06/2024,,,True,
2023,State Department,"Human Resources, Department of",,"Psychologist, Range L",False,False,,107604,160272,,27312,0,0,0,27312,8955,0,0,23,8978,Public Employees Retirement System,https://www.calhr.ca.gov,,08/06/2024,,,True,
2023,State Department,"Human Resources, Department of",,"Associate Personnel Analyst, Range L",False,False,,70260,87948,,25633,266,0,-80,25819,8772,0,0,9729,18501,Public Employees Retirement System,https://www.calhr.ca.gov,,08/06/2024,,,True,
2023,State Department,"Human Resources, Department of",,"Staff Services Analyst, Range N",False,False,,58416,73116,,25218,0,0,255,25473,8133,0,0,677,8809,Public Employees Retirement System,https://www.calhr.ca.gov,,08/06/2024,,,True,
2023,State Department,"Human Resources, Department of",,"Staff Services Analyst, Range N",False,False,,58416,73116,,25154,0,0,300,25454,8476,0,0,3915,12392,Public Employees Retirement System,https://www.calhr.ca.gov,,08/06/2024,,,True,
2023,State Department,"Human Resources, Department of",,"Associate Governmental Program Analyst, Range L",False,False,,70260,87948,,25047,0,0,179,25226,8247,0,0,3912,12159,Public Employees Retirement System,https://www.calhr.ca.gov,,08/06/2024,,,True,
2023,State Department,"Human Resources, Department of",,"Information Technology Associate, Range M",False,False,,63192,84684,,24928,0,0,0,24928,8200,0,0,730,8930,Public Employees Retirement System,https://www.calhr.ca.gov,,08/06/2024,,,True,
2023,State Department,"Human Resources, Department of",,"Staff Services Analyst, Range N",False,False,,58416,73116,,24004,0,0,204,24208,8064,0,0,3915,11979,Public Employees Retirement System,https://www.calhr.ca.gov,,08/06/2024,,,True,
2023,State Department,"Human Resources, Department of",,"Senior Personnel Specialist, Range L",False,False,,66012,82620,,22072,0,0,50,22122,0,0,0,1,1,,https://www.calhr.ca.gov,,08/06/2024,,,True,
2023,State Department,"Human Resources, Department of",,Staff Services Manager II (Managerial),False,False,,98580,111972,,21586,0,0,0,21586,0,0,0,0,0,,https://www.calhr.ca.gov,,08/06/2024,,,True,
2023,State Department,"Human Resources, Department of",,"Accounting Technician, Range L",False,False,,43812,54876,,14356,0,0,4829,19185,2974,0,0,385,3359,Public Employees Retirement System,https://www.calhr.ca.gov,,08/06/2024,,,True,
2023,State Department,"Human Resources, Department of",,"Staff Services Analyst, Range N",False,False,,58416,73116,,20134,0,0,-1048,19086,6874,0,0,9734,16608,Public Employees Retirement System,https://www.calhr.ca.gov,,08/06/2024,,,True,
2023,State Department,"Human Resources, Department of",,"Associate Governmental Program Analyst, Range L",False,False,,70260,87948,,19054,0,0,16,19070,6387,0,0,3129,9516,Public Employees Retirement System,https://www.calhr.ca.gov,,08/06/2024,,,True,
2023,State Department,"Human Resources, Department of",,Staff Services Manager II (Supervisory),False,False,,89040,110628,,17646,0,772,310,18729,6001,0,0,3046,9047,Public Employees Retirement System,https://www.calhr.ca.gov,,08/06/2024,,,True,
2023,State Department,"Human Resources, Department of",,Staff Personnel Program Analyst,False,False,,81120,100776,,17981,0,0,50,18031,0,0,0,0,0,,https://www.calhr.ca.gov,,08/06/2024,,,True,
2023,State Department,"Human Resources, Department of",,"Attorney IV, Range L",False,False,"Attorney IV, Range A",139728,179448,,14727,0,0,0,14727,0,0,0,0,0,,https://www.calhr.ca.gov,,08/06/2024,,,True,
2023,State Department,"Human Resources, Department of",,Staff Services Manager I,False,False,,81120,100776,,0,0,14264,0,14264,0,0,0,0,0,Public Employees Retirement System,https://www.calhr.ca.gov,,08/06/2024,,,True,
2023,State Department,"Human Resources, Department of",,"Associate Governmental Program Analyst, Range L",False,False,,70260,87948,,13475,0,0,-277,13198,4504,0,0,2131,6635,Public Employees Retirement System,https://www.calhr.ca.gov,,08/06/2024,,,True,
2023,State Department,"Human Resources, Department of",,Information Technology Specialist III,False,False,,107532,144108,,13082,0,0,0,13082,0,0,0,0,0,,https://www.calhr.ca.gov,,08/06/2024,,,True,
2023,State Department,"Human Resources, Department of",,"Associate Personnel Analyst, Range L",False,False,,70260,87948,,12787,0,0,50,12837,4216,0,0,34,4250,Public Employees Retirement System,https://www.calhr.ca.gov,,08/06/2024,,,True,
2023,State Department,"Human Resources, Department of",,"Information Technology Specialist I, Range N",False,False,,91608,122748,,12745,0,0,-753,11992,4205,0,0,783,4988,Public Employees Retirement System,https://www.calhr.ca.gov,,08/06/2024,,,True,
2023,State Department,"Human Resources, Department of",,Personnel Program Analyst,False,False,,70284,87948,,11482,0,0,200,11682,0,0,0,0,0,,https://www.calhr.ca.gov,,08/06/2024,,,True,
2023,State Department,"Human Resources, Department of",,Staff Services Manager I,False,False,,81120,100776,,11355,0,0,100,11455,3723,0,0,11,3734,Public Employees Retirement System,https://www.calhr.ca.gov,,08/06/2024,,,True,
2023,State Department,"Human Resources, Department of",,Expert Examiner,False,False,,0,3573,,11416,0,0,0,11416,0,0,0,0,0,Part-Time Seasonal and Temporary (PST) Retirement Plan,https://www.calhr.ca.gov,,08/06/2024,,,True,
2023,State Department,"Human Resources, Department of",,Staff Services Manager I,False,False,,81120,100776,,12354,0,0,-1229,11125,5028,0,0,4551,9579,Public Employees Retirement System,https://www.calhr.ca.gov,,08/06/2024,,,True,
2023,State Department,"Human Resources, Department of",,"Research Data Analyst I, Range N",False,False,,64404,80640,,11641,0,0,-803,10838,2094,0,0,783,2877,Public Employees Retirement System,https://www.calhr.ca.gov,,08/06/2024,,,True,
2023,State Department,"Human Resources, Department of",,Information Technology Manager I,False,False,,106188,142284,,8429,0,0,0,8429,2764,0,0,11,2775,Public Employees Retirement System,https://www.calhr.ca.gov,,08/06/2024,,,True,
2023,State Department,"Human Resources, Department of",,"Senior Personnel Specialist, Range L",False,False,,66012,82620,,4942,0,0,0,4942,0,0,0,0,0,,https://www.calhr.ca.gov,,08/06/2024,,,True,
2023,State Department,"Human Resources, Department of",,Staff Services Manager II (Supervisory),False,False,,89040,110628,,4474,0,0,0,4474,1467,0,0,0,1467,Public Employees Retirement System,https://www.calhr.ca.gov,,08/06/2024,,,True,
2023,State Department,"Human Resources, Department of",,"Associate Governmental Program Analyst, Range L",False,False,,70260,87948,,4416,0,0,-149,4267,1448,0,0,1507,2955,Public Employees Retirement System,https://www.calhr.ca.gov,,08/06/2024,,,True,
2023,State Department,"Human Resources, Department of",,Expert Examiner,False,False,,0,3573,,4083,0,0,0,4083,0,0,0,0,0,Part-Time Seasonal and Temporary (PST) Retirement Plan,https://www.calhr.ca.gov,,08/06/2024,,,True,
2023,State Department,"Human Resources, Department of",,Staff Services Manager I,False,False,,81120,100776,,3481,0,0,0,3481,0,0,0,0,0,,https://www.calhr.ca.gov,,08/06/2024,,,True,
2023,State Department,"Human Resources, Department of",,Chief Psychologist,False,False,,139896,177204,,2946,0,0,0,2946,0,0,0,0,0,,https://www.calhr.ca.gov,,08/06/2024,,,True,
2023,State Department,"Human Resources, Department of",,"Associate Governmental Program Analyst, Range L",False,False,,70260,87948,,2926,0,0,-803,2124,959,0,0,0,959,Public Employees Retirement System,https://www.calhr.ca.gov,,08/06/2024,,,True,
2023,State Department,"Human Resources, Department of",,Examination Proctor,False,False,,37606,40247,,1923,0,0,0,1923,0,0,0,0,0,Part-Time Seasonal and Temporary (PST) Retirement Plan,https://www.calhr.ca.gov,,08/06/2024,,,True,
2023,State Department,"Human Resources, Department of",,"Staff Services Analyst, Range N",False,False,,58416,73116,,1212,0,0,100,1312,0,0,0,0,0,,https://www.calhr.ca.gov,,08/06/2024,,,True,
2023,State Department,"Human Resources, Department of",,Expert Examiner,False,False,,0,3573,,1290,0,0,0,1290,0,0,0,0,0,Part-Time Seasonal and Temporary (PST) Retirement Plan,https://www.calhr.ca.gov,,08/06/2024,,,True,
2023,State Department,"Human Resources, Department of",,Examination Proctor,False,False,,37606,40247,,1223,0,0,0,1223,0,0,0,0,0,Part-Time Seasonal and Temporary (PST) Retirement Plan,https://www.calhr.ca.gov,,08/06/2024,,,True,
2023,State Department,"Human Resources, Department of",,Personnel Program Technician III,False,False,,62688,73116,,46,0,87,0,133,15,0,0,0,15,Public Employees Retirement System,https://www.calhr.ca.gov,,08/06/2024,,,True,
2023,State Department,"Human Resources, Department of",,Examination Proctor,False,False,,37606,40247,,67,0,0,0,67,0,0,0,0,0,Part-Time Seasonal and Temporary (PST) Retirement Plan,https://www.calhr.ca.gov,,08/06/2024,,,True,

