﻿Year,EmployerType,EmployerName,DepartmentOrSubdivision,Position,ElectedOfficial,Judicial,OtherPositions,MinPositionSalary,MaxPositionSalary,ReportedBaseWage,RegularPay,OvertimePay,LumpSumPay,OtherPay,TotalWages,DefinedBenefitPlanContribution,EmployeesRetirementCostCovered,DeferredCompensationPlan,HealthDentalVision,TotalRetirementAndHealthContribution,PensionFormula,EmployerURL,EmployerPopulation,LastUpdatedDate,EmployerCounty,SpecialDistrictActivities,IncludesUnfundedLiability,SpecialDistrictType
2023,State Department,"Real Estate, Department of",,"Commissioner, Department of Real Estate",False,False,,181171,195940,,193991,0,0,1820,195811,65581,0,0,25480,91061,Public Employees Retirement System,https://www.calhr.ca.gov,,08/06/2024,,,True,
2023,State Department,"Real Estate, Department of",,"C.E.A., Range A",False,False,,117060,241728,,146660,0,42122,2420,191202,50647,0,0,19844,70491,Public Employees Retirement System,https://www.calhr.ca.gov,,08/06/2024,,,True,
2023,State Department,"Real Estate, Department of",,"Attorney, Assistant Chief Counsel",False,False,,169080,197796,,188918,0,0,600,189518,62195,0,0,18217,80411,Public Employees Retirement System,https://www.calhr.ca.gov,,08/06/2024,,,True,
2023,State Department,"Real Estate, Department of",,"Attorney, Assistant Chief Counsel",False,False,,169080,197796,,186308,0,0,0,186308,62195,0,0,23377,85571,Public Employees Retirement System,https://www.calhr.ca.gov,,08/06/2024,,,True,
2023,State Department,"Real Estate, Department of",,"Assistant Commissioner, Legal Affairs, Department of Real Estate",False,False,,197436,197436,,175745,0,0,2420,178165,62107,0,0,23377,85483,Public Employees Retirement System,https://www.calhr.ca.gov,,08/06/2024,,,True,
2023,State Department,"Real Estate, Department of",,"Attorney IV, Range A",False,False,,139728,179448,,171506,0,0,600,172106,56418,0,0,8857,65275,Public Employees Retirement System,https://www.calhr.ca.gov,,08/06/2024,,,True,
2023,State Department,"Real Estate, Department of",,"Attorney IV, Range A",False,False,,139728,179448,,168544,0,0,300,168844,56418,0,0,17569,73987,Public Employees Retirement System,https://www.calhr.ca.gov,,08/06/2024,,,True,
2023,State Department,"Real Estate, Department of",,"Attorney III, Range A",False,False,,126432,162312,,101381,0,60390,300,162071,34307,0,0,15268,49575,Public Employees Retirement System,https://www.calhr.ca.gov,,08/06/2024,,,True,
2023,State Department,"Real Estate, Department of",,"Supervising Auditor II, Department of Real Estate",False,False,,93480,121992,,95312,0,63436,2370,161119,35121,0,0,16699,51820,Public Employees Retirement System,https://www.calhr.ca.gov,,08/06/2024,,,True,
2023,State Department,"Real Estate, Department of",,"Attorney III, Range A",False,False,,126432,162312,,158822,0,0,300,159122,51030,0,0,1996,53026,Public Employees Retirement System,https://www.calhr.ca.gov,,08/06/2024,,,True,
2023,State Department,"Real Estate, Department of",,"Attorney III, Range A",False,False,,126432,162312,,155014,0,0,300,155314,51030,0,0,8857,59887,Public Employees Retirement System,https://www.calhr.ca.gov,,08/06/2024,,,True,
2023,State Department,"Real Estate, Department of",,"Attorney III, Range A",False,False,,126432,162312,,154739,0,0,300,155039,51030,0,0,8857,59887,Public Employees Retirement System,https://www.calhr.ca.gov,,08/06/2024,,,True,
2023,State Department,"Real Estate, Department of",,"Special Investigator, Range C",False,False,,79860,104232,,94311,0,59779,600,154689,23310,0,0,15391,38701,Public Employees Retirement System,https://www.calhr.ca.gov,,08/06/2024,,,True,
2023,State Department,"Real Estate, Department of",,"Attorney III, Range A",False,False,,126432,162312,,154386,0,0,150,154536,51030,0,0,8857,59887,Public Employees Retirement System,https://www.calhr.ca.gov,,08/06/2024,,,True,
2023,State Department,"Real Estate, Department of",,"Attorney III, Range A",False,False,,126432,162312,,153352,0,0,600,153952,51030,0,0,8857,59887,Public Employees Retirement System,https://www.calhr.ca.gov,,08/06/2024,,,True,
2023,State Department,"Real Estate, Department of",,"Attorney III, Range A",False,False,,126432,162312,,152865,0,0,300,153165,51030,0,0,17569,68599,Public Employees Retirement System,https://www.calhr.ca.gov,,08/06/2024,,,True,
2023,State Department,"Real Estate, Department of",,"Attorney III, Range A",False,False,,126432,162312,,152192,0,0,300,152492,46733,0,0,8857,55590,Public Employees Retirement System,https://www.calhr.ca.gov,,08/06/2024,,,True,
2023,State Department,"Real Estate, Department of",,"C.E.A., Range A",False,False,,117060,241728,,149563,0,0,1820,151383,50842,0,0,23377,74218,Public Employees Retirement System,https://www.calhr.ca.gov,,08/06/2024,,,True,
2023,State Department,"Real Estate, Department of",,"Attorney III, Range A",False,False,,126432,162312,,149404,0,0,300,149704,46576,0,0,22693,69269,Public Employees Retirement System,https://www.calhr.ca.gov,,08/06/2024,,,True,
2023,State Department,"Real Estate, Department of",,"Attorney III, Range A",False,False,,126432,162312,,143765,0,0,1835,145600,46548,0,0,13768,60316,Public Employees Retirement System,https://www.calhr.ca.gov,,08/06/2024,,,True,
2023,State Department,"Real Estate, Department of",,"Attorney III, Range A",False,False,,126432,162312,,145187,0,0,300,145487,51030,0,0,22693,73723,Public Employees Retirement System,https://www.calhr.ca.gov,,08/06/2024,,,True,
2023,State Department,"Real Estate, Department of",,"Attorney III, Range A",False,False,,126432,162312,,145079,0,0,300,145379,48135,0,0,22693,70827,Public Employees Retirement System,https://www.calhr.ca.gov,,08/06/2024,,,True,
2023,State Department,"Real Estate, Department of",,"Attorney III, Range A",False,False,,126432,162312,,144770,0,0,0,144770,46373,0,0,5775,52149,Public Employees Retirement System,https://www.calhr.ca.gov,,08/06/2024,,,True,
2023,State Department,"Real Estate, Department of",,"Chief Deputy Commissioner, Department of Real Estate",False,False,,133608,148920,,137722,0,0,1820,139542,46846,0,0,18217,65063,Public Employees Retirement System,https://www.calhr.ca.gov,,08/06/2024,,,True,
2023,State Department,"Real Estate, Department of",,"Assistant Commissioner, Legislation and Regulations",False,False,,127500,142008,,134524,0,0,2643,137167,44666,0,0,9397,54063,Public Employees Retirement System,https://www.calhr.ca.gov,,08/06/2024,,,True,
2023,State Department,"Real Estate, Department of",,Assistant Chief Counsel,False,False,,127500,142008,,136231,0,0,650,136881,44666,0,0,136,44802,Public Employees Retirement System,https://www.calhr.ca.gov,,08/06/2024,,,True,
2023,State Department,"Real Estate, Department of",,"C.E.A., Range A",False,False,,117060,241728,,136052,0,0,600,136652,44568,0,0,1996,46564,Public Employees Retirement System,https://www.calhr.ca.gov,,08/06/2024,,,True,
2023,State Department,"Real Estate, Department of",,"C.E.A., Range A",False,False,,117060,241728,,132034,0,0,2570,134604,44988,0,0,18217,63205,Public Employees Retirement System,https://www.calhr.ca.gov,,08/06/2024,,,True,
2023,State Department,"Real Estate, Department of",,"Attorney III, Range A",False,False,,126432,162312,,133685,0,0,150,133835,44800,0,0,17569,62368,Public Employees Retirement System,https://www.calhr.ca.gov,,08/06/2024,,,True,
2023,State Department,"Real Estate, Department of",,Information Technology Manager I,False,False,,106188,142284,,129826,0,0,2420,132246,44709,0,0,23377,68086,Public Employees Retirement System,https://www.calhr.ca.gov,,08/06/2024,,,True,
2023,State Department,"Real Estate, Department of",,"C.E.A., Range A",False,False,,117060,241728,,129716,0,0,2427,132143,44568,0,0,23377,67945,Public Employees Retirement System,https://www.calhr.ca.gov,,08/06/2024,,,True,
2023,State Department,"Real Estate, Department of",,Information Technology Manager I,False,False,,106188,142284,,129425,0,0,1820,131245,44571,0,0,23377,67947,Public Employees Retirement System,https://www.calhr.ca.gov,,08/06/2024,,,True,
2023,State Department,"Real Estate, Department of",,Information Technology Manager I,False,False,,106188,142284,,129103,0,0,1820,130923,43977,0,0,18217,62193,Public Employees Retirement System,https://www.calhr.ca.gov,,08/06/2024,,,True,
2023,State Department,"Real Estate, Department of",,"C.E.A., Range A",False,False,,117060,241728,,127929,0,0,2457,130386,44568,0,0,23377,67945,Public Employees Retirement System,https://www.calhr.ca.gov,,08/06/2024,,,True,
2023,State Department,"Real Estate, Department of",,"Attorney III, Range A",False,False,,126432,162312,,126791,0,0,300,127091,41944,0,0,8857,50800,Public Employees Retirement System,https://www.calhr.ca.gov,,08/06/2024,,,True,
2023,State Department,"Real Estate, Department of",,Information Technology Supervisor II,False,False,,96192,128892,,121210,0,0,2120,123330,40544,0,0,9397,49941,Public Employees Retirement System,https://www.calhr.ca.gov,,08/06/2024,,,True,
2023,State Department,"Real Estate, Department of",,"Information Technology Specialist II, Range A",False,False,,97560,130716,,118505,0,0,2525,121030,41119,0,0,22767,63886,Public Employees Retirement System,https://www.calhr.ca.gov,,08/06/2024,,,True,
2023,State Department,"Real Estate, Department of",,Managing Deputy Commissioner III,False,False,,100452,124896,,119097,0,0,650,119747,39288,0,0,3450,42738,Public Employees Retirement System,https://www.calhr.ca.gov,,08/06/2024,,,True,
2023,State Department,"Real Estate, Department of",,Information Technology Supervisor II,False,False,,96192,128892,,115987,0,0,1820,117807,39036,0,0,9263,48299,Public Employees Retirement System,https://www.calhr.ca.gov,,08/06/2024,,,True,
2023,State Department,"Real Estate, Department of",,Supervising Special Investigator II (Non-Peace Officer),False,False,,100452,131136,,116141,0,0,645,116786,39288,0,0,9397,48685,Public Employees Retirement System,https://www.calhr.ca.gov,,08/06/2024,,,True,
2023,State Department,"Real Estate, Department of",,"Information Technology Specialist II, Range A",False,False,,97560,130716,,114259,0,0,2445,116704,39812,0,0,22698,62510,Public Employees Retirement System,https://www.calhr.ca.gov,,08/06/2024,,,True,
2023,State Department,"Real Estate, Department of",,"Information Technology Specialist I, Range C",False,False,,88956,119184,,114840,0,0,600,115440,37492,0,0,1816,39307,Public Employees Retirement System,https://www.calhr.ca.gov,,08/06/2024,,,True,
2023,State Department,"Real Estate, Department of",,Supervising Special Investigator II (Non-Peace Officer),False,False,,100452,131136,,114717,0,0,600,115317,38803,0,0,18217,57020,Public Employees Retirement System,https://www.calhr.ca.gov,,08/06/2024,,,True,
2023,State Department,"Real Estate, Department of",,Supervising Special Investigator II (Non-Peace Officer),False,False,,100452,131136,,114232,0,0,600,114832,39288,0,0,18217,57505,Public Employees Retirement System,https://www.calhr.ca.gov,,08/06/2024,,,True,
2023,State Department,"Real Estate, Department of",,"C.E.A., Range A",False,False,,117060,241728,,113718,0,0,600,114318,37676,0,0,770,38447,Public Employees Retirement System,https://www.calhr.ca.gov,,08/06/2024,,,True,
2023,State Department,"Real Estate, Department of",,"Supervising Auditor II, Department of Real Estate",False,False,,93480,121992,,111571,0,0,2575,114146,38374,0,0,15358,53733,Public Employees Retirement System,https://www.calhr.ca.gov,,08/06/2024,,,True,
2023,State Department,"Real Estate, Department of",,"Information Technology Specialist I, Range C",False,False,,88956,119184,,111195,0,0,2520,113715,37492,0,0,8637,46129,Public Employees Retirement System,https://www.calhr.ca.gov,,08/06/2024,,,True,
2023,State Department,"Real Estate, Department of",,Supervising Special Investigator II (Non-Peace Officer),False,False,,100452,131136,,113089,0,0,600,113689,39288,0,0,23377,62665,Public Employees Retirement System,https://www.calhr.ca.gov,,08/06/2024,,,True,
2023,State Department,"Real Estate, Department of",,Supervising Special Investigator II (Non-Peace Officer),False,False,,100452,131136,,113061,0,0,600,113661,39288,0,0,23377,62665,Public Employees Retirement System,https://www.calhr.ca.gov,,08/06/2024,,,True,
2023,State Department,"Real Estate, Department of",,"Information Technology Specialist I, Range C",False,False,,88956,119184,,111086,0,0,2420,113506,37492,0,0,8822,46314,Public Employees Retirement System,https://www.calhr.ca.gov,,08/06/2024,,,True,
2023,State Department,"Real Estate, Department of",,Staff Services Manager III,False,False,,108264,122916,,110908,0,0,2420,113328,38389,0,0,23377,61765,Public Employees Retirement System,https://www.calhr.ca.gov,,08/06/2024,,,True,
2023,State Department,"Real Estate, Department of",,Supervising Special Investigator II (Non-Peace Officer),False,False,,100452,131136,,112720,0,0,600,113320,37472,0,0,23377,60849,Public Employees Retirement System,https://www.calhr.ca.gov,,08/06/2024,,,True,
2023,State Department,"Real Estate, Department of",,"Information Technology Specialist I, Range C",False,False,,88956,119184,,111174,0,0,2120,113294,37492,0,0,8861,46353,Public Employees Retirement System,https://www.calhr.ca.gov,,08/06/2024,,,True,
2023,State Department,"Real Estate, Department of",,"Information Technology Specialist I, Range C",False,False,,88956,119184,,110443,0,0,2420,112863,37492,0,0,22767,60258,Public Employees Retirement System,https://www.calhr.ca.gov,,08/06/2024,,,True,
2023,State Department,"Real Estate, Department of",,Supervising Special Investigator II (Non-Peace Officer),False,False,,100452,131136,,111933,0,0,600,112533,38297,0,0,9397,47693,Public Employees Retirement System,https://www.calhr.ca.gov,,08/06/2024,,,True,
2023,State Department,"Real Estate, Department of",,"Information Technology Specialist I, Range C",False,False,,88956,119184,,109056,0,0,2120,111176,37492,0,0,17581,55072,Public Employees Retirement System,https://www.calhr.ca.gov,,08/06/2024,,,True,
2023,State Department,"Real Estate, Department of",,"Information Technology Specialist II, Range A",False,False,,97560,130716,,108099,0,0,2921,111020,39212,0,0,17567,56779,Public Employees Retirement System,https://www.calhr.ca.gov,,08/06/2024,,,True,
2023,State Department,"Real Estate, Department of",,"Information Technology Specialist I, Range C",False,False,,88956,119184,,108960,0,0,1820,110780,37492,0,0,17567,55058,Public Employees Retirement System,https://www.calhr.ca.gov,,08/06/2024,,,True,
2023,State Department,"Real Estate, Department of",,Managing Deputy Commissioner III,False,False,,100452,124896,,109313,0,0,300,109613,37661,0,0,18217,55878,Public Employees Retirement System,https://www.calhr.ca.gov,,08/06/2024,,,True,
2023,State Department,"Real Estate, Department of",,Supervising Special Investigator II (Non-Peace Officer),False,False,,100452,131136,,108177,0,0,600,108777,39288,0,0,18217,57505,Public Employees Retirement System,https://www.calhr.ca.gov,,08/06/2024,,,True,
2023,State Department,"Real Estate, Department of",,"Attorney, Range B",False,False,,104496,134076,,107637,0,0,300,107937,36092,0,0,17569,53660,Public Employees Retirement System,https://www.calhr.ca.gov,,08/06/2024,,,True,
2023,State Department,"Real Estate, Department of",,"Supervising Auditor I, Department of Real Estate",False,False,,85176,111108,,105997,0,0,600,106597,34950,0,0,1996,36946,Public Employees Retirement System,https://www.calhr.ca.gov,,08/06/2024,,,True,
2023,State Department,"Real Estate, Department of",,"Supervising Auditor I, Department of Real Estate",False,False,,85176,111108,,103858,0,0,2420,106278,34950,0,0,9397,44347,Public Employees Retirement System,https://www.calhr.ca.gov,,08/06/2024,,,True,
2023,State Department,"Real Estate, Department of",,Staff Services Manager III,False,False,,108264,122916,,103240,0,0,2420,105660,38468,0,0,23377,61845,Public Employees Retirement System,https://www.calhr.ca.gov,,08/06/2024,,,True,
2023,State Department,"Real Estate, Department of",,Supervising Special Investigator II (Non-Peace Officer),False,False,,100452,131136,,105276,0,0,200,105476,36866,0,0,23377,60242,Public Employees Retirement System,https://www.calhr.ca.gov,,08/06/2024,,,True,
2023,State Department,"Real Estate, Department of",,Staff Services Manager II (Supervisory),False,False,,89040,110628,,102924,0,0,2170,105094,34798,0,0,23377,58175,Public Employees Retirement System,https://www.calhr.ca.gov,,08/06/2024,,,True,
2023,State Department,"Real Estate, Department of",,"Attorney, Range B",False,False,,104496,134076,,104497,0,0,300,104797,35091,0,0,2226,37316,Public Employees Retirement System,https://www.calhr.ca.gov,,08/06/2024,,,True,
2023,State Department,"Real Estate, Department of",,"Special Investigator, Range C",False,False,,79860,104232,,103223,0,0,1029,104252,23758,0,0,1996,25754,Public Employees Retirement System,https://www.calhr.ca.gov,,08/06/2024,,,True,
2023,State Department,"Real Estate, Department of",,"Supervising Auditor I, Department of Real Estate",False,False,,85176,111108,,101684,0,0,2420,104104,34950,0,0,18217,53167,Public Employees Retirement System,https://www.calhr.ca.gov,,08/06/2024,,,True,
2023,State Department,"Real Estate, Department of",,Staff Services Manager II (Supervisory),False,False,,89040,110628,,100879,0,0,2420,103299,34798,0,0,23377,58175,Public Employees Retirement System,https://www.calhr.ca.gov,,08/06/2024,,,True,
2023,State Department,"Real Estate, Department of",,"Information Technology Specialist I, Range C",False,False,,88956,119184,,101089,0,0,1820,102909,37492,0,0,21106,58598,Public Employees Retirement System,https://www.calhr.ca.gov,,08/06/2024,,,True,
2023,State Department,"Real Estate, Department of",,"Supervising Auditor I, Department of Real Estate",False,False,,85176,111108,,100168,0,0,2420,102588,34950,0,0,23377,58327,Public Employees Retirement System,https://www.calhr.ca.gov,,08/06/2024,,,True,
2023,State Department,"Real Estate, Department of",,Supervising Special Investigator I (Non-Peace Officer),False,False,,89004,116184,,101822,0,0,600,102422,34681,0,0,9397,44077,Public Employees Retirement System,https://www.calhr.ca.gov,,08/06/2024,,,True,
2023,State Department,"Real Estate, Department of",,Managing Deputy Commissioner II,False,False,,89004,110652,,102085,0,0,300,102385,34629,0,0,9397,44025,Public Employees Retirement System,https://www.calhr.ca.gov,,08/06/2024,,,True,
2023,State Department,"Real Estate, Department of",,Managing Deputy Commissioner II,False,False,,89004,110652,,101579,0,0,300,101879,34429,0,0,9397,43826,Public Employees Retirement System,https://www.calhr.ca.gov,,08/06/2024,,,True,
2023,State Department,"Real Estate, Department of",,"Attorney, Range A",False,False,,92844,116760,,99318,0,0,2317,101635,33955,0,0,8857,42811,Public Employees Retirement System,https://www.calhr.ca.gov,,08/06/2024,,,True,
2023,State Department,"Real Estate, Department of",,Supervising Special Investigator I (Non-Peace Officer),False,False,,89004,116184,,100748,0,0,600,101348,34806,0,0,18217,53023,Public Employees Retirement System,https://www.calhr.ca.gov,,08/06/2024,,,True,
2023,State Department,"Real Estate, Department of",,"Information Technology Specialist I, Range C",False,False,,88956,119184,,98792,0,0,2420,101212,33360,0,0,21544,54904,Public Employees Retirement System,https://www.calhr.ca.gov,,08/06/2024,,,True,
2023,State Department,"Real Estate, Department of",,"Deputy Commissioner, Department of Real Estate, Range D",False,False,,79860,99264,,90085,0,0,11018,101103,22199,0,0,17569,39768,Public Employees Retirement System,https://www.calhr.ca.gov,,08/06/2024,,,True,
2023,State Department,"Real Estate, Department of",,"Information Technology Specialist II, Range A",False,False,,97560,130716,,98660,0,0,2271,100931,34359,0,0,24229,58588,Public Employees Retirement System,https://www.calhr.ca.gov,,08/06/2024,,,True,
2023,State Department,"Real Estate, Department of",,"Supervising Auditor I, Department of Real Estate",False,False,,85176,111108,,97648,0,0,2420,100068,34950,0,0,23377,58327,Public Employees Retirement System,https://www.calhr.ca.gov,,08/06/2024,,,True,
2023,State Department,"Real Estate, Department of",,Staff Management Auditor,False,False,,85176,111108,,96495,461,0,2420,99377,32524,0,0,9357,41881,Public Employees Retirement System,https://www.calhr.ca.gov,,08/06/2024,,,True,
2023,State Department,"Real Estate, Department of",,Supervising Special Investigator I (Non-Peace Officer),False,False,,89004,116184,,98761,0,0,600,99361,34806,0,0,23377,58183,Public Employees Retirement System,https://www.calhr.ca.gov,,08/06/2024,,,True,
2023,State Department,"Real Estate, Department of",,Supervising Special Investigator I (Non-Peace Officer),False,False,,89004,116184,,98199,0,0,550,98749,33619,0,0,9397,43015,Public Employees Retirement System,https://www.calhr.ca.gov,,08/06/2024,,,True,
2023,State Department,"Real Estate, Department of",,Managing Deputy Commissioner II,False,False,,89004,110652,,97159,0,0,1477,98636,33484,0,0,18217,51700,Public Employees Retirement System,https://www.calhr.ca.gov,,08/06/2024,,,True,
2023,State Department,"Real Estate, Department of",,Supervising Special Investigator I (Non-Peace Officer),False,False,,89004,116184,,98029,0,0,0,98029,33205,0,0,9397,42602,Public Employees Retirement System,https://www.calhr.ca.gov,,08/06/2024,,,True,
2023,State Department,"Real Estate, Department of",,Staff Services Manager II (Supervisory),False,False,,89040,110628,,95744,0,0,2275,98019,32445,0,0,19658,52104,Public Employees Retirement System,https://www.calhr.ca.gov,,08/06/2024,,,True,
2023,State Department,"Real Estate, Department of",,Supervising Special Investigator I (Non-Peace Officer),False,False,,89004,116184,,96903,0,0,569,97472,33205,0,0,23377,56582,Public Employees Retirement System,https://www.calhr.ca.gov,,08/06/2024,,,True,
2023,State Department,"Real Estate, Department of",,"Special Investigator, Range C",False,False,,79860,104232,,96860,0,0,600,97460,22745,0,0,22693,45438,Public Employees Retirement System,https://www.calhr.ca.gov,,08/06/2024,,,True,
2023,State Department,"Real Estate, Department of",,Supervising Special Investigator I (Non-Peace Officer),False,False,,89004,116184,,96283,0,0,650,96933,32629,0,0,9397,42026,Public Employees Retirement System,https://www.calhr.ca.gov,,08/06/2024,,,True,
2023,State Department,"Real Estate, Department of",,Accounting Administrator I (Supervisor),False,False,,81120,100776,,94004,0,0,2420,96424,31652,0,0,9397,41048,Public Employees Retirement System,https://www.calhr.ca.gov,,08/06/2024,,,True,
2023,State Department,"Real Estate, Department of",,"Information Technology Specialist I, Range B",False,False,,81012,108576,,93895,0,0,2427,96322,31843,0,0,8861,40705,Public Employees Retirement System,https://www.calhr.ca.gov,,08/06/2024,,,True,
2023,State Department,"Real Estate, Department of",,General Auditor III,False,False,,75168,98856,,95537,0,0,600,96137,31096,0,0,1816,32912,Public Employees Retirement System,https://www.calhr.ca.gov,,08/06/2024,,,True,
2023,State Department,"Real Estate, Department of",,"Special Investigator, Range C",False,False,,79860,104232,,95534,0,0,600,96134,22199,0,0,1996,24195,Public Employees Retirement System,https://www.calhr.ca.gov,,08/06/2024,,,True,
2023,State Department,"Real Estate, Department of",,"Special Investigator, Range C",False,False,,79860,104232,,95534,0,0,600,96134,22199,0,0,1996,24195,Public Employees Retirement System,https://www.calhr.ca.gov,,08/06/2024,,,True,
2023,State Department,"Real Estate, Department of",,Staff Services Manager I,False,False,,81120,100776,,93579,0,0,2420,95999,31700,0,0,9397,41096,Public Employees Retirement System,https://www.calhr.ca.gov,,08/06/2024,,,True,
2023,State Department,"Real Estate, Department of",,Staff Services Manager I,False,False,,81120,100776,,95394,0,0,600,95994,31700,0,0,3327,35026,Public Employees Retirement System,https://www.calhr.ca.gov,,08/06/2024,,,True,
2023,State Department,"Real Estate, Department of",,"Deputy Commissioner, Department of Real Estate, Range D",False,False,,79860,99264,,95331,0,0,600,95931,22199,0,0,1996,24195,Public Employees Retirement System,https://www.calhr.ca.gov,,08/06/2024,,,True,
2023,State Department,"Real Estate, Department of",,"Special Investigator, Range C",False,False,,79860,104232,,95331,0,0,600,95931,22199,0,0,1996,24195,Public Employees Retirement System,https://www.calhr.ca.gov,,08/06/2024,,,True,
2023,State Department,"Real Estate, Department of",,"Special Investigator, Range C",False,False,,79860,104232,,95331,0,0,600,95931,22199,0,0,1996,24195,Public Employees Retirement System,https://www.calhr.ca.gov,,08/06/2024,,,True,
2023,State Department,"Real Estate, Department of",,"Deputy Commissioner, Department of Real Estate, Range D",False,False,,79860,99264,,95234,0,0,600,95834,22199,0,0,3327,25525,Public Employees Retirement System,https://www.calhr.ca.gov,,08/06/2024,,,True,
2023,State Department,"Real Estate, Department of",,"Special Investigator, Range C",False,False,,79860,104232,,95234,0,0,600,95834,22199,0,0,3235,25434,Public Employees Retirement System,https://www.calhr.ca.gov,,08/06/2024,,,True,
2023,State Department,"Real Estate, Department of",,"Special Investigator, Range C",False,False,,79860,104232,,95234,0,0,600,95834,22199,0,0,3235,25434,Public Employees Retirement System,https://www.calhr.ca.gov,,08/06/2024,,,True,
2023,State Department,"Real Estate, Department of",,"Special Investigator, Range C",False,False,,79860,104232,,94460,0,0,600,95060,22072,0,0,1996,24068,Public Employees Retirement System,https://www.calhr.ca.gov,,08/06/2024,,,True,
2023,State Department,"Real Estate, Department of",,"Special Investigator, Range C",False,False,,79860,104232,,94719,0,0,275,94994,22199,0,0,3235,25434,Public Employees Retirement System,https://www.calhr.ca.gov,,08/06/2024,,,True,
2023,State Department,"Real Estate, Department of",,"C.E.A., Range A",False,False,,117060,241728,,0,0,94126,717,94843,0,0,0,0,0,Public Employees Retirement System,https://www.calhr.ca.gov,,08/06/2024,,,True,
2023,State Department,"Real Estate, Department of",,Managing Deputy Commissioner II,False,False,,89004,110652,,93910,0,0,550,94460,32459,0,0,18217,50676,Public Employees Retirement System,https://www.calhr.ca.gov,,08/06/2024,,,True,
2023,State Department,"Real Estate, Department of",,General Auditor III,False,False,,75168,98856,,93756,0,0,600,94356,31096,0,0,136,31232,Public Employees Retirement System,https://www.calhr.ca.gov,,08/06/2024,,,True,
2023,State Department,"Real Estate, Department of",,General Auditor III,False,False,,75168,98856,,91741,0,0,2420,94161,31096,0,0,8861,39958,Public Employees Retirement System,https://www.calhr.ca.gov,,08/06/2024,,,True,
2023,State Department,"Real Estate, Department of",,General Auditor III,False,False,,75168,98856,,91729,0,0,2420,94149,31096,0,0,8861,39958,Public Employees Retirement System,https://www.calhr.ca.gov,,08/06/2024,,,True,
2023,State Department,"Real Estate, Department of",,"Special Investigator, Range C",False,False,,79860,104232,,93471,0,0,600,94071,22199,0,0,136,22335,Public Employees Retirement System,https://www.calhr.ca.gov,,08/06/2024,,,True,
2023,State Department,"Real Estate, Department of",,"Deputy Commissioner, Department of Real Estate, Range D",False,False,,79860,99264,,92968,0,0,600,93568,22199,0,0,8857,31056,Public Employees Retirement System,https://www.calhr.ca.gov,,08/06/2024,,,True,
2023,State Department,"Real Estate, Department of",,Staff Services Manager I,False,False,,81120,100776,,90561,0,0,2420,92981,31700,0,0,23377,55076,Public Employees Retirement System,https://www.calhr.ca.gov,,08/06/2024,,,True,
2023,State Department,"Real Estate, Department of",,"Special Investigator, Range C",False,False,,79860,104232,,63311,0,29148,400,92859,15698,0,0,6643,22340,Public Employees Retirement System,https://www.calhr.ca.gov,,08/06/2024,,,True,
2023,State Department,"Real Estate, Department of",,General Auditor III,False,False,,75168,98856,,90017,0,0,2420,92437,31096,0,0,17581,48677,Public Employees Retirement System,https://www.calhr.ca.gov,,08/06/2024,,,True,
2023,State Department,"Real Estate, Department of",,"Special Investigator, Range C",False,False,,79860,104232,,91605,0,0,600,92205,22199,0,0,8857,31056,Public Employees Retirement System,https://www.calhr.ca.gov,,08/06/2024,,,True,
2023,State Department,"Real Estate, Department of",,"Special Investigator, Range C",False,False,,79860,104232,,91605,0,0,600,92205,22199,0,0,8857,31056,Public Employees Retirement System,https://www.calhr.ca.gov,,08/06/2024,,,True,
2023,State Department,"Real Estate, Department of",,"Special Investigator, Range C",False,False,,79860,104232,,91553,0,0,600,92153,22199,0,0,8857,31056,Public Employees Retirement System,https://www.calhr.ca.gov,,08/06/2024,,,True,
2023,State Department,"Real Estate, Department of",,"Special Investigator, Range C",False,False,,79860,104232,,91553,0,0,600,92153,22199,0,0,8857,31056,Public Employees Retirement System,https://www.calhr.ca.gov,,08/06/2024,,,True,
2023,State Department,"Real Estate, Department of",,"Deputy Commissioner, Department of Real Estate, Range D",False,False,,79860,99264,,91504,0,0,600,92104,22199,0,0,8857,31056,Public Employees Retirement System,https://www.calhr.ca.gov,,08/06/2024,,,True,
2023,State Department,"Real Estate, Department of",,"Special Investigator, Range C",False,False,,79860,104232,,91503,0,0,600,92103,22745,0,0,22693,45438,Public Employees Retirement System,https://www.calhr.ca.gov,,08/06/2024,,,True,
2023,State Department,"Real Estate, Department of",,"Special Investigator, Range C",False,False,,79860,104232,,91451,0,0,600,92051,22199,0,0,8857,31056,Public Employees Retirement System,https://www.calhr.ca.gov,,08/06/2024,,,True,
2023,State Department,"Real Estate, Department of",,"Special Investigator, Range C",False,False,,79860,104232,,91451,0,0,600,92051,22199,0,0,8857,31056,Public Employees Retirement System,https://www.calhr.ca.gov,,08/06/2024,,,True,
2023,State Department,"Real Estate, Department of",,"Special Investigator, Range C",False,False,,79860,104232,,91417,0,0,600,92017,22745,0,0,22693,45438,Public Employees Retirement System,https://www.calhr.ca.gov,,08/06/2024,,,True,
2023,State Department,"Real Estate, Department of",,"Special Investigator, Range C",False,False,,79860,104232,,90977,0,0,600,91577,22199,0,0,8857,31056,Public Employees Retirement System,https://www.calhr.ca.gov,,08/06/2024,,,True,
2023,State Department,"Real Estate, Department of",,"Special Investigator, Range C",False,False,,79860,104232,,90923,0,0,600,91523,22745,0,0,22693,45438,Public Employees Retirement System,https://www.calhr.ca.gov,,08/06/2024,,,True,
2023,State Department,"Real Estate, Department of",,"Special Investigator, Range C",False,False,,79860,104232,,90890,0,0,600,91490,22199,0,0,8857,31056,Public Employees Retirement System,https://www.calhr.ca.gov,,08/06/2024,,,True,
2023,State Department,"Real Estate, Department of",,"Special Investigator, Range C",False,False,,79860,104232,,90733,0,0,600,91333,22199,0,0,22693,44892,Public Employees Retirement System,https://www.calhr.ca.gov,,08/06/2024,,,True,
2023,State Department,"Real Estate, Department of",,"Special Investigator, Range C",False,False,,79860,104232,,90700,0,0,600,91300,22049,0,0,8857,30905,Public Employees Retirement System,https://www.calhr.ca.gov,,08/06/2024,,,True,
2023,State Department,"Real Estate, Department of",,"Special Investigator, Range C",False,False,,79860,104232,,90647,0,0,600,91247,22199,0,0,22693,44892,Public Employees Retirement System,https://www.calhr.ca.gov,,08/06/2024,,,True,
2023,State Department,"Real Estate, Department of",,General Auditor III,False,False,,75168,98856,,88471,0,0,2420,90891,31096,0,0,8861,39958,Public Employees Retirement System,https://www.calhr.ca.gov,,08/06/2024,,,True,
2023,State Department,"Real Estate, Department of",,"Deputy Commissioner, Department of Real Estate, Range D",False,False,,79860,99264,,90085,0,0,600,90685,22199,0,0,17569,39768,Public Employees Retirement System,https://www.calhr.ca.gov,,08/06/2024,,,True,
2023,State Department,"Real Estate, Department of",,"Special Investigator, Range C",False,False,,79860,104232,,90085,0,0,600,90685,22199,0,0,17569,39768,Public Employees Retirement System,https://www.calhr.ca.gov,,08/06/2024,,,True,
2023,State Department,"Real Estate, Department of",,General Auditor III,False,False,,75168,98856,,88254,0,0,2420,90674,31096,0,0,22767,53863,Public Employees Retirement System,https://www.calhr.ca.gov,,08/06/2024,,,True,
2023,State Department,"Real Estate, Department of",,General Auditor III,False,False,,75168,98856,,88254,0,0,2420,90674,31096,0,0,22767,53863,Public Employees Retirement System,https://www.calhr.ca.gov,,08/06/2024,,,True,
2023,State Department,"Real Estate, Department of",,General Auditor III,False,False,,75168,98856,,88254,0,0,2420,90674,31096,0,0,22767,53863,Public Employees Retirement System,https://www.calhr.ca.gov,,08/06/2024,,,True,
2023,State Department,"Real Estate, Department of",,"Special Investigator, Range C",False,False,,79860,104232,,90065,0,0,600,90665,22745,0,0,22693,45438,Public Employees Retirement System,https://www.calhr.ca.gov,,08/06/2024,,,True,
2023,State Department,"Real Estate, Department of",,General Auditor III,False,False,,75168,98856,,88241,0,0,2420,90661,31096,0,0,22767,53863,Public Employees Retirement System,https://www.calhr.ca.gov,,08/06/2024,,,True,
2023,State Department,"Real Estate, Department of",,"Special Investigator, Range C",False,False,,79860,104232,,89974,0,0,600,90574,22745,0,0,22693,45438,Public Employees Retirement System,https://www.calhr.ca.gov,,08/06/2024,,,True,
2023,State Department,"Real Estate, Department of",,General Auditor III,False,False,,75168,98856,,87930,0,0,2572,90502,31096,0,0,12028,43124,Public Employees Retirement System,https://www.calhr.ca.gov,,08/06/2024,,,True,
2023,State Department,"Real Estate, Department of",,"Special Investigator, Range C",False,False,,79860,104232,,89637,0,0,600,90237,22199,0,0,17569,39768,Public Employees Retirement System,https://www.calhr.ca.gov,,08/06/2024,,,True,
2023,State Department,"Real Estate, Department of",,"Special Investigator, Range C",False,False,,79860,104232,,89577,0,0,650,90227,22199,0,0,17569,39768,Public Employees Retirement System,https://www.calhr.ca.gov,,08/06/2024,,,True,
2023,State Department,"Real Estate, Department of",,"Special Investigator, Range C",False,False,,79860,104232,,89588,0,0,600,90188,22893,0,0,17569,40462,Public Employees Retirement System,https://www.calhr.ca.gov,,08/06/2024,,,True,
2023,State Department,"Real Estate, Department of",,"Special Investigator, Range C",False,False,,79860,104232,,89434,0,0,600,90034,22745,0,0,22693,45438,Public Employees Retirement System,https://www.calhr.ca.gov,,08/06/2024,,,True,
2023,State Department,"Real Estate, Department of",,"Special Investigator, Range C",False,False,,79860,104232,,89356,0,0,600,89956,22199,0,0,17569,39768,Public Employees Retirement System,https://www.calhr.ca.gov,,08/06/2024,,,True,
2023,State Department,"Real Estate, Department of",,"Special Investigator, Range C",False,False,,79860,104232,,89356,0,0,600,89956,22199,0,0,17569,39768,Public Employees Retirement System,https://www.calhr.ca.gov,,08/06/2024,,,True,
2023,State Department,"Real Estate, Department of",,General Auditor III,False,False,,75168,98856,,87927,0,0,1820,89747,31096,0,0,22767,53863,Public Employees Retirement System,https://www.calhr.ca.gov,,08/06/2024,,,True,
2023,State Department,"Real Estate, Department of",,"Special Investigator, Range C",False,False,,79860,104232,,89012,0,0,600,89612,22199,0,0,17569,39768,Public Employees Retirement System,https://www.calhr.ca.gov,,08/06/2024,,,True,
2023,State Department,"Real Estate, Department of",,"Special Investigator, Range C",False,False,,79860,104232,,88902,0,0,600,89502,22199,0,0,17569,39768,Public Employees Retirement System,https://www.calhr.ca.gov,,08/06/2024,,,True,
2023,State Department,"Real Estate, Department of",,"Special Investigator, Range C",False,False,,79860,104232,,88729,0,0,600,89329,22199,0,0,8857,31056,Public Employees Retirement System,https://www.calhr.ca.gov,,08/06/2024,,,True,
2023,State Department,"Real Estate, Department of",,General Auditor III,False,False,,75168,98856,,86875,0,0,2420,89295,30919,0,0,22698,53617,Public Employees Retirement System,https://www.calhr.ca.gov,,08/06/2024,,,True,
2023,State Department,"Real Estate, Department of",,"Special Investigator, Range C",False,False,,79860,104232,,88257,0,0,600,88857,22199,0,0,21839,44038,Public Employees Retirement System,https://www.calhr.ca.gov,,08/06/2024,,,True,
2023,State Department,"Real Estate, Department of",,"Special Investigator, Range C",False,False,,79860,104232,,88088,0,0,700,88788,22199,0,0,22693,44892,Public Employees Retirement System,https://www.calhr.ca.gov,,08/06/2024,,,True,
2023,State Department,"Real Estate, Department of",,"Special Investigator, Range C",False,False,,79860,104232,,87986,0,0,750,88736,22199,0,0,22693,44892,Public Employees Retirement System,https://www.calhr.ca.gov,,08/06/2024,,,True,
2023,State Department,"Real Estate, Department of",,"Deputy Commissioner, Department of Real Estate, Range D",False,False,,79860,99264,,87997,0,0,600,88597,22199,0,0,22693,44892,Public Employees Retirement System,https://www.calhr.ca.gov,,08/06/2024,,,True,
2023,State Department,"Real Estate, Department of",,"Deputy Commissioner, Department of Real Estate, Range D",False,False,,79860,99264,,87761,0,0,600,88361,22199,0,0,22693,44892,Public Employees Retirement System,https://www.calhr.ca.gov,,08/06/2024,,,True,
2023,State Department,"Real Estate, Department of",,General Auditor III,False,False,,75168,98856,,85904,0,0,2420,88324,30418,0,0,22698,53116,Public Employees Retirement System,https://www.calhr.ca.gov,,08/06/2024,,,True,
2023,State Department,"Real Estate, Department of",,General Auditor III,False,False,,75168,98856,,87722,0,0,600,88322,29569,0,0,935,30503,Public Employees Retirement System,https://www.calhr.ca.gov,,08/06/2024,,,True,
2023,State Department,"Real Estate, Department of",,"Special Investigator, Range C",False,False,,79860,104232,,87457,0,0,600,88057,22199,0,0,22693,44892,Public Employees Retirement System,https://www.calhr.ca.gov,,08/06/2024,,,True,
2023,State Department,"Real Estate, Department of",,"Deputy Commissioner, Department of Real Estate, Range D",False,False,,79860,99264,,87670,0,0,0,87670,22199,0,0,22693,44892,Public Employees Retirement System,https://www.calhr.ca.gov,,08/06/2024,,,True,
2023,State Department,"Real Estate, Department of",,"Special Investigator, Range C",False,False,,79860,104232,,86849,0,0,556,87405,22199,0,0,17569,39768,Public Employees Retirement System,https://www.calhr.ca.gov,,08/06/2024,,,True,
2023,State Department,"Real Estate, Department of",,Staff Services Manager I,False,False,,81120,100776,,84490,0,0,2420,86910,28499,0,0,9397,37896,Public Employees Retirement System,https://www.calhr.ca.gov,,08/06/2024,,,True,
2023,State Department,"Real Estate, Department of",,"Special Investigator, Range C",False,False,,79860,104232,,86658,0,0,225,86883,21621,0,0,22693,44313,Public Employees Retirement System,https://www.calhr.ca.gov,,08/06/2024,,,True,
2023,State Department,"Real Estate, Department of",,"Information Technology Specialist I, Range C",False,False,,88956,119184,,84094,0,0,2420,86514,31850,0,0,20870,52720,Public Employees Retirement System,https://www.calhr.ca.gov,,08/06/2024,,,True,
2023,State Department,"Real Estate, Department of",,"Information Technology Specialist I, Range C",False,False,,88956,119184,,83720,0,0,2202,85922,28338,0,0,17151,45489,Public Employees Retirement System,https://www.calhr.ca.gov,,08/06/2024,,,True,
2023,State Department,"Real Estate, Department of",,Staff Services Manager I,False,False,,81120,100776,,81430,0,0,4445,85874,27349,0,0,1996,29345,Public Employees Retirement System,https://www.calhr.ca.gov,,08/06/2024,,,True,
2023,State Department,"Real Estate, Department of",,"Special Investigator, Range C",False,False,,79860,104232,,84696,0,0,600,85296,20199,0,0,693,20892,Public Employees Retirement System,https://www.calhr.ca.gov,,08/06/2024,,,True,
2023,State Department,"Real Estate, Department of",,Accounting Administrator I (Supervisor),False,False,,81120,100776,,82370,0,0,2670,85040,28945,0,0,23377,52321,Public Employees Retirement System,https://www.calhr.ca.gov,,08/06/2024,,,True,
2023,State Department,"Real Estate, Department of",,Supervising Special Investigator I (Non-Peace Officer),False,False,,89004,116184,,84223,0,0,600,84823,28130,0,0,9397,37526,Public Employees Retirement System,https://www.calhr.ca.gov,,08/06/2024,,,True,
2023,State Department,"Real Estate, Department of",,"Special Investigator, Range C",False,False,,79860,104232,,84010,0,0,600,84610,22199,0,0,17569,39768,Public Employees Retirement System,https://www.calhr.ca.gov,,08/06/2024,,,True,
2023,State Department,"Real Estate, Department of",,General Auditor III,False,False,,75168,98856,,82078,0,0,2420,84498,27844,0,0,8593,36436,Public Employees Retirement System,https://www.calhr.ca.gov,,08/06/2024,,,True,
2023,State Department,"Real Estate, Department of",,General Auditor III,False,False,,75168,98856,,81509,0,0,2420,83929,27611,0,0,8571,36182,Public Employees Retirement System,https://www.calhr.ca.gov,,08/06/2024,,,True,
2023,State Department,"Real Estate, Department of",,Staff Services Manager I,False,False,,81120,100776,,81621,0,0,2170,83791,28737,0,0,23377,52113,Public Employees Retirement System,https://www.calhr.ca.gov,,08/06/2024,,,True,
2023,State Department,"Real Estate, Department of",,"Special Investigator, Range C",False,False,,79860,104232,,83136,0,0,600,83736,20754,0,0,17569,38323,Public Employees Retirement System,https://www.calhr.ca.gov,,08/06/2024,,,True,
2023,State Department,"Real Estate, Department of",,"Deputy Commissioner, Department of Real Estate, Range D",False,False,,79860,99264,,83380,0,0,150,83530,20262,0,0,8857,29119,Public Employees Retirement System,https://www.calhr.ca.gov,,08/06/2024,,,True,
2023,State Department,"Real Estate, Department of",,"Special Investigator, Range C",False,False,,79860,104232,,82882,0,0,600,83482,20115,0,0,8857,28972,Public Employees Retirement System,https://www.calhr.ca.gov,,08/06/2024,,,True,
2023,State Department,"Real Estate, Department of",,"Associate Accounting Analyst, Range A",False,False,,71604,89688,,80849,0,0,2420,83269,28212,0,0,17567,45778,Public Employees Retirement System,https://www.calhr.ca.gov,,08/06/2024,,,True,
2023,State Department,"Real Estate, Department of",,"Special Investigator, Range C",False,False,,79860,104232,,83260,0,0,0,83260,22199,0,0,17569,39768,Public Employees Retirement System,https://www.calhr.ca.gov,,08/06/2024,,,True,
2023,State Department,"Real Estate, Department of",,"Associate Governmental Program Analyst, Range A",False,False,,68208,85368,,82436,0,0,600,83036,26854,0,0,2129,28984,Public Employees Retirement System,https://www.calhr.ca.gov,,08/06/2024,,,True,
2023,State Department,"Real Estate, Department of",,"Special Investigator, Range B",False,False,,72780,94776,,82191,0,0,550,82741,20058,0,0,8857,28915,Public Employees Retirement System,https://www.calhr.ca.gov,,08/06/2024,,,True,
2023,State Department,"Real Estate, Department of",,Staff Services Manager I,False,False,,81120,100776,,80169,0,0,2420,82589,28316,0,0,23377,51693,Public Employees Retirement System,https://www.calhr.ca.gov,,08/06/2024,,,True,
2023,State Department,"Real Estate, Department of",,"Special Investigator, Range B",False,False,,72780,94776,,80696,0,0,1790,82486,22958,0,0,9086,32045,Public Employees Retirement System,https://www.calhr.ca.gov,,08/06/2024,,,True,
2023,State Department,"Real Estate, Department of",,"Senior Accounting Officer (Specialist), Range A",False,False,,68208,85368,,80060,0,0,2420,82480,26854,0,0,8822,35676,Public Employees Retirement System,https://www.calhr.ca.gov,,08/06/2024,,,True,
2023,State Department,"Real Estate, Department of",,"Deputy Commissioner, Department of Real Estate, Range D",False,False,,79860,99264,,81853,0,0,600,82453,20354,0,0,17569,37923,Public Employees Retirement System,https://www.calhr.ca.gov,,08/06/2024,,,True,
2023,State Department,"Real Estate, Department of",,General Auditor III,False,False,,75168,98856,,79941,0,0,2420,82361,28636,0,0,22767,51402,Public Employees Retirement System,https://www.calhr.ca.gov,,08/06/2024,,,True,
2023,State Department,"Real Estate, Department of",,"Special Investigator, Range C",False,False,,79860,104232,,81345,0,0,600,81945,18836,0,0,1996,20832,Public Employees Retirement System,https://www.calhr.ca.gov,,08/06/2024,,,True,
2023,State Department,"Real Estate, Department of",,Staff Services Manager I,False,False,,81120,100776,,79636,0,0,2225,81861,27020,0,0,9397,36417,Public Employees Retirement System,https://www.calhr.ca.gov,,08/06/2024,,,True,
2023,State Department,"Real Estate, Department of",,"Special Investigator, Range C",False,False,,79860,104232,,81203,0,0,600,81803,18696,0,0,22693,41388,Public Employees Retirement System,https://www.calhr.ca.gov,,08/06/2024,,,True,
2023,State Department,"Real Estate, Department of",,"Special Investigator, Range C",False,False,,79860,104232,,81165,0,0,600,81765,20477,0,0,22693,43170,Public Employees Retirement System,https://www.calhr.ca.gov,,08/06/2024,,,True,
2023,State Department,"Real Estate, Department of",,Staff Services Manager I,False,False,,81120,100776,,79101,0,0,2420,81521,27572,0,0,23377,50949,Public Employees Retirement System,https://www.calhr.ca.gov,,08/06/2024,,,True,
2023,State Department,"Real Estate, Department of",,"Associate Accounting Analyst, Range A",False,False,,71604,89688,,78410,0,0,2420,80830,26629,0,0,8593,35222,Public Employees Retirement System,https://www.calhr.ca.gov,,08/06/2024,,,True,
2023,State Department,"Real Estate, Department of",,"Associate Governmental Program Analyst, Range A",False,False,,68208,85368,,77741,0,0,2520,80261,26113,0,0,8861,34975,Public Employees Retirement System,https://www.calhr.ca.gov,,08/06/2024,,,True,
2023,State Department,"Real Estate, Department of",,"Deputy Commissioner, Department of Real Estate, Range D",False,False,,79860,99264,,79558,0,0,600,80158,22199,0,0,22693,44892,Public Employees Retirement System,https://www.calhr.ca.gov,,08/06/2024,,,True,
2023,State Department,"Real Estate, Department of",,Staff Services Manager I,False,False,,81120,100776,,79285,0,0,450,79735,26268,0,0,1767,28034,Public Employees Retirement System,https://www.calhr.ca.gov,,08/06/2024,,,True,
2023,State Department,"Real Estate, Department of",,"Information Technology Associate, Range C",False,False,,67068,89892,,76981,0,0,2420,79401,27361,0,0,22767,50127,Public Employees Retirement System,https://www.calhr.ca.gov,,08/06/2024,,,True,
2023,State Department,"Real Estate, Department of",,"Deputy Commissioner, Department of Real Estate, Range D",False,False,,79860,99264,,78631,0,0,600,79231,19318,0,0,22693,42010,Public Employees Retirement System,https://www.calhr.ca.gov,,08/06/2024,,,True,
2023,State Department,"Real Estate, Department of",,"Special Investigator, Range C",False,False,,79860,104232,,78434,0,0,600,79034,19072,0,0,8857,27929,Public Employees Retirement System,https://www.calhr.ca.gov,,08/06/2024,,,True,
2023,State Department,"Real Estate, Department of",,"Associate Governmental Program Analyst, Range A",False,False,,68208,85368,,75802,0,0,2420,78222,26434,0,0,17225,43660,Public Employees Retirement System,https://www.calhr.ca.gov,,08/06/2024,,,True,
2023,State Department,"Real Estate, Department of",,"Special Investigator, Range C",False,False,,79860,104232,,77600,0,0,600,78200,19735,0,0,22693,42428,Public Employees Retirement System,https://www.calhr.ca.gov,,08/06/2024,,,True,
2023,State Department,"Real Estate, Department of",,"Associate Budget Analyst, Range A",False,False,,68208,85368,,75667,0,0,2420,78087,25766,0,0,8822,34588,Public Employees Retirement System,https://www.calhr.ca.gov,,08/06/2024,,,True,
2023,State Department,"Real Estate, Department of",,"Senior Legal Analyst, Range A",False,False,,71604,89688,,75628,0,0,2420,78048,27021,0,0,22767,49788,Public Employees Retirement System,https://www.calhr.ca.gov,,08/06/2024,,,True,
2023,State Department,"Real Estate, Department of",,"Special Investigator, Range C",False,False,,79860,104232,,77387,0,0,600,77987,18836,0,0,17569,36405,Public Employees Retirement System,https://www.calhr.ca.gov,,08/06/2024,,,True,
2023,State Department,"Real Estate, Department of",,"Associate Governmental Program Analyst, Range A",False,False,,68208,85368,,73995,787,0,2970,77752,26480,0,0,22767,49247,Public Employees Retirement System,https://www.calhr.ca.gov,,08/06/2024,,,True,
2023,State Department,"Real Estate, Department of",,"Associate Governmental Program Analyst, Range A",False,False,,68208,85368,,75146,0,0,2420,77566,26854,0,0,22698,49553,Public Employees Retirement System,https://www.calhr.ca.gov,,08/06/2024,,,True,
2023,State Department,"Real Estate, Department of",,"Special Investigator, Range C",False,False,,79860,104232,,76932,0,0,600,77532,17939,0,0,3327,21266,Public Employees Retirement System,https://www.calhr.ca.gov,,08/06/2024,,,True,
2023,State Department,"Real Estate, Department of",,"Senior Accounting Officer (Specialist), Range A",False,False,,68208,85368,,74663,0,0,2770,77433,25471,0,0,8861,34332,Public Employees Retirement System,https://www.calhr.ca.gov,,08/06/2024,,,True,
2023,State Department,"Real Estate, Department of",,"Special Investigator, Range C",False,False,,79860,104232,,76803,0,0,600,77403,18836,0,0,8857,27693,Public Employees Retirement System,https://www.calhr.ca.gov,,08/06/2024,,,True,
2023,State Department,"Real Estate, Department of",,"Associate Governmental Program Analyst, Range A",False,False,,68208,85368,,74234,0,0,2420,76654,26338,0,0,22767,49104,Public Employees Retirement System,https://www.calhr.ca.gov,,08/06/2024,,,True,
2023,State Department,"Real Estate, Department of",,"Special Investigator, Range C",False,False,,79860,104232,,76583,0,0,0,76583,19491,0,0,22693,42183,Public Employees Retirement System,https://www.calhr.ca.gov,,08/06/2024,,,True,
2023,State Department,"Real Estate, Department of",,"Associate Governmental Program Analyst, Range A",False,False,,68208,85368,,71707,0,0,2420,74127,24444,0,0,8822,33266,Public Employees Retirement System,https://www.calhr.ca.gov,,08/06/2024,,,True,
2023,State Department,"Real Estate, Department of",,"Staff Services Analyst, Range C",False,False,,56712,70992,,61638,9720,0,2420,73778,22273,0,0,22767,45040,Public Employees Retirement System,https://www.calhr.ca.gov,,08/06/2024,,,True,
2023,State Department,"Real Estate, Department of",,"Special Investigator, Range B",False,False,,72780,94776,,72825,0,0,600,73425,17661,0,0,8857,26518,Public Employees Retirement System,https://www.calhr.ca.gov,,08/06/2024,,,True,
2023,State Department,"Real Estate, Department of",,Supervising Program Technician II,False,False,,49488,62004,,58943,0,11465,2870,73278,20151,0,0,10242,30393,Public Employees Retirement System,https://www.calhr.ca.gov,,08/06/2024,,,True,
2023,State Department,"Real Estate, Department of",,"Accounting Officer (Specialist), Range A",False,False,,59568,74556,,41881,0,29481,1820,73182,14336,0,0,11720,26056,Public Employees Retirement System,https://www.calhr.ca.gov,,08/06/2024,,,True,
2023,State Department,"Real Estate, Department of",,"Accounting Officer (Specialist), Range A",False,False,,59568,74556,,72466,0,0,600,73066,23453,0,0,1816,25268,Public Employees Retirement System,https://www.calhr.ca.gov,,08/06/2024,,,True,
2023,State Department,"Real Estate, Department of",,"Special Investigator, Range C",False,False,,79860,104232,,53485,0,19100,350,72935,12706,0,0,10248,22955,Public Employees Retirement System,https://www.calhr.ca.gov,,08/06/2024,,,True,
2023,State Department,"Real Estate, Department of",,"Legal Analyst, Range A",False,False,,62544,78288,,70041,0,0,2770,72811,24718,0,0,17991,42709,Public Employees Retirement System,https://www.calhr.ca.gov,,08/06/2024,,,True,
2023,State Department,"Real Estate, Department of",,"Administrative Assistant II, Range A",False,False,,68208,85368,,70985,0,0,1820,72805,25253,0,0,22698,47952,Public Employees Retirement System,https://www.calhr.ca.gov,,08/06/2024,,,True,
2023,State Department,"Real Estate, Department of",,General Auditor II,False,False,,62532,82212,,70194,0,0,2420,72614,23256,0,0,15607,38863,Public Employees Retirement System,https://www.calhr.ca.gov,,08/06/2024,,,True,
2023,State Department,"Real Estate, Department of",,Staff Services Manager I,False,False,,81120,100776,,69350,0,0,2420,71770,23462,0,0,8614,32076,Public Employees Retirement System,https://www.calhr.ca.gov,,08/06/2024,,,True,
2023,State Department,"Real Estate, Department of",,"Information Technology Associate, Range B",False,False,,61356,82224,,69830,0,0,1820,71650,24803,0,0,22001,46805,Public Employees Retirement System,https://www.calhr.ca.gov,,08/06/2024,,,True,
2023,State Department,"Real Estate, Department of",,"Deputy Commissioner, Department of Real Estate, Range C",False,False,,72780,90264,,70111,254,0,660,71025,19215,0,0,17913,37128,Public Employees Retirement System,https://www.calhr.ca.gov,,08/06/2024,,,True,
2023,State Department,"Real Estate, Department of",,"Staff Services Analyst, Range C",False,False,,56712,70992,,57920,0,0,12702,70621,20526,0,0,17151,37677,Public Employees Retirement System,https://www.calhr.ca.gov,,08/06/2024,,,True,
2023,State Department,"Real Estate, Department of",,"Associate Governmental Program Analyst, Range A",False,False,,68208,85368,,68657,0,0,1820,70477,23847,0,0,13399,37245,Public Employees Retirement System,https://www.calhr.ca.gov,,08/06/2024,,,True,
2023,State Department,"Real Estate, Department of",,"Associate Accounting Analyst, Range A",False,False,,71604,89688,,67998,0,0,2420,70418,24250,0,0,22074,46323,Public Employees Retirement System,https://www.calhr.ca.gov,,08/06/2024,,,True,
2023,State Department,"Real Estate, Department of",,"Associate Governmental Program Analyst, Range A",False,False,,68208,85368,,66055,1160,0,2420,69636,22586,0,0,8861,31448,Public Employees Retirement System,https://www.calhr.ca.gov,,08/06/2024,,,True,
2023,State Department,"Real Estate, Department of",,"Associate Personnel Analyst, Range A",False,False,,68208,85368,,66320,0,0,2420,68740,22623,0,0,8637,31260,Public Employees Retirement System,https://www.calhr.ca.gov,,08/06/2024,,,True,
2023,State Department,"Real Estate, Department of",,General Auditor II,False,False,,62532,82212,,66195,0,0,2420,68615,23256,0,0,17991,41247,Public Employees Retirement System,https://www.calhr.ca.gov,,08/06/2024,,,True,
2023,State Department,"Real Estate, Department of",,"Special Investigator, Range C",False,False,,79860,104232,,34576,0,27793,6183,68551,10066,0,0,8784,18850,Public Employees Retirement System,https://www.calhr.ca.gov,,08/06/2024,,,True,
2023,State Department,"Real Estate, Department of",,"Associate Governmental Program Analyst, Range A",False,False,,68208,85368,,65309,718,0,1606,67634,22061,0,0,8822,30883,Public Employees Retirement System,https://www.calhr.ca.gov,,08/06/2024,,,True,
2023,State Department,"Real Estate, Department of",,"Associate Governmental Program Analyst, Range A",False,False,,68208,85368,,65056,0,0,2420,67476,22527,0,0,8861,31389,Public Employees Retirement System,https://www.calhr.ca.gov,,08/06/2024,,,True,
2023,State Department,"Real Estate, Department of",,"Special Investigator, Range C",False,False,,79860,104232,,7529,0,59680,0,67209,1827,0,0,738,2565,Public Employees Retirement System,https://www.calhr.ca.gov,,08/06/2024,,,True,
2023,State Department,"Real Estate, Department of",,"Associate Governmental Program Analyst, Range A",False,False,,68208,85368,,63895,995,0,1820,66711,22527,0,0,17567,40094,Public Employees Retirement System,https://www.calhr.ca.gov,,08/06/2024,,,True,
2023,State Department,"Real Estate, Department of",,"Associate Personnel Analyst, Range A",False,False,,68208,85368,,63614,0,0,2420,66034,23033,0,0,22698,45732,Public Employees Retirement System,https://www.calhr.ca.gov,,08/06/2024,,,True,
2023,State Department,"Real Estate, Department of",,"Staff Services Analyst, Range C",False,False,,56712,70992,,63141,1126,0,600,64868,20953,0,0,136,21089,Public Employees Retirement System,https://www.calhr.ca.gov,,08/06/2024,,,True,
2023,State Department,"Real Estate, Department of",,"Staff Services Analyst, Range C",False,False,,56712,70992,,61837,501,0,2170,64508,21273,0,0,9627,30900,Public Employees Retirement System,https://www.calhr.ca.gov,,08/06/2024,,,True,
2023,State Department,"Real Estate, Department of",,"Staff Services Analyst, Range C",False,False,,56712,70992,,63734,0,0,600,64334,21150,0,0,136,21285,Public Employees Retirement System,https://www.calhr.ca.gov,,08/06/2024,,,True,
2023,State Department,"Real Estate, Department of",,"Information Officer I (Specialist), Range A",False,False,,68208,85368,,61504,0,0,2470,63974,20695,0,0,8404,29099,Public Employees Retirement System,https://www.calhr.ca.gov,,08/06/2024,,,True,
2023,State Department,"Real Estate, Department of",,Supervising Program Technician II,False,False,,49488,62004,,41162,0,20386,2270,63818,14077,0,0,7059,21136,Public Employees Retirement System,https://www.calhr.ca.gov,,08/06/2024,,,True,
2023,State Department,"Real Estate, Department of",,"Staff Services Analyst, Range C",False,False,,56712,70992,,54934,5825,0,2595,63354,19627,0,0,17581,37207,Public Employees Retirement System,https://www.calhr.ca.gov,,08/06/2024,,,True,
2023,State Department,"Real Estate, Department of",,"Legal Secretary, Range A",False,False,,49440,61908,,60820,0,0,2395,63215,20881,0,0,8822,29703,Public Employees Retirement System,https://www.calhr.ca.gov,,08/06/2024,,,True,
2023,State Department,"Real Estate, Department of",,General Auditor II,False,False,,62532,82212,,60784,0,0,2420,63204,20796,0,0,8822,29618,Public Employees Retirement System,https://www.calhr.ca.gov,,08/06/2024,,,True,
2023,State Department,"Real Estate, Department of",,"Legal Analyst, Range A",False,False,,62544,78288,,60595,0,0,2420,63015,20848,0,0,9203,30051,Public Employees Retirement System,https://www.calhr.ca.gov,,08/06/2024,,,True,
2023,State Department,"Real Estate, Department of",,"Staff Services Analyst, Range C",False,False,,56712,70992,,61165,0,0,1820,62985,20999,0,0,8861,29861,Public Employees Retirement System,https://www.calhr.ca.gov,,08/06/2024,,,True,
2023,State Department,"Real Estate, Department of",,"Staff Services Analyst, Range C",False,False,,56712,70992,,59482,788,0,2420,62690,21044,0,0,16957,38001,Public Employees Retirement System,https://www.calhr.ca.gov,,08/06/2024,,,True,
2023,State Department,"Real Estate, Department of",,Supervising Special Investigator II (Non-Peace Officer),False,False,,100452,131136,,9604,0,53003,50,62657,3298,0,0,1518,4815,Public Employees Retirement System,https://www.calhr.ca.gov,,08/06/2024,,,True,
2023,State Department,"Real Estate, Department of",,"Associate Governmental Program Analyst, Range A",False,False,,68208,85368,,60030,0,0,2607,62637,21808,0,0,22698,44507,Public Employees Retirement System,https://www.calhr.ca.gov,,08/06/2024,,,True,
2023,State Department,"Real Estate, Department of",,"Associate Governmental Program Analyst, Range A",False,False,,68208,85368,,56882,2118,0,2070,61070,20203,0,0,17567,37769,Public Employees Retirement System,https://www.calhr.ca.gov,,08/06/2024,,,True,
2023,State Department,"Real Estate, Department of",,Supervising Program Technician II,False,False,,49488,62004,,54683,3602,0,2420,60705,18970,0,0,23377,42347,Public Employees Retirement System,https://www.calhr.ca.gov,,08/06/2024,,,True,
2023,State Department,"Real Estate, Department of",,"Program Technician III, Range A",False,False,,48972,61368,,54459,3021,0,2320,59800,18773,0,0,8822,27595,Public Employees Retirement System,https://www.calhr.ca.gov,,08/06/2024,,,True,
2023,State Department,"Real Estate, Department of",,Auditor I,False,False,,48144,63348,,57698,0,0,1820,59518,19458,0,0,8637,28095,Public Employees Retirement System,https://www.calhr.ca.gov,,08/06/2024,,,True,
2023,State Department,"Real Estate, Department of",,"Legal Secretary, Range A",False,False,,49440,61908,,57676,0,0,1820,59496,20881,0,0,22001,42882,Public Employees Retirement System,https://www.calhr.ca.gov,,08/06/2024,,,True,
2023,State Department,"Real Estate, Department of",,Information Technology Manager I,False,False,,106188,142284,,58873,0,0,0,58873,0,0,0,0,0,,https://www.calhr.ca.gov,,08/06/2024,,,True,
2023,State Department,"Real Estate, Department of",,"Legal Secretary, Range A",False,False,,49440,61908,,56899,0,0,1820,58719,18939,0,0,16100,35039,Public Employees Retirement System,https://www.calhr.ca.gov,,08/06/2024,,,True,
2023,State Department,"Real Estate, Department of",,Supervising Program Technician II,False,False,,49488,62004,,55628,358,0,2420,58405,18970,0,0,9397,28367,Public Employees Retirement System,https://www.calhr.ca.gov,,08/06/2024,,,True,
2023,State Department,"Real Estate, Department of",,"Legal Secretary, Range A",False,False,,49440,61908,,55722,0,0,2120,57842,19886,0,0,17567,37453,Public Employees Retirement System,https://www.calhr.ca.gov,,08/06/2024,,,True,
2023,State Department,"Real Estate, Department of",,Supervising Program Technician II,False,False,,49488,62004,,55628,0,0,2120,57748,18970,0,0,9397,28367,Public Employees Retirement System,https://www.calhr.ca.gov,,08/06/2024,,,True,
2023,State Department,"Real Estate, Department of",,"Staff Services Analyst, Range C",False,False,,56712,70992,,52876,0,0,4820,57696,18140,0,0,7836,25975,Public Employees Retirement System,https://www.calhr.ca.gov,,08/06/2024,,,True,
2023,State Department,"Real Estate, Department of",,"Program Technician III, Range A",False,False,,48972,61368,,50306,5558,0,1820,57684,17328,0,0,8861,26189,Public Employees Retirement System,https://www.calhr.ca.gov,,08/06/2024,,,True,
2023,State Department,"Real Estate, Department of",,"Business Service Assistant (Specialist), Range C",False,False,,49188,61560,,55310,0,0,2120,57430,18935,0,0,8637,27573,Public Employees Retirement System,https://www.calhr.ca.gov,,08/06/2024,,,True,
2023,State Department,"Real Estate, Department of",,"Program Technician III, Range A",False,False,,48972,61368,,54598,0,0,2420,57018,18773,0,0,8637,27410,Public Employees Retirement System,https://www.calhr.ca.gov,,08/06/2024,,,True,
2023,State Department,"Real Estate, Department of",,"Program Technician III, Range A",False,False,,48972,61368,,54446,702,0,1820,56968,18773,0,0,8861,27635,Public Employees Retirement System,https://www.calhr.ca.gov,,08/06/2024,,,True,
2023,State Department,"Real Estate, Department of",,"Legal Secretary, Range B",False,False,,51924,65016,,54757,0,0,2120,56877,19444,0,0,16957,36402,Public Employees Retirement System,https://www.calhr.ca.gov,,08/06/2024,,,True,
2023,State Department,"Real Estate, Department of",,"Legal Secretary, Range A",False,False,,49440,61908,,54947,0,0,1820,56767,18939,0,0,8861,27801,Public Employees Retirement System,https://www.calhr.ca.gov,,08/06/2024,,,True,
2023,State Department,"Real Estate, Department of",,General Auditor II,False,False,,62532,82212,,54337,0,0,2420,56757,20744,0,0,21972,42716,Public Employees Retirement System,https://www.calhr.ca.gov,,08/06/2024,,,True,
2023,State Department,"Real Estate, Department of",,"Program Technician III, Range A",False,False,,48972,61368,,51468,2648,0,2570,56687,18773,0,0,21923,40696,Public Employees Retirement System,https://www.calhr.ca.gov,,08/06/2024,,,True,
2023,State Department,"Real Estate, Department of",,"Legal Secretary, Range A",False,False,,49440,61908,,54859,0,0,1820,56679,18939,0,0,8822,27761,Public Employees Retirement System,https://www.calhr.ca.gov,,08/06/2024,,,True,
2023,State Department,"Real Estate, Department of",,"Staff Services Analyst, Range C",False,False,,56712,70992,,53801,329,0,2420,56551,18509,0,0,8637,27147,Public Employees Retirement System,https://www.calhr.ca.gov,,08/06/2024,,,True,
2023,State Department,"Real Estate, Department of",,"Program Technician III, Range A",False,False,,48972,61368,,54547,0,0,1820,56367,18773,0,0,8861,27635,Public Employees Retirement System,https://www.calhr.ca.gov,,08/06/2024,,,True,
2023,State Department,"Real Estate, Department of",,"Staff Services Analyst, Range A",False,False,,43680,54732,,52070,3368,0,300,55737,16695,0,0,1816,18511,Public Employees Retirement System,https://www.calhr.ca.gov,,08/06/2024,,,True,
2023,State Department,"Real Estate, Department of",,Supervising Program Technician II,False,False,,49488,62004,,49009,4351,0,2220,55580,17566,0,0,18217,35783,Public Employees Retirement System,https://www.calhr.ca.gov,,08/06/2024,,,True,
2023,State Department,"Real Estate, Department of",,Program Technician II,False,False,,43356,54336,,48228,4364,0,2420,55012,16713,0,0,8861,25575,Public Employees Retirement System,https://www.calhr.ca.gov,,08/06/2024,,,True,
2023,State Department,"Real Estate, Department of",,"Staff Services Analyst, Range C",False,False,,56712,70992,,53015,0,0,1970,54985,19530,0,0,22767,42297,Public Employees Retirement System,https://www.calhr.ca.gov,,08/06/2024,,,True,
2023,State Department,"Real Estate, Department of",,Program Technician II,False,False,,43356,54336,,48223,4331,0,2420,54975,16713,0,0,17991,34704,Public Employees Retirement System,https://www.calhr.ca.gov,,08/06/2024,,,True,
2023,State Department,"Real Estate, Department of",,"Associate Personnel Analyst, Range A",False,False,,68208,85368,,52585,0,0,2270,54855,19277,0,0,22767,42044,Public Employees Retirement System,https://www.calhr.ca.gov,,08/06/2024,,,True,
2023,State Department,"Real Estate, Department of",,Auditor I,False,False,,48144,63348,,52288,0,0,2420,54708,17323,0,0,20380,37704,Public Employees Retirement System,https://www.calhr.ca.gov,,08/06/2024,,,True,
2023,State Department,"Real Estate, Department of",,Program Technician II,False,False,,43356,54336,,52259,0,0,2120,54379,17890,0,0,8822,26712,Public Employees Retirement System,https://www.calhr.ca.gov,,08/06/2024,,,True,
2023,State Department,"Real Estate, Department of",,"Special Investigator, Range A",False,False,,63768,79152,,54142,0,0,0,54142,14381,0,0,22693,37074,Public Employees Retirement System,https://www.calhr.ca.gov,,08/06/2024,,,True,
2023,State Department,"Real Estate, Department of",,"Program Technician III, Range A",False,False,,48972,61368,,51073,234,0,2370,53677,17255,0,0,8861,26116,Public Employees Retirement System,https://www.calhr.ca.gov,,08/06/2024,,,True,
2023,State Department,"Real Estate, Department of",,"Information Technology Specialist I, Range C",False,False,,88956,119184,,53316,0,0,287,53603,18660,0,0,14704,33365,Public Employees Retirement System,https://www.calhr.ca.gov,,08/06/2024,,,True,
2023,State Department,"Real Estate, Department of",,"Program Technician III, Range A",False,False,,48972,61368,,51083,0,0,2420,53503,18773,0,0,22698,41472,Public Employees Retirement System,https://www.calhr.ca.gov,,08/06/2024,,,True,
2023,State Department,"Real Estate, Department of",,"Staff Services Analyst, Range C",False,False,,56712,70992,,51039,0,0,2320,53359,17561,0,0,8637,26198,Public Employees Retirement System,https://www.calhr.ca.gov,,08/06/2024,,,True,
2023,State Department,"Real Estate, Department of",,"Legal Secretary, Range B",False,False,,51924,65016,,51367,0,0,1820,53187,17715,0,0,8822,26537,Public Employees Retirement System,https://www.calhr.ca.gov,,08/06/2024,,,True,
2023,State Department,"Real Estate, Department of",,Program Technician II,False,False,,43356,54336,,48568,1876,0,2420,52863,16713,0,0,17567,34280,Public Employees Retirement System,https://www.calhr.ca.gov,,08/06/2024,,,True,
2023,State Department,"Real Estate, Department of",,Auditor I,False,False,,48144,63348,,50987,0,0,1820,52807,17178,0,0,8593,25771,Public Employees Retirement System,https://www.calhr.ca.gov,,08/06/2024,,,True,
2023,State Department,"Real Estate, Department of",,Program Technician II,False,False,,43356,54336,,48241,1789,0,2420,52451,16713,0,0,8822,25535,Public Employees Retirement System,https://www.calhr.ca.gov,,08/06/2024,,,True,
2023,State Department,"Real Estate, Department of",,Program Technician II,False,False,,43356,54336,,51597,0,0,600,52197,16713,0,0,2826,19540,Public Employees Retirement System,https://www.calhr.ca.gov,,08/06/2024,,,True,
2023,State Department,"Real Estate, Department of",,"Legal Secretary, Range B",False,False,,51924,65016,,50183,0,0,1820,52003,19891,0,0,17581,37472,Public Employees Retirement System,https://www.calhr.ca.gov,,08/06/2024,,,True,
2023,State Department,"Real Estate, Department of",,"Accountant Trainee, Range A",False,False,,50244,59904,,50083,0,0,1820,51903,17933,0,0,16870,34803,Public Employees Retirement System,https://www.calhr.ca.gov,,08/06/2024,,,True,
2023,State Department,"Real Estate, Department of",,"Deputy Commissioner, Department of Real Estate, Range A",False,False,,54720,64128,,51642,0,0,254,51896,12289,0,0,18945,31234,Public Employees Retirement System,https://www.calhr.ca.gov,,08/06/2024,,,True,
2023,State Department,"Real Estate, Department of",,Program Technician II,False,False,,43356,54336,,48228,921,0,2345,51494,16713,0,0,8861,25575,Public Employees Retirement System,https://www.calhr.ca.gov,,08/06/2024,,,True,
2023,State Department,"Real Estate, Department of",,Program Technician II,False,False,,43356,54336,,49491,0,0,1820,51311,16713,0,0,8637,25351,Public Employees Retirement System,https://www.calhr.ca.gov,,08/06/2024,,,True,
2023,State Department,"Real Estate, Department of",,"Deputy Commissioner, Department of Real Estate, Range B",False,False,,63768,75384,,50985,0,0,300,51285,13428,0,0,22693,36120,Public Employees Retirement System,https://www.calhr.ca.gov,,08/06/2024,,,True,
2023,State Department,"Real Estate, Department of",,Program Technician II,False,False,,43356,54336,,49174,0,0,1820,50994,17481,0,0,17151,34632,Public Employees Retirement System,https://www.calhr.ca.gov,,08/06/2024,,,True,
2023,State Department,"Real Estate, Department of",,"Office Technician (Typing), Range A",False,False,,43308,54216,,48350,0,0,2420,50770,16675,0,0,17567,34242,Public Employees Retirement System,https://www.calhr.ca.gov,,08/06/2024,,,True,
2023,State Department,"Real Estate, Department of",,Program Technician II,False,False,,43356,54336,,48343,0,0,2420,50763,16713,0,0,8822,25535,Public Employees Retirement System,https://www.calhr.ca.gov,,08/06/2024,,,True,
2023,State Department,"Real Estate, Department of",,Program Technician II,False,False,,43356,54336,,48228,0,0,2420,50648,16713,0,0,8861,25575,Public Employees Retirement System,https://www.calhr.ca.gov,,08/06/2024,,,True,
2023,State Department,"Real Estate, Department of",,"Office Technician (Typing), Range A",False,False,,43308,54216,,48704,0,0,1820,50524,16443,0,0,8593,25036,Public Employees Retirement System,https://www.calhr.ca.gov,,08/06/2024,,,True,
2023,State Department,"Real Estate, Department of",,Program Technician II,False,False,,43356,54336,,48330,0,0,2120,50450,16713,0,0,8861,25575,Public Employees Retirement System,https://www.calhr.ca.gov,,08/06/2024,,,True,
2023,State Department,"Real Estate, Department of",,Program Technician II,False,False,,43356,54336,,48228,0,0,2120,50348,16713,0,0,8861,25575,Public Employees Retirement System,https://www.calhr.ca.gov,,08/06/2024,,,True,
2023,State Department,"Real Estate, Department of",,Program Technician II,False,False,,43356,54336,,50328,0,0,0,50328,16674,0,0,579,17253,Public Employees Retirement System,https://www.calhr.ca.gov,,08/06/2024,,,True,
2023,State Department,"Real Estate, Department of",,"Program Technician III, Range A",False,False,,48972,61368,,45362,2028,0,2820,50210,15916,0,0,8571,24487,Public Employees Retirement System,https://www.calhr.ca.gov,,08/06/2024,,,True,
2023,State Department,"Real Estate, Department of",,Program Technician II,False,False,,43356,54336,,47926,0,0,2120,50046,15958,0,0,8137,24095,Public Employees Retirement System,https://www.calhr.ca.gov,,08/06/2024,,,True,
2023,State Department,"Real Estate, Department of",,"Personnel Specialist, Range B",False,False,,52392,65688,,45166,0,0,4820,49986,15615,0,0,8637,24252,Public Employees Retirement System,https://www.calhr.ca.gov,,08/06/2024,,,True,
2023,State Department,"Real Estate, Department of",,"Office Technician (Typing), Range A",False,False,,43308,54216,,48112,0,0,1820,49932,16675,0,0,8861,25536,Public Employees Retirement System,https://www.calhr.ca.gov,,08/06/2024,,,True,
2023,State Department,"Real Estate, Department of",,Program Technician II,False,False,,43356,54336,,46589,0,0,2920,49509,16713,0,0,17567,34280,Public Employees Retirement System,https://www.calhr.ca.gov,,08/06/2024,,,True,
2023,State Department,"Real Estate, Department of",,"Staff Services Analyst, Range C",False,False,,56712,70992,,46020,2018,0,1381,49418,16304,0,0,15844,32148,Public Employees Retirement System,https://www.calhr.ca.gov,,08/06/2024,,,True,
2023,State Department,"Real Estate, Department of",,Program Technician II,False,False,,43356,54336,,43591,3369,0,2420,49380,15321,0,0,22074,37395,Public Employees Retirement System,https://www.calhr.ca.gov,,08/06/2024,,,True,
2023,State Department,"Real Estate, Department of",,"Staff Services Analyst, Range C",False,False,,56712,70992,,46596,0,0,2620,49216,17282,0,0,22698,39980,Public Employees Retirement System,https://www.calhr.ca.gov,,08/06/2024,,,True,
2023,State Department,"Real Estate, Department of",,"Management Services Technician, Range B",False,False,,45432,56916,,47250,0,0,1820,49070,17508,0,0,22698,40206,Public Employees Retirement System,https://www.calhr.ca.gov,,08/06/2024,,,True,
2023,State Department,"Real Estate, Department of",,"Office Assistant (Typing), Range B",False,False,,40152,50280,,46794,0,0,1820,48614,16154,0,0,8593,24747,Public Employees Retirement System,https://www.calhr.ca.gov,,08/06/2024,,,True,
2023,State Department,"Real Estate, Department of",,Program Technician II,False,False,,43356,54336,,46113,0,0,2420,48533,15979,0,0,8861,24841,Public Employees Retirement System,https://www.calhr.ca.gov,,08/06/2024,,,True,
2023,State Department,"Real Estate, Department of",,Program Technician II,False,False,,43356,54336,,46101,0,0,2420,48521,15958,0,0,8593,24551,Public Employees Retirement System,https://www.calhr.ca.gov,,08/06/2024,,,True,
2023,State Department,"Real Estate, Department of",,Program Technician II,False,False,,43356,54336,,46148,0,0,1820,47968,16713,0,0,19116,35830,Public Employees Retirement System,https://www.calhr.ca.gov,,08/06/2024,,,True,
2023,State Department,"Real Estate, Department of",,Program Technician II,False,False,,43356,54336,,46144,0,0,1820,47964,16713,0,0,17922,34636,Public Employees Retirement System,https://www.calhr.ca.gov,,08/06/2024,,,True,
2023,State Department,"Real Estate, Department of",,"Office Technician (Typing), Range A",False,False,,43308,54216,,45452,0,0,2120,47572,15755,0,0,8822,24577,Public Employees Retirement System,https://www.calhr.ca.gov,,08/06/2024,,,True,
2023,State Department,"Real Estate, Department of",,Program Technician II,False,False,,43356,54336,,44761,0,0,2420,47181,16660,0,0,21972,38632,Public Employees Retirement System,https://www.calhr.ca.gov,,08/06/2024,,,True,
2023,State Department,"Real Estate, Department of",,"Office Technician (Typing), Range A",False,False,,43308,54216,,45131,0,259,1636,47025,16846,0,0,19687,36533,Public Employees Retirement System,https://www.calhr.ca.gov,,08/06/2024,,,True,
2023,State Department,"Real Estate, Department of",,Program Technician II,False,False,,43356,54336,,43172,0,0,2770,45942,15146,0,0,21972,37119,Public Employees Retirement System,https://www.calhr.ca.gov,,08/06/2024,,,True,
2023,State Department,"Real Estate, Department of",,Program Technician II,False,False,,43356,54336,,41864,1257,0,2470,45591,14567,0,0,8822,23389,Public Employees Retirement System,https://www.calhr.ca.gov,,08/06/2024,,,True,
2023,State Department,"Real Estate, Department of",,"Office Assistant (General), Range B",False,False,,39372,49284,,45263,0,0,300,45563,14439,0,0,1816,16255,Public Employees Retirement System,https://www.calhr.ca.gov,,08/06/2024,,,True,
2023,State Department,"Real Estate, Department of",,"Office Assistant (Typing), Range B",False,False,,40152,50280,,42234,1076,0,2120,45430,14599,0,0,8593,23193,Public Employees Retirement System,https://www.calhr.ca.gov,,08/06/2024,,,True,
2023,State Department,"Real Estate, Department of",,"Program Technician III, Range A",False,False,,48972,61368,,42323,0,0,2220,44543,14673,0,0,8637,23310,Public Employees Retirement System,https://www.calhr.ca.gov,,08/06/2024,,,True,
2023,State Department,"Real Estate, Department of",,"Office Technician (Typing), Range A",False,False,,43308,54216,,42081,0,0,1820,43901,15264,0,0,17186,32450,Public Employees Retirement System,https://www.calhr.ca.gov,,08/06/2024,,,True,
2023,State Department,"Real Estate, Department of",,"Staff Services Analyst, Range C",False,False,,56712,70992,,42388,0,0,943,43331,15488,0,0,18904,34392,Public Employees Retirement System,https://www.calhr.ca.gov,,08/06/2024,,,True,
2023,State Department,"Real Estate, Department of",,"Office Technician (Typing), Range A",False,False,,43308,54216,,40593,0,0,2120,42713,14100,0,0,8637,22737,Public Employees Retirement System,https://www.calhr.ca.gov,,08/06/2024,,,True,
2023,State Department,"Real Estate, Department of",,"Special Investigator, Range C",False,False,,79860,104232,,42058,0,0,600,42658,11099,0,0,22693,33792,Public Employees Retirement System,https://www.calhr.ca.gov,,08/06/2024,,,True,
2023,State Department,"Real Estate, Department of",,"Office Assistant (General), Range B",False,False,,39372,49284,,40777,0,0,1820,42597,15159,0,0,8822,23981,Public Employees Retirement System,https://www.calhr.ca.gov,,08/06/2024,,,True,
2023,State Department,"Real Estate, Department of",,"Office Technician (Typing), Range A",False,False,,43308,54216,,40254,0,0,1820,42074,15294,0,0,22698,37992,Public Employees Retirement System,https://www.calhr.ca.gov,,08/06/2024,,,True,
2023,State Department,"Real Estate, Department of",,"Office Technician (Typing), Range A",False,False,,43308,54216,,40206,0,0,1820,42026,15464,0,0,22767,38231,Public Employees Retirement System,https://www.calhr.ca.gov,,08/06/2024,,,True,
2023,State Department,"Real Estate, Department of",,"Program Technician, Range A",False,False,,37500,50400,,36292,0,3519,2045,41856,12544,0,0,7198,19742,Public Employees Retirement System,https://www.calhr.ca.gov,,08/06/2024,,,True,
2023,State Department,"Real Estate, Department of",,Program Technician II,False,False,,43356,54336,,38575,771,0,2420,41766,13680,0,0,22767,36447,Public Employees Retirement System,https://www.calhr.ca.gov,,08/06/2024,,,True,
2023,State Department,"Real Estate, Department of",,"Office Technician (General), Range A",False,False,,42516,53280,,39782,0,0,1820,41602,15010,0,0,21972,36982,Public Employees Retirement System,https://www.calhr.ca.gov,,08/06/2024,,,True,
2023,State Department,"Real Estate, Department of",,Program Technician II,False,False,,43356,54336,,38663,0,0,2120,40783,13119,0,0,7385,20503,Public Employees Retirement System,https://www.calhr.ca.gov,,08/06/2024,,,True,
2023,State Department,"Real Estate, Department of",,"Office Technician (General), State Employment Initiative",False,False,,42132,52764,,40424,0,0,0,40424,13254,0,0,136,13390,Public Employees Retirement System,https://www.calhr.ca.gov,,08/06/2024,,,True,
2023,State Department,"Real Estate, Department of",,"Office Technician (Typing), Range A",False,False,,43308,54216,,39285,0,0,0,39285,12952,0,0,358,13309,Public Employees Retirement System,https://www.calhr.ca.gov,,08/06/2024,,,True,
2023,State Department,"Real Estate, Department of",,"Office Technician (Typing), Range A",False,False,,43308,54216,,35397,1105,0,1820,38321,12310,0,0,14639,26949,Public Employees Retirement System,https://www.calhr.ca.gov,,08/06/2024,,,True,
2023,State Department,"Real Estate, Department of",,Program Technician II,False,False,,43356,54336,,36851,0,0,0,36851,12208,0,0,124,12332,Public Employees Retirement System,https://www.calhr.ca.gov,,08/06/2024,,,True,
2023,State Department,"Real Estate, Department of",,"Accountant Trainee, Range A",False,False,,50244,59904,,34076,0,0,1230,35306,11717,0,0,5850,17567,Public Employees Retirement System,https://www.calhr.ca.gov,,08/06/2024,,,True,
2023,State Department,"Real Estate, Department of",,Program Technician II,False,False,,43356,54336,,33875,0,649,400,34924,10862,0,0,1211,12072,Public Employees Retirement System,https://www.calhr.ca.gov,,08/06/2024,,,True,
2023,State Department,"Real Estate, Department of",,"Office Assistant (General), Range B",False,False,,39372,49284,,31177,0,0,2420,33597,12051,0,0,22074,34124,Public Employees Retirement System,https://www.calhr.ca.gov,,08/06/2024,,,True,
2023,State Department,"Real Estate, Department of",,"Deputy Commissioner, Department of Real Estate, Range D",False,False,,79860,99264,,31217,0,0,-52,31165,7473,0,0,2239,9712,Public Employees Retirement System,https://www.calhr.ca.gov,,08/06/2024,,,True,
2023,State Department,"Real Estate, Department of",,Program Technician II,False,False,,43356,54336,,7662,598,22032,360,30651,2644,0,0,2870,5514,Public Employees Retirement System,https://www.calhr.ca.gov,,08/06/2024,,,True,
2023,State Department,"Real Estate, Department of",,Program Technician II,False,False,,43356,54336,,25659,983,0,1540,28182,9788,0,0,22076,31864,Public Employees Retirement System,https://www.calhr.ca.gov,,08/06/2024,,,True,
2023,State Department,"Real Estate, Department of",,"Administrative Assistant II, Range A",False,False,,68208,85368,,18595,8046,0,780,27421,6631,0,0,5691,12322,Public Employees Retirement System,https://www.calhr.ca.gov,,08/06/2024,,,True,
2023,State Department,"Real Estate, Department of",,"Office Technician (General), Range A",False,False,,42516,53280,,24746,0,0,1820,26566,8735,0,0,14516,23251,Public Employees Retirement System,https://www.calhr.ca.gov,,08/06/2024,,,True,
2023,State Department,"Real Estate, Department of",,Program Technician II,False,False,,43356,54336,,24613,511,0,506,25630,8530,0,0,5727,14258,Public Employees Retirement System,https://www.calhr.ca.gov,,08/06/2024,,,True,
2023,State Department,"Real Estate, Department of",,"Office Assistant (General), Range B",False,False,,39372,49284,,19559,0,0,1488,21047,6741,0,0,8618,15359,Public Employees Retirement System,https://www.calhr.ca.gov,,08/06/2024,,,True,
2023,State Department,"Real Estate, Department of",,"Program Technician III, Range A",False,False,,48972,61368,,7374,0,9671,260,17305,3026,0,0,2927,5953,Public Employees Retirement System,https://www.calhr.ca.gov,,08/06/2024,,,True,
2023,State Department,"Real Estate, Department of",,"Program Technician, Range A",False,False,,37500,50400,,7683,0,6747,780,15210,2733,0,0,2300,5033,Public Employees Retirement System,https://www.calhr.ca.gov,,08/06/2024,,,True,
2023,State Department,"Real Estate, Department of",,"Deputy Commissioner, Department of Real Estate, Range D",False,False,,79860,99264,,13343,0,0,0,13343,0,0,0,0,0,,https://www.calhr.ca.gov,,08/06/2024,,,True,
2023,State Department,"Real Estate, Department of",,"Information Technology Specialist I, Range C",False,False,,88956,119184,,9122,0,2268,25,11415,3086,0,0,735,3821,Public Employees Retirement System,https://www.calhr.ca.gov,,08/06/2024,,,True,
2023,State Department,"Real Estate, Department of",,Program Technician II,False,False,,43356,54336,,10748,0,0,200,10948,3594,0,0,339,3934,Public Employees Retirement System,https://www.calhr.ca.gov,,08/06/2024,,,True,
2023,State Department,"Real Estate, Department of",,"Associate Governmental Program Analyst, Range A",False,False,,68208,85368,,10082,0,0,0,10082,0,0,0,0,0,,https://www.calhr.ca.gov,,08/06/2024,,,True,
2023,State Department,"Real Estate, Department of",,"Associate Governmental Program Analyst, Range A",False,False,,68208,85368,,6874,382,1989,-1380,7865,2737,0,0,33,2770,Public Employees Retirement System,https://www.calhr.ca.gov,,08/06/2024,,,True,
2023,State Department,"Real Estate, Department of",,"Program Technician, Range A",False,False,,37500,50400,,7157,0,0,520,7677,2525,0,0,2878,5404,Public Employees Retirement System,https://www.calhr.ca.gov,,08/06/2024,,,True,
2023,State Department,"Real Estate, Department of",,"Office Technician (General), Range A",False,False,,42516,53280,,7394,0,0,0,7394,0,0,0,0,0,,https://www.calhr.ca.gov,,08/06/2024,,,True,
2023,State Department,"Real Estate, Department of",,Program Technician II,False,False,,43356,54336,,7066,0,0,0,7066,2343,0,0,34,2377,Public Employees Retirement System,https://www.calhr.ca.gov,,08/06/2024,,,True,
2023,State Department,"Real Estate, Department of",,Staff Services Manager III,False,False,,108264,122916,,6771,0,0,0,6771,0,0,0,0,0,,https://www.calhr.ca.gov,,08/06/2024,,,True,
2023,State Department,"Real Estate, Department of",,"Senior Personnel Specialist, Range A",False,False,,64056,80268,,4710,0,0,0,4710,0,0,0,0,0,,https://www.calhr.ca.gov,,08/06/2024,,,True,
2023,State Department,"Real Estate, Department of",,Program Technician II,False,False,,43356,54336,,3370,0,0,-319,3050,1112,0,0,1386,2498,Public Employees Retirement System,https://www.calhr.ca.gov,,08/06/2024,,,True,
2023,State Department,"Real Estate, Department of",,"Personnel Specialist, Range B",False,False,,52392,65688,,2118,0,0,-383,1735,699,0,0,1784,2483,Public Employees Retirement System,https://www.calhr.ca.gov,,08/06/2024,,,True,
2023,State Department,"Real Estate, Department of",,"Staff Services Analyst, Range C",False,False,,56712,70992,,0,0,0,50,50,0,0,0,3451,3451,Public Employees Retirement System,https://www.calhr.ca.gov,,08/06/2024,,,True,
2023,State Department,"Real Estate, Department of",,"Associate Personnel Analyst, Range A",False,False,,68208,85368,,0,0,0,50,50,0,0,0,0,0,Public Employees Retirement System,https://www.calhr.ca.gov,,08/06/2024,,,True,

