﻿Year,EmployerType,EmployerName,DepartmentOrSubdivision,Position,ElectedOfficial,Judicial,OtherPositions,MinPositionSalary,MaxPositionSalary,ReportedBaseWage,RegularPay,OvertimePay,LumpSumPay,OtherPay,TotalWages,DefinedBenefitPlanContribution,EmployeesRetirementCostCovered,DeferredCompensationPlan,HealthDentalVision,TotalRetirementAndHealthContribution,PensionFormula,EmployerURL,EmployerPopulation,LastUpdatedDate,EmployerCounty,SpecialDistrictActivities,IncludesUnfundedLiability,SpecialDistrictType
2023,State Department,San Diego River Conservancy,,"Executive Officer, San Diego River Conservancy",False,False,,127500,142008,,125979,0,0,7497,133476,42982,0,0,23377,66359,Public Employees Retirement System,https://www.calhr.ca.gov,,08/06/2024,,,True,
2023,State Department,San Diego River Conservancy,,Senior Environmental Scientist(Specialist),False,False,,88032,109512,,81854,0,0,3608,85462,29991,0,0,46638,76629,Public Employees Retirement System,https://www.calhr.ca.gov,,08/06/2024,,,True,
2023,State Department,San Diego River Conservancy,,"Associate Governmental Program Analyst, Range A",False,False,,68208,85368,,77195,0,0,5511,82706,26303,0,0,17567,43870,Public Employees Retirement System,https://www.calhr.ca.gov,,08/06/2024,,,True,

