﻿Year,EmployerType,EmployerName,DepartmentOrSubdivision,Position,ElectedOfficial,Judicial,OtherPositions,MinPositionSalary,MaxPositionSalary,ReportedBaseWage,RegularPay,OvertimePay,LumpSumPay,OtherPay,TotalWages,DefinedBenefitPlanContribution,EmployeesRetirementCostCovered,DeferredCompensationPlan,HealthDentalVision,TotalRetirementAndHealthContribution,PensionFormula,EmployerURL,EmployerPopulation,LastUpdatedDate,EmployerCounty,SpecialDistrictActivities,IncludesUnfundedLiability,SpecialDistrictType
2023,State Department,San Gabriel & Lower Los Angeles Rivers & Mountains Conservancy,,"Executive Officer, San Gabriel Lower Los Angeles Rivers and Mountains Conservancy",False,False,,133608,148920,,133568,0,0,17493,151061,44848,0,0,17482,62330,Public Employees Retirement System,https://www.calhr.ca.gov,,08/06/2024,,,True,
2023,State Department,San Gabriel & Lower Los Angeles Rivers & Mountains Conservancy,,Staff Services Manager II (Managerial),False,False,,98580,111972,,94426,0,0,6385,100811,31590,0,0,23377,54967,Public Employees Retirement System,https://www.calhr.ca.gov,,08/06/2024,,,True,
2023,State Department,San Gabriel & Lower Los Angeles Rivers & Mountains Conservancy,,Conservancy Project Development Analyst II,False,False,,82884,103824,,81872,0,0,5615,87487,27952,0,0,8637,36589,Public Employees Retirement System,https://www.calhr.ca.gov,,08/06/2024,,,True,
2023,State Department,San Gabriel & Lower Los Angeles Rivers & Mountains Conservancy,,Conservancy Project Development Manager,False,False,,103068,128064,,69898,0,0,11619,81517,22994,0,0,9397,32391,Public Employees Retirement System,https://www.calhr.ca.gov,,08/06/2024,,,True,
2023,State Department,San Gabriel & Lower Los Angeles Rivers & Mountains Conservancy,,Conservancy Project Development Analyst II,False,False,,82884,103824,,75950,0,0,2420,78370,25812,0,0,8637,34449,Public Employees Retirement System,https://www.calhr.ca.gov,,08/06/2024,,,True,
2023,State Department,San Gabriel & Lower Los Angeles Rivers & Mountains Conservancy,,Conservancy Project Development Specialist,False,False,,88584,110844,,61962,0,1858,2320,66140,22341,0,0,24116,46458,Public Employees Retirement System,https://www.calhr.ca.gov,,08/06/2024,,,True,
2023,State Department,San Gabriel & Lower Los Angeles Rivers & Mountains Conservancy,,"Staff Services Analyst, Range C",False,False,,56712,70992,,59969,0,0,2245,62214,21720,0,0,22767,44487,Public Employees Retirement System,https://www.calhr.ca.gov,,08/06/2024,,,True,
2023,State Department,San Gabriel & Lower Los Angeles Rivers & Mountains Conservancy,,"Associate Governmental Program Analyst, Range A",False,False,,68208,85368,,52569,0,0,2320,54889,19230,0,0,20870,40100,Public Employees Retirement System,https://www.calhr.ca.gov,,08/06/2024,,,True,
2023,State Department,San Gabriel & Lower Los Angeles Rivers & Mountains Conservancy,,"Associate Governmental Program Analyst, Range A",False,False,,68208,85368,,41531,0,0,776,42307,13971,0,0,14704,28676,Public Employees Retirement System,https://www.calhr.ca.gov,,08/06/2024,,,True,
2023,State Department,San Gabriel & Lower Los Angeles Rivers & Mountains Conservancy,,"Office Technician (General), Range A",False,False,,42516,53280,,38791,0,0,2320,41111,13503,0,0,8637,22140,Public Employees Retirement System,https://www.calhr.ca.gov,,08/06/2024,,,True,
2023,State Department,San Gabriel & Lower Los Angeles Rivers & Mountains Conservancy,,"Board Member, San Gabriel Lower Los Angeles River",False,False,,19440,19440,,675,0,0,0,675,0,0,0,0,0,,https://www.calhr.ca.gov,,08/06/2024,,,True,
2023,State Department,San Gabriel & Lower Los Angeles Rivers & Mountains Conservancy,,"Board Member, San Gabriel Lower Los Angeles River",False,False,,19440,19440,,675,0,0,0,675,0,0,0,0,0,,https://www.calhr.ca.gov,,08/06/2024,,,True,
2023,State Department,San Gabriel & Lower Los Angeles Rivers & Mountains Conservancy,,"Board Member, San Gabriel Lower Los Angeles River",False,False,,19440,19440,,300,0,0,0,300,0,0,0,0,0,,https://www.calhr.ca.gov,,08/06/2024,,,True,
2023,State Department,San Gabriel & Lower Los Angeles Rivers & Mountains Conservancy,,"Board Member, San Gabriel Lower Los Angeles River",False,False,,19440,19440,,225,0,0,0,225,0,0,0,0,0,,https://www.calhr.ca.gov,,08/06/2024,,,True,
2023,State Department,San Gabriel & Lower Los Angeles Rivers & Mountains Conservancy,,"Board Member, San Gabriel Lower Los Angeles River",False,False,,19440,19440,,131,0,0,0,131,0,0,0,0,0,,https://www.calhr.ca.gov,,08/06/2024,,,True,

