﻿Year,EmployerType,EmployerName,DepartmentOrSubdivision,Position,ElectedOfficial,Judicial,OtherPositions,MinPositionSalary,MaxPositionSalary,ReportedBaseWage,RegularPay,OvertimePay,LumpSumPay,OtherPay,TotalWages,DefinedBenefitPlanContribution,EmployeesRetirementCostCovered,DeferredCompensationPlan,HealthDentalVision,TotalRetirementAndHealthContribution,PensionFormula,EmployerURL,EmployerPopulation,LastUpdatedDate,EmployerCounty,SpecialDistrictActivities,IncludesUnfundedLiability,SpecialDistrictType
2023,State Department,San Joaquin River Conservancy,,"Executive Officer, San Joaquin River Conservancy",False,False,,127500,142008,,38202,0,70532,1040,109774,13780,0,0,7590,21369,Public Employees Retirement System,https://www.calhr.ca.gov,,08/06/2024,,,True,
2023,State Department,San Joaquin River Conservancy,,Staff Park and Recreation Specialist,False,False,,84816,105396,,92208,1703,0,550,94461,30015,0,0,2866,32880,Public Employees Retirement System,https://www.calhr.ca.gov,,08/06/2024,,,True,
2023,State Department,San Joaquin River Conservancy,,Staff Services Manager I,False,False,,81120,100776,,78792,0,0,2470,81262,27755,0,0,23045,50800,Public Employees Retirement System,https://www.calhr.ca.gov,,08/06/2024,,,True,
2023,State Department,San Joaquin River Conservancy,,"Staff Services Analyst, Range B",False,False,,47292,59196,,46749,10539,0,1870,59158,17210,0,0,21972,39182,Public Employees Retirement System,https://www.calhr.ca.gov,,08/06/2024,,,True,
2023,State Department,San Joaquin River Conservancy,,Park Maintenance Worker I,False,False,,46416,58200,,46126,0,0,0,46126,16214,0,0,8404,24618,Public Employees Retirement System,https://www.calhr.ca.gov,,08/06/2024,,,True,

