﻿Year,EmployerType,EmployerName,DepartmentOrSubdivision,Position,ElectedOfficial,Judicial,OtherPositions,MinPositionSalary,MaxPositionSalary,ReportedBaseWage,RegularPay,OvertimePay,LumpSumPay,OtherPay,TotalWages,DefinedBenefitPlanContribution,EmployeesRetirementCostCovered,DeferredCompensationPlan,HealthDentalVision,TotalRetirementAndHealthContribution,PensionFormula,EmployerURL,EmployerPopulation,LastUpdatedDate,EmployerCounty,SpecialDistrictActivities,IncludesUnfundedLiability,SpecialDistrictType
2023,State Department,Santa Monica Mountains Conservancy,,"Attorney III, Range A",False,False,,126432,162312,,158822,0,0,3677,162499,51030,0,0,1996,53026,Public Employees Retirement System,https://www.calhr.ca.gov,,08/06/2024,,,True,
2023,State Department,Santa Monica Mountains Conservancy,,Executive Director/Santa Monica Mountains Conservancy,False,False,,133608,148920,,135155,0,0,7793,142948,0,0,0,9397,9397,,https://www.calhr.ca.gov,,08/06/2024,,,True,
2023,State Department,Santa Monica Mountains Conservancy,,Staff Services Manager II (Managerial),False,False,,98580,111972,,102006,0,0,6651,108657,35222,0,0,9397,44619,Public Employees Retirement System,https://www.calhr.ca.gov,,08/06/2024,,,True,
2023,State Department,Santa Monica Mountains Conservancy,,Conservancy Project Development Manager,False,False,,103068,128064,,51349,0,0,4536,55884,18562,0,0,23377,41938,Public Employees Retirement System,https://www.calhr.ca.gov,,08/06/2024,,,True,
2023,State Department,Santa Monica Mountains Conservancy,,"Associate Governmental Program Analyst, Range A",False,False,,68208,85368,,36147,0,0,650,36797,11976,0,0,136,12112,Public Employees Retirement System,https://www.calhr.ca.gov,,08/06/2024,,,True,
2023,State Department,Santa Monica Mountains Conservancy,,"Executive Secretary II, Range A",False,False,,53532,66996,,30317,0,0,1297,31614,10044,0,0,136,10180,Public Employees Retirement System,https://www.calhr.ca.gov,,08/06/2024,,,True,

