﻿Year,EmployerType,EmployerName,DepartmentOrSubdivision,Position,ElectedOfficial,Judicial,OtherPositions,MinPositionSalary,MaxPositionSalary,ReportedBaseWage,RegularPay,OvertimePay,LumpSumPay,OtherPay,TotalWages,DefinedBenefitPlanContribution,EmployeesRetirementCostCovered,DeferredCompensationPlan,HealthDentalVision,TotalRetirementAndHealthContribution,PensionFormula,EmployerURL,EmployerPopulation,LastUpdatedDate,EmployerCounty,SpecialDistrictActivities,IncludesUnfundedLiability,SpecialDistrictType
2023,State Department,"Coastal Conservancy, State",,"Chief Counsel I, C.E.A.",False,False,,177348,207504,,190142,0,0,650,190792,63514,0,0,23377,86891,Public Employees Retirement System,https://www.calhr.ca.gov,,08/06/2024,,,True,
2023,State Department,"Coastal Conservancy, State",,Executive Officer/California Coastal Conservancy,False,False,,150348,167460,,142305,0,0,77,142382,47294,0,0,11756,59050,Public Employees Retirement System,https://www.calhr.ca.gov,,08/06/2024,,,True,
2023,State Department,"Coastal Conservancy, State",,"C.E.A., Range A",False,False,,117060,241728,,130887,0,0,2420,133307,44568,0,0,18217,62785,Public Employees Retirement System,https://www.calhr.ca.gov,,08/06/2024,,,True,
2023,State Department,"Coastal Conservancy, State",,Public Land Manager II,False,False,,125340,142272,,122170,0,0,2470,124640,41246,0,0,23377,64623,Public Employees Retirement System,https://www.calhr.ca.gov,,08/06/2024,,,True,
2023,State Department,"Coastal Conservancy, State",,"Attorney III, Range A",False,False,,126432,162312,,123722,0,0,543,124265,40947,0,0,10309,51256,Public Employees Retirement System,https://www.calhr.ca.gov,,08/06/2024,,,True,
2023,State Department,"Coastal Conservancy, State",,Public Land Manager II,False,False,,125340,142272,,120667,0,0,3084,123751,41246,0,0,18217,59463,Public Employees Retirement System,https://www.calhr.ca.gov,,08/06/2024,,,True,
2023,State Department,"Coastal Conservancy, State",,Public Land Manager II,False,False,,125340,142272,,119509,0,0,1820,121329,41246,0,0,23377,64623,Public Employees Retirement System,https://www.calhr.ca.gov,,08/06/2024,,,True,
2023,State Department,"Coastal Conservancy, State",,"Information Technology Specialist I, Range C",False,False,,88956,119184,,116901,0,0,2470,119371,37492,0,0,8861,46353,Public Employees Retirement System,https://www.calhr.ca.gov,,08/06/2024,,,True,
2023,State Department,"Coastal Conservancy, State",,Public Land Manager II,False,False,,125340,142272,,115283,0,0,2470,117753,39341,0,0,18217,57557,Public Employees Retirement System,https://www.calhr.ca.gov,,08/06/2024,,,True,
2023,State Department,"Coastal Conservancy, State",,"Attorney III, Range A",False,False,,126432,162312,,115913,0,0,650,116563,40824,0,0,22693,63517,Public Employees Retirement System,https://www.calhr.ca.gov,,08/06/2024,,,True,
2023,State Department,"Coastal Conservancy, State",,"Information Technology Specialist I, Range C",False,False,,88956,119184,,109047,0,0,4807,113854,37492,0,0,22698,60190,Public Employees Retirement System,https://www.calhr.ca.gov,,08/06/2024,,,True,
2023,State Department,"Coastal Conservancy, State",,"C.E.A., Range A",False,False,,117060,241728,,110621,0,0,2470,113091,37605,0,0,9397,47001,Public Employees Retirement System,https://www.calhr.ca.gov,,08/06/2024,,,True,
2023,State Department,"Coastal Conservancy, State",,Conservancy Project Development Manager,False,False,,103068,128064,,107859,0,0,3886,111745,37123,0,0,18217,55340,Public Employees Retirement System,https://www.calhr.ca.gov,,08/06/2024,,,True,
2023,State Department,"Coastal Conservancy, State",,Conservancy Project Development Manager,False,False,,103068,128064,,109640,0,0,1820,111460,37123,0,0,23377,60500,Public Employees Retirement System,https://www.calhr.ca.gov,,08/06/2024,,,True,
2023,State Department,"Coastal Conservancy, State",,Conservancy Project Development Manager,False,False,,103068,128064,,108221,0,0,2470,110691,37123,0,0,18217,55340,Public Employees Retirement System,https://www.calhr.ca.gov,,08/06/2024,,,True,
2023,State Department,"Coastal Conservancy, State",,Conservancy Project Development Manager,False,False,,103068,128064,,108164,0,0,2470,110634,37123,0,0,23377,60500,Public Employees Retirement System,https://www.calhr.ca.gov,,08/06/2024,,,True,
2023,State Department,"Coastal Conservancy, State",,Staff Services Manager I,False,False,,81120,100776,,84202,0,22737,1820,108759,29012,0,0,16699,45711,Public Employees Retirement System,https://www.calhr.ca.gov,,08/06/2024,,,True,
2023,State Department,"Coastal Conservancy, State",,Conservancy Project Development Specialist,False,False,,88584,110844,,100036,0,0,4441,104477,33911,0,0,8861,42772,Public Employees Retirement System,https://www.calhr.ca.gov,,08/06/2024,,,True,
2023,State Department,"Coastal Conservancy, State",,Conservancy Project Development Specialist,False,False,,88584,110844,,101765,0,0,1820,103585,33911,0,0,17151,51062,Public Employees Retirement System,https://www.calhr.ca.gov,,08/06/2024,,,True,
2023,State Department,"Coastal Conservancy, State",,Conservancy Project Development Specialist,False,False,,88584,110844,,102203,0,0,650,102853,33911,0,0,593,34504,Public Employees Retirement System,https://www.calhr.ca.gov,,08/06/2024,,,True,
2023,State Department,"Coastal Conservancy, State",,Conservancy Project Development Specialist,False,False,,88584,110844,,100137,0,0,2470,102607,33911,0,0,8861,42772,Public Employees Retirement System,https://www.calhr.ca.gov,,08/06/2024,,,True,
2023,State Department,"Coastal Conservancy, State",,Staff Services Manager II (Managerial),False,False,,98580,111972,,97461,0,0,4532,101994,32675,0,0,9397,42071,Public Employees Retirement System,https://www.calhr.ca.gov,,08/06/2024,,,True,
2023,State Department,"Coastal Conservancy, State",,Conservancy Project Development Specialist,False,False,,88584,110844,,100545,0,0,0,100545,32755,0,0,1816,34571,Public Employees Retirement System,https://www.calhr.ca.gov,,08/06/2024,,,True,
2023,State Department,"Coastal Conservancy, State",,Conservancy Project Development Specialist,False,False,,88584,110844,,98049,0,0,1820,99869,33911,0,0,17581,51492,Public Employees Retirement System,https://www.calhr.ca.gov,,08/06/2024,,,True,
2023,State Department,"Coastal Conservancy, State",,Conservancy Project Development Specialist,False,False,,88584,110844,,96752,0,0,2470,99222,33911,0,0,22767,56678,Public Employees Retirement System,https://www.calhr.ca.gov,,08/06/2024,,,True,
2023,State Department,"Coastal Conservancy, State",,"Attorney, Range B",False,False,,104496,134076,,96640,0,0,2226,98867,31770,0,0,8857,40626,Public Employees Retirement System,https://www.calhr.ca.gov,,08/06/2024,,,True,
2023,State Department,"Coastal Conservancy, State",,Conservancy Project Development Manager,False,False,,103068,128064,,92226,0,0,2470,94696,32251,0,0,23377,55628,Public Employees Retirement System,https://www.calhr.ca.gov,,08/06/2024,,,True,
2023,State Department,"Coastal Conservancy, State",,Conservancy Project Development Specialist,False,False,,88584,110844,,92018,0,0,1820,93838,31312,0,0,22074,53386,Public Employees Retirement System,https://www.calhr.ca.gov,,08/06/2024,,,True,
2023,State Department,"Coastal Conservancy, State",,Staff Services Manager I,False,False,,81120,100776,,90464,0,0,2320,92784,31386,0,0,18217,49603,Public Employees Retirement System,https://www.calhr.ca.gov,,08/06/2024,,,True,
2023,State Department,"Coastal Conservancy, State",,Staff Services Manager I,False,False,,81120,100776,,88891,0,0,2420,91311,29732,0,0,10135,39868,Public Employees Retirement System,https://www.calhr.ca.gov,,08/06/2024,,,True,
2023,State Department,"Coastal Conservancy, State",,"Attorney, Range A",False,False,,92844,116760,,88709,0,0,2175,90884,29529,0,0,8857,38386,Public Employees Retirement System,https://www.calhr.ca.gov,,08/06/2024,,,True,
2023,State Department,"Coastal Conservancy, State",,Conservancy Project Development Specialist,False,False,,88584,110844,,86797,0,0,650,87447,28234,0,0,1816,30050,Public Employees Retirement System,https://www.calhr.ca.gov,,08/06/2024,,,True,
2023,State Department,"Coastal Conservancy, State",,Conservancy Project Development Specialist,False,False,,88584,110844,,84949,0,0,2070,87019,28795,0,0,8637,37432,Public Employees Retirement System,https://www.calhr.ca.gov,,08/06/2024,,,True,
2023,State Department,"Coastal Conservancy, State",,Accounting Administrator I (Supervisor),False,False,,81120,100776,,81936,0,1309,2170,85414,28658,0,0,20367,49025,Public Employees Retirement System,https://www.calhr.ca.gov,,08/06/2024,,,True,
2023,State Department,"Coastal Conservancy, State",,Conservancy Project Development Specialist,False,False,,88584,110844,,78670,0,0,4045,82716,26761,0,0,8822,35583,Public Employees Retirement System,https://www.calhr.ca.gov,,08/06/2024,,,True,
2023,State Department,"Coastal Conservancy, State",,Conservancy Project Development Specialist,False,False,,88584,110844,,79076,0,0,2470,81546,26883,0,0,8571,35454,Public Employees Retirement System,https://www.calhr.ca.gov,,08/06/2024,,,True,
2023,State Department,"Coastal Conservancy, State",,Conservancy Project Development Specialist,False,False,,88584,110844,,78810,0,0,2470,81280,26761,0,0,8637,35398,Public Employees Retirement System,https://www.calhr.ca.gov,,08/06/2024,,,True,
2023,State Department,"Coastal Conservancy, State",,Staff Services Manager I,False,False,,81120,100776,,78593,205,0,2370,81168,27095,0,0,8764,35858,Public Employees Retirement System,https://www.calhr.ca.gov,,08/06/2024,,,True,
2023,State Department,"Coastal Conservancy, State",,Conservancy Project Development Specialist,False,False,,88584,110844,,78670,0,0,2470,81140,26761,0,0,8822,35583,Public Employees Retirement System,https://www.calhr.ca.gov,,08/06/2024,,,True,
2023,State Department,"Coastal Conservancy, State",,Conservancy Project Development Specialist,False,False,,88584,110844,,78594,0,0,2470,81064,26769,0,0,8822,35591,Public Employees Retirement System,https://www.calhr.ca.gov,,08/06/2024,,,True,
2023,State Department,"Coastal Conservancy, State",,Conservancy Project Development Specialist,False,False,,88584,110844,,78695,0,0,1820,80515,26769,0,0,8822,35591,Public Employees Retirement System,https://www.calhr.ca.gov,,08/06/2024,,,True,
2023,State Department,"Coastal Conservancy, State",,"Information Technology Specialist I, Range B",False,False,,81012,108576,,75570,0,0,2470,78040,25012,0,0,17151,42163,Public Employees Retirement System,https://www.calhr.ca.gov,,08/06/2024,,,True,
2023,State Department,"Coastal Conservancy, State",,"Associate Personnel Analyst, Range A",False,False,,68208,85368,,75530,0,0,2470,78000,26712,0,0,8822,35534,Public Employees Retirement System,https://www.calhr.ca.gov,,08/06/2024,,,True,
2023,State Department,"Coastal Conservancy, State",,Accounting Administrator I (Supervisor),False,False,,81120,100776,,74277,0,0,2370,76647,19383,0,0,17687,37070,Public Employees Retirement System,https://www.calhr.ca.gov,,08/06/2024,,,True,
2023,State Department,"Coastal Conservancy, State",,Conservancy Project Development Analyst II,False,False,,82884,103824,,73604,0,0,2156,75760,24968,0,0,13973,38941,Public Employees Retirement System,https://www.calhr.ca.gov,,08/06/2024,,,True,
2023,State Department,"Coastal Conservancy, State",,"Associate Governmental Program Analyst, Range A",False,False,,68208,85368,,72205,0,0,2470,74675,26408,0,0,22698,49107,Public Employees Retirement System,https://www.calhr.ca.gov,,08/06/2024,,,True,
2023,State Department,"Coastal Conservancy, State",,"Associate Governmental Program Analyst, Range A",False,False,,68208,85368,,71978,0,0,650,72628,23847,0,0,136,23983,Public Employees Retirement System,https://www.calhr.ca.gov,,08/06/2024,,,True,
2023,State Department,"Coastal Conservancy, State",,Conservancy Project Development Analyst II,False,False,,82884,103824,,69815,0,0,2470,72285,23859,0,0,8822,32681,Public Employees Retirement System,https://www.calhr.ca.gov,,08/06/2024,,,True,
2023,State Department,"Coastal Conservancy, State",,"Senior Accounting Officer (Specialist), Range A",False,False,,68208,85368,,69961,0,0,2118,72079,24960,0,0,22767,47727,Public Employees Retirement System,https://www.calhr.ca.gov,,08/06/2024,,,True,
2023,State Department,"Coastal Conservancy, State",,Conservancy Project Development Analyst II,False,False,,82884,103824,,67770,0,0,2470,70240,22810,0,0,8861,31671,Public Employees Retirement System,https://www.calhr.ca.gov,,08/06/2024,,,True,
2023,State Department,"Coastal Conservancy, State",,Conservancy Project Development Analyst II,False,False,,82884,103824,,68055,0,0,1820,69875,22852,0,0,8637,31489,Public Employees Retirement System,https://www.calhr.ca.gov,,08/06/2024,,,True,
2023,State Department,"Coastal Conservancy, State",,Conservancy Project Development Analyst II,False,False,,82884,103824,,66043,0,0,1795,67838,21018,0,0,9334,30352,Public Employees Retirement System,https://www.calhr.ca.gov,,08/06/2024,,,True,
2023,State Department,"Coastal Conservancy, State",,"Associate Governmental Program Analyst, Range A",False,False,,68208,85368,,65308,0,0,2470,67778,23150,0,0,17991,41141,Public Employees Retirement System,https://www.calhr.ca.gov,,08/06/2024,,,True,
2023,State Department,"Coastal Conservancy, State",,"Staff Services Analyst, Range C",False,False,,56712,70992,,65054,0,0,2470,67524,22204,0,0,8710,30914,Public Employees Retirement System,https://www.calhr.ca.gov,,08/06/2024,,,True,
2023,State Department,"Coastal Conservancy, State",,"Associate Governmental Program Analyst, Range A",False,False,,68208,85368,,65052,0,0,2470,67522,22910,0,0,17567,40477,Public Employees Retirement System,https://www.calhr.ca.gov,,08/06/2024,,,True,
2023,State Department,"Coastal Conservancy, State",,"Associate Governmental Program Analyst, Range A",False,False,,68208,85368,,63532,0,0,2395,65927,22174,0,0,14593,36767,Public Employees Retirement System,https://www.calhr.ca.gov,,08/06/2024,,,True,
2023,State Department,"Coastal Conservancy, State",,"Attorney III, Range A",False,False,,126432,162312,,58295,0,6705,-202,64797,19089,0,0,4425,23515,Public Employees Retirement System,https://www.calhr.ca.gov,,08/06/2024,,,True,
2023,State Department,"Coastal Conservancy, State",,Conservancy Project Development Analyst I,False,False,,68964,86316,,59685,0,0,2470,62155,20079,0,0,8637,28716,Public Employees Retirement System,https://www.calhr.ca.gov,,08/06/2024,,,True,
2023,State Department,"Coastal Conservancy, State",,Conservancy Project Development Analyst I,False,False,,68964,86316,,58646,0,0,2470,61116,20079,0,0,8749,28828,Public Employees Retirement System,https://www.calhr.ca.gov,,08/06/2024,,,True,
2023,State Department,"Coastal Conservancy, State",,Conservancy Project Development Analyst I,False,False,,68964,86316,,58545,0,0,2470,61015,20079,0,0,8404,28483,Public Employees Retirement System,https://www.calhr.ca.gov,,08/06/2024,,,True,
2023,State Department,"Coastal Conservancy, State",,Conservancy Project Development Analyst I,False,False,,68964,86316,,59961,0,0,650,60611,19306,0,0,1816,21122,Public Employees Retirement System,https://www.calhr.ca.gov,,08/06/2024,,,True,
2023,State Department,"Coastal Conservancy, State",,"Accounting Officer (Specialist), Range A",False,False,,59568,74556,,58183,0,0,2345,60528,21125,0,0,22698,43824,Public Employees Retirement System,https://www.calhr.ca.gov,,08/06/2024,,,True,
2023,State Department,"Coastal Conservancy, State",,"Associate Governmental Program Analyst, Range A",False,False,,68208,85368,,59223,0,0,650,59873,19653,0,0,136,19789,Public Employees Retirement System,https://www.calhr.ca.gov,,08/06/2024,,,True,
2023,State Department,"Coastal Conservancy, State",,"Information Officer I (Specialist), Range A",False,False,,68208,85368,,55855,0,0,2470,58325,20463,0,0,22698,43161,Public Employees Retirement System,https://www.calhr.ca.gov,,08/06/2024,,,True,
2023,State Department,"Coastal Conservancy, State",,Conservancy Project Development Analyst I,False,False,,68964,86316,,56316,0,0,1820,58136,18458,0,0,8637,27095,Public Employees Retirement System,https://www.calhr.ca.gov,,08/06/2024,,,True,
2023,State Department,"Coastal Conservancy, State",,Conservancy Project Development Manager,False,False,,103068,128064,,46806,0,0,10756,57562,14688,0,0,1942,16630,Public Employees Retirement System,https://www.calhr.ca.gov,,08/06/2024,,,True,
2023,State Department,"Coastal Conservancy, State",,Conservancy Project Development Analyst I,False,False,,68964,86316,,54731,0,0,1820,56551,18296,0,0,8637,26933,Public Employees Retirement System,https://www.calhr.ca.gov,,08/06/2024,,,True,
2023,State Department,"Coastal Conservancy, State",,"Attorney III, Range A",False,False,,126432,162312,,55578,0,0,231,55809,18980,0,0,11346,30326,Public Employees Retirement System,https://www.calhr.ca.gov,,08/06/2024,,,True,
2023,State Department,"Coastal Conservancy, State",,"Associate Governmental Program Analyst, Range A",False,False,,68208,85368,,55926,0,0,-1012,54913,18550,0,0,8466,27015,Public Employees Retirement System,https://www.calhr.ca.gov,,08/06/2024,,,True,
2023,State Department,"Coastal Conservancy, State",,Conservancy Project Development Analyst I,False,False,,68964,86316,,52411,0,0,2470,54881,7716,0,0,3739,11456,Public Employees Retirement System,https://www.calhr.ca.gov,,08/06/2024,,,True,
2023,State Department,"Coastal Conservancy, State",,"Accounting Officer (Specialist), Range A",False,False,,59568,74556,,52971,0,0,525,53496,17549,0,0,136,17685,Public Employees Retirement System,https://www.calhr.ca.gov,,08/06/2024,,,True,
2023,State Department,"Coastal Conservancy, State",,"Staff Services Analyst, Range C",False,False,,56712,70992,,50875,0,0,2470,53345,18065,0,0,8693,26758,Public Employees Retirement System,https://www.calhr.ca.gov,,08/06/2024,,,True,
2023,State Department,"Coastal Conservancy, State",,Conservancy Project Development Specialist,False,False,,88584,110844,,8057,0,44889,100,53046,2733,0,0,738,3471,Public Employees Retirement System,https://www.calhr.ca.gov,,08/06/2024,,,True,
2023,State Department,"Coastal Conservancy, State",,"Accounting Officer (Specialist), Range A",False,False,,59568,74556,,48214,0,0,1762,49976,15415,0,0,1816,17231,Public Employees Retirement System,https://www.calhr.ca.gov,,08/06/2024,,,True,
2023,State Department,"Coastal Conservancy, State",,"Staff Services Analyst, Range C",False,False,,56712,70992,,46906,0,0,400,47306,13683,0,0,1513,15196,Public Employees Retirement System,https://www.calhr.ca.gov,,08/06/2024,,,True,
2023,State Department,"Coastal Conservancy, State",,Conservancy Project Development Specialist,False,False,,88584,110844,,23580,0,19994,100,43674,2733,0,0,738,3471,,https://www.calhr.ca.gov,,08/06/2024,,,True,
2023,State Department,"Coastal Conservancy, State",,"Office Technician (General), Range A",False,False,,42516,53280,,38845,0,0,2395,41240,13520,0,0,8637,22158,Public Employees Retirement System,https://www.calhr.ca.gov,,08/06/2024,,,True,
2023,State Department,"Coastal Conservancy, State",,Conservancy Project Development Analyst II,False,False,,82884,103824,,37597,0,1401,1650,40647,12793,0,0,4319,17112,Public Employees Retirement System,https://www.calhr.ca.gov,,08/06/2024,,,True,
2023,State Department,"Coastal Conservancy, State",,Conservancy Project Development Analyst II,False,False,,82884,103824,,39877,0,0,0,39877,13201,0,0,68,13269,Public Employees Retirement System,https://www.calhr.ca.gov,,08/06/2024,,,True,
2023,State Department,"Coastal Conservancy, State",,"Associate Governmental Program Analyst, Range A",False,False,,68208,85368,,38692,0,0,580,39272,12626,0,0,908,13534,Public Employees Retirement System,https://www.calhr.ca.gov,,08/06/2024,,,True,
2023,State Department,"Coastal Conservancy, State",,Conservancy Project Development Specialist,False,False,,88584,110844,,34006,0,0,1340,35346,13044,0,0,9458,22502,Public Employees Retirement System,https://www.calhr.ca.gov,,08/06/2024,,,True,
2023,State Department,"Coastal Conservancy, State",,"Accounting Officer (Specialist), Range A",False,False,,59568,74556,,22771,0,9629,1340,33740,8094,0,0,6987,15081,Public Employees Retirement System,https://www.calhr.ca.gov,,08/06/2024,,,True,
2023,State Department,"Coastal Conservancy, State",,Conservancy Project Development Specialist,False,False,,88584,110844,,28791,0,0,848,29639,10465,0,0,13027,23492,Public Employees Retirement System,https://www.calhr.ca.gov,,08/06/2024,,,True,
2023,State Department,"Coastal Conservancy, State",,Conservancy Project Development Specialist,False,False,,88584,110844,,29159,0,0,-233,28926,10274,0,0,9486,19760,Public Employees Retirement System,https://www.calhr.ca.gov,,08/06/2024,,,True,
2023,State Department,"Coastal Conservancy, State",,"Staff Services Analyst, Range C",False,False,,56712,70992,,27500,0,0,-164,27337,8896,0,0,4307,13204,Public Employees Retirement System,https://www.calhr.ca.gov,,08/06/2024,,,True,
2023,State Department,"Coastal Conservancy, State",,Conservancy Project Development Specialist,False,False,,88584,110844,,25819,0,0,0,25819,435,0,0,11,446,,https://www.calhr.ca.gov,,08/06/2024,,,True,
2023,State Department,"Coastal Conservancy, State",,Conservancy Project Development Analyst II,False,False,,82884,103824,,23222,0,966,83,24270,7836,0,0,3490,11326,Public Employees Retirement System,https://www.calhr.ca.gov,,08/06/2024,,,True,
2023,State Department,"Coastal Conservancy, State",,Conservancy Project Development Analyst II,False,False,,82884,103824,,21352,0,0,36,21388,7226,0,0,2837,10063,Public Employees Retirement System,https://www.calhr.ca.gov,,08/06/2024,,,True,
2023,State Department,"Coastal Conservancy, State",,"Accountant Trainee, Range A",False,False,,50244,59904,,7015,0,0,50,7065,2314,0,0,11,2326,Public Employees Retirement System,https://www.calhr.ca.gov,,08/06/2024,,,True,
2023,State Department,"Coastal Conservancy, State",,"Accountant Trainee, Range A",False,False,,50244,59904,,7015,0,0,50,7065,2314,0,0,11,2326,Public Employees Retirement System,https://www.calhr.ca.gov,,08/06/2024,,,True,
2023,State Department,"Coastal Conservancy, State",,"Attorney III, Range A",False,False,,126432,162312,,6927,0,0,0,6927,2409,0,0,1891,4300,Public Employees Retirement System,https://www.calhr.ca.gov,,08/06/2024,,,True,

