﻿Year,EmployerType,EmployerName,DepartmentOrSubdivision,Position,ElectedOfficial,Judicial,OtherPositions,MinPositionSalary,MaxPositionSalary,ReportedBaseWage,RegularPay,OvertimePay,LumpSumPay,OtherPay,TotalWages,DefinedBenefitPlanContribution,EmployeesRetirementCostCovered,DeferredCompensationPlan,HealthDentalVision,TotalRetirementAndHealthContribution,PensionFormula,EmployerURL,EmployerPopulation,LastUpdatedDate,EmployerCounty,SpecialDistrictActivities,IncludesUnfundedLiability,SpecialDistrictType
2023,State Department,"Developmental Disabilities, State Council on",,"Attorney III, Range A",False,False,,126432,162312,,154848,0,0,9542,164390,46733,0,0,8857,55590,Public Employees Retirement System,https://www.calhr.ca.gov,,08/06/2024,,,True,
2023,State Department,"Developmental Disabilities, State Council on",,"Executive Director, State Council on Developmental Disabilities",False,False,,155760,173484,,157739,0,0,1866,159605,53293,0,0,23377,76669,Public Employees Retirement System,https://www.calhr.ca.gov,,08/06/2024,,,True,
2023,State Department,"Developmental Disabilities, State Council on",,"C.E.A., Range B",False,False,,117060,241728,,150079,0,0,8199,158278,51423,0,0,23377,74800,Public Employees Retirement System,https://www.calhr.ca.gov,,08/06/2024,,,True,
2023,State Department,"Developmental Disabilities, State Council on",,"C.E.A., Range A",False,False,,117060,241728,,122842,0,0,7045,129887,41021,0,0,9397,50418,Public Employees Retirement System,https://www.calhr.ca.gov,,08/06/2024,,,True,
2023,State Department,"Developmental Disabilities, State Council on",,"C.E.A., Range A",False,False,,117060,241728,,119077,0,0,6663,125740,40621,0,0,9397,50018,Public Employees Retirement System,https://www.calhr.ca.gov,,08/06/2024,,,True,
2023,State Department,"Developmental Disabilities, State Council on",,Staff Services Manager II (Managerial),False,False,,98580,111972,,106707,0,0,6551,113258,35222,0,0,9397,44619,Public Employees Retirement System,https://www.calhr.ca.gov,,08/06/2024,,,True,
2023,State Department,"Developmental Disabilities, State Council on",,Staff Services Manager II (Managerial),False,False,,98580,111972,,104602,0,0,6051,110653,35222,0,0,9397,44619,Public Employees Retirement System,https://www.calhr.ca.gov,,08/06/2024,,,True,
2023,State Department,"Developmental Disabilities, State Council on",,Staff Services Manager II (Managerial),False,False,,98580,111972,,104089,0,0,6251,110340,35222,0,0,9397,44619,Public Employees Retirement System,https://www.calhr.ca.gov,,08/06/2024,,,True,
2023,State Department,"Developmental Disabilities, State Council on",,Staff Services Manager II (Managerial),False,False,,98580,111972,,103352,0,0,6551,109903,35222,0,0,9397,44619,Public Employees Retirement System,https://www.calhr.ca.gov,,08/06/2024,,,True,
2023,State Department,"Developmental Disabilities, State Council on",,Staff Services Manager II (Managerial),False,False,,98580,111972,,102090,0,0,6601,108691,35222,0,0,23377,58599,Public Employees Retirement System,https://www.calhr.ca.gov,,08/06/2024,,,True,
2023,State Department,"Developmental Disabilities, State Council on",,Staff Services Manager II (Managerial),False,False,,98580,111972,,106159,0,0,2370,108529,35990,0,0,18217,54207,Public Employees Retirement System,https://www.calhr.ca.gov,,08/06/2024,,,True,
2023,State Department,"Developmental Disabilities, State Council on",,Staff Services Manager II (Managerial),False,False,,98580,111972,,102192,0,0,6193,108385,35990,0,0,9397,45387,Public Employees Retirement System,https://www.calhr.ca.gov,,08/06/2024,,,True,
2023,State Department,"Developmental Disabilities, State Council on",,Staff Services Manager II (Managerial),False,False,,98580,111972,,106309,0,0,300,106609,35222,0,0,136,35358,Public Employees Retirement System,https://www.calhr.ca.gov,,08/06/2024,,,True,
2023,State Department,"Developmental Disabilities, State Council on",,Community Program Specialist IV,False,False,,89040,110628,,99587,0,0,6524,106111,34798,0,0,23377,58175,Public Employees Retirement System,https://www.calhr.ca.gov,,08/06/2024,,,True,
2023,State Department,"Developmental Disabilities, State Council on",,Community Program Specialist IV,False,False,,89040,110628,,103324,0,0,2370,105694,34798,0,0,9397,44195,Public Employees Retirement System,https://www.calhr.ca.gov,,08/06/2024,,,True,
2023,State Department,"Developmental Disabilities, State Council on",,Staff Services Manager II (Managerial),False,False,,98580,111972,,96968,0,0,1920,98888,33785,0,0,23377,57162,Public Employees Retirement System,https://www.calhr.ca.gov,,08/06/2024,,,True,
2023,State Department,"Developmental Disabilities, State Council on",,Staff Services Manager I,False,False,,81120,100776,,88845,0,0,6102,94947,31131,0,0,23377,54507,Public Employees Retirement System,https://www.calhr.ca.gov,,08/06/2024,,,True,
2023,State Department,"Developmental Disabilities, State Council on",,Staff Services Manager II (Managerial),False,False,,98580,111972,,88431,0,0,6211,94642,31197,0,0,23377,54574,Public Employees Retirement System,https://www.calhr.ca.gov,,08/06/2024,,,True,
2023,State Department,"Developmental Disabilities, State Council on",,Staff Services Manager II (Managerial),False,False,,98580,111972,,92540,0,0,1933,94472,31273,0,0,28818,60091,Public Employees Retirement System,https://www.calhr.ca.gov,,08/06/2024,,,True,
2023,State Department,"Developmental Disabilities, State Council on",,Staff Services Manager II (Managerial),False,False,,98580,111972,,92451,0,0,1870,94321,32434,0,0,23377,55811,Public Employees Retirement System,https://www.calhr.ca.gov,,08/06/2024,,,True,
2023,State Department,"Developmental Disabilities, State Council on",,Staff Services Manager II (Supervisory),False,False,,89040,110628,,80531,0,0,5495,86026,28484,0,0,23377,51861,Public Employees Retirement System,https://www.calhr.ca.gov,,08/06/2024,,,True,
2023,State Department,"Developmental Disabilities, State Council on",,"Associate Governmental Program Analyst, Range A",False,False,,68208,85368,,78987,0,0,5817,84804,26854,0,0,8787,35641,Public Employees Retirement System,https://www.calhr.ca.gov,,08/06/2024,,,True,
2023,State Department,"Developmental Disabilities, State Council on",,"Associate Governmental Program Analyst, Range A",False,False,,68208,85368,,80447,0,0,2370,82817,27304,0,0,8593,35897,Public Employees Retirement System,https://www.calhr.ca.gov,,08/06/2024,,,True,
2023,State Department,"Developmental Disabilities, State Council on",,"Associate Governmental Program Analyst, Range A",False,False,,68208,85368,,78956,0,0,3720,82676,26854,0,0,8861,35716,Public Employees Retirement System,https://www.calhr.ca.gov,,08/06/2024,,,True,
2023,State Department,"Developmental Disabilities, State Council on",,Information Officer II,False,False,,84816,105396,,80213,0,0,2370,82583,29262,0,0,23377,52639,Public Employees Retirement System,https://www.calhr.ca.gov,,08/06/2024,,,True,
2023,State Department,"Developmental Disabilities, State Council on",,Community Program Specialist II,False,False,,68208,85368,,75671,0,0,5658,81329,26854,0,0,17567,44421,Public Employees Retirement System,https://www.calhr.ca.gov,,08/06/2024,,,True,
2023,State Department,"Developmental Disabilities, State Council on",,Community Program Specialist II,False,False,,68208,85368,,77191,0,0,4070,81261,26854,0,0,17581,44435,Public Employees Retirement System,https://www.calhr.ca.gov,,08/06/2024,,,True,
2023,State Department,"Developmental Disabilities, State Council on",,Community Program Specialist II,False,False,,68208,85368,,75488,0,0,5658,81146,26854,0,0,22698,49553,Public Employees Retirement System,https://www.calhr.ca.gov,,08/06/2024,,,True,
2023,State Department,"Developmental Disabilities, State Council on",,Community Program Specialist II,False,False,,68208,85368,,75388,0,0,5708,81096,26854,0,0,22343,49197,Public Employees Retirement System,https://www.calhr.ca.gov,,08/06/2024,,,True,
2023,State Department,"Developmental Disabilities, State Council on",,"Associate Governmental Program Analyst, Range A",False,False,,68208,85368,,78818,0,0,2270,81088,26854,0,0,9217,36071,Public Employees Retirement System,https://www.calhr.ca.gov,,08/06/2024,,,True,
2023,State Department,"Developmental Disabilities, State Council on",,Staff Services Manager II (Supervisory),False,False,,89040,110628,,78407,0,0,2320,80727,28599,0,0,23377,51976,Public Employees Retirement System,https://www.calhr.ca.gov,,08/06/2024,,,True,
2023,State Department,"Developmental Disabilities, State Council on",,Community Program Specialist II,False,False,,68208,85368,,75146,0,0,5558,80704,26854,0,0,22698,49553,Public Employees Retirement System,https://www.calhr.ca.gov,,08/06/2024,,,True,
2023,State Department,"Developmental Disabilities, State Council on",,Community Program Specialist II,False,False,,68208,85368,,78740,0,0,1920,80660,26854,0,0,9203,36057,Public Employees Retirement System,https://www.calhr.ca.gov,,08/06/2024,,,True,
2023,State Department,"Developmental Disabilities, State Council on",,"Associate Governmental Program Analyst, Range A",False,False,,68208,85368,,76950,0,0,2320,79270,26854,0,0,17581,44435,Public Employees Retirement System,https://www.calhr.ca.gov,,08/06/2024,,,True,
2023,State Department,"Developmental Disabilities, State Council on",,Staff Services Manager I,False,False,,81120,100776,,76346,0,0,2470,78816,26461,0,0,17804,44265,Public Employees Retirement System,https://www.calhr.ca.gov,,08/06/2024,,,True,
2023,State Department,"Developmental Disabilities, State Council on",,"Associate Governmental Program Analyst, Range A",False,False,,68208,85368,,76260,0,0,2470,78730,25916,0,0,8637,34553,Public Employees Retirement System,https://www.calhr.ca.gov,,08/06/2024,,,True,
2023,State Department,"Developmental Disabilities, State Council on",,Community Program Specialist II,False,False,,68208,85368,,75472,0,0,2470,77942,26854,0,0,22698,49553,Public Employees Retirement System,https://www.calhr.ca.gov,,08/06/2024,,,True,
2023,State Department,"Developmental Disabilities, State Council on",,Community Program Specialist II,False,False,,68208,85368,,75586,0,0,2356,77942,26854,0,0,23082,49937,Public Employees Retirement System,https://www.calhr.ca.gov,,08/06/2024,,,True,
2023,State Department,"Developmental Disabilities, State Council on",,"Associate Governmental Program Analyst, Range A",False,False,,68208,85368,,74377,0,0,2470,76847,26599,0,0,22698,49298,Public Employees Retirement System,https://www.calhr.ca.gov,,08/06/2024,,,True,
2023,State Department,"Developmental Disabilities, State Council on",,"Associate Governmental Program Analyst, Range A",False,False,,68208,85368,,67357,0,0,5094,72451,23000,0,0,8404,31404,Public Employees Retirement System,https://www.calhr.ca.gov,,08/06/2024,,,True,
2023,State Department,"Developmental Disabilities, State Council on",,"Associate Governmental Program Analyst, Range A",False,False,,68208,85368,,70525,0,0,1700,72225,23237,0,0,1816,25053,Public Employees Retirement System,https://www.calhr.ca.gov,,08/06/2024,,,True,
2023,State Department,"Developmental Disabilities, State Council on",,"Associate Governmental Program Analyst, Range A",False,False,,68208,85368,,69264,0,0,2905,72168,23487,0,0,17080,40567,Public Employees Retirement System,https://www.calhr.ca.gov,,08/06/2024,,,True,
2023,State Department,"Developmental Disabilities, State Council on",,"Associate Governmental Program Analyst, Range A",False,False,,68208,85368,,70394,0,0,575,70969,22765,0,0,1816,24581,Public Employees Retirement System,https://www.calhr.ca.gov,,08/06/2024,,,True,
2023,State Department,"Developmental Disabilities, State Council on",,"Associate Governmental Program Analyst, Range A",False,False,,68208,85368,,69314,0,0,550,69864,22963,0,0,136,23099,Public Employees Retirement System,https://www.calhr.ca.gov,,08/06/2024,,,True,
2023,State Department,"Developmental Disabilities, State Council on",,"Associate Governmental Program Analyst, Range A",False,False,,68208,85368,,66529,0,0,3273,69802,22623,0,0,17151,39774,Public Employees Retirement System,https://www.calhr.ca.gov,,08/06/2024,,,True,
2023,State Department,"Developmental Disabilities, State Council on",,"Administrative Assistant II, Range A",False,False,,68208,85368,,66797,0,0,2470,69267,22814,0,0,8637,31452,Public Employees Retirement System,https://www.calhr.ca.gov,,08/06/2024,,,True,
2023,State Department,"Developmental Disabilities, State Council on",,"Associate Governmental Program Analyst, Range A",False,False,,68208,85368,,65478,0,0,2420,67898,22337,0,0,8637,30975,Public Employees Retirement System,https://www.calhr.ca.gov,,08/06/2024,,,True,
2023,State Department,"Developmental Disabilities, State Council on",,"Associate Governmental Program Analyst, Range A",False,False,,68208,85368,,65395,0,0,2420,67815,22351,0,0,8404,30755,Public Employees Retirement System,https://www.calhr.ca.gov,,08/06/2024,,,True,
2023,State Department,"Developmental Disabilities, State Council on",,"Associate Governmental Program Analyst, Range A",False,False,,68208,85368,,65369,0,0,2420,67789,23487,0,0,22074,45560,Public Employees Retirement System,https://www.calhr.ca.gov,,08/06/2024,,,True,
2023,State Department,"Developmental Disabilities, State Council on",,"Staff Services Analyst, Range C",False,False,,56712,70992,,62527,0,0,4083,66610,22332,0,0,8822,31154,Public Employees Retirement System,https://www.calhr.ca.gov,,08/06/2024,,,True,
2023,State Department,"Developmental Disabilities, State Council on",,"Information Technology Associate, Range C",False,False,,67068,89892,,61610,0,0,4924,66534,21097,0,0,8593,29689,Public Employees Retirement System,https://www.calhr.ca.gov,,08/06/2024,,,True,
2023,State Department,"Developmental Disabilities, State Council on",,"Associate Governmental Program Analyst, Range A",False,False,,68208,85368,,60386,0,0,5017,65402,21727,0,0,22074,43801,Public Employees Retirement System,https://www.calhr.ca.gov,,08/06/2024,,,True,
2023,State Department,"Developmental Disabilities, State Council on",,"Associate Governmental Program Analyst, Range A",False,False,,68208,85368,,54878,0,0,2010,56888,17946,0,0,1359,19305,Public Employees Retirement System,https://www.calhr.ca.gov,,08/06/2024,,,True,
2023,State Department,"Developmental Disabilities, State Council on",,Staff Services Manager II (Supervisory),False,False,,89040,110628,,54472,0,0,583,55055,18149,0,0,6261,24411,Public Employees Retirement System,https://www.calhr.ca.gov,,08/06/2024,,,True,
2023,State Department,"Developmental Disabilities, State Council on",,"Associate Governmental Program Analyst, Range A",False,False,,68208,85368,,52126,0,0,2170,54296,18627,0,0,17581,36208,Public Employees Retirement System,https://www.calhr.ca.gov,,08/06/2024,,,True,
2023,State Department,"Developmental Disabilities, State Council on",,"Staff Services Analyst, Range C",False,False,,56712,70992,,49308,0,0,1577,50885,17914,0,0,21941,39855,Public Employees Retirement System,https://www.calhr.ca.gov,,08/06/2024,,,True,
2023,State Department,"Developmental Disabilities, State Council on",,"Office Technician (Typing), Range A",False,False,,43308,54216,,48214,0,0,2420,50634,16675,0,0,8861,25536,Public Employees Retirement System,https://www.calhr.ca.gov,,08/06/2024,,,True,
2023,State Department,"Developmental Disabilities, State Council on",,"Office Technician (Typing), Range A",False,False,,43308,54216,,48265,0,0,2337,50602,16675,0,0,8593,25268,Public Employees Retirement System,https://www.calhr.ca.gov,,08/06/2024,,,True,
2023,State Department,"Developmental Disabilities, State Council on",,"Office Technician (Typing), Range A",False,False,,43308,54216,,45477,0,0,4366,49843,16675,0,0,21972,38647,Public Employees Retirement System,https://www.calhr.ca.gov,,08/06/2024,,,True,
2023,State Department,"Developmental Disabilities, State Council on",,"Office Technician (Typing), Range A",False,False,,43308,54216,,46074,0,0,2470,48544,15962,0,0,8822,24784,Public Employees Retirement System,https://www.calhr.ca.gov,,08/06/2024,,,True,
2023,State Department,"Developmental Disabilities, State Council on",,"Office Technician (Typing), Range A",False,False,,43308,54216,,41184,0,0,2470,43654,13985,0,0,8593,22577,Public Employees Retirement System,https://www.calhr.ca.gov,,08/06/2024,,,True,
2023,State Department,"Developmental Disabilities, State Council on",,"Office Technician (Typing), Range A",False,False,,43308,54216,,39310,0,0,2470,41780,13878,0,0,8637,22515,Public Employees Retirement System,https://www.calhr.ca.gov,,08/06/2024,,,True,
2023,State Department,"Developmental Disabilities, State Council on",,"Office Technician (Typing), Range A",False,False,,43308,54216,,37178,0,336,2420,39934,12978,0,0,7965,20943,Public Employees Retirement System,https://www.calhr.ca.gov,,08/06/2024,,,True,
2023,State Department,"Developmental Disabilities, State Council on",,"Associate Governmental Program Analyst, Range A",False,False,,68208,85368,,37455,0,510,1760,39725,13261,0,0,4601,17863,Public Employees Retirement System,https://www.calhr.ca.gov,,08/06/2024,,,True,
2023,State Department,"Developmental Disabilities, State Council on",,"Office Technician (Typing), Range A",False,False,,43308,54216,,38767,0,0,71,38838,13099,0,0,4375,17474,Public Employees Retirement System,https://www.calhr.ca.gov,,08/06/2024,,,True,
2023,State Department,"Developmental Disabilities, State Council on",,"Associate Governmental Program Analyst, Range A",False,False,,68208,85368,,37287,0,0,-21,37266,13405,0,0,16155,29560,Public Employees Retirement System,https://www.calhr.ca.gov,,08/06/2024,,,True,
2023,State Department,"Developmental Disabilities, State Council on",,"Office Technician (Typing), Range A",False,False,,43308,54216,,29992,0,0,1078,31070,10138,0,0,6426,16564,Public Employees Retirement System,https://www.calhr.ca.gov,,08/06/2024,,,True,
2023,State Department,"Developmental Disabilities, State Council on",,Staff Services Manager I,False,False,,81120,100776,,27117,0,0,26,27143,9085,0,0,3129,12215,Public Employees Retirement System,https://www.calhr.ca.gov,,08/06/2024,,,True,
2023,State Department,"Developmental Disabilities, State Council on",,"Office Technician (Typing), Range A",False,False,,43308,54216,,20968,0,0,2517,23485,8353,0,0,17863,26216,Public Employees Retirement System,https://www.calhr.ca.gov,,08/06/2024,,,True,
2023,State Department,"Developmental Disabilities, State Council on",,"Staff Services Analyst, Range C",False,False,,56712,70992,,6043,0,0,-104,5939,1994,0,0,700,2694,Public Employees Retirement System,https://www.calhr.ca.gov,,08/06/2024,,,True,
2023,State Department,"Developmental Disabilities, State Council on",,"Associate Governmental Program Analyst, Range A",False,False,,68208,85368,,5513,0,0,50,5563,1819,0,0,11,1830,Public Employees Retirement System,https://www.calhr.ca.gov,,08/06/2024,,,True,
2023,State Department,"Developmental Disabilities, State Council on",,"Member, State Council on Developmental Disabilities",False,False,,25920,25920,,2800,0,0,0,2800,0,0,0,0,0,,https://www.calhr.ca.gov,,08/06/2024,,,True,
2023,State Department,"Developmental Disabilities, State Council on",,Staff Services Manager II (Supervisory),False,False,,89040,110628,,1995,0,0,0,1995,0,0,0,0,0,,https://www.calhr.ca.gov,,08/06/2024,,,True,
2023,State Department,"Developmental Disabilities, State Council on",,"Staff Services Analyst, Range C",False,False,,56712,70992,,1875,0,0,0,1875,619,0,0,0,619,Public Employees Retirement System,https://www.calhr.ca.gov,,08/06/2024,,,True,
2023,State Department,"Developmental Disabilities, State Council on",,"Member, State Council on Developmental Disabilities",False,False,,25920,25920,,1700,0,0,0,1700,0,0,0,0,0,,https://www.calhr.ca.gov,,08/06/2024,,,True,
2023,State Department,"Developmental Disabilities, State Council on",,"Member, State Council on Developmental Disabilities",False,False,,25920,25920,,1600,0,0,0,1600,0,0,0,0,0,,https://www.calhr.ca.gov,,08/06/2024,,,True,
2023,State Department,"Developmental Disabilities, State Council on",,"Member, State Council on Developmental Disabilities",False,False,,25920,25920,,1600,0,0,0,1600,0,0,0,0,0,,https://www.calhr.ca.gov,,08/06/2024,,,True,
2023,State Department,"Developmental Disabilities, State Council on",,"Member, State Council on Developmental Disabilities",False,False,,25920,25920,,1400,0,0,0,1400,0,0,0,0,0,,https://www.calhr.ca.gov,,08/06/2024,,,True,
2023,State Department,"Developmental Disabilities, State Council on",,"Member, State Council on Developmental Disabilities",False,False,,25920,25920,,1200,0,0,0,1200,0,0,0,0,0,,https://www.calhr.ca.gov,,08/06/2024,,,True,
2023,State Department,"Developmental Disabilities, State Council on",,"Member, State Council on Developmental Disabilities",False,False,,25920,25920,,1200,0,0,0,1200,0,0,0,0,0,,https://www.calhr.ca.gov,,08/06/2024,,,True,
2023,State Department,"Developmental Disabilities, State Council on",,"Member, State Council on Developmental Disabilities",False,False,,25920,25920,,1200,0,0,0,1200,0,0,0,0,0,,https://www.calhr.ca.gov,,08/06/2024,,,True,
2023,State Department,"Developmental Disabilities, State Council on",,"Member, State Council on Developmental Disabilities",False,False,,25920,25920,,1000,0,0,0,1000,0,0,0,91,91,,https://www.calhr.ca.gov,,08/06/2024,,,True,
2023,State Department,"Developmental Disabilities, State Council on",,"Member, State Council on Developmental Disabilities",False,False,,25920,25920,,1000,0,0,0,1000,0,0,0,0,0,,https://www.calhr.ca.gov,,08/06/2024,,,True,
2023,State Department,"Developmental Disabilities, State Council on",,"Member, State Council on Developmental Disabilities",False,False,,25920,25920,,1000,0,0,0,1000,0,0,0,0,0,,https://www.calhr.ca.gov,,08/06/2024,,,True,
2023,State Department,"Developmental Disabilities, State Council on",,"Member, State Council on Developmental Disabilities",False,False,,25920,25920,,900,0,0,0,900,0,0,0,0,0,,https://www.calhr.ca.gov,,08/06/2024,,,True,
2023,State Department,"Developmental Disabilities, State Council on",,"Member, State Council on Developmental Disabilities",False,False,,25920,25920,,800,0,0,0,800,0,0,0,0,0,,https://www.calhr.ca.gov,,08/06/2024,,,True,
2023,State Department,"Developmental Disabilities, State Council on",,"Member, State Council on Developmental Disabilities",False,False,,25920,25920,,700,0,0,0,700,0,0,0,0,0,,https://www.calhr.ca.gov,,08/06/2024,,,True,
2023,State Department,"Developmental Disabilities, State Council on",,"Member, State Council on Developmental Disabilities",False,False,,25920,25920,,700,0,0,0,700,0,0,0,0,0,,https://www.calhr.ca.gov,,08/06/2024,,,True,
2023,State Department,"Developmental Disabilities, State Council on",,"Member, State Council on Developmental Disabilities",False,False,,25920,25920,,700,0,0,0,700,0,0,0,0,0,,https://www.calhr.ca.gov,,08/06/2024,,,True,
2023,State Department,"Developmental Disabilities, State Council on",,"Member, State Council on Developmental Disabilities",False,False,,25920,25920,,500,0,0,0,500,0,0,0,0,0,,https://www.calhr.ca.gov,,08/06/2024,,,True,
2023,State Department,"Developmental Disabilities, State Council on",,"Member, State Council on Developmental Disabilities",False,False,,25920,25920,,500,0,0,0,500,0,0,0,0,0,,https://www.calhr.ca.gov,,08/06/2024,,,True,
2023,State Department,"Developmental Disabilities, State Council on",,"Member, State Council on Developmental Disabilities",False,False,,25920,25920,,400,0,0,0,400,0,0,0,0,0,,https://www.calhr.ca.gov,,08/06/2024,,,True,
2023,State Department,"Developmental Disabilities, State Council on",,"Member, State Council on Developmental Disabilities",False,False,,25920,25920,,300,0,0,0,300,0,0,0,0,0,,https://www.calhr.ca.gov,,08/06/2024,,,True,
2023,State Department,"Developmental Disabilities, State Council on",,"Member, State Council on Developmental Disabilities",False,False,,25920,25920,,300,0,0,0,300,0,0,0,0,0,,https://www.calhr.ca.gov,,08/06/2024,,,True,
2023,State Department,"Developmental Disabilities, State Council on",,"Member, State Council on Developmental Disabilities",False,False,,25920,25920,,207,0,0,0,207,0,0,0,0,0,,https://www.calhr.ca.gov,,08/06/2024,,,True,
2023,State Department,"Developmental Disabilities, State Council on",,"Member, State Council on Developmental Disabilities",False,False,,25920,25920,,100,0,0,0,100,0,0,0,0,0,,https://www.calhr.ca.gov,,08/06/2024,,,True,

