﻿Year,EmployerType,EmployerName,DepartmentOrSubdivision,Position,ElectedOfficial,Judicial,OtherPositions,MinPositionSalary,MaxPositionSalary,ReportedBaseWage,RegularPay,OvertimePay,LumpSumPay,OtherPay,TotalWages,DefinedBenefitPlanContribution,EmployeesRetirementCostCovered,DeferredCompensationPlan,HealthDentalVision,TotalRetirementAndHealthContribution,PensionFormula,EmployerURL,EmployerPopulation,LastUpdatedDate,EmployerCounty,SpecialDistrictActivities,IncludesUnfundedLiability,SpecialDistrictType
2023,State Department,"Independent Living Council, California State",,"Executive Director, State Independent Living Council",False,False,,110520,123108,,115710,0,0,6970,122680,38328,0,0,23377,61705,Public Employees Retirement System,https://www.calhr.ca.gov,,08/06/2024,,,True,
2023,State Department,"Independent Living Council, California State",,"Associate Governmental Program Analyst, Range A",False,False,,68208,85368,,76751,0,0,5208,81959,26854,0,0,17567,44421,Public Employees Retirement System,https://www.calhr.ca.gov,,08/06/2024,,,True,
2023,State Department,"Independent Living Council, California State",,Staff Services Manager I,False,False,,81120,100776,,38409,0,0,5121,43530,12730,0,0,79,12809,Public Employees Retirement System,https://www.calhr.ca.gov,,08/06/2024,,,True,
2023,State Department,"Independent Living Council, California State",,"Member, State Independent Living Council",False,False,,25920,25920,,500,0,0,0,500,0,0,0,0,0,,https://www.calhr.ca.gov,,08/06/2024,,,True,
2023,State Department,"Independent Living Council, California State",,"Member, State Independent Living Council",False,False,,25920,25920,,200,0,0,0,200,0,0,0,0,0,,https://www.calhr.ca.gov,,08/06/2024,,,True,

