﻿Year,EmployerType,EmployerName,DepartmentOrSubdivision,Position,ElectedOfficial,Judicial,OtherPositions,MinPositionSalary,MaxPositionSalary,ReportedBaseWage,RegularPay,OvertimePay,LumpSumPay,OtherPay,TotalWages,DefinedBenefitPlanContribution,EmployeesRetirementCostCovered,DeferredCompensationPlan,HealthDentalVision,TotalRetirementAndHealthContribution,PensionFormula,EmployerURL,EmployerPopulation,LastUpdatedDate,EmployerCounty,SpecialDistrictActivities,IncludesUnfundedLiability,SpecialDistrictType
2023,State Department,"Lands Commission, California State",,Supervising Mineral Resources Engineer,False,False,,184248,209208,,146298,0,168681,8692,323671,48561,0,0,13663,62223,Public Employees Retirement System,https://www.calhr.ca.gov,,08/06/2024,,,True,
2023,State Department,"Lands Commission, California State",,Supervising Mineral Resources Engineer,False,False,,184248,209208,,202896,0,0,8412,211308,65809,0,0,2945,68753,Public Employees Retirement System,https://www.calhr.ca.gov,,08/06/2024,,,True,
2023,State Department,"Lands Commission, California State",,Supervising Mineral Resources Engineer,False,False,,184248,209208,,208142,0,0,0,208142,69428,0,0,9397,78825,Public Employees Retirement System,https://www.calhr.ca.gov,,08/06/2024,,,True,
2023,State Department,"Lands Commission, California State",,"C.E.A., Range A",False,False,,117060,241728,,193233,0,0,8230,201463,64021,0,0,136,64157,Public Employees Retirement System,https://www.calhr.ca.gov,,08/06/2024,,,True,
2023,State Department,"Lands Commission, California State",,Executive Officer/State Lands Commission,False,False,,196692,202620,,188952,0,0,9911,198863,63736,0,0,23377,87113,Public Employees Retirement System,https://www.calhr.ca.gov,,08/06/2024,,,True,
2023,State Department,"Lands Commission, California State",,"Senior Engineer, Petroleum Structures (Specialist)",False,False,,159180,199248,,172309,7572,0,18382,198263,62675,0,0,15650,78326,Public Employees Retirement System,https://www.calhr.ca.gov,,08/06/2024,,,True,
2023,State Department,"Lands Commission, California State",,Petroleum Reservoir Engineer State Lands Division,False,False,,159072,199008,,195966,0,0,600,196566,63441,0,0,1816,65256,Public Employees Retirement System,https://www.calhr.ca.gov,,08/06/2024,,,True,
2023,State Department,"Lands Commission, California State",,"C.E.A., Range A",False,False,,117060,241728,,186694,0,0,8535,195229,46733,0,0,1951,48684,Public Employees Retirement System,https://www.calhr.ca.gov,,08/06/2024,,,True,
2023,State Department,"Lands Commission, California State",,Petroleum Reservoir Engineer State Lands Division,False,False,,159072,199008,,193142,0,0,600,193742,62601,0,0,2895,65495,Public Employees Retirement System,https://www.calhr.ca.gov,,08/06/2024,,,True,
2023,State Department,"Lands Commission, California State",,Supervising Boundary Determination Officer,False,False,,158676,180264,,182402,0,0,7702,190104,59822,0,0,23377,83199,Public Employees Retirement System,https://www.calhr.ca.gov,,08/06/2024,,,True,
2023,State Department,"Lands Commission, California State",,Petroleum Production Engineer,False,False,,150288,188136,,181956,0,0,8026,189982,62435,0,0,18438,80873,Public Employees Retirement System,https://www.calhr.ca.gov,,08/06/2024,,,True,
2023,State Department,"Lands Commission, California State",,Petroleum Reservoir Engineer State Lands Division,False,False,,159072,199008,,187619,0,0,600,188219,46733,0,0,23283,70016,Public Employees Retirement System,https://www.calhr.ca.gov,,08/06/2024,,,True,
2023,State Department,"Lands Commission, California State",,"C.E.A., Range C",False,False,,117060,241728,,181778,0,0,4162,185940,59776,0,0,3450,63226,Public Employees Retirement System,https://www.calhr.ca.gov,,08/06/2024,,,True,
2023,State Department,"Lands Commission, California State",,"C.E.A., Range C",False,False,,117060,241728,,180093,0,0,2420,182513,60938,0,0,18217,79155,Public Employees Retirement System,https://www.calhr.ca.gov,,08/06/2024,,,True,
2023,State Department,"Lands Commission, California State",,Senior Mineral Resources Engineer,False,False,,150384,188292,,180476,0,0,600,181076,62341,0,0,23377,85718,Public Employees Retirement System,https://www.calhr.ca.gov,,08/06/2024,,,True,
2023,State Department,"Lands Commission, California State",,"Attorney, Assistant Chief Counsel",False,False,,169080,197796,,172038,0,0,7597,179635,57620,0,0,23377,80997,Public Employees Retirement System,https://www.calhr.ca.gov,,08/06/2024,,,True,
2023,State Department,"Lands Commission, California State",,Senior Process Safety Engineer (Supervisor),False,False,,159180,199248,,168133,0,0,7714,175847,58993,0,0,23377,82370,Public Employees Retirement System,https://www.calhr.ca.gov,,08/06/2024,,,True,
2023,State Department,"Lands Commission, California State",,Associate Process Safety Engineer,False,False,,138144,172812,,166625,0,0,7359,173984,54361,0,0,280,54641,Public Employees Retirement System,https://www.calhr.ca.gov,,08/06/2024,,,True,
2023,State Department,"Lands Commission, California State",,Associate Process Safety Engineer,False,False,,138144,172812,,166735,0,0,7071,173806,55161,0,0,23214,78375,Public Employees Retirement System,https://www.calhr.ca.gov,,08/06/2024,,,True,
2023,State Department,"Lands Commission, California State",,"Associate Engineer, Petroleum Structures",False,False,,138144,172812,,166342,0,0,7054,173396,54361,0,0,554,54915,Public Employees Retirement System,https://www.calhr.ca.gov,,08/06/2024,,,True,
2023,State Department,"Lands Commission, California State",,Supervising Mineral Resources Engineer,False,False,,184248,209208,,160307,2327,0,10372,173006,46733,0,0,22590,69323,Public Employees Retirement System,https://www.calhr.ca.gov,,08/06/2024,,,True,
2023,State Department,"Lands Commission, California State",,Environmental Program Manager I (Supervisory),False,False,,143352,178212,,167077,0,3094,380,170551,56284,0,0,23388,79672,Public Employees Retirement System,https://www.calhr.ca.gov,,08/06/2024,,,True,
2023,State Department,"Lands Commission, California State",,Environmental Program Manager I (Supervisory),False,False,,143352,178212,,168913,0,0,914,169827,56058,0,0,11602,67660,Public Employees Retirement System,https://www.calhr.ca.gov,,08/06/2024,,,True,
2023,State Department,"Lands Commission, California State",,Environmental Program Manager I (Supervisory),False,False,,143352,178212,,161787,0,0,6966,168753,54555,0,0,23377,77932,Public Employees Retirement System,https://www.calhr.ca.gov,,08/06/2024,,,True,
2023,State Department,"Lands Commission, California State",,Environmental Program Manager I (Supervisory),False,False,,143352,178212,,167870,0,0,600,168470,56058,0,0,18217,74275,Public Employees Retirement System,https://www.calhr.ca.gov,,08/06/2024,,,True,
2023,State Department,"Lands Commission, California State",,"C.E.A., Range B",False,False,,117060,241728,,165161,0,0,2492,167653,57290,0,0,23377,80667,Public Employees Retirement System,https://www.calhr.ca.gov,,08/06/2024,,,True,
2023,State Department,"Lands Commission, California State",,"Senior Engineer, Petroleum Structures (Specialist)",False,False,,159180,199248,,166809,0,0,600,167409,54987,0,0,9338,64325,Public Employees Retirement System,https://www.calhr.ca.gov,,08/06/2024,,,True,
2023,State Department,"Lands Commission, California State",,Associate Mineral Resources Engineer,False,False,,130512,163320,,158518,0,0,6221,164739,52234,0,0,9153,61387,Public Employees Retirement System,https://www.calhr.ca.gov,,08/06/2024,,,True,
2023,State Department,"Lands Commission, California State",,"Associate Engineer, Petroleum Structures",False,False,,138144,172812,,163371,0,0,0,163371,46733,0,0,18097,64830,Public Employees Retirement System,https://www.calhr.ca.gov,,08/06/2024,,,True,
2023,State Department,"Lands Commission, California State",,"Associate Engineer, Petroleum Structures",False,False,,138144,172812,,161625,0,0,600,162225,54361,0,0,9338,63699,Public Employees Retirement System,https://www.calhr.ca.gov,,08/06/2024,,,True,
2023,State Department,"Lands Commission, California State",,"Attorney IV, Range A",False,False,,139728,179448,,153741,0,0,6343,160084,48930,0,0,1996,50926,Public Employees Retirement System,https://www.calhr.ca.gov,,08/06/2024,,,True,
2023,State Department,"Lands Commission, California State",,Associate Mineral Resources Engineer,False,False,,130512,163320,,152047,0,0,6699,158746,51375,0,0,23283,74658,Public Employees Retirement System,https://www.calhr.ca.gov,,08/06/2024,,,True,
2023,State Department,"Lands Commission, California State",,Associate Mineral Resources Engineer,False,False,,130512,163320,,154725,1836,0,600,157161,51980,0,0,9338,61318,Public Employees Retirement System,https://www.calhr.ca.gov,,08/06/2024,,,True,
2023,State Department,"Lands Commission, California State",,"Attorney IV, Range A",False,False,,139728,179448,,150620,0,0,6342,156962,47148,0,0,8857,56005,Public Employees Retirement System,https://www.calhr.ca.gov,,08/06/2024,,,True,
2023,State Department,"Lands Commission, California State",,Associate Mineral Resources Engineer,False,False,,130512,163320,,155648,0,0,600,156248,51375,0,0,9338,60713,Public Employees Retirement System,https://www.calhr.ca.gov,,08/06/2024,,,True,
2023,State Department,"Lands Commission, California State",,"C.E.A., Range A",False,False,,117060,241728,,146945,0,0,8333,155278,49421,0,0,9397,58817,Public Employees Retirement System,https://www.calhr.ca.gov,,08/06/2024,,,True,
2023,State Department,"Lands Commission, California State",,"Senior Engineer, Petroleum Structures (Specialist)",False,False,,159180,199248,,29838,0,124434,0,154272,5442,0,0,811,6253,,https://www.calhr.ca.gov,,08/06/2024,,,True,
2023,State Department,"Lands Commission, California State",,Senior Boundary Determination Officer (Specialist),False,False,,130632,163500,,152434,0,0,600,153034,51431,0,0,23283,74714,Public Employees Retirement System,https://www.calhr.ca.gov,,08/06/2024,,,True,
2023,State Department,"Lands Commission, California State",,Information Technology Manager II,False,False,,128808,156576,,143542,0,0,8267,151809,49253,0,0,23377,72630,Public Employees Retirement System,https://www.calhr.ca.gov,,08/06/2024,,,True,
2023,State Department,"Lands Commission, California State",,"Attorney IV, Range A",False,False,,139728,179448,,148939,0,0,700,149639,47505,0,0,8857,56362,Public Employees Retirement System,https://www.calhr.ca.gov,,08/06/2024,,,True,
2023,State Department,"Lands Commission, California State",,"Senior Engineer, Petroleum Structures (Specialist)",False,False,,159180,199248,,143107,364,0,600,144071,44730,0,0,9338,54068,Public Employees Retirement System,https://www.calhr.ca.gov,,08/06/2024,,,True,
2023,State Department,"Lands Commission, California State",,Senior Boundary Determination Officer (Specialist),False,False,,130632,163500,,142496,0,0,600,143096,48079,0,0,23283,71362,Public Employees Retirement System,https://www.calhr.ca.gov,,08/06/2024,,,True,
2023,State Department,"Lands Commission, California State",,"Attorney IV, Range A",False,False,,139728,179448,,137934,0,0,600,138534,44239,0,0,1996,46235,Public Employees Retirement System,https://www.calhr.ca.gov,,08/06/2024,,,True,
2023,State Department,"Lands Commission, California State",,Associate Boundary Determination Officer,False,False,,110928,138804,,136663,0,0,600,137263,45794,0,0,18083,63877,Public Employees Retirement System,https://www.calhr.ca.gov,,08/06/2024,,,True,
2023,State Department,"Lands Commission, California State",,Supervising Management Auditor,False,False,,113664,135492,,127034,0,0,7479,134513,42621,0,0,9397,52017,Public Employees Retirement System,https://www.calhr.ca.gov,,08/06/2024,,,True,
2023,State Department,"Lands Commission, California State",,"Assistant Manager, Land Operations",False,False,,113520,128904,,120780,0,0,7249,128029,40548,0,0,9397,49945,Public Employees Retirement System,https://www.calhr.ca.gov,,08/06/2024,,,True,
2023,State Department,"Lands Commission, California State",,Associate Boundary Determination Officer,False,False,,110928,138804,,125658,0,0,600,126258,42666,0,0,22661,65326,Public Employees Retirement System,https://www.calhr.ca.gov,,08/06/2024,,,True,
2023,State Department,"Lands Commission, California State",,"C.E.A., Range A",False,False,,117060,241728,,120339,0,0,2420,122759,42083,0,0,18217,60300,Public Employees Retirement System,https://www.calhr.ca.gov,,08/06/2024,,,True,
2023,State Department,"Lands Commission, California State",,"Attorney III, Range A",False,False,,126432,162312,,121794,0,0,525,122319,41437,0,0,22693,64130,Public Employees Retirement System,https://www.calhr.ca.gov,,08/06/2024,,,True,
2023,State Department,"Lands Commission, California State",,Environmental Program Manager I (Managerial),False,False,,158520,180012,,120476,0,0,700,121176,42762,0,0,23038,65800,Public Employees Retirement System,https://www.calhr.ca.gov,,08/06/2024,,,True,
2023,State Department,"Lands Commission, California State",,Information Technology Supervisor II,False,False,,96192,128892,,118742,0,0,2420,121162,40544,0,0,18217,58761,Public Employees Retirement System,https://www.calhr.ca.gov,,08/06/2024,,,True,
2023,State Department,"Lands Commission, California State",,Public Land Manager I,False,False,,103068,128088,,110379,0,0,7052,117431,37133,0,0,9397,46530,Public Employees Retirement System,https://www.calhr.ca.gov,,08/06/2024,,,True,
2023,State Department,"Lands Commission, California State",,"Attorney, Range B",False,False,,104496,134076,,112264,0,0,5026,117290,37901,0,0,17569,55470,Public Employees Retirement System,https://www.calhr.ca.gov,,08/06/2024,,,True,
2023,State Department,"Lands Commission, California State",,"Attorney, Range B",False,False,,104496,134076,,114667,0,0,0,114667,36675,0,0,1996,38671,Public Employees Retirement System,https://www.calhr.ca.gov,,08/06/2024,,,True,
2023,State Department,"Lands Commission, California State",,Public Land Manager I,False,False,,103068,128088,,108076,0,0,6552,114628,37133,0,0,23377,60510,Public Employees Retirement System,https://www.calhr.ca.gov,,08/06/2024,,,True,
2023,State Department,"Lands Commission, California State",,"C.E.A., Range A",False,False,,117060,241728,,108230,0,0,6191,114421,38059,0,0,23377,61436,Public Employees Retirement System,https://www.calhr.ca.gov,,08/06/2024,,,True,
2023,State Department,"Lands Commission, California State",,Public Land Manager I,False,False,,103068,128088,,107108,0,0,6552,113660,37133,0,0,23377,60510,Public Employees Retirement System,https://www.calhr.ca.gov,,08/06/2024,,,True,
2023,State Department,"Lands Commission, California State",,Information Technology Supervisor II,False,False,,96192,128892,,110857,0,0,2420,113277,38382,0,0,23377,61759,Public Employees Retirement System,https://www.calhr.ca.gov,,08/06/2024,,,True,
2023,State Department,"Lands Commission, California State",,"Information Technology Specialist I, Range C",False,False,,88956,119184,,108858,0,0,2420,111278,37492,0,0,17567,55058,Public Employees Retirement System,https://www.calhr.ca.gov,,08/06/2024,,,True,
2023,State Department,"Lands Commission, California State",,Senior Environmental Scientist(Specialist),False,False,,88032,109512,,105598,527,0,4837,110962,35373,0,0,8861,44234,Public Employees Retirement System,https://www.calhr.ca.gov,,08/06/2024,,,True,
2023,State Department,"Lands Commission, California State",,Staff Services Manager III,False,False,,108264,122916,,103714,0,0,6479,110193,34824,0,0,9397,44220,Public Employees Retirement System,https://www.calhr.ca.gov,,08/06/2024,,,True,
2023,State Department,"Lands Commission, California State",,Information Technology Supervisor II,False,False,,96192,128892,,107506,0,0,2420,109926,36146,0,0,9333,45478,Public Employees Retirement System,https://www.calhr.ca.gov,,08/06/2024,,,True,
2023,State Department,"Lands Commission, California State",,"Information Technology Specialist I, Range C",False,False,,88956,119184,,107272,0,0,2430,109702,37492,0,0,22610,60101,Public Employees Retirement System,https://www.calhr.ca.gov,,08/06/2024,,,True,
2023,State Department,"Lands Commission, California State",,Senior Environmental Scientist(Specialist),False,False,,88032,109512,,108892,0,0,600,109492,35044,0,0,1816,36860,Public Employees Retirement System,https://www.calhr.ca.gov,,08/06/2024,,,True,
2023,State Department,"Lands Commission, California State",,Senior Environmental Scientist(Specialist),False,False,,88032,109512,,108892,0,0,600,109492,35044,0,0,1816,36860,Public Employees Retirement System,https://www.calhr.ca.gov,,08/06/2024,,,True,
2023,State Department,"Lands Commission, California State",,Public Land Management Specialist IV,False,False,,87096,108996,,103291,0,0,4542,107833,33665,0,0,1816,35481,Public Employees Retirement System,https://www.calhr.ca.gov,,08/06/2024,,,True,
2023,State Department,"Lands Commission, California State",,"Information Technology Specialist I, Range C",False,False,,88956,119184,,104899,0,0,2420,107319,36610,0,0,22767,59377,Public Employees Retirement System,https://www.calhr.ca.gov,,08/06/2024,,,True,
2023,State Department,"Lands Commission, California State",,Staff Services Manager II (Supervisory),False,False,,89040,110628,,99587,0,0,6251,105838,34798,0,0,23247,58045,Public Employees Retirement System,https://www.calhr.ca.gov,,08/06/2024,,,True,
2023,State Department,"Lands Commission, California State",,Senior Environmental Scientist(Specialist),False,False,,88032,109512,,105096,0,0,600,105696,35044,0,0,8861,43905,Public Employees Retirement System,https://www.calhr.ca.gov,,08/06/2024,,,True,
2023,State Department,"Lands Commission, California State",,Public Land Management Specialist IV,False,False,,87096,108996,,103291,0,0,600,103891,33665,0,0,1816,35481,Public Employees Retirement System,https://www.calhr.ca.gov,,08/06/2024,,,True,
2023,State Department,"Lands Commission, California State",,Senior Environmental Scientist(Specialist),False,False,,88032,109512,,102611,0,0,623,103234,34911,0,0,17786,52697,Public Employees Retirement System,https://www.calhr.ca.gov,,08/06/2024,,,True,
2023,State Department,"Lands Commission, California State",,Marine Safety Supervisor,False,False,,84636,105072,,99099,0,0,3924,103023,32932,0,0,23377,56309,Public Employees Retirement System,https://www.calhr.ca.gov,,08/06/2024,,,True,
2023,State Department,"Lands Commission, California State",,Public Land Management Specialist IV,False,False,,87096,108996,,95568,0,0,6416,101984,32601,0,0,8861,41462,Public Employees Retirement System,https://www.calhr.ca.gov,,08/06/2024,,,True,
2023,State Department,"Lands Commission, California State",,"Energy and Mineral Resources Engineer, Range C",False,False,,101616,127140,,94687,2543,0,4465,101695,31470,0,0,9338,40808,Public Employees Retirement System,https://www.calhr.ca.gov,,08/06/2024,,,True,
2023,State Department,"Lands Commission, California State",,Public Land Management Specialist IV,False,False,,87096,108996,,100081,0,0,600,100681,32601,0,0,1816,34417,Public Employees Retirement System,https://www.calhr.ca.gov,,08/06/2024,,,True,
2023,State Department,"Lands Commission, California State",,Public Land Management Specialist IV,False,False,,87096,108996,,97507,743,0,2420,100671,33665,0,0,17581,51245,Public Employees Retirement System,https://www.calhr.ca.gov,,08/06/2024,,,True,
2023,State Department,"Lands Commission, California State",,Assistant Boundary Determination Officer,False,False,,84852,106176,,98958,0,0,600,99558,33398,0,0,18097,51495,Public Employees Retirement System,https://www.calhr.ca.gov,,08/06/2024,,,True,
2023,State Department,"Lands Commission, California State",,Staff Services Manager I,False,False,,81120,100776,,93544,0,0,4942,98486,31533,0,0,9397,40929,Public Employees Retirement System,https://www.calhr.ca.gov,,08/06/2024,,,True,
2023,State Department,"Lands Commission, California State",,"Research Data Specialist II, Range A",False,False,,86412,108156,,95568,0,0,2420,97988,33089,0,0,17581,50670,Public Employees Retirement System,https://www.calhr.ca.gov,,08/06/2024,,,True,
2023,State Department,"Lands Commission, California State",,Public Land Manager I,False,False,,103068,128088,,95374,0,0,1820,97194,32802,0,0,18217,51018,Public Employees Retirement System,https://www.calhr.ca.gov,,08/06/2024,,,True,
2023,State Department,"Lands Commission, California State",,"Energy and Mineral Resources Engineer, Range C",False,False,,101616,127140,,96542,0,0,600,97142,31524,0,0,136,31660,Public Employees Retirement System,https://www.calhr.ca.gov,,08/06/2024,,,True,
2023,State Department,"Lands Commission, California State",,Senior Environmental Scientist(Specialist),False,False,,88032,109512,,95933,530,0,600,97063,33078,0,0,22698,55777,Public Employees Retirement System,https://www.calhr.ca.gov,,08/06/2024,,,True,
2023,State Department,"Lands Commission, California State",,Senior Environmental Scientist(Specialist),False,False,,88032,109512,,95974,0,0,385,96359,33022,0,0,22698,55720,Public Employees Retirement System,https://www.calhr.ca.gov,,08/06/2024,,,True,
2023,State Department,"Lands Commission, California State",,Senior Environmental Scientist(Specialist),False,False,,88032,109512,,95345,0,0,600,95945,31809,0,0,8822,40631,Public Employees Retirement System,https://www.calhr.ca.gov,,08/06/2024,,,True,
2023,State Department,"Lands Commission, California State",,"Information Technology Specialist I, Range C",False,False,,88956,119184,,93282,0,0,2420,95702,32703,0,0,20870,53573,Public Employees Retirement System,https://www.calhr.ca.gov,,08/06/2024,,,True,
2023,State Department,"Lands Commission, California State",,"Attorney, Range B",False,False,,104496,134076,,93520,0,0,2162,95682,31126,0,0,8857,39983,Public Employees Retirement System,https://www.calhr.ca.gov,,08/06/2024,,,True,
2023,State Department,"Lands Commission, California State",,Staff Services Manager I,False,False,,81120,100776,,94808,0,0,650,95458,30906,0,0,3398,34304,Public Employees Retirement System,https://www.calhr.ca.gov,,08/06/2024,,,True,
2023,State Department,"Lands Commission, California State",,Mineral and Land Auditor Specialist IV (Specialist),False,False,,78504,103248,,92422,0,0,2420,94842,32477,0,0,22767,55244,Public Employees Retirement System,https://www.calhr.ca.gov,,08/06/2024,,,True,
2023,State Department,"Lands Commission, California State",,Senior Environmental Scientist(Specialist),False,False,,88032,109512,,93458,0,0,600,94058,33902,0,0,22767,56669,Public Employees Retirement System,https://www.calhr.ca.gov,,08/06/2024,,,True,
2023,State Department,"Lands Commission, California State",,Staff Services Manager I,False,False,,81120,100776,,90903,0,0,2420,93323,31700,0,0,23377,55076,Public Employees Retirement System,https://www.calhr.ca.gov,,08/06/2024,,,True,
2023,State Department,"Lands Commission, California State",,General Auditor III,False,False,,75168,98856,,86278,213,0,5856,92346,28636,0,0,8176,36812,Public Employees Retirement System,https://www.calhr.ca.gov,,08/06/2024,,,True,
2023,State Department,"Lands Commission, California State",,Marine Safety Specialist I,False,False,,75636,93900,,84515,4171,0,2768,91455,21543,0,0,17569,39111,Public Employees Retirement System,https://www.calhr.ca.gov,,08/06/2024,,,True,
2023,State Department,"Lands Commission, California State",,Staff Services Manager I,False,False,,81120,100776,,85096,0,0,5927,91023,29483,0,0,23377,52860,Public Employees Retirement System,https://www.calhr.ca.gov,,08/06/2024,,,True,
2023,State Department,"Lands Commission, California State",,Marine Safety Specialist I,False,False,,75636,93900,,86610,132,0,3806,90548,21825,0,0,22693,44517,Public Employees Retirement System,https://www.calhr.ca.gov,,08/06/2024,,,True,
2023,State Department,"Lands Commission, California State",,Marine Safety Specialist I,False,False,,75636,93900,,90172,0,0,0,90172,20999,0,0,2761,23760,Public Employees Retirement System,https://www.calhr.ca.gov,,08/06/2024,,,True,
2023,State Department,"Lands Commission, California State",,Senior Environmental Scientist(Specialist),False,False,,88032,109512,,67957,0,21359,606,89921,21969,0,0,2109,24077,Public Employees Retirement System,https://www.calhr.ca.gov,,08/06/2024,,,True,
2023,State Department,"Lands Commission, California State",,"Energy and Mineral Resources Engineer, Range B",False,False,,89832,112440,,85458,3316,0,400,89174,28378,0,0,9062,37439,Public Employees Retirement System,https://www.calhr.ca.gov,,08/06/2024,,,True,
2023,State Department,"Lands Commission, California State",,General Auditor III,False,False,,75168,98856,,86225,0,0,2409,88634,28636,0,0,12790,41426,Public Employees Retirement System,https://www.calhr.ca.gov,,08/06/2024,,,True,
2023,State Department,"Lands Commission, California State",,"Information Technology Specialist I, Range B",False,False,,81012,108576,,85362,0,0,2420,87782,28978,0,0,8822,37800,Public Employees Retirement System,https://www.calhr.ca.gov,,08/06/2024,,,True,
2023,State Department,"Lands Commission, California State",,Staff Services Manager I,False,False,,81120,100776,,84942,2,0,2420,87364,28674,0,0,9397,38071,Public Employees Retirement System,https://www.calhr.ca.gov,,08/06/2024,,,True,
2023,State Department,"Lands Commission, California State",,Marine Safety Specialist II,False,False,,79416,98604,,87049,0,0,300,87349,22052,0,0,22693,44745,Public Employees Retirement System,https://www.calhr.ca.gov,,08/06/2024,,,True,
2023,State Department,"Lands Commission, California State",,Marine Safety Specialist I,False,False,,75636,93900,,83026,0,0,3781,86807,20999,0,0,22693,43692,Public Employees Retirement System,https://www.calhr.ca.gov,,08/06/2024,,,True,
2023,State Department,"Lands Commission, California State",,Staff Services Manager I,False,False,,81120,100776,,84248,0,0,2520,86768,28372,0,0,18217,46589,Public Employees Retirement System,https://www.calhr.ca.gov,,08/06/2024,,,True,
2023,State Department,"Lands Commission, California State",,Marine Safety Specialist I,False,False,,75636,93900,,86389,0,0,0,86389,20999,0,0,8857,29856,Public Employees Retirement System,https://www.calhr.ca.gov,,08/06/2024,,,True,
2023,State Department,"Lands Commission, California State",,Senior Accounting Officer (Supervisor),False,False,,73788,91692,,80890,0,0,5310,86201,26988,0,0,9397,36384,Public Employees Retirement System,https://www.calhr.ca.gov,,08/06/2024,,,True,
2023,State Department,"Lands Commission, California State",,General Auditor III,False,False,,75168,98856,,83974,0,0,2090,86063,28523,0,0,10312,38835,Public Employees Retirement System,https://www.calhr.ca.gov,,08/06/2024,,,True,
2023,State Department,"Lands Commission, California State",,General Auditor III,False,False,,75168,98856,,82598,0,0,2420,85018,28636,0,0,17001,45637,Public Employees Retirement System,https://www.calhr.ca.gov,,08/06/2024,,,True,
2023,State Department,"Lands Commission, California State",,Mineral Resources Inspector II,False,False,,63948,79992,,74884,4754,0,5308,84946,25163,0,0,17581,42744,Public Employees Retirement System,https://www.calhr.ca.gov,,08/06/2024,,,True,
2023,State Department,"Lands Commission, California State",,Mineral Resources Inspector II,False,False,,63948,79992,,80629,3642,0,669,84940,25163,0,0,1816,26979,Public Employees Retirement System,https://www.calhr.ca.gov,,08/06/2024,,,True,
2023,State Department,"Lands Commission, California State",,"Environmental Scientist, Range C",False,False,,76500,95112,,84110,0,0,600,84710,28812,0,0,17039,45850,Public Employees Retirement System,https://www.calhr.ca.gov,,08/06/2024,,,True,
2023,State Department,"Lands Commission, California State",,Public Land Management Specialist III,False,False,,82884,103812,,78898,0,0,5343,84241,26872,0,0,8861,35734,Public Employees Retirement System,https://www.calhr.ca.gov,,08/06/2024,,,True,
2023,State Department,"Lands Commission, California State",,Marine Safety Specialist I,False,False,,75636,93900,,71496,135,0,12426,84058,21036,0,0,8857,29892,Public Employees Retirement System,https://www.calhr.ca.gov,,08/06/2024,,,True,
2023,State Department,"Lands Commission, California State",,Marine Safety Specialist I,False,False,,75636,93900,,81560,2346,0,0,83907,19041,0,0,22693,41734,Public Employees Retirement System,https://www.calhr.ca.gov,,08/06/2024,,,True,
2023,State Department,"Lands Commission, California State",,"Senior Accounting Officer (Specialist), Range A",False,False,,68208,85368,,77814,490,0,5490,83794,26109,0,0,8822,34931,Public Employees Retirement System,https://www.calhr.ca.gov,,08/06/2024,,,True,
2023,State Department,"Lands Commission, California State",,Marine Safety Specialist I,False,False,,75636,93900,,77269,3245,0,2306,82820,19588,0,0,17569,37156,Public Employees Retirement System,https://www.calhr.ca.gov,,08/06/2024,,,True,
2023,State Department,"Lands Commission, California State",,Marine Safety Specialist I,False,False,,75636,93900,,82209,489,0,0,82698,19041,0,0,1996,21037,Public Employees Retirement System,https://www.calhr.ca.gov,,08/06/2024,,,True,
2023,State Department,"Lands Commission, California State",,Accounting Administrator I (Supervisor),False,False,,81120,100776,,76747,0,0,5601,82348,26906,0,0,18217,45123,Public Employees Retirement System,https://www.calhr.ca.gov,,08/06/2024,,,True,
2023,State Department,"Lands Commission, California State",,"Associate Governmental Program Analyst, Range A",False,False,,68208,85368,,78987,0,0,2420,81407,26854,0,0,8593,35447,Public Employees Retirement System,https://www.calhr.ca.gov,,08/06/2024,,,True,
2023,State Department,"Lands Commission, California State",,Associate Property Appraiser,False,False,,68208,85368,,78949,0,0,2420,81369,26854,0,0,8822,35676,Public Employees Retirement System,https://www.calhr.ca.gov,,08/06/2024,,,True,
2023,State Department,"Lands Commission, California State",,"Associate Governmental Program Analyst, Range A",False,False,,68208,85368,,78835,569,0,1850,81254,26854,0,0,8861,35716,Public Employees Retirement System,https://www.calhr.ca.gov,,08/06/2024,,,True,
2023,State Department,"Lands Commission, California State",,"Associate Personnel Analyst, Range A",False,False,,68208,85368,,78936,0,0,2120,81056,26854,0,0,8861,35716,Public Employees Retirement System,https://www.calhr.ca.gov,,08/06/2024,,,True,
2023,State Department,"Lands Commission, California State",,"Associate Governmental Program Analyst, Range A",False,False,,68208,85368,,78622,0,0,2420,81042,26854,0,0,9558,36413,Public Employees Retirement System,https://www.calhr.ca.gov,,08/06/2024,,,True,
2023,State Department,"Lands Commission, California State",,"Associate Personnel Analyst, Range A",False,False,,68208,85368,,78275,0,0,2420,80695,26712,0,0,9558,36270,Public Employees Retirement System,https://www.calhr.ca.gov,,08/06/2024,,,True,
2023,State Department,"Lands Commission, California State",,Assistant Boundary Determination Officer,False,False,,84852,106176,,79795,0,0,600,80395,25625,0,0,1816,27441,Public Employees Retirement System,https://www.calhr.ca.gov,,08/06/2024,,,True,
2023,State Department,"Lands Commission, California State",,Marine Safety Specialist I,False,False,,75636,93900,,80577,1930,0,-2203,80304,20982,0,0,22693,43675,Public Employees Retirement System,https://www.calhr.ca.gov,,08/06/2024,,,True,
2023,State Department,"Lands Commission, California State",,"Associate Governmental Program Analyst, Range A",False,False,,68208,85368,,77259,0,0,2420,79679,26854,0,0,17151,44005,Public Employees Retirement System,https://www.calhr.ca.gov,,08/06/2024,,,True,
2023,State Department,"Lands Commission, California State",,"Senior Accounting Officer (Specialist), Range A",False,False,,68208,85368,,76083,0,0,2420,78503,26565,0,0,17567,44132,Public Employees Retirement System,https://www.calhr.ca.gov,,08/06/2024,,,True,
2023,State Department,"Lands Commission, California State",,"Associate Governmental Program Analyst, Range A",False,False,,68208,85368,,76060,0,0,2420,78480,26854,0,0,8861,35716,Public Employees Retirement System,https://www.calhr.ca.gov,,08/06/2024,,,True,
2023,State Department,"Lands Commission, California State",,Mineral Resources Inspector II,False,False,,63948,79992,,74277,2499,0,1429,78205,18048,0,0,6590,24638,Public Employees Retirement System,https://www.calhr.ca.gov,,08/06/2024,,,True,
2023,State Department,"Lands Commission, California State",,Staff Services Manager I,False,False,,81120,100776,,73120,0,0,3542,76662,25383,0,0,22583,47966,Public Employees Retirement System,https://www.calhr.ca.gov,,08/06/2024,,,True,
2023,State Department,"Lands Commission, California State",,Public Land Management Specialist III,False,False,,82884,103812,,75774,0,0,600,76374,24580,0,0,1816,26395,Public Employees Retirement System,https://www.calhr.ca.gov,,08/06/2024,,,True,
2023,State Department,"Lands Commission, California State",,Public Land Management Specialist III,False,False,,82884,103812,,72078,1205,0,2320,75603,24580,0,0,8861,33441,Public Employees Retirement System,https://www.calhr.ca.gov,,08/06/2024,,,True,
2023,State Department,"Lands Commission, California State",,Public Land Management Specialist II,False,False,,68976,86340,,73437,0,0,1820,75257,25024,0,0,8861,33885,Public Employees Retirement System,https://www.calhr.ca.gov,,08/06/2024,,,True,
2023,State Department,"Lands Commission, California State",,Senior Environmental Scientist(Specialist),False,False,,88032,109512,,74502,0,0,600,75102,26283,0,0,22698,48981,Public Employees Retirement System,https://www.calhr.ca.gov,,08/06/2024,,,True,
2023,State Department,"Lands Commission, California State",,"Associate Governmental Program Analyst, Range A",False,False,,68208,85368,,71448,21,0,2420,73889,24333,0,0,8861,33194,Public Employees Retirement System,https://www.calhr.ca.gov,,08/06/2024,,,True,
2023,State Department,"Lands Commission, California State",,Marine Safety Specialist I,False,False,,75636,93900,,70370,3096,0,0,73465,17203,0,0,8857,26060,Public Employees Retirement System,https://www.calhr.ca.gov,,08/06/2024,,,True,
2023,State Department,"Lands Commission, California State",,"Senior Personnel Specialist, Range A",False,False,,64056,80268,,67348,1032,0,4245,72625,24555,0,0,22698,47253,Public Employees Retirement System,https://www.calhr.ca.gov,,08/06/2024,,,True,
2023,State Department,"Lands Commission, California State",,"Administrative Assistant I, Range A",False,False,,56712,70992,,64779,1139,0,5150,71068,22717,0,0,17946,40663,Public Employees Retirement System,https://www.calhr.ca.gov,,08/06/2024,,,True,
2023,State Department,"Lands Commission, California State",,"Associate Governmental Program Analyst, Range A",False,False,,68208,85368,,42341,0,25927,2170,70437,14467,0,0,5146,19613,Public Employees Retirement System,https://www.calhr.ca.gov,,08/06/2024,,,True,
2023,State Department,"Lands Commission, California State",,Marine Safety Specialist I,False,False,,75636,93900,,69454,827,0,0,70281,17551,0,0,22693,40244,Public Employees Retirement System,https://www.calhr.ca.gov,,08/06/2024,,,True,
2023,State Department,"Lands Commission, California State",,Mineral Resources Inspector III,False,False,,70092,87048,,69614,0,0,444,70058,27383,0,0,23377,50759,Public Employees Retirement System,https://www.calhr.ca.gov,,08/06/2024,,,True,
2023,State Department,"Lands Commission, California State",,"Administrative Assistant I, Range A",False,False,,56712,70992,,67088,0,0,2420,69508,22717,0,0,9062,31779,Public Employees Retirement System,https://www.calhr.ca.gov,,08/06/2024,,,True,
2023,State Department,"Lands Commission, California State",,Marine Safety Specialist I,False,False,,75636,93900,,68456,267,0,300,69022,17005,0,0,22693,39698,Public Employees Retirement System,https://www.calhr.ca.gov,,08/06/2024,,,True,
2023,State Department,"Lands Commission, California State",,Marine Safety Specialist I,False,False,,75636,93900,,68456,508,0,0,68963,17005,0,0,22693,39698,Public Employees Retirement System,https://www.calhr.ca.gov,,08/06/2024,,,True,
2023,State Department,"Lands Commission, California State",,"Associate Governmental Program Analyst, Range A",False,False,,68208,85368,,68284,0,0,375,68659,22623,0,0,136,22759,Public Employees Retirement System,https://www.calhr.ca.gov,,08/06/2024,,,True,
2023,State Department,"Lands Commission, California State",,"Senior Accounting Officer (Specialist), Range A",False,False,,68208,85368,,67339,0,0,600,67939,21909,0,0,1672,23581,Public Employees Retirement System,https://www.calhr.ca.gov,,08/06/2024,,,True,
2023,State Department,"Lands Commission, California State",,"Information Technology Associate, Range C",False,False,,67068,89892,,65341,0,0,2420,67761,22918,0,0,17039,39957,Public Employees Retirement System,https://www.calhr.ca.gov,,08/06/2024,,,True,
2023,State Department,"Lands Commission, California State",,"Staff Services Analyst, Range C",False,False,,56712,70992,,65260,0,0,2467,67727,22332,0,0,8805,31137,Public Employees Retirement System,https://www.calhr.ca.gov,,08/06/2024,,,True,
2023,State Department,"Lands Commission, California State",,"Associate Personnel Analyst, Range A",False,False,,68208,85368,,64170,0,0,2420,66590,22527,0,0,18527,41055,Public Employees Retirement System,https://www.calhr.ca.gov,,08/06/2024,,,True,
2023,State Department,"Lands Commission, California State",,"Accounting Officer (Specialist), Range A",False,False,,59568,74556,,63020,564,0,2420,66004,21520,0,0,8637,30158,Public Employees Retirement System,https://www.calhr.ca.gov,,08/06/2024,,,True,
2023,State Department,"Lands Commission, California State",,"Accounting Officer (Specialist), Range A",False,False,,59568,74556,,63351,0,0,2420,65771,21691,0,0,8861,30552,Public Employees Retirement System,https://www.calhr.ca.gov,,08/06/2024,,,True,
2023,State Department,"Lands Commission, California State",,"Associate Governmental Program Analyst, Range A",False,False,,68208,85368,,63223,0,0,2120,65343,22623,0,0,17074,39697,Public Employees Retirement System,https://www.calhr.ca.gov,,08/06/2024,,,True,
2023,State Department,"Lands Commission, California State",,Public Land Management Specialist II,False,False,,68976,86340,,62322,0,0,2560,64882,20719,0,0,5515,26234,Public Employees Retirement System,https://www.calhr.ca.gov,,08/06/2024,,,True,
2023,State Department,"Lands Commission, California State",,Mineral Resources Inspector II,False,False,,63948,79992,,59260,427,0,5010,64697,22830,0,0,17567,40396,Public Employees Retirement System,https://www.calhr.ca.gov,,08/06/2024,,,True,
2023,State Department,"Lands Commission, California State",,"Senior Accounting Officer (Specialist), Range A",False,False,,68208,85368,,61941,41,0,2216,64198,21791,0,0,21660,43450,Public Employees Retirement System,https://www.calhr.ca.gov,,08/06/2024,,,True,
2023,State Department,"Lands Commission, California State",,"Associate Governmental Program Analyst, Range A",False,False,,68208,85368,,60790,105,0,1820,62714,20790,0,0,8637,29427,Public Employees Retirement System,https://www.calhr.ca.gov,,08/06/2024,,,True,
2023,State Department,"Lands Commission, California State",,"Information Technology Specialist II, Range A",False,False,,97560,130716,,60171,0,0,2420,62591,20560,0,0,17581,38140,Public Employees Retirement System,https://www.calhr.ca.gov,,08/06/2024,,,True,
2023,State Department,"Lands Commission, California State",,Public Land Management Specialist II,False,False,,68976,86340,,60440,0,0,2120,62560,20719,0,0,8822,29541,Public Employees Retirement System,https://www.calhr.ca.gov,,08/06/2024,,,True,
2023,State Department,"Lands Commission, California State",,"Information Technology Associate, Range C",False,False,,67068,89892,,59736,0,0,2256,61992,21260,0,0,20763,42023,Public Employees Retirement System,https://www.calhr.ca.gov,,08/06/2024,,,True,
2023,State Department,"Lands Commission, California State",,Marine Safety Inspector,False,False,,65676,81588,,59320,0,0,2582,61902,15849,0,0,8857,24705,Public Employees Retirement System,https://www.calhr.ca.gov,,08/06/2024,,,True,
2023,State Department,"Lands Commission, California State",,Marine Safety Specialist II,False,False,,79416,98604,,53095,0,6770,50,59914,12875,0,0,5178,18053,Public Employees Retirement System,https://www.calhr.ca.gov,,08/06/2024,,,True,
2023,State Department,"Lands Commission, California State",,"Associate Personnel Analyst, Range A",False,False,,68208,85368,,56694,0,0,2320,59014,19433,0,0,8637,28070,Public Employees Retirement System,https://www.calhr.ca.gov,,08/06/2024,,,True,
2023,State Department,"Lands Commission, California State",,"Environmental Scientist, Range C",False,False,,76500,95112,,52421,0,0,5712,58133,21158,0,0,21962,43120,Public Employees Retirement System,https://www.calhr.ca.gov,,08/06/2024,,,True,
2023,State Department,"Lands Commission, California State",,Public Land Management Specialist II,False,False,,68976,86340,,55338,0,0,2420,57758,18983,0,0,8637,27620,Public Employees Retirement System,https://www.calhr.ca.gov,,08/06/2024,,,True,
2023,State Department,"Lands Commission, California State",,"Accountant Trainee, Range A",False,False,,50244,59904,,54681,0,0,2541,57222,18845,0,0,8493,27338,Public Employees Retirement System,https://www.calhr.ca.gov,,08/06/2024,,,True,
2023,State Department,"Lands Commission, California State",,"Executive Secretary I, Range A",False,False,,49140,61548,,54855,0,0,1820,56675,18831,0,0,8822,27653,Public Employees Retirement System,https://www.calhr.ca.gov,,08/06/2024,,,True,
2023,State Department,"Lands Commission, California State",,"Staff Services Analyst, Range C",False,False,,56712,70992,,54164,94,0,2195,56452,19798,0,0,22698,42496,Public Employees Retirement System,https://www.calhr.ca.gov,,08/06/2024,,,True,
2023,State Department,"Lands Commission, California State",,"Accounting Officer (Specialist), Range A",False,False,,59568,74556,,54011,0,0,2420,56431,18816,0,0,22410,41226,Public Employees Retirement System,https://www.calhr.ca.gov,,08/06/2024,,,True,
2023,State Department,"Lands Commission, California State",,"Public Land Management Specialist I, Range B",False,False,,57516,68568,,51105,0,0,2120,53225,17237,0,0,8637,25875,Public Employees Retirement System,https://www.calhr.ca.gov,,08/06/2024,,,True,
2023,State Department,"Lands Commission, California State",,"Office Technician (Typing), Range A",False,False,,43308,54216,,50178,0,0,2420,52598,16675,0,0,8176,24851,Public Employees Retirement System,https://www.calhr.ca.gov,,08/06/2024,,,True,
2023,State Department,"Lands Commission, California State",,"Public Land Management Specialist I, Range B",False,False,,57516,68568,,50072,0,0,2420,52492,16871,0,0,8656,25527,Public Employees Retirement System,https://www.calhr.ca.gov,,08/06/2024,,,True,
2023,State Department,"Lands Commission, California State",,"Office Technician (Typing), Range A",False,False,,43308,54216,,48112,0,0,3766,51879,16675,0,0,8861,25536,Public Employees Retirement System,https://www.calhr.ca.gov,,08/06/2024,,,True,
2023,State Department,"Lands Commission, California State",,"Management Services Technician, Range B",False,False,,45432,56916,,48740,0,0,2420,51160,17508,0,0,17581,35088,Public Employees Retirement System,https://www.calhr.ca.gov,,08/06/2024,,,True,
2023,State Department,"Lands Commission, California State",,"Office Technician (Typing), Range A",False,False,,43308,54216,,49980,0,0,600,50580,16002,0,0,1816,17818,Public Employees Retirement System,https://www.calhr.ca.gov,,08/06/2024,,,True,
2023,State Department,"Lands Commission, California State",,"Office Technician (Typing), Range A",False,False,,43308,54216,,50330,0,0,0,50330,16675,0,0,136,16811,Public Employees Retirement System,https://www.calhr.ca.gov,,08/06/2024,,,True,
2023,State Department,"Lands Commission, California State",,"Public Land Management Specialist I, Range B",False,False,,57516,68568,,48450,0,0,1820,50270,16703,0,0,8637,25340,Public Employees Retirement System,https://www.calhr.ca.gov,,08/06/2024,,,True,
2023,State Department,"Lands Commission, California State",,"Management Services Technician, Range B",False,False,,45432,56916,,46198,0,0,3933,50131,16687,0,0,17567,34254,Public Employees Retirement System,https://www.calhr.ca.gov,,08/06/2024,,,True,
2023,State Department,"Lands Commission, California State",,"Office Technician (Typing), Range A",False,False,,43308,54216,,48246,0,0,1820,50066,16675,0,0,8822,25497,Public Employees Retirement System,https://www.calhr.ca.gov,,08/06/2024,,,True,
2023,State Department,"Lands Commission, California State",,"Staff Services Analyst, Range B",False,False,,47292,59196,,47142,712,0,1820,49674,17278,0,0,9217,26495,Public Employees Retirement System,https://www.calhr.ca.gov,,08/06/2024,,,True,
2023,State Department,"Lands Commission, California State",,Public Land Management Specialist II,False,False,,68976,86340,,45344,0,1165,2220,48729,15500,0,0,5908,21407,Public Employees Retirement System,https://www.calhr.ca.gov,,08/06/2024,,,True,
2023,State Department,"Lands Commission, California State",,"Management Services Technician, Range B",False,False,,45432,56916,,46235,0,0,2420,48655,16676,0,0,17567,34243,Public Employees Retirement System,https://www.calhr.ca.gov,,08/06/2024,,,True,
2023,State Department,"Lands Commission, California State",,Environmental Program Manager I (Supervisory),False,False,,143352,178212,,47406,0,0,0,47406,0,0,0,0,0,,https://www.calhr.ca.gov,,08/06/2024,,,True,
2023,State Department,"Lands Commission, California State",,"Associate Governmental Program Analyst, Range A",False,False,,68208,85368,,45942,0,0,648,46590,15596,0,0,5603,21198,Public Employees Retirement System,https://www.calhr.ca.gov,,08/06/2024,,,True,
2023,State Department,"Lands Commission, California State",,"Personnel Specialist, Range A",False,False,,45588,57048,,43470,1071,0,1820,46361,15009,0,0,8637,23646,Public Employees Retirement System,https://www.calhr.ca.gov,,08/06/2024,,,True,
2023,State Department,"Lands Commission, California State",,"Associate Personnel Analyst, Range A",False,False,,68208,85368,,45294,0,0,750,46044,14675,0,0,1255,15930,Public Employees Retirement System,https://www.calhr.ca.gov,,08/06/2024,,,True,
2023,State Department,"Lands Commission, California State",,"Office Assistant (General), Range B",False,False,,39372,49284,,43639,0,0,1820,45459,15159,0,0,8861,24021,Public Employees Retirement System,https://www.calhr.ca.gov,,08/06/2024,,,True,
2023,State Department,"Lands Commission, California State",,"Staff Services Analyst, Range C",False,False,,56712,70992,,43170,3,0,2120,45293,15908,0,0,22074,37981,Public Employees Retirement System,https://www.calhr.ca.gov,,08/06/2024,,,True,
2023,State Department,"Lands Commission, California State",,Mineral Resources Inspector II,False,False,,63948,79992,,37066,1092,3306,2054,43518,12779,0,0,12826,25605,Public Employees Retirement System,https://www.calhr.ca.gov,,08/06/2024,,,True,
2023,State Department,"Lands Commission, California State",,"Office Technician (Typing), Range A",False,False,,43308,54216,,40880,631,0,1843,43353,14911,0,0,17584,32495,Public Employees Retirement System,https://www.calhr.ca.gov,,08/06/2024,,,True,
2023,State Department,"Lands Commission, California State",,"Associate Governmental Program Analyst, Range A",False,False,,68208,85368,,40159,0,0,2420,42579,15145,0,0,22698,37843,Public Employees Retirement System,https://www.calhr.ca.gov,,08/06/2024,,,True,
2023,State Department,"Lands Commission, California State",,"Public Land Management Specialist I, Range A",False,False,,55776,63324,,41173,0,0,1249,42422,14027,0,0,7687,21714,Public Employees Retirement System,https://www.calhr.ca.gov,,08/06/2024,,,True,
2023,State Department,"Lands Commission, California State",,"Office Assistant (Typing), Range B",False,False,,40152,50280,,37701,0,0,1820,39521,13175,0,0,8593,21769,Public Employees Retirement System,https://www.calhr.ca.gov,,08/06/2024,,,True,
2023,State Department,"Lands Commission, California State",,Public Land Manager II,False,False,,125340,142272,,38862,0,0,0,38862,0,0,0,0,0,,https://www.calhr.ca.gov,,08/06/2024,,,True,
2023,State Department,"Lands Commission, California State",,Petroleum Production Engineer,False,False,,150288,188136,,37616,0,0,0,37616,0,0,0,0,0,,https://www.calhr.ca.gov,,08/06/2024,,,True,
2023,State Department,"Lands Commission, California State",,"Senior Engineer, Petroleum Structures (Specialist)",False,False,,159180,199248,,34231,0,0,0,34231,0,0,0,0,0,,https://www.calhr.ca.gov,,08/06/2024,,,True,
2023,State Department,"Lands Commission, California State",,"Management Services Technician, Range B",False,False,,45432,56916,,30320,0,0,2020,32340,11426,0,0,22074,33500,Public Employees Retirement System,https://www.calhr.ca.gov,,08/06/2024,,,True,
2023,State Department,"Lands Commission, California State",,Marine Safety Specialist I,False,False,,75636,93900,,31842,0,0,0,31842,7546,0,0,500,8046,Public Employees Retirement System,https://www.calhr.ca.gov,,08/06/2024,,,True,
2023,State Department,"Lands Commission, California State",,"Staff Services Analyst, Range B",False,False,,47292,59196,,24495,124,2748,3540,30906,9265,0,0,13393,22658,Public Employees Retirement System,https://www.calhr.ca.gov,,08/06/2024,,,True,
2023,State Department,"Lands Commission, California State",,Senior Environmental Scientist(Specialist),False,False,,88032,109512,,27378,0,0,600,27978,8761,0,0,136,8897,Public Employees Retirement System,https://www.calhr.ca.gov,,08/06/2024,,,True,
2023,State Department,"Lands Commission, California State",,Staff Services Manager I,False,False,Staff Services Manager I,81120,100776,,24354,0,0,0,24354,0,0,0,0,0,,https://www.calhr.ca.gov,,08/06/2024,,,True,
2023,State Department,"Lands Commission, California State",,"Executive Secretary I, Range L",False,False,,50628,63408,,9448,0,3391,7286,20125,3275,0,0,3134,6410,Public Employees Retirement System,https://www.calhr.ca.gov,,08/06/2024,,,True,
2023,State Department,"Lands Commission, California State",,"Environmental Scientist, Range C",False,False,,76500,95112,,16022,0,0,-4,16018,5343,0,0,2159,7502,Public Employees Retirement System,https://www.calhr.ca.gov,,08/06/2024,,,True,
2023,State Department,"Lands Commission, California State",,"Office Technician (Typing), Range A",False,False,,43308,54216,,15789,0,0,0,15789,5224,0,0,57,5280,Public Employees Retirement System,https://www.calhr.ca.gov,,08/06/2024,,,True,
2023,State Department,"Lands Commission, California State",,Staff Services Manager I,False,False,,81120,100776,,3934,0,11060,0,14994,1304,0,0,0,1304,Public Employees Retirement System,https://www.calhr.ca.gov,,08/06/2024,,,True,
2023,State Department,"Lands Commission, California State",,"Environmental Scientist, Range B",False,False,,60444,75000,,13525,0,0,290,13815,4375,0,0,314,4689,Public Employees Retirement System,https://www.calhr.ca.gov,,08/06/2024,,,True,
2023,State Department,"Lands Commission, California State",,"Accounting Administrator I (Specialist), Range A",False,False,,74916,93780,,12723,0,0,0,12723,0,0,0,0,0,,https://www.calhr.ca.gov,,08/06/2024,,,True,
2023,State Department,"Lands Commission, California State",,"Environmental Scientist, Range C",False,False,,76500,95112,,12177,0,0,100,12277,4080,0,0,1401,5481,Public Employees Retirement System,https://www.calhr.ca.gov,,08/06/2024,,,True,
2023,State Department,"Lands Commission, California State",,"C.E.A., Range B",False,False,,117060,241728,,0,0,11817,0,11817,0,0,0,0,0,Public Employees Retirement System,https://www.calhr.ca.gov,,08/06/2024,,,True,
2023,State Department,"Lands Commission, California State",,"Public Land Management Specialist I, Range A",False,False,,55776,63324,,11914,0,0,-164,11751,4045,0,0,2133,6178,Public Employees Retirement System,https://www.calhr.ca.gov,,08/06/2024,,,True,
2023,State Department,"Lands Commission, California State",,"Office Assistant (Typing), Range B",False,False,,40152,50280,,10738,0,0,140,10878,3509,0,0,314,3823,Public Employees Retirement System,https://www.calhr.ca.gov,,08/06/2024,,,True,
2023,State Department,"Lands Commission, California State",,"Accounting Technician, Range A",False,False,,42516,53280,,9595,0,0,-23,9572,3280,0,0,1505,4786,Public Employees Retirement System,https://www.calhr.ca.gov,,08/06/2024,,,True,
2023,State Department,"Lands Commission, California State",,Marine Safety Specialist I,False,False,,75636,93900,,7486,0,0,0,7486,1728,0,0,1891,3619,Public Employees Retirement System,https://www.calhr.ca.gov,,08/06/2024,,,True,
2023,State Department,"Lands Commission, California State",,Marine Safety Specialist I,False,False,,75636,93900,,6990,0,0,0,6990,1728,0,0,1464,3192,Public Employees Retirement System,https://www.calhr.ca.gov,,08/06/2024,,,True,
2023,State Department,"Lands Commission, California State",,"Accounting Technician, Range A",False,False,,42516,53280,,6315,0,0,0,6315,2094,0,0,23,2117,Public Employees Retirement System,https://www.calhr.ca.gov,,08/06/2024,,,True,
2023,State Department,"Lands Commission, California State",,"Office Technician (Typing), Range A",False,False,,43308,54216,,5792,0,0,0,5792,2019,0,0,1401,3420,Public Employees Retirement System,https://www.calhr.ca.gov,,08/06/2024,,,True,
2023,State Department,"Lands Commission, California State",,"Management Services Technician, Range B",False,False,,45432,56916,,5998,0,0,-372,5626,2118,0,0,2795,4912,Public Employees Retirement System,https://www.calhr.ca.gov,,08/06/2024,,,True,
2023,State Department,"Lands Commission, California State",,"Public Land Management Specialist I, Range A",False,False,,55776,63324,,5761,0,0,-164,5597,1961,0,0,1440,3401,Public Employees Retirement System,https://www.calhr.ca.gov,,08/06/2024,,,True,
2023,State Department,"Lands Commission, California State",,Associate Mineral Resources Engineer,False,False,,130512,163320,,5329,0,0,0,5329,0,0,0,0,0,,https://www.calhr.ca.gov,,08/06/2024,,,True,
2023,State Department,"Lands Commission, California State",,"Chief, Mineral Resources Management Division, State Lands Commission, C.E.A.",False,False,,162096,184104,,4755,0,0,0,4755,0,0,0,0,0,,https://www.calhr.ca.gov,,08/06/2024,,,True,
2023,State Department,"Lands Commission, California State",,"Management Services Technician, Range B",False,False,,45432,56916,,4252,0,0,0,4252,1417,0,0,681,2098,Public Employees Retirement System,https://www.calhr.ca.gov,,08/06/2024,,,True,
2023,State Department,"Lands Commission, California State",,"Public Land Management Specialist I, Range A",False,False,,55776,63324,,4088,0,0,0,4088,1348,0,0,11,1360,Public Employees Retirement System,https://www.calhr.ca.gov,,08/06/2024,,,True,
2023,State Department,"Lands Commission, California State",,"Public Land Management Specialist I, Range A",False,False,,55776,63324,,3924,0,0,0,3924,1348,0,0,700,2049,Public Employees Retirement System,https://www.calhr.ca.gov,,08/06/2024,,,True,
2023,State Department,"Lands Commission, California State",,"Public Land Management Specialist I, Range A",False,False,,55776,63324,,3377,0,0,0,3377,1165,0,0,700,1865,Public Employees Retirement System,https://www.calhr.ca.gov,,08/06/2024,,,True,
2023,State Department,"Lands Commission, California State",,"Attorney, Assistant Chief Counsel",False,False,,169080,197796,,1813,0,0,0,1813,0,0,0,0,0,,https://www.calhr.ca.gov,,08/06/2024,,,True,
2023,State Department,"Lands Commission, California State",,Senior Mineral Resources Engineer,False,False,,150384,188292,,0,0,731,0,731,0,0,0,0,0,Public Employees Retirement System,https://www.calhr.ca.gov,,08/06/2024,,,True,
2023,State Department,"Lands Commission, California State",,Mineral Resources Inspector II,False,False,,63948,79992,,0,14,0,0,14,0,0,0,0,0,Public Employees Retirement System,https://www.calhr.ca.gov,,08/06/2024,,,True,

