﻿Year,EmployerType,EmployerName,DepartmentOrSubdivision,Position,ElectedOfficial,Judicial,OtherPositions,MinPositionSalary,MaxPositionSalary,ReportedBaseWage,RegularPay,OvertimePay,LumpSumPay,OtherPay,TotalWages,DefinedBenefitPlanContribution,EmployeesRetirementCostCovered,DeferredCompensationPlan,HealthDentalVision,TotalRetirementAndHealthContribution,PensionFormula,EmployerURL,EmployerPopulation,LastUpdatedDate,EmployerCounty,SpecialDistrictActivities,IncludesUnfundedLiability,SpecialDistrictType
2023,State Department,Student Aid Commission,,Executive Director/Student Aid Commission,False,False,,190248,195948,,185014,0,0,2420,187434,61637,0,0,10132,71769,Public Employees Retirement System,https://www.calhr.ca.gov,,08/06/2024,,,True,
2023,State Department,Student Aid Commission,,"C.E.A., Range C",False,False,,117060,241728,,159289,0,0,10960,170249,54424,0,0,23377,77801,Public Employees Retirement System,https://www.calhr.ca.gov,,08/06/2024,,,True,
2023,State Department,Student Aid Commission,,"C.E.A., Range B",False,False,,117060,241728,,147810,0,0,8574,156384,50666,0,0,23377,74043,Public Employees Retirement System,https://www.calhr.ca.gov,,08/06/2024,,,True,
2023,State Department,Student Aid Commission,,"C.E.A., Range B",False,False,,117060,241728,,140668,0,0,7975,148643,47788,0,0,18217,66005,Public Employees Retirement System,https://www.calhr.ca.gov,,08/06/2024,,,True,
2023,State Department,Student Aid Commission,,"C.E.A., Range B",False,False,,117060,241728,,138631,0,0,2420,141051,47513,0,0,23377,70889,Public Employees Retirement System,https://www.calhr.ca.gov,,08/06/2024,,,True,
2023,State Department,Student Aid Commission,,"C.E.A., Range B",False,False,,117060,241728,,133223,0,0,5110,138333,44645,0,0,9397,54042,Public Employees Retirement System,https://www.calhr.ca.gov,,08/06/2024,,,True,
2023,State Department,Student Aid Commission,,Staff Services Manager III,False,False,,108264,122916,,126789,0,0,2470,129259,43332,0,0,18217,61548,Public Employees Retirement System,https://www.calhr.ca.gov,,08/06/2024,,,True,
2023,State Department,Student Aid Commission,,"Information Technology Specialist II, Range A",False,False,,97560,130716,,123724,0,0,5457,129181,41119,0,0,1290,42409,Public Employees Retirement System,https://www.calhr.ca.gov,,08/06/2024,,,True,
2023,State Department,Student Aid Commission,,Information Technology Manager I,False,False,,106188,142284,,122178,0,0,2420,124598,41182,0,0,23377,64559,Public Employees Retirement System,https://www.calhr.ca.gov,,08/06/2024,,,True,
2023,State Department,Student Aid Commission,,"Information Technology Specialist II, Range A",False,False,,97560,130716,,118505,0,0,2664,121169,41119,0,0,22767,63886,Public Employees Retirement System,https://www.calhr.ca.gov,,08/06/2024,,,True,
2023,State Department,Student Aid Commission,,Staff Services Manager II (Supervisory),False,False,,89040,110628,,96916,19898,0,2470,119284,32110,0,0,9397,41507,Public Employees Retirement System,https://www.calhr.ca.gov,,08/06/2024,,,True,
2023,State Department,Student Aid Commission,,"Information Technology Specialist I, Range C",False,False,,88956,119184,,110811,0,0,6870,117681,37492,0,0,9558,47050,Public Employees Retirement System,https://www.calhr.ca.gov,,08/06/2024,,,True,
2023,State Department,Student Aid Commission,,"C.E.A., Range B",False,False,,117060,241728,,115249,0,0,2420,117669,41372,0,0,23742,65114,Public Employees Retirement System,https://www.calhr.ca.gov,,08/06/2024,,,True,
2023,State Department,Student Aid Commission,,"Research Data Specialist III, Range A",False,False,,94932,118824,,111102,0,0,4825,115927,36350,0,0,2129,38480,Public Employees Retirement System,https://www.calhr.ca.gov,,08/06/2024,,,True,
2023,State Department,Student Aid Commission,,"Information Technology Specialist I, Range C",False,False,,88956,119184,,114840,0,0,600,115440,37492,0,0,1816,39307,Public Employees Retirement System,https://www.calhr.ca.gov,,08/06/2024,,,True,
2023,State Department,Student Aid Commission,,"Information Technology Specialist I, Range C",False,False,,88956,119184,,107295,0,0,7023,114318,37492,0,0,17581,55072,Public Employees Retirement System,https://www.calhr.ca.gov,,08/06/2024,,,True,
2023,State Department,Student Aid Commission,,Information Technology Supervisor II,False,False,,96192,128892,,111481,0,0,2420,113901,37655,0,0,8906,46561,Public Employees Retirement System,https://www.calhr.ca.gov,,08/06/2024,,,True,
2023,State Department,Student Aid Commission,,"Information Technology Specialist II, Range A",False,False,,97560,130716,,102529,0,0,6750,109279,35825,0,0,22767,58592,Public Employees Retirement System,https://www.calhr.ca.gov,,08/06/2024,,,True,
2023,State Department,Student Aid Commission,,Staff Services Manager III,False,False,,108264,122916,,106205,0,0,2420,108625,36363,0,0,23377,59739,Public Employees Retirement System,https://www.calhr.ca.gov,,08/06/2024,,,True,
2023,State Department,Student Aid Commission,,Staff Management Auditor,False,False,,85176,111108,,103306,0,0,4551,107857,33709,0,0,2330,36039,Public Employees Retirement System,https://www.calhr.ca.gov,,08/06/2024,,,True,
2023,State Department,Student Aid Commission,,Staff Services Manager II (Supervisory),False,False,,89040,110628,,99587,0,0,6550,106138,34798,0,0,23377,58175,Public Employees Retirement System,https://www.calhr.ca.gov,,08/06/2024,,,True,
2023,State Department,Student Aid Commission,,"Information Technology Specialist I, Range C",False,False,,88956,119184,,103515,0,0,2420,105935,36261,0,0,22767,59027,Public Employees Retirement System,https://www.calhr.ca.gov,,08/06/2024,,,True,
2023,State Department,Student Aid Commission,,Staff Services Manager II (Supervisory),False,False,,89040,110628,,102197,0,0,2420,104617,34798,0,0,9397,44195,Public Employees Retirement System,https://www.calhr.ca.gov,,08/06/2024,,,True,
2023,State Department,Student Aid Commission,,"Information Technology Specialist II, Range A",False,False,,97560,130716,,101955,0,0,2470,104425,34563,0,0,23320,57884,Public Employees Retirement System,https://www.calhr.ca.gov,,08/06/2024,,,True,
2023,State Department,Student Aid Commission,,Staff Services Manager II (Supervisory),False,False,,89040,110628,,100099,0,0,4304,104403,33670,0,0,23377,57047,Public Employees Retirement System,https://www.calhr.ca.gov,,08/06/2024,,,True,
2023,State Department,Student Aid Commission,,"Information Technology Specialist II, Range A",False,False,,97560,130716,,103744,0,0,600,104344,33815,0,0,1816,35631,Public Employees Retirement System,https://www.calhr.ca.gov,,08/06/2024,,,True,
2023,State Department,Student Aid Commission,,"Information Technology Specialist I, Range B",False,False,,81012,108576,,100980,0,0,2420,103400,34153,0,0,8822,42975,Public Employees Retirement System,https://www.calhr.ca.gov,,08/06/2024,,,True,
2023,State Department,Student Aid Commission,,"Information Technology Specialist I, Range C",False,False,,88956,119184,,99241,0,0,2520,101761,34624,0,0,22698,57322,Public Employees Retirement System,https://www.calhr.ca.gov,,08/06/2024,,,True,
2023,State Department,Student Aid Commission,,Information Technology Supervisor II,False,False,,96192,128892,,98844,0,0,2420,101264,32970,0,0,9397,42366,Public Employees Retirement System,https://www.calhr.ca.gov,,08/06/2024,,,True,
2023,State Department,Student Aid Commission,,Staff Services Manager I,False,False,,81120,100776,,99163,0,0,1970,101133,33388,0,0,9397,42785,Public Employees Retirement System,https://www.calhr.ca.gov,,08/06/2024,,,True,
2023,State Department,Student Aid Commission,,"Research Data Specialist II, Range A",False,False,,86412,108156,,100489,0,0,600,101089,32736,0,0,1816,34552,Public Employees Retirement System,https://www.calhr.ca.gov,,08/06/2024,,,True,
2023,State Department,Student Aid Commission,,Staff Services Manager II (Supervisory),False,False,,89040,110628,,92168,0,0,6183,98351,32231,0,0,23377,55608,Public Employees Retirement System,https://www.calhr.ca.gov,,08/06/2024,,,True,
2023,State Department,Student Aid Commission,,"Research Data Specialist III, Range A",False,False,,94932,118824,,95612,0,0,2420,98032,32017,0,0,8637,40655,Public Employees Retirement System,https://www.calhr.ca.gov,,08/06/2024,,,True,
2023,State Department,Student Aid Commission,,"Information Technology Associate, Range D",False,False,,73764,98856,,91893,0,0,6111,98004,31096,0,0,8787,39883,Public Employees Retirement System,https://www.calhr.ca.gov,,08/06/2024,,,True,
2023,State Department,Student Aid Commission,,"Information Technology Specialist I, Range B",False,False,,81012,108576,,95552,0,0,2420,97972,33002,0,0,17567,50569,Public Employees Retirement System,https://www.calhr.ca.gov,,08/06/2024,,,True,
2023,State Department,Student Aid Commission,,"Associate Management Auditor, Range A",False,False,,75168,98856,,91025,0,0,6111,97136,31096,0,0,8861,39958,Public Employees Retirement System,https://www.calhr.ca.gov,,08/06/2024,,,True,
2023,State Department,Student Aid Commission,,Staff Services Manager II (Supervisory),False,False,,89040,110628,,94453,0,0,2420,96873,32988,0,0,23377,56365,Public Employees Retirement System,https://www.calhr.ca.gov,,08/06/2024,,,True,
2023,State Department,Student Aid Commission,,"Associate Management Auditor, Range A",False,False,,75168,98856,,91893,0,0,2420,94313,31096,0,0,8637,39734,Public Employees Retirement System,https://www.calhr.ca.gov,,08/06/2024,,,True,
2023,State Department,Student Aid Commission,,Information Technology Supervisor II,False,False,,96192,128892,,91704,0,0,2470,94174,32102,0,0,23377,55479,Public Employees Retirement System,https://www.calhr.ca.gov,,08/06/2024,,,True,
2023,State Department,Student Aid Commission,,"Information Technology Specialist I, Range B",False,False,,81012,108576,,89885,0,0,2420,92305,31636,0,0,22767,54403,Public Employees Retirement System,https://www.calhr.ca.gov,,08/06/2024,,,True,
2023,State Department,Student Aid Commission,,Staff Services Manager I,False,False,,81120,100776,,87602,0,0,4178,91779,30239,0,0,18217,48456,Public Employees Retirement System,https://www.calhr.ca.gov,,08/06/2024,,,True,
2023,State Department,Student Aid Commission,,"Associate Management Auditor, Range A",False,False,,75168,98856,,88454,0,0,2370,90824,31248,0,0,22659,53906,Public Employees Retirement System,https://www.calhr.ca.gov,,08/06/2024,,,True,
2023,State Department,Student Aid Commission,,Staff Services Manager I,False,False,,81120,100776,,85799,0,0,4874,90674,28958,0,0,9397,38355,Public Employees Retirement System,https://www.calhr.ca.gov,,08/06/2024,,,True,
2023,State Department,Student Aid Commission,,Staff Services Manager II (Supervisory),False,False,,89040,110628,,88125,0,0,2420,90545,30893,0,0,23377,54269,Public Employees Retirement System,https://www.calhr.ca.gov,,08/06/2024,,,True,
2023,State Department,Student Aid Commission,,Staff Services Manager I,False,False,,81120,100776,,86646,0,0,2420,89066,30361,0,0,23377,53738,Public Employees Retirement System,https://www.calhr.ca.gov,,08/06/2024,,,True,
2023,State Department,Student Aid Commission,,Staff Services Manager II (Supervisory),False,False,,89040,110628,,86495,0,0,2420,88915,30378,0,0,23377,53755,Public Employees Retirement System,https://www.calhr.ca.gov,,08/06/2024,,,True,
2023,State Department,Student Aid Commission,,Staff Services Manager I,False,False,,81120,100776,,85572,0,0,2420,87992,30113,0,0,23377,53490,Public Employees Retirement System,https://www.calhr.ca.gov,,08/06/2024,,,True,
2023,State Department,Student Aid Commission,,"Associate Governmental Program Analyst, Range A",False,False,,68208,85368,,81267,0,0,5950,87217,27622,0,0,8822,36444,Public Employees Retirement System,https://www.calhr.ca.gov,,08/06/2024,,,True,
2023,State Department,Student Aid Commission,,"Associate Budget Analyst, Range A",False,False,,68208,85368,,82733,0,0,3788,86521,26854,0,0,1816,28670,Public Employees Retirement System,https://www.calhr.ca.gov,,08/06/2024,,,True,
2023,State Department,Student Aid Commission,,"Associate Governmental Program Analyst, Range A",False,False,,68208,85368,,82323,0,0,3788,86111,26854,0,0,2471,29325,Public Employees Retirement System,https://www.calhr.ca.gov,,08/06/2024,,,True,
2023,State Department,Student Aid Commission,,"Information Technology Specialist I, Range B",False,False,,81012,108576,,83428,0,0,2420,85848,27947,0,0,8637,36584,Public Employees Retirement System,https://www.calhr.ca.gov,,08/06/2024,,,True,
2023,State Department,Student Aid Commission,,"Associate Personnel Analyst, Range A",False,False,,68208,85368,,81877,0,0,3788,85665,26854,0,0,2826,29681,Public Employees Retirement System,https://www.calhr.ca.gov,,08/06/2024,,,True,
2023,State Department,Student Aid Commission,,"Associate Governmental Program Analyst, Range A",False,False,,68208,85368,,72294,7232,0,5710,85236,25916,0,0,22767,48683,Public Employees Retirement System,https://www.calhr.ca.gov,,08/06/2024,,,True,
2023,State Department,Student Aid Commission,,"Information Technology Associate, Range C",False,False,,67068,89892,,82327,0,0,2420,84747,28277,0,0,22698,50976,Public Employees Retirement System,https://www.calhr.ca.gov,,08/06/2024,,,True,
2023,State Department,Student Aid Commission,,"Information Technology Specialist I, Range C",False,False,,88956,119184,,81607,0,0,2420,84027,27643,0,0,8675,36318,Public Employees Retirement System,https://www.calhr.ca.gov,,08/06/2024,,,True,
2023,State Department,Student Aid Commission,,"Associate Governmental Program Analyst, Range A",False,False,,68208,85368,,75054,6045,0,2193,83292,26854,0,0,21149,48003,Public Employees Retirement System,https://www.calhr.ca.gov,,08/06/2024,,,True,
2023,State Department,Student Aid Commission,,"Associate Governmental Program Analyst, Range A",False,False,,68208,85368,,82530,0,0,600,83130,26854,0,0,1816,28670,Public Employees Retirement System,https://www.calhr.ca.gov,,08/06/2024,,,True,
2023,State Department,Student Aid Commission,,"Associate Personnel Analyst, Range A",False,False,,68208,85368,,79958,0,0,2420,82378,26854,0,0,8822,35676,Public Employees Retirement System,https://www.calhr.ca.gov,,08/06/2024,,,True,
2023,State Department,Student Aid Commission,,"Senior Accounting Officer (Specialist), Range A",False,False,,68208,85368,,79913,0,0,2420,82333,26808,0,0,8822,35630,Public Employees Retirement System,https://www.calhr.ca.gov,,08/06/2024,,,True,
2023,State Department,Student Aid Commission,,"Information Technology Specialist I, Range A",False,False,,73668,98736,,76447,0,0,5617,82064,26794,0,0,17567,44361,Public Employees Retirement System,https://www.calhr.ca.gov,,08/06/2024,,,True,
2023,State Department,Student Aid Commission,,"Associate Governmental Program Analyst, Range A",False,False,,68208,85368,,79089,0,0,2670,81759,26854,0,0,8593,35447,Public Employees Retirement System,https://www.calhr.ca.gov,,08/06/2024,,,True,
2023,State Department,Student Aid Commission,,Staff Services Manager I,False,False,,81120,100776,,79140,0,0,2420,81560,26619,0,0,9397,36016,Public Employees Retirement System,https://www.calhr.ca.gov,,08/06/2024,,,True,
2023,State Department,Student Aid Commission,,"Senior Accounting Officer (Specialist), Range A",False,False,,68208,85368,,79057,0,0,2420,81477,26854,0,0,8861,35716,Public Employees Retirement System,https://www.calhr.ca.gov,,08/06/2024,,,True,
2023,State Department,Student Aid Commission,,"Associate Governmental Program Analyst, Range A",False,False,,68208,85368,,79057,0,0,2395,81452,26854,0,0,8861,35716,Public Employees Retirement System,https://www.calhr.ca.gov,,08/06/2024,,,True,
2023,State Department,Student Aid Commission,,"Associate Personnel Analyst, Range A",False,False,,68208,85368,,78386,0,0,2420,80806,26854,0,0,9217,36071,Public Employees Retirement System,https://www.calhr.ca.gov,,08/06/2024,,,True,
2023,State Department,Student Aid Commission,,"Associate Personnel Analyst, Range A",False,False,,68208,85368,,78009,0,0,2420,80429,26854,0,0,22767,49621,Public Employees Retirement System,https://www.calhr.ca.gov,,08/06/2024,,,True,
2023,State Department,Student Aid Commission,,Staff Services Manager I,False,False,,81120,100776,,79285,0,0,600,79885,26268,0,0,1767,28034,Public Employees Retirement System,https://www.calhr.ca.gov,,08/06/2024,,,True,
2023,State Department,Student Aid Commission,,"Associate Governmental Program Analyst, Range A",False,False,,68208,85368,,76954,0,0,2420,79374,26854,0,0,17567,44421,Public Employees Retirement System,https://www.calhr.ca.gov,,08/06/2024,,,True,
2023,State Department,Student Aid Commission,,"Administrative Assistant II, Range A",False,False,,68208,85368,,76751,0,0,2420,79171,26854,0,0,17567,44421,Public Employees Retirement System,https://www.calhr.ca.gov,,08/06/2024,,,True,
2023,State Department,Student Aid Commission,,"Associate Management Auditor, Range A",False,False,,75168,98856,,76540,0,0,600,77140,25358,0,0,369,25727,Public Employees Retirement System,https://www.calhr.ca.gov,,08/06/2024,,,True,
2023,State Department,Student Aid Commission,,Staff Services Manager I,False,False,,81120,100776,,75733,0,0,650,76383,25830,0,0,1665,27494,Public Employees Retirement System,https://www.calhr.ca.gov,,08/06/2024,,,True,
2023,State Department,Student Aid Commission,,"Information Technology Associate, Range C",False,False,,67068,89892,,73091,0,0,2807,75898,26073,0,0,22767,48839,Public Employees Retirement System,https://www.calhr.ca.gov,,08/06/2024,,,True,
2023,State Department,Student Aid Commission,,Staff Services Manager I,False,False,,81120,100776,,73102,0,0,2420,75522,25625,0,0,23376,49002,Public Employees Retirement System,https://www.calhr.ca.gov,,08/06/2024,,,True,
2023,State Department,Student Aid Commission,,"Associate Governmental Program Analyst, Range A",False,False,,68208,85368,,70718,430,0,2632,73780,23750,0,0,8900,32651,Public Employees Retirement System,https://www.calhr.ca.gov,,08/06/2024,,,True,
2023,State Department,Student Aid Commission,,"Associate Governmental Program Analyst, Range A",False,False,,68208,85368,,68006,0,0,5227,73233,23851,0,0,17225,41076,Public Employees Retirement System,https://www.calhr.ca.gov,,08/06/2024,,,True,
2023,State Department,Student Aid Commission,,Staff Services Manager I,False,False,,81120,100776,,70591,0,0,2043,72634,23945,0,0,9080,33025,Public Employees Retirement System,https://www.calhr.ca.gov,,08/06/2024,,,True,
2023,State Department,Student Aid Commission,,"Associate Governmental Program Analyst, Range A",False,False,,68208,85368,,71951,0,0,630,72581,23464,0,0,2895,26359,Public Employees Retirement System,https://www.calhr.ca.gov,,08/06/2024,,,True,
2023,State Department,Student Aid Commission,,"Staff Services Analyst, Range C",False,False,,56712,70992,,63200,3195,0,5321,71716,22332,0,0,17581,39913,Public Employees Retirement System,https://www.calhr.ca.gov,,08/06/2024,,,True,
2023,State Department,Student Aid Commission,,"Senior Personnel Specialist, Range A",False,False,,64056,80268,,68585,0,0,2420,71005,24555,0,0,17567,42121,Public Employees Retirement System,https://www.calhr.ca.gov,,08/06/2024,,,True,
2023,State Department,Student Aid Commission,,"Information Technology Specialist II, Range A",False,False,,97560,130716,,68155,0,0,1910,70065,22806,0,0,5146,27953,Public Employees Retirement System,https://www.calhr.ca.gov,,08/06/2024,,,True,
2023,State Department,Student Aid Commission,,"Associate Governmental Program Analyst, Range A",False,False,,68208,85368,,66766,0,0,2680,69446,23928,0,0,22342,46271,Public Employees Retirement System,https://www.calhr.ca.gov,,08/06/2024,,,True,
2023,State Department,Student Aid Commission,,"Associate Governmental Program Analyst, Range A",False,False,,68208,85368,,67020,0,0,2420,69440,22523,0,0,8637,31161,Public Employees Retirement System,https://www.calhr.ca.gov,,08/06/2024,,,True,
2023,State Department,Student Aid Commission,,"Associate Governmental Program Analyst, Range A",False,False,,68208,85368,,66977,0,0,2420,69397,24047,0,0,22767,46814,Public Employees Retirement System,https://www.calhr.ca.gov,,08/06/2024,,,True,
2023,State Department,Student Aid Commission,,"Information Technology Associate, Range C",False,False,,67068,89892,,63381,379,0,5205,68964,22889,0,0,22767,45655,Public Employees Retirement System,https://www.calhr.ca.gov,,08/06/2024,,,True,
2023,State Department,Student Aid Commission,,"Associate Governmental Program Analyst, Range A",False,False,,68208,85368,,66457,0,0,2420,68877,22719,0,0,8861,31580,Public Employees Retirement System,https://www.calhr.ca.gov,,08/06/2024,,,True,
2023,State Department,Student Aid Commission,,"Associate Governmental Program Analyst, Range A",False,False,,68208,85368,,65802,0,0,2420,68222,22086,0,0,8637,30723,Public Employees Retirement System,https://www.calhr.ca.gov,,08/06/2024,,,True,
2023,State Department,Student Aid Commission,,"Staff Services Analyst, Range C",False,False,,56712,70992,,64982,0,0,2420,67402,22288,0,0,8637,30926,Public Employees Retirement System,https://www.calhr.ca.gov,,08/06/2024,,,True,
2023,State Department,Student Aid Commission,,"Associate Governmental Program Analyst, Range A",False,False,,68208,85368,,64460,0,0,2920,67380,23186,0,0,21544,44730,Public Employees Retirement System,https://www.calhr.ca.gov,,08/06/2024,,,True,
2023,State Department,Student Aid Commission,,"Accounting Officer (Specialist), Range A",False,False,,59568,74556,,64856,0,0,2420,67276,23453,0,0,22767,46219,Public Employees Retirement System,https://www.calhr.ca.gov,,08/06/2024,,,True,
2023,State Department,Student Aid Commission,,"Associate Governmental Program Analyst, Range A",False,False,,68208,85368,,64945,0,0,2206,67151,23141,0,0,22342,45483,Public Employees Retirement System,https://www.calhr.ca.gov,,08/06/2024,,,True,
2023,State Department,Student Aid Commission,,"Associate Governmental Program Analyst, Range A",False,False,,68208,85368,,63752,0,0,2420,66172,21818,0,0,8822,30640,Public Employees Retirement System,https://www.calhr.ca.gov,,08/06/2024,,,True,
2023,State Department,Student Aid Commission,,Information Technology Supervisor II,False,False,,96192,128892,,36588,0,0,29470,66058,13232,0,0,16819,30051,Public Employees Retirement System,https://www.calhr.ca.gov,,08/06/2024,,,True,
2023,State Department,Student Aid Commission,,"Associate Governmental Program Analyst, Range A",False,False,,68208,85368,,62315,0,0,3699,66014,21424,0,0,9558,30982,Public Employees Retirement System,https://www.calhr.ca.gov,,08/06/2024,,,True,
2023,State Department,Student Aid Commission,,"Associate Governmental Program Analyst, Range A",False,False,,68208,85368,,64322,0,0,880,65202,20893,0,0,1664,22557,Public Employees Retirement System,https://www.calhr.ca.gov,,08/06/2024,,,True,
2023,State Department,Student Aid Commission,,"Associate Governmental Program Analyst, Range A",False,False,,68208,85368,,62519,2109,0,307,64935,21637,0,0,8704,30341,Public Employees Retirement System,https://www.calhr.ca.gov,,08/06/2024,,,True,
2023,State Department,Student Aid Commission,,"Associate Governmental Program Analyst, Range A",False,False,,68208,85368,,61676,0,0,2420,64096,21118,0,0,8637,29755,Public Employees Retirement System,https://www.calhr.ca.gov,,08/06/2024,,,True,
2023,State Department,Student Aid Commission,,"Associate Governmental Program Analyst, Range A",False,False,,68208,85368,,61532,0,2390,87,64010,19905,0,0,21096,41001,Public Employees Retirement System,https://www.calhr.ca.gov,,08/06/2024,,,True,
2023,State Department,Student Aid Commission,,"Information Technology Associate, Range C",False,False,,67068,89892,,60368,0,0,2420,62788,20685,0,0,8637,29322,Public Employees Retirement System,https://www.calhr.ca.gov,,08/06/2024,,,True,
2023,State Department,Student Aid Commission,,"Associate Governmental Program Analyst, Range A",False,False,,68208,85368,,61348,0,0,1380,62728,20681,0,0,11224,31905,Public Employees Retirement System,https://www.calhr.ca.gov,,08/06/2024,,,True,
2023,State Department,Student Aid Commission,,"Associate Governmental Program Analyst, Range A",False,False,,68208,85368,,61525,0,0,772,62297,21330,0,0,22779,44109,Public Employees Retirement System,https://www.calhr.ca.gov,,08/06/2024,,,True,
2023,State Department,Student Aid Commission,,"Information Technology Associate, Range B",False,False,,61356,82224,,59837,0,0,2420,62257,20508,0,0,8637,29145,Public Employees Retirement System,https://www.calhr.ca.gov,,08/06/2024,,,True,
2023,State Department,Student Aid Commission,,"Staff Services Analyst, Range C",False,False,,56712,70992,,57151,0,0,4730,61881,19542,0,0,8637,28179,Public Employees Retirement System,https://www.calhr.ca.gov,,08/06/2024,,,True,
2023,State Department,Student Aid Commission,,"Personnel Specialist, Range D",False,False,,58632,73392,,56302,0,0,4820,61122,19384,0,0,8822,28206,Public Employees Retirement System,https://www.calhr.ca.gov,,08/06/2024,,,True,
2023,State Department,Student Aid Commission,,"Staff Services Analyst, Range C",False,False,,56712,70992,,54849,3764,0,2395,61007,18809,0,0,8747,27556,Public Employees Retirement System,https://www.calhr.ca.gov,,08/06/2024,,,True,
2023,State Department,Student Aid Commission,,"Staff Services Analyst, Range C",False,False,,56712,70992,,58276,0,0,2420,60696,19593,0,0,8571,28164,Public Employees Retirement System,https://www.calhr.ca.gov,,08/06/2024,,,True,
2023,State Department,Student Aid Commission,,"Research Data Specialist I, Range A",False,False,,78660,98472,,59231,0,0,1440,60671,20555,0,0,12863,33417,Public Employees Retirement System,https://www.calhr.ca.gov,,08/06/2024,,,True,
2023,State Department,Student Aid Commission,,"Associate Governmental Program Analyst, Range A",False,False,,68208,85368,,57535,0,0,2450,59985,19345,0,0,8637,27983,Public Employees Retirement System,https://www.calhr.ca.gov,,08/06/2024,,,True,
2023,State Department,Student Aid Commission,,"Staff Services Analyst, Range C",False,False,,56712,70992,,57569,0,0,2370,59939,20759,0,0,20141,40900,Public Employees Retirement System,https://www.calhr.ca.gov,,08/06/2024,,,True,
2023,State Department,Student Aid Commission,,"Associate Governmental Program Analyst, Range A",False,False,,68208,85368,,55094,1496,0,2420,59010,18903,0,0,8593,27496,Public Employees Retirement System,https://www.calhr.ca.gov,,08/06/2024,,,True,
2023,State Department,Student Aid Commission,,"Associate Governmental Program Analyst, Range A",False,False,,68208,85368,,56225,0,0,2420,58645,20052,0,0,17567,37619,Public Employees Retirement System,https://www.calhr.ca.gov,,08/06/2024,,,True,
2023,State Department,Student Aid Commission,,"Associate Governmental Program Analyst, Range A",False,False,,68208,85368,,56223,0,0,600,56823,18625,0,0,136,18761,Public Employees Retirement System,https://www.calhr.ca.gov,,08/06/2024,,,True,
2023,State Department,Student Aid Commission,,"Associate Governmental Program Analyst, Range A",False,False,,68208,85368,,55703,0,0,799,56502,18806,0,0,12722,31528,Public Employees Retirement System,https://www.calhr.ca.gov,,08/06/2024,,,True,
2023,State Department,Student Aid Commission,,"Attorney IV, Range A",False,False,,139728,179448,,55662,0,0,400,56062,0,0,0,0,0,,https://www.calhr.ca.gov,,08/06/2024,,,True,
2023,State Department,Student Aid Commission,,"Staff Services Analyst, Range C",False,False,,56712,70992,,52691,0,0,2420,55111,18151,0,0,17567,35718,Public Employees Retirement System,https://www.calhr.ca.gov,,08/06/2024,,,True,
2023,State Department,Student Aid Commission,,"Staff Services Analyst, Range C",False,False,,56712,70992,,49023,3382,0,1996,54401,16838,0,0,8626,25463,Public Employees Retirement System,https://www.calhr.ca.gov,,08/06/2024,,,True,
2023,State Department,Student Aid Commission,,"Information Technology Specialist I, Range C",False,False,,88956,119184,,54073,0,0,0,54073,0,0,0,0,0,,https://www.calhr.ca.gov,,08/06/2024,,,True,
2023,State Department,Student Aid Commission,,Program Technician II,False,False,,43356,54336,,50559,0,0,2420,52979,17481,0,0,8822,26303,Public Employees Retirement System,https://www.calhr.ca.gov,,08/06/2024,,,True,
2023,State Department,Student Aid Commission,,Supervising Program Technician II,False,False,,49488,62004,,48886,0,0,2420,51306,17049,0,0,23377,40426,Public Employees Retirement System,https://www.calhr.ca.gov,,08/06/2024,,,True,
2023,State Department,Student Aid Commission,,Program Technician II,False,False,,43356,54336,,48381,0,0,2420,50801,16713,0,0,8637,25351,Public Employees Retirement System,https://www.calhr.ca.gov,,08/06/2024,,,True,
2023,State Department,Student Aid Commission,,Program Technician II,False,False,,43356,54336,,49345,0,0,600,49945,15919,0,0,2090,18009,Public Employees Retirement System,https://www.calhr.ca.gov,,08/06/2024,,,True,
2023,State Department,Student Aid Commission,,"Associate Governmental Program Analyst, Range A",False,False,,68208,85368,,46305,1832,0,1490,49627,15997,0,0,6478,22475,Public Employees Retirement System,https://www.calhr.ca.gov,,08/06/2024,,,True,
2023,State Department,Student Aid Commission,,"Staff Services Analyst, Range C",False,False,,56712,70992,,46810,0,0,2306,49116,17327,0,0,22767,40094,Public Employees Retirement System,https://www.calhr.ca.gov,,08/06/2024,,,True,
2023,State Department,Student Aid Commission,,"Staff Services Analyst, Range B",False,False,,47292,59196,,43365,537,0,4407,48310,16224,0,0,22767,38991,Public Employees Retirement System,https://www.calhr.ca.gov,,08/06/2024,,,True,
2023,State Department,Student Aid Commission,,"Office Technician (Typing), Range A",False,False,,43308,54216,,44338,0,0,2420,46758,15424,0,0,8861,24286,Public Employees Retirement System,https://www.calhr.ca.gov,,08/06/2024,,,True,
2023,State Department,Student Aid Commission,,"Associate Governmental Program Analyst, Range A",False,False,,68208,85368,,44318,0,0,550,44868,14124,0,0,1816,15940,Public Employees Retirement System,https://www.calhr.ca.gov,,08/06/2024,,,True,
2023,State Department,Student Aid Commission,,"Staff Services Analyst, Range C",False,False,,56712,70992,,40570,0,0,4209,44779,14255,0,0,9203,23457,Public Employees Retirement System,https://www.calhr.ca.gov,,08/06/2024,,,True,
2023,State Department,Student Aid Commission,,Program Technician II,False,False,,43356,54336,,41908,0,0,2670,44578,14535,0,0,8404,22939,Public Employees Retirement System,https://www.calhr.ca.gov,,08/06/2024,,,True,
2023,State Department,Student Aid Commission,,"Information Technology Associate, Range C",False,False,,67068,89892,,42304,0,0,518,42822,14151,0,0,5747,19898,Public Employees Retirement System,https://www.calhr.ca.gov,,08/06/2024,,,True,
2023,State Department,Student Aid Commission,,"Associate Governmental Program Analyst, Range A",False,False,,68208,85368,,42543,0,0,0,42543,0,0,0,0,0,,https://www.calhr.ca.gov,,08/06/2024,,,True,
2023,State Department,Student Aid Commission,,Program Technician II,False,False,,43356,54336,,40640,0,0,1625,42265,15144,0,0,22868,38012,Public Employees Retirement System,https://www.calhr.ca.gov,,08/06/2024,,,True,
2023,State Department,Student Aid Commission,,"Associate Governmental Program Analyst, Range A",False,False,,68208,85368,,38388,0,1884,1860,42132,13261,0,0,11349,24611,Public Employees Retirement System,https://www.calhr.ca.gov,,08/06/2024,,,True,
2023,State Department,Student Aid Commission,,Program Technician II,False,False,,43356,54336,,38748,0,0,2789,41537,14174,0,0,17151,31325,Public Employees Retirement System,https://www.calhr.ca.gov,,08/06/2024,,,True,
2023,State Department,Student Aid Commission,,Program Technician II,False,False,,43356,54336,,39581,0,0,600,40181,13114,0,0,136,13250,Public Employees Retirement System,https://www.calhr.ca.gov,,08/06/2024,,,True,
2023,State Department,Student Aid Commission,,Program Technician II,False,False,,43356,54336,,36275,0,0,2420,38695,13443,0,0,17567,31010,Public Employees Retirement System,https://www.calhr.ca.gov,,08/06/2024,,,True,
2023,State Department,Student Aid Commission,,Program Technician II,False,False,,43356,54336,,35801,0,0,2520,38321,13818,0,0,22698,36517,Public Employees Retirement System,https://www.calhr.ca.gov,,08/06/2024,,,True,
2023,State Department,Student Aid Commission,,"Associate Governmental Program Analyst, Range A",False,False,,68208,85368,,37567,0,0,23,37590,12710,0,0,5038,17748,Public Employees Retirement System,https://www.calhr.ca.gov,,08/06/2024,,,True,
2023,State Department,Student Aid Commission,,Supervising Program Technician II,False,False,,49488,62004,,34532,41,0,1046,35619,12294,0,0,15082,27376,Public Employees Retirement System,https://www.calhr.ca.gov,,08/06/2024,,,True,
2023,State Department,Student Aid Commission,,"Management Services Technician, Range B",False,False,,45432,56916,,31389,0,0,2420,33809,11802,0,0,17991,29793,Public Employees Retirement System,https://www.calhr.ca.gov,,08/06/2024,,,True,
2023,State Department,Student Aid Commission,,Program Technician II,False,False,,43356,54336,,33297,0,0,500,33797,11049,0,0,194,11242,Public Employees Retirement System,https://www.calhr.ca.gov,,08/06/2024,,,True,
2023,State Department,Student Aid Commission,,"Associate Governmental Program Analyst, Range A",False,False,,68208,85368,,32853,0,2233,-1318,33768,11070,0,0,11310,22379,Public Employees Retirement System,https://www.calhr.ca.gov,,08/06/2024,,,True,
2023,State Department,Student Aid Commission,,Program Technician II,False,False,,43356,54336,,30729,0,0,953,31682,10612,0,0,7106,17718,Public Employees Retirement System,https://www.calhr.ca.gov,,08/06/2024,,,True,
2023,State Department,Student Aid Commission,,"Staff Services Analyst, Range C",False,False,,56712,70992,,30709,0,0,200,30909,9831,0,0,2824,12655,Public Employees Retirement System,https://www.calhr.ca.gov,,08/06/2024,,,True,
2023,State Department,Student Aid Commission,,"Member, Student Aid Commission/Student Aid Commission",False,False,"Board Members, California Community Colleges",25920,25920,,1200,0,0,29400,30600,0,0,0,0,0,Part-Time Seasonal and Temporary (PST) Retirement Plan,https://www.calhr.ca.gov,,08/06/2024,,,True,
2023,State Department,Student Aid Commission,,"Information Technology Specialist I, Range C",False,False,,88956,119184,,30314,0,0,250,30564,10028,0,0,42,10070,Public Employees Retirement System,https://www.calhr.ca.gov,,08/06/2024,,,True,
2023,State Department,Student Aid Commission,,"Management Services Technician, Range B",False,False,,45432,56916,,26734,0,0,283,27016,9181,0,0,5747,14928,Public Employees Retirement System,https://www.calhr.ca.gov,,08/06/2024,,,True,
2023,State Department,Student Aid Commission,,"Associate Governmental Program Analyst, Range A",False,False,,68208,85368,,26966,0,0,-77,26888,9094,0,0,3565,12659,Public Employees Retirement System,https://www.calhr.ca.gov,,08/06/2024,,,True,
2023,State Department,Student Aid Commission,,"Associate Governmental Program Analyst, Range A",False,False,,68208,85368,,20224,0,0,0,20224,0,0,0,0,0,,https://www.calhr.ca.gov,,08/06/2024,,,True,
2023,State Department,Student Aid Commission,,Program Technician II,False,False,,43356,54336,,18168,0,0,1155,19323,7416,0,0,20868,28283,Public Employees Retirement System,https://www.calhr.ca.gov,,08/06/2024,,,True,
2023,State Department,Student Aid Commission,,"Staff Services Analyst, Range C",False,False,,56712,70992,,12967,0,0,-14,12954,4393,0,0,2109,6502,Public Employees Retirement System,https://www.calhr.ca.gov,,08/06/2024,,,True,
2023,State Department,Student Aid Commission,,"Associate Governmental Program Analyst, Range A",False,False,,68208,85368,,11426,0,0,0,11426,0,0,0,0,0,,https://www.calhr.ca.gov,,08/06/2024,,,True,
2023,State Department,Student Aid Commission,,"Information Technology Technician, Range A",False,False,,46752,62640,,10463,0,0,0,10463,3490,0,0,11,3501,Public Employees Retirement System,https://www.calhr.ca.gov,,08/06/2024,,,True,
2023,State Department,Student Aid Commission,,Program Technician II,False,False,,43356,54336,,7065,0,172,980,8217,2448,0,0,2878,5327,Public Employees Retirement System,https://www.calhr.ca.gov,,08/06/2024,,,True,
2023,State Department,Student Aid Commission,,Program Technician II,False,False,,43356,54336,,7751,0,80,200,8031,2445,0,0,33,2478,Public Employees Retirement System,https://www.calhr.ca.gov,,08/06/2024,,,True,
2023,State Department,Student Aid Commission,,"Staff Services Analyst, Range C",False,False,,56712,70992,,5001,0,0,50,5051,1650,0,0,0,1650,Public Employees Retirement System,https://www.calhr.ca.gov,,08/06/2024,,,True,
2023,State Department,Student Aid Commission,,Program Technician II,False,False,,43356,54336,,2144,0,0,-114,2031,707,0,0,689,1396,Public Employees Retirement System,https://www.calhr.ca.gov,,08/06/2024,,,True,
2023,State Department,Student Aid Commission,,Program Technician II,False,False,,43356,54336,,1379,0,0,50,1429,455,0,0,0,455,Public Employees Retirement System,https://www.calhr.ca.gov,,08/06/2024,,,True,
2023,State Department,Student Aid Commission,,"Member, Student Aid Commission/Student Aid Commission",False,False,,25920,25920,,1200,0,0,0,1200,0,0,0,91,91,,https://www.calhr.ca.gov,,08/06/2024,,,True,
2023,State Department,Student Aid Commission,,"Member, Student Aid Commission/Student Aid Commission",False,False,,25920,25920,,1200,0,0,0,1200,0,0,0,0,0,Part-Time Seasonal and Temporary (PST) Retirement Plan,https://www.calhr.ca.gov,,08/06/2024,,,True,
2023,State Department,Student Aid Commission,,"Member, Student Aid Commission/Student Aid Commission",False,False,,25920,25920,,1200,0,0,0,1200,0,0,0,0,0,Part-Time Seasonal and Temporary (PST) Retirement Plan,https://www.calhr.ca.gov,,08/06/2024,,,True,
2023,State Department,Student Aid Commission,,"Member, Student Aid Commission/Student Aid Commission",False,False,,25920,25920,,1200,0,0,0,1200,0,0,0,0,0,,https://www.calhr.ca.gov,,08/06/2024,,,True,
2023,State Department,Student Aid Commission,,"Member, Student Aid Commission/Student Aid Commission",False,False,,25920,25920,,1200,0,0,0,1200,0,0,0,0,0,Part-Time Seasonal and Temporary (PST) Retirement Plan,https://www.calhr.ca.gov,,08/06/2024,,,True,
2023,State Department,Student Aid Commission,,"Member, Student Aid Commission/Student Aid Commission",False,False,,25920,25920,,1100,0,0,0,1100,0,0,0,0,0,Part-Time Seasonal and Temporary (PST) Retirement Plan,https://www.calhr.ca.gov,,08/06/2024,,,True,
2023,State Department,Student Aid Commission,,"Member, Student Aid Commission/Student Aid Commission",False,False,,25920,25920,,1100,0,0,0,1100,0,0,0,0,0,Part-Time Seasonal and Temporary (PST) Retirement Plan,https://www.calhr.ca.gov,,08/06/2024,,,True,
2023,State Department,Student Aid Commission,,"Member, Student Aid Commission/Student Aid Commission",False,False,,25920,25920,,1000,0,0,0,1000,0,0,0,5969,5969,Part-Time Seasonal and Temporary (PST) Retirement Plan,https://www.calhr.ca.gov,,08/06/2024,,,True,
2023,State Department,Student Aid Commission,,"Member, Student Aid Commission/Student Aid Commission",False,False,,25920,25920,,1000,0,0,0,1000,0,0,0,79,79,,https://www.calhr.ca.gov,,08/06/2024,,,True,
2023,State Department,Student Aid Commission,,"Member, Student Aid Commission/Student Aid Commission",False,False,,25920,25920,,1000,0,0,0,1000,0,0,0,0,0,Part-Time Seasonal and Temporary (PST) Retirement Plan,https://www.calhr.ca.gov,,08/06/2024,,,True,
2023,State Department,Student Aid Commission,,"Member, Student Aid Commission/Student Aid Commission",False,False,,25920,25920,,700,0,0,0,700,0,0,0,0,0,,https://www.calhr.ca.gov,,08/06/2024,,,True,
2023,State Department,Student Aid Commission,,"Member, Student Aid Commission/Student Aid Commission",False,False,,25920,25920,,100,0,0,0,100,0,0,0,0,0,Part-Time Seasonal and Temporary (PST) Retirement Plan,https://www.calhr.ca.gov,,08/06/2024,,,True,

