﻿Year,EmployerType,EmployerName,DepartmentOrSubdivision,Position,ElectedOfficial,Judicial,OtherPositions,MinPositionSalary,MaxPositionSalary,ReportedBaseWage,RegularPay,OvertimePay,LumpSumPay,OtherPay,TotalWages,DefinedBenefitPlanContribution,EmployeesRetirementCostCovered,DeferredCompensationPlan,HealthDentalVision,TotalRetirementAndHealthContribution,PensionFormula,EmployerURL,EmployerPopulation,LastUpdatedDate,EmployerCounty,SpecialDistrictActivities,IncludesUnfundedLiability,SpecialDistrictType
2023,State Department,Victim Compensation and Government Claims Board,,"C.E.A., Range B",False,False,,117060,241728,,189639,0,0,2120,191759,64483,0,0,23377,87860,Public Employees Retirement System,https://www.calhr.ca.gov,,08/06/2024,,,True,
2023,State Department,Victim Compensation and Government Claims Board,,"Executive Officer, California Victim Compensation Board",False,False,,170400,190500,,181932,0,0,7414,189346,59925,0,0,1890,61815,Public Employees Retirement System,https://www.calhr.ca.gov,,08/06/2024,,,True,
2023,State Department,Victim Compensation and Government Claims Board,,"Attorney IV, Range A",False,False,,139728,179448,,175143,0,0,3972,179115,56418,0,0,2228,58646,Public Employees Retirement System,https://www.calhr.ca.gov,,08/06/2024,,,True,
2023,State Department,Victim Compensation and Government Claims Board,,"C.E.A., Range C",False,False,,117060,241728,,165142,0,0,8850,173992,57892,0,0,23377,81269,Public Employees Retirement System,https://www.calhr.ca.gov,,08/06/2024,,,True,
2023,State Department,Victim Compensation and Government Claims Board,,"Attorney III, Range A",False,False,,126432,162312,,154448,0,0,6625,161073,46617,0,0,8857,55474,Public Employees Retirement System,https://www.calhr.ca.gov,,08/06/2024,,,True,
2023,State Department,Victim Compensation and Government Claims Board,,"Attorney III, Range A",False,False,,126432,162312,,154770,0,0,600,155370,46733,0,0,17569,64302,Public Employees Retirement System,https://www.calhr.ca.gov,,08/06/2024,,,True,
2023,State Department,Victim Compensation and Government Claims Board,,"C.E.A., Range B",False,False,,117060,241728,,151316,0,0,2195,153511,51423,0,0,23377,74800,Public Employees Retirement System,https://www.calhr.ca.gov,,08/06/2024,,,True,
2023,State Department,Victim Compensation and Government Claims Board,,"C.E.A., Range B",False,False,,117060,241728,,140994,0,0,8013,149007,48573,0,0,21657,70229,Public Employees Retirement System,https://www.calhr.ca.gov,,08/06/2024,,,True,
2023,State Department,Victim Compensation and Government Claims Board,,"Attorney Supervisor, Range A",False,False,,146676,188412,,138979,0,0,600,139579,46534,0,0,17623,64157,Public Employees Retirement System,https://www.calhr.ca.gov,,08/06/2024,,,True,
2023,State Department,Victim Compensation and Government Claims Board,,"C.E.A., Range B",False,False,,117060,241728,,129218,0,0,10352,139570,44539,0,0,23377,67916,Public Employees Retirement System,https://www.calhr.ca.gov,,08/06/2024,,,True,
2023,State Department,Victim Compensation and Government Claims Board,,Information Technology Manager II,False,False,,128808,156576,,136348,0,0,3021,139369,46201,0,0,23377,69577,Public Employees Retirement System,https://www.calhr.ca.gov,,08/06/2024,,,True,
2023,State Department,Victim Compensation and Government Claims Board,,"Information Technology Specialist II, Range A",False,False,,97560,130716,,129653,0,0,7609,137262,44450,0,0,23261,67711,Public Employees Retirement System,https://www.calhr.ca.gov,,08/06/2024,,,True,
2023,State Department,Victim Compensation and Government Claims Board,,Information Technology Manager I,False,False,,106188,142284,,128762,0,0,5654,134416,41255,0,0,1996,43251,Public Employees Retirement System,https://www.calhr.ca.gov,,08/06/2024,,,True,
2023,State Department,Victim Compensation and Government Claims Board,,"Attorney III, Range A",False,False,,126432,162312,,129779,0,0,468,130247,43743,0,0,22701,66444,Public Employees Retirement System,https://www.calhr.ca.gov,,08/06/2024,,,True,
2023,State Department,Victim Compensation and Government Claims Board,,"Information Technology Specialist II, Range A",False,False,,97560,130716,,121229,0,0,7302,128531,41119,0,0,22698,63817,Public Employees Retirement System,https://www.calhr.ca.gov,,08/06/2024,,,True,
2023,State Department,Victim Compensation and Government Claims Board,,"Information Technology Specialist II, Range A",False,False,,97560,130716,,116678,0,0,7302,123980,41119,0,0,22767,63886,Public Employees Retirement System,https://www.calhr.ca.gov,,08/06/2024,,,True,
2023,State Department,Victim Compensation and Government Claims Board,,Information Technology Supervisor II,False,False,,96192,128892,,120768,0,0,2420,123188,40544,0,0,9397,49941,Public Employees Retirement System,https://www.calhr.ca.gov,,08/06/2024,,,True,
2023,State Department,Victim Compensation and Government Claims Board,,"Information Technology Specialist II, Range A",False,False,,97560,130716,,122150,0,0,750,122900,39960,0,0,2202,42162,Public Employees Retirement System,https://www.calhr.ca.gov,,08/06/2024,,,True,
2023,State Department,Victim Compensation and Government Claims Board,,"Information Technology Specialist I, Range C",False,False,,88956,119184,,98681,0,21642,2420,122743,33406,0,0,8861,42267,Public Employees Retirement System,https://www.calhr.ca.gov,,08/06/2024,,,True,
2023,State Department,Victim Compensation and Government Claims Board,,Information Technology Manager I,False,False,,106188,142284,,119649,0,0,2257,121906,39798,0,0,3450,43248,Public Employees Retirement System,https://www.calhr.ca.gov,,08/06/2024,,,True,
2023,State Department,Victim Compensation and Government Claims Board,,"Information Technology Specialist II, Range A",False,False,,97560,130716,,118847,0,0,2420,121267,41119,0,0,22767,63886,Public Employees Retirement System,https://www.calhr.ca.gov,,08/06/2024,,,True,
2023,State Department,Victim Compensation and Government Claims Board,,"C.E.A., Range B",False,False,,117060,241728,,117497,0,0,2010,119507,39242,0,0,18217,57459,Public Employees Retirement System,https://www.calhr.ca.gov,,08/06/2024,,,True,
2023,State Department,Victim Compensation and Government Claims Board,,Information Technology Supervisor II,False,False,,96192,128892,,116157,0,0,2420,118577,40544,0,0,23377,63921,Public Employees Retirement System,https://www.calhr.ca.gov,,08/06/2024,,,True,
2023,State Department,Victim Compensation and Government Claims Board,,Staff Services Manager III,False,False,,108264,122916,,108090,0,0,6974,115064,37615,0,0,23377,60991,Public Employees Retirement System,https://www.calhr.ca.gov,,08/06/2024,,,True,
2023,State Department,Victim Compensation and Government Claims Board,,"Information Technology Specialist II, Range A",False,False,,97560,130716,,112027,0,0,2420,114447,38385,0,0,17151,55536,Public Employees Retirement System,https://www.calhr.ca.gov,,08/06/2024,,,True,
2023,State Department,Victim Compensation and Government Claims Board,,"Information Technology Specialist I, Range C",False,False,,88956,119184,,107099,0,0,6870,113969,37492,0,0,22698,60190,Public Employees Retirement System,https://www.calhr.ca.gov,,08/06/2024,,,True,
2023,State Department,Victim Compensation and Government Claims Board,,"Information Technology Specialist I, Range C",False,False,,88956,119184,,108739,0,0,2420,111159,37492,0,0,17922,55414,Public Employees Retirement System,https://www.calhr.ca.gov,,08/06/2024,,,True,
2023,State Department,Victim Compensation and Government Claims Board,,Staff Services Manager II (Supervisory),False,False,,89040,110628,,103200,0,0,6551,109751,34798,0,0,9397,44195,Public Employees Retirement System,https://www.calhr.ca.gov,,08/06/2024,,,True,
2023,State Department,Victim Compensation and Government Claims Board,,Accounting Administrator II,False,False,,89040,110628,,102924,0,0,6551,109475,34798,0,0,23377,58175,Public Employees Retirement System,https://www.calhr.ca.gov,,08/06/2024,,,True,
2023,State Department,Victim Compensation and Government Claims Board,,"Information Technology Specialist I, Range C",False,False,,88956,119184,,106760,0,0,2420,109180,37336,0,0,22767,60103,Public Employees Retirement System,https://www.calhr.ca.gov,,08/06/2024,,,True,
2023,State Department,Victim Compensation and Government Claims Board,,Staff Services Manager II (Supervisory),False,False,,89040,110628,,103324,0,0,2420,105744,34798,0,0,9397,44195,Public Employees Retirement System,https://www.calhr.ca.gov,,08/06/2024,,,True,
2023,State Department,Victim Compensation and Government Claims Board,,"Information Technology Specialist II, Range A",False,False,,97560,130716,,101313,0,0,2420,103733,34300,0,0,8861,43162,Public Employees Retirement System,https://www.calhr.ca.gov,,08/06/2024,,,True,
2023,State Department,Victim Compensation and Government Claims Board,,Staff Services Manager I,False,False,,81120,100776,,98544,0,0,3763,102307,31700,0,0,1996,33695,Public Employees Retirement System,https://www.calhr.ca.gov,,08/06/2024,,,True,
2023,State Department,Victim Compensation and Government Claims Board,,Staff Services Manager III,False,False,,108264,122916,,98467,0,0,2420,100887,34344,0,0,23377,57721,Public Employees Retirement System,https://www.calhr.ca.gov,,08/06/2024,,,True,
2023,State Department,Victim Compensation and Government Claims Board,,Staff Services Manager I,False,False,,81120,100776,,95678,0,0,4363,100041,31700,0,0,1890,33590,Public Employees Retirement System,https://www.calhr.ca.gov,,08/06/2024,,,True,
2023,State Department,Victim Compensation and Government Claims Board,,Staff Services Manager I,False,False,,81120,100776,,93458,0,0,6183,99641,31700,0,0,9397,41096,Public Employees Retirement System,https://www.calhr.ca.gov,,08/06/2024,,,True,
2023,State Department,Victim Compensation and Government Claims Board,,Staff Services Manager II (Supervisory),False,False,,89040,110628,,93407,0,0,6133,99541,31877,0,0,10867,42743,Public Employees Retirement System,https://www.calhr.ca.gov,,08/06/2024,,,True,
2023,State Department,Victim Compensation and Government Claims Board,,Staff Services Manager I,False,False,,81120,100776,,93120,0,0,6183,99303,31700,0,0,23377,55076,Public Employees Retirement System,https://www.calhr.ca.gov,,08/06/2024,,,True,
2023,State Department,Victim Compensation and Government Claims Board,,Staff Services Manager II (Supervisory),False,False,,89040,110628,,69878,0,26107,2220,98204,23535,0,0,12156,35690,Public Employees Retirement System,https://www.calhr.ca.gov,,08/06/2024,,,True,
2023,State Department,Victim Compensation and Government Claims Board,,Staff Services Manager I,False,False,,81120,100776,,91932,0,0,6183,98115,31700,0,0,23377,55076,Public Employees Retirement System,https://www.calhr.ca.gov,,08/06/2024,,,True,
2023,State Department,Victim Compensation and Government Claims Board,,Staff Services Manager II (Supervisory),False,False,,89040,110628,,93936,0,0,3970,97906,32925,0,0,23377,56302,Public Employees Retirement System,https://www.calhr.ca.gov,,08/06/2024,,,True,
2023,State Department,Victim Compensation and Government Claims Board,,Staff Services Manager I,False,False,,81120,100776,,94519,0,0,2845,97364,31700,0,0,9397,41096,Public Employees Retirement System,https://www.calhr.ca.gov,,08/06/2024,,,True,
2023,State Department,Victim Compensation and Government Claims Board,,Staff Services Manager I,False,False,,81120,100776,,96107,0,0,600,96707,31310,0,0,1996,33306,Public Employees Retirement System,https://www.calhr.ca.gov,,08/06/2024,,,True,
2023,State Department,Victim Compensation and Government Claims Board,,Accounting Administrator I (Supervisor),False,False,,81120,100776,,92309,0,0,4302,96610,31700,0,0,18217,49916,Public Employees Retirement System,https://www.calhr.ca.gov,,08/06/2024,,,True,
2023,State Department,Victim Compensation and Government Claims Board,,Staff Services Manager I,False,False,,81120,100776,,90358,0,0,6183,96541,31700,0,0,23377,55076,Public Employees Retirement System,https://www.calhr.ca.gov,,08/06/2024,,,True,
2023,State Department,Victim Compensation and Government Claims Board,,"Information Technology Specialist I, Range A",False,False,,73668,98736,,89527,0,0,5945,95472,30272,0,0,8571,38843,Public Employees Retirement System,https://www.calhr.ca.gov,,08/06/2024,,,True,
2023,State Department,Victim Compensation and Government Claims Board,,"Information Technology Specialist I, Range B",False,False,,81012,108576,,92229,0,0,2420,94649,32413,0,0,22767,55180,Public Employees Retirement System,https://www.calhr.ca.gov,,08/06/2024,,,True,
2023,State Department,Victim Compensation and Government Claims Board,,Staff Services Manager II (Supervisory),False,False,,89040,110628,,92153,0,0,2420,94573,31276,0,0,23377,54652,Public Employees Retirement System,https://www.calhr.ca.gov,,08/06/2024,,,True,
2023,State Department,Victim Compensation and Government Claims Board,,"Associate Management Auditor, Range A",False,False,,75168,98856,,91741,0,0,2420,94161,31096,0,0,8861,39958,Public Employees Retirement System,https://www.calhr.ca.gov,,08/06/2024,,,True,
2023,State Department,Victim Compensation and Government Claims Board,,"Associate Management Auditor, Range A",False,False,,75168,98856,,87327,0,0,6111,93438,31096,0,0,22767,53863,Public Employees Retirement System,https://www.calhr.ca.gov,,08/06/2024,,,True,
2023,State Department,Victim Compensation and Government Claims Board,,Information Technology Supervisor II,False,False,,96192,128892,,87994,0,0,4230,92223,30039,0,0,18217,48256,Public Employees Retirement System,https://www.calhr.ca.gov,,08/06/2024,,,True,
2023,State Department,Victim Compensation and Government Claims Board,,Staff Services Manager I,False,False,,81120,100776,,89682,0,0,2420,92102,31476,0,0,23377,54852,Public Employees Retirement System,https://www.calhr.ca.gov,,08/06/2024,,,True,
2023,State Department,Victim Compensation and Government Claims Board,,Staff Services Manager II (Supervisory),False,False,,89040,110628,,86156,0,0,4712,90867,31063,0,0,23377,54439,Public Employees Retirement System,https://www.calhr.ca.gov,,08/06/2024,,,True,
2023,State Department,Victim Compensation and Government Claims Board,,Staff Services Manager II (Supervisory),False,False,,89040,110628,,87905,0,0,2753,90659,21092,0,0,23377,44469,Public Employees Retirement System,https://www.calhr.ca.gov,,08/06/2024,,,True,
2023,State Department,Victim Compensation and Government Claims Board,,Staff Services Manager I,False,False,,81120,100776,,84378,0,0,5935,90314,29610,0,0,23377,52987,Public Employees Retirement System,https://www.calhr.ca.gov,,08/06/2024,,,True,
2023,State Department,Victim Compensation and Government Claims Board,,"Associate Governmental Program Analyst, Range A",False,False,,68208,85368,,75039,0,12146,2420,89605,25562,0,0,8861,34424,Public Employees Retirement System,https://www.calhr.ca.gov,,08/06/2024,,,True,
2023,State Department,Victim Compensation and Government Claims Board,,"Information Technology Specialist II, Range A",False,False,,97560,130716,,86591,0,0,2669,89260,29295,0,0,8637,37932,Public Employees Retirement System,https://www.calhr.ca.gov,,08/06/2024,,,True,
2023,State Department,Victim Compensation and Government Claims Board,,"Information Officer I (Specialist), Range A",False,False,,68208,85368,,76026,0,0,12721,88747,28373,0,0,22767,51140,Public Employees Retirement System,https://www.calhr.ca.gov,,08/06/2024,,,True,
2023,State Department,Victim Compensation and Government Claims Board,,Staff Services Manager II (Supervisory),False,False,,89040,110628,,85823,0,0,2420,88243,28833,0,0,9397,38230,Public Employees Retirement System,https://www.calhr.ca.gov,,08/06/2024,,,True,
2023,State Department,Victim Compensation and Government Claims Board,,Staff Services Manager I,False,False,,81120,100776,,82027,0,0,5867,87894,27780,0,0,9205,36985,Public Employees Retirement System,https://www.calhr.ca.gov,,08/06/2024,,,True,
2023,State Department,Victim Compensation and Government Claims Board,,Staff Services Manager I,False,False,,81120,100776,,85396,0,0,2420,87816,29988,0,0,23377,53364,Public Employees Retirement System,https://www.calhr.ca.gov,,08/06/2024,,,True,
2023,State Department,Victim Compensation and Government Claims Board,,"Associate Accounting Analyst, Range A",False,False,,71604,89688,,86831,0,0,600,87431,28212,0,0,1816,30028,Public Employees Retirement System,https://www.calhr.ca.gov,,08/06/2024,,,True,
2023,State Department,Victim Compensation and Government Claims Board,,"Information Technology Specialist I, Range A",False,False,,73668,98736,,86770,0,0,600,87370,28748,0,0,136,28884,Public Employees Retirement System,https://www.calhr.ca.gov,,08/06/2024,,,True,
2023,State Department,Victim Compensation and Government Claims Board,,"Associate Governmental Program Analyst, Range A",False,False,,68208,85368,,81854,0,0,3788,85642,26854,0,0,2895,29749,Public Employees Retirement System,https://www.calhr.ca.gov,,08/06/2024,,,True,
2023,State Department,Victim Compensation and Government Claims Board,,"Attorney, Range B",False,False,,104496,134076,,77637,0,5704,2029,85369,27091,0,0,11732,38823,Public Employees Retirement System,https://www.calhr.ca.gov,,08/06/2024,,,True,
2023,State Department,Victim Compensation and Government Claims Board,,"Associate Accounting Analyst, Range A",False,False,,71604,89688,,79548,0,0,5769,85317,28212,0,0,22767,50979,Public Employees Retirement System,https://www.calhr.ca.gov,,08/06/2024,,,True,
2023,State Department,Victim Compensation and Government Claims Board,,"Associate Governmental Program Analyst, Range A",False,False,,68208,85368,,81053,0,0,3788,84841,26854,0,0,136,26990,Public Employees Retirement System,https://www.calhr.ca.gov,,08/06/2024,,,True,
2023,State Department,Victim Compensation and Government Claims Board,,Staff Services Manager I,False,False,,81120,100776,,79223,0,0,5608,84831,26968,0,0,8906,35874,Public Employees Retirement System,https://www.calhr.ca.gov,,08/06/2024,,,True,
2023,State Department,Victim Compensation and Government Claims Board,,Staff Services Manager I,False,False,,81120,100776,,84046,0,0,600,84646,27268,0,0,1876,29144,Public Employees Retirement System,https://www.calhr.ca.gov,,08/06/2024,,,True,
2023,State Department,Victim Compensation and Government Claims Board,,"Associate Governmental Program Analyst, Range A",False,False,,68208,85368,,83919,0,0,600,84519,0,0,0,136,136,,https://www.calhr.ca.gov,,08/06/2024,,,True,
2023,State Department,Victim Compensation and Government Claims Board,,Staff Services Manager II (Supervisory),False,False,,89040,110628,,81521,0,0,2420,83941,28009,0,0,18217,46226,Public Employees Retirement System,https://www.calhr.ca.gov,,08/06/2024,,,True,
2023,State Department,Victim Compensation and Government Claims Board,,Staff Services Manager I,False,False,,81120,100776,,78230,0,0,5601,83831,27361,0,0,9397,36757,Public Employees Retirement System,https://www.calhr.ca.gov,,08/06/2024,,,True,
2023,State Department,Victim Compensation and Government Claims Board,,Staff Services Manager I,False,False,,81120,100776,,80186,0,0,3629,83815,25950,0,0,1996,27946,Public Employees Retirement System,https://www.calhr.ca.gov,,08/06/2024,,,True,
2023,State Department,Victim Compensation and Government Claims Board,,"Research Data Analyst II, Range A",False,False,,75180,94176,,81356,0,0,2420,83776,28810,0,0,22767,51577,Public Employees Retirement System,https://www.calhr.ca.gov,,08/06/2024,,,True,
2023,State Department,Victim Compensation and Government Claims Board,,Staff Services Manager I,False,False,,81120,100776,,81228,0,0,2420,83648,28674,0,0,23377,52051,Public Employees Retirement System,https://www.calhr.ca.gov,,08/06/2024,,,True,
2023,State Department,Victim Compensation and Government Claims Board,,"Associate Governmental Program Analyst, Range A",False,False,,68208,85368,,76486,1489,0,5608,83583,26854,0,0,17991,44845,Public Employees Retirement System,https://www.calhr.ca.gov,,08/06/2024,,,True,
2023,State Department,Victim Compensation and Government Claims Board,,"Information Technology Specialist I, Range C",False,False,,88956,119184,,82967,0,0,550,83517,27487,0,0,136,27622,Public Employees Retirement System,https://www.calhr.ca.gov,,08/06/2024,,,True,
2023,State Department,Victim Compensation and Government Claims Board,,"Associate Governmental Program Analyst, Range A",False,False,,68208,85368,,77530,0,0,5417,82947,27455,0,0,23038,50492,Public Employees Retirement System,https://www.calhr.ca.gov,,08/06/2024,,,True,
2023,State Department,Victim Compensation and Government Claims Board,,"Associate Governmental Program Analyst, Range A",False,False,,68208,85368,,76954,0,0,5608,82562,26854,0,0,17567,44421,Public Employees Retirement System,https://www.calhr.ca.gov,,08/06/2024,,,True,
2023,State Department,Victim Compensation and Government Claims Board,,"Associate Governmental Program Analyst, Range A",False,False,,68208,85368,,76954,0,0,5608,82562,26854,0,0,17567,44421,Public Employees Retirement System,https://www.calhr.ca.gov,,08/06/2024,,,True,
2023,State Department,Victim Compensation and Government Claims Board,,"Associate Personnel Analyst, Range A",False,False,,68208,85368,,80004,0,0,2420,82424,27322,0,0,23111,50433,Public Employees Retirement System,https://www.calhr.ca.gov,,08/06/2024,,,True,
2023,State Department,Victim Compensation and Government Claims Board,,Staff Services Manager I,False,False,,81120,100776,,79834,0,0,2420,82254,27437,0,0,18217,45654,Public Employees Retirement System,https://www.calhr.ca.gov,,08/06/2024,,,True,
2023,State Department,Victim Compensation and Government Claims Board,,"Associate Governmental Program Analyst, Range A",False,False,,68208,85368,,79070,0,0,2420,81490,26854,0,0,8822,35676,Public Employees Retirement System,https://www.calhr.ca.gov,,08/06/2024,,,True,
2023,State Department,Victim Compensation and Government Claims Board,,"Associate Governmental Program Analyst, Range A",False,False,,68208,85368,,78936,0,0,2420,81356,26854,0,0,8861,35716,Public Employees Retirement System,https://www.calhr.ca.gov,,08/06/2024,,,True,
2023,State Department,Victim Compensation and Government Claims Board,,Staff Services Manager I,False,False,,81120,100776,,78325,0,0,2420,80745,27780,0,0,23173,50953,Public Employees Retirement System,https://www.calhr.ca.gov,,08/06/2024,,,True,
2023,State Department,Victim Compensation and Government Claims Board,,"Associate Governmental Program Analyst, Range A",False,False,,68208,85368,,77768,0,0,2420,80188,27622,0,0,22767,50389,Public Employees Retirement System,https://www.calhr.ca.gov,,08/06/2024,,,True,
2023,State Department,Victim Compensation and Government Claims Board,,"Associate Governmental Program Analyst, Range A",False,False,,68208,85368,,79337,0,0,600,79937,25728,0,0,1816,27544,Public Employees Retirement System,https://www.calhr.ca.gov,,08/06/2024,,,True,
2023,State Department,Victim Compensation and Government Claims Board,,"Associate Governmental Program Analyst, Range A",False,False,,68208,85368,,76751,0,0,2420,79171,26854,0,0,17567,44421,Public Employees Retirement System,https://www.calhr.ca.gov,,08/06/2024,,,True,
2023,State Department,Victim Compensation and Government Claims Board,,"Associate Governmental Program Analyst, Range A",False,False,,68208,85368,,76747,0,0,2420,79167,26854,0,0,17581,44435,Public Employees Retirement System,https://www.calhr.ca.gov,,08/06/2024,,,True,
2023,State Department,Victim Compensation and Government Claims Board,,"Associate Governmental Program Analyst, Range A",False,False,,68208,85368,,76496,0,0,2420,78916,26854,0,0,17567,44421,Public Employees Retirement System,https://www.calhr.ca.gov,,08/06/2024,,,True,
2023,State Department,Victim Compensation and Government Claims Board,,"Associate Governmental Program Analyst, Range A",False,False,,68208,85368,,75146,992,0,2420,78558,26854,0,0,22698,49553,Public Employees Retirement System,https://www.calhr.ca.gov,,08/06/2024,,,True,
2023,State Department,Victim Compensation and Government Claims Board,,"Associate Personnel Analyst, Range A",False,False,,68208,85368,,69003,6147,0,2770,77920,23563,0,0,8861,32424,Public Employees Retirement System,https://www.calhr.ca.gov,,08/06/2024,,,True,
2023,State Department,Victim Compensation and Government Claims Board,,Staff Services Manager I,False,False,,81120,100776,,77307,0,0,600,77907,25271,0,0,1966,27237,Public Employees Retirement System,https://www.calhr.ca.gov,,08/06/2024,,,True,
2023,State Department,Victim Compensation and Government Claims Board,,"Associate Governmental Program Analyst, Range A",False,False,,68208,85368,,75472,0,0,2420,77892,26854,0,0,22698,49553,Public Employees Retirement System,https://www.calhr.ca.gov,,08/06/2024,,,True,
2023,State Department,Victim Compensation and Government Claims Board,,"Associate Governmental Program Analyst, Range A",False,False,,68208,85368,,75472,0,0,2420,77892,26854,0,0,22698,49553,Public Employees Retirement System,https://www.calhr.ca.gov,,08/06/2024,,,True,
2023,State Department,Victim Compensation and Government Claims Board,,"Associate Governmental Program Analyst, Range A",False,False,,68208,85368,,75450,0,0,2420,77870,26854,0,0,22767,49621,Public Employees Retirement System,https://www.calhr.ca.gov,,08/06/2024,,,True,
2023,State Department,Victim Compensation and Government Claims Board,,"Associate Governmental Program Analyst, Range A",False,False,,68208,85368,,72250,0,0,5368,77618,24639,0,0,8861,33500,Public Employees Retirement System,https://www.calhr.ca.gov,,08/06/2024,,,True,
2023,State Department,Victim Compensation and Government Claims Board,,"Associate Governmental Program Analyst, Range A",False,False,,68208,85368,,75146,0,0,2420,77566,26854,0,0,22698,49553,Public Employees Retirement System,https://www.calhr.ca.gov,,08/06/2024,,,True,
2023,State Department,Victim Compensation and Government Claims Board,,"Senior Accounting Officer (Specialist), Range A",False,False,,68208,85368,,72074,0,0,5343,77417,24530,0,0,8593,33123,Public Employees Retirement System,https://www.calhr.ca.gov,,08/06/2024,,,True,
2023,State Department,Victim Compensation and Government Claims Board,,"Associate Governmental Program Analyst, Range A",False,False,,68208,85368,,74399,0,0,2420,76819,26606,0,0,22698,49305,Public Employees Retirement System,https://www.calhr.ca.gov,,08/06/2024,,,True,
2023,State Department,Victim Compensation and Government Claims Board,,"Associate Governmental Program Analyst, Range A",False,False,,68208,85368,,73848,0,0,2420,76268,25901,0,0,18320,44221,Public Employees Retirement System,https://www.calhr.ca.gov,,08/06/2024,,,True,
2023,State Department,Victim Compensation and Government Claims Board,,Staff Services Manager I,False,False,,81120,100776,,73289,0,0,2420,75709,27020,0,0,18217,45237,Public Employees Retirement System,https://www.calhr.ca.gov,,08/06/2024,,,True,
2023,State Department,Victim Compensation and Government Claims Board,,"Associate Governmental Program Analyst, Range A",False,False,,68208,85368,,69634,620,0,5368,75622,24938,0,0,17991,42929,Public Employees Retirement System,https://www.calhr.ca.gov,,08/06/2024,,,True,
2023,State Department,Victim Compensation and Government Claims Board,,Staff Services Manager I,False,False,,81120,100776,,64975,0,0,9297,74272,22872,0,0,23376,46247,Public Employees Retirement System,https://www.calhr.ca.gov,,08/06/2024,,,True,
2023,State Department,Victim Compensation and Government Claims Board,,"Attorney III, Range A",False,False,,126432,162312,,74057,0,0,-133,73924,24481,0,0,7320,31802,Public Employees Retirement System,https://www.calhr.ca.gov,,08/06/2024,,,True,
2023,State Department,Victim Compensation and Government Claims Board,,"Associate Governmental Program Analyst, Range A",False,False,,68208,85368,,71066,0,0,2820,73886,24236,0,0,17581,41817,Public Employees Retirement System,https://www.calhr.ca.gov,,08/06/2024,,,True,
2023,State Department,Victim Compensation and Government Claims Board,,"Staff Services Analyst, Range C",False,False,,56712,70992,,67017,953,0,5071,73041,23096,0,0,22698,45795,Public Employees Retirement System,https://www.calhr.ca.gov,,08/06/2024,,,True,
2023,State Department,Victim Compensation and Government Claims Board,,"Associate Governmental Program Analyst, Range A",False,False,,68208,85368,,67759,0,0,5252,73011,23809,0,0,17581,41390,Public Employees Retirement System,https://www.calhr.ca.gov,,08/06/2024,,,True,
2023,State Department,Victim Compensation and Government Claims Board,,"Associate Governmental Program Analyst, Range A",False,False,,68208,85368,,70753,0,0,2110,72863,24077,0,0,8123,32199,Public Employees Retirement System,https://www.calhr.ca.gov,,08/06/2024,,,True,
2023,State Department,Victim Compensation and Government Claims Board,,"Information Technology Associate, Range D",False,False,,73764,98856,,69574,824,0,2420,72818,24267,0,0,17151,41418,Public Employees Retirement System,https://www.calhr.ca.gov,,08/06/2024,,,True,
2023,State Department,Victim Compensation and Government Claims Board,,"Associate Governmental Program Analyst, Range A",False,False,,68208,85368,,67217,0,0,5094,72311,22910,0,0,8593,31503,Public Employees Retirement System,https://www.calhr.ca.gov,,08/06/2024,,,True,
2023,State Department,Victim Compensation and Government Claims Board,,"Accounting Officer (Specialist), Range A",False,False,,59568,74556,,66663,0,0,5123,71787,22415,0,0,8822,31237,Public Employees Retirement System,https://www.calhr.ca.gov,,08/06/2024,,,True,
2023,State Department,Victim Compensation and Government Claims Board,,"Associate Governmental Program Analyst, Range A",False,False,,68208,85368,,66097,0,0,5203,71301,23747,0,0,22698,46446,Public Employees Retirement System,https://www.calhr.ca.gov,,08/06/2024,,,True,
2023,State Department,Victim Compensation and Government Claims Board,,"Associate Governmental Program Analyst, Range A",False,False,,68208,85368,,68332,0,0,2420,70752,23340,0,0,8861,32202,Public Employees Retirement System,https://www.calhr.ca.gov,,08/06/2024,,,True,
2023,State Department,Victim Compensation and Government Claims Board,,"Staff Services Analyst, Range C",False,False,,56712,70992,,65419,0,0,5071,70491,22332,0,0,8861,31194,Public Employees Retirement System,https://www.calhr.ca.gov,,08/06/2024,,,True,
2023,State Department,Victim Compensation and Government Claims Board,,"Associate Governmental Program Analyst, Range A",False,False,,68208,85368,,67964,0,0,2420,70384,24347,0,0,21544,45891,Public Employees Retirement System,https://www.calhr.ca.gov,,08/06/2024,,,True,
2023,State Department,Victim Compensation and Government Claims Board,,"Staff Services Analyst, Range C",False,False,,56712,70992,,65561,0,0,4740,70301,22332,0,0,8571,30903,Public Employees Retirement System,https://www.calhr.ca.gov,,08/06/2024,,,True,
2023,State Department,Victim Compensation and Government Claims Board,,Staff Services Manager I,False,False,,81120,100776,,67774,0,0,2420,70194,24372,0,0,22868,47240,Public Employees Retirement System,https://www.calhr.ca.gov,,08/06/2024,,,True,
2023,State Department,Victim Compensation and Government Claims Board,,"Staff Services Analyst, Range C",False,False,,56712,70992,,55630,0,11971,2420,70021,21378,0,0,17567,38945,Public Employees Retirement System,https://www.calhr.ca.gov,,08/06/2024,,,True,
2023,State Department,Victim Compensation and Government Claims Board,,"Personnel Specialist, Range D",False,False,,58632,73392,,63681,0,0,6273,69954,21787,0,0,11196,32983,Public Employees Retirement System,https://www.calhr.ca.gov,,08/06/2024,,,True,
2023,State Department,Victim Compensation and Government Claims Board,,"Associate Governmental Program Analyst, Range A",False,False,,68208,85368,,56650,0,0,12652,69302,20037,0,0,16768,36805,Public Employees Retirement System,https://www.calhr.ca.gov,,08/06/2024,,,True,
2023,State Department,Victim Compensation and Government Claims Board,,"Staff Services Analyst, Range C",False,False,,56712,70992,,66411,0,0,2420,68831,22332,0,0,8822,31154,Public Employees Retirement System,https://www.calhr.ca.gov,,08/06/2024,,,True,
2023,State Department,Victim Compensation and Government Claims Board,,"Staff Services Analyst, Range C",False,False,,56712,70992,,62962,381,0,5071,68414,22332,0,0,17991,40323,Public Employees Retirement System,https://www.calhr.ca.gov,,08/06/2024,,,True,
2023,State Department,Victim Compensation and Government Claims Board,,"Staff Services Analyst, Range C",False,False,,56712,70992,,65205,727,0,2420,68352,22332,0,0,17922,40255,Public Employees Retirement System,https://www.calhr.ca.gov,,08/06/2024,,,True,
2023,State Department,Victim Compensation and Government Claims Board,,"Associate Governmental Program Analyst, Range A",False,False,,68208,85368,,65879,0,0,2420,68299,23186,0,0,17581,40767,Public Employees Retirement System,https://www.calhr.ca.gov,,08/06/2024,,,True,
2023,State Department,Victim Compensation and Government Claims Board,,"Associate Governmental Program Analyst, Range A",False,False,,68208,85368,,65074,789,0,2420,68283,22898,0,0,17567,40464,Public Employees Retirement System,https://www.calhr.ca.gov,,08/06/2024,,,True,
2023,State Department,Victim Compensation and Government Claims Board,,"Associate Governmental Program Analyst, Range A",False,False,,68208,85368,,67535,0,0,450,67985,21818,0,0,1816,23634,Public Employees Retirement System,https://www.calhr.ca.gov,,08/06/2024,,,True,
2023,State Department,Victim Compensation and Government Claims Board,,"Staff Services Analyst, Range C",False,False,,56712,70992,,67303,0,0,600,67903,22332,0,0,448,22780,Public Employees Retirement System,https://www.calhr.ca.gov,,08/06/2024,,,True,
2023,State Department,Victim Compensation and Government Claims Board,,"Staff Services Analyst, Range C",False,False,,56712,70992,,64586,831,0,2420,67837,22332,0,0,8822,31154,Public Employees Retirement System,https://www.calhr.ca.gov,,08/06/2024,,,True,
2023,State Department,Victim Compensation and Government Claims Board,,"Staff Services Analyst, Range C",False,False,,56712,70992,,65186,0,0,2420,67606,22332,0,0,8861,31194,Public Employees Retirement System,https://www.calhr.ca.gov,,08/06/2024,,,True,
2023,State Department,Victim Compensation and Government Claims Board,,"Staff Services Analyst, Range C",False,False,,56712,70992,,65186,0,0,2420,67606,22332,0,0,8861,31194,Public Employees Retirement System,https://www.calhr.ca.gov,,08/06/2024,,,True,
2023,State Department,Victim Compensation and Government Claims Board,,"Associate Governmental Program Analyst, Range A",False,False,,68208,85368,,65091,0,0,2420,67511,22262,0,0,8822,31084,Public Employees Retirement System,https://www.calhr.ca.gov,,08/06/2024,,,True,
2023,State Department,Victim Compensation and Government Claims Board,,"Associate Governmental Program Analyst, Range A",False,False,,68208,85368,,65171,0,0,2270,67441,23449,0,0,22767,46215,Public Employees Retirement System,https://www.calhr.ca.gov,,08/06/2024,,,True,
2023,State Department,Victim Compensation and Government Claims Board,,"Staff Services Analyst, Range C",False,False,,56712,70992,,64853,0,0,2420,67273,22332,0,0,9558,31891,Public Employees Retirement System,https://www.calhr.ca.gov,,08/06/2024,,,True,
2023,State Department,Victim Compensation and Government Claims Board,,"Staff Services Analyst, Range C",False,False,,56712,70992,,61543,647,0,4954,67143,21091,0,0,8861,29953,Public Employees Retirement System,https://www.calhr.ca.gov,,08/06/2024,,,True,
2023,State Department,Victim Compensation and Government Claims Board,,"Associate Governmental Program Analyst, Range A",False,False,,68208,85368,,64664,0,0,2420,67084,22109,0,0,8637,30746,Public Employees Retirement System,https://www.calhr.ca.gov,,08/06/2024,,,True,
2023,State Department,Victim Compensation and Government Claims Board,,"Associate Governmental Program Analyst, Range A",False,False,,68208,85368,,64159,0,0,2420,66579,23635,0,0,22698,46333,Public Employees Retirement System,https://www.calhr.ca.gov,,08/06/2024,,,True,
2023,State Department,Victim Compensation and Government Claims Board,,"Staff Services Analyst, Range C",False,False,,56712,70992,,64015,0,0,2420,66435,21906,0,0,8822,30728,Public Employees Retirement System,https://www.calhr.ca.gov,,08/06/2024,,,True,
2023,State Department,Victim Compensation and Government Claims Board,,"Associate Governmental Program Analyst, Range A",False,False,,68208,85368,,65508,0,0,600,66108,21181,0,0,1816,22996,Public Employees Retirement System,https://www.calhr.ca.gov,,08/06/2024,,,True,
2023,State Department,Victim Compensation and Government Claims Board,,"Staff Services Analyst, Range C",False,False,,56712,70992,,62861,611,0,2420,65891,22332,0,0,17922,40255,Public Employees Retirement System,https://www.calhr.ca.gov,,08/06/2024,,,True,
2023,State Department,Victim Compensation and Government Claims Board,,"Staff Services Analyst, Range C",False,False,,56712,70992,,63187,0,0,2420,65607,22332,0,0,17922,40255,Public Employees Retirement System,https://www.calhr.ca.gov,,08/06/2024,,,True,
2023,State Department,Victim Compensation and Government Claims Board,,"Staff Services Analyst, Range C",False,False,,56712,70992,,63103,0,0,2420,65523,22332,0,0,17567,39899,Public Employees Retirement System,https://www.calhr.ca.gov,,08/06/2024,,,True,
2023,State Department,Victim Compensation and Government Claims Board,,"Associate Governmental Program Analyst, Range A",False,False,,68208,85368,,63102,0,0,2420,65522,21637,0,0,8822,30459,Public Employees Retirement System,https://www.calhr.ca.gov,,08/06/2024,,,True,
2023,State Department,Victim Compensation and Government Claims Board,,"Staff Services Analyst, Range C",False,False,,56712,70992,,62489,468,0,2420,65376,22332,0,0,19514,41847,Public Employees Retirement System,https://www.calhr.ca.gov,,08/06/2024,,,True,
2023,State Department,Victim Compensation and Government Claims Board,,"Associate Governmental Program Analyst, Range A",False,False,,68208,85368,,62313,0,0,2420,64733,22262,0,0,22074,44336,Public Employees Retirement System,https://www.calhr.ca.gov,,08/06/2024,,,True,
2023,State Department,Victim Compensation and Government Claims Board,,Business Service Officer I (Supervisor),False,False,,61404,75996,,62870,0,0,1820,64690,22189,0,0,16747,38936,Public Employees Retirement System,https://www.calhr.ca.gov,,08/06/2024,,,True,
2023,State Department,Victim Compensation and Government Claims Board,,"Legal Assistant, Range A",False,False,,55116,69012,,62179,0,0,2420,64599,21021,0,0,9627,30647,Public Employees Retirement System,https://www.calhr.ca.gov,,08/06/2024,,,True,
2023,State Department,Victim Compensation and Government Claims Board,,"Accounting Officer (Specialist), Range A",False,False,,59568,74556,,61265,0,0,2971,64236,19741,0,0,1816,21557,Public Employees Retirement System,https://www.calhr.ca.gov,,08/06/2024,,,True,
2023,State Department,Victim Compensation and Government Claims Board,,"Staff Services Analyst, Range C",False,False,,56712,70992,,61801,0,0,2420,64221,22332,0,0,22767,45099,Public Employees Retirement System,https://www.calhr.ca.gov,,08/06/2024,,,True,
2023,State Department,Victim Compensation and Government Claims Board,,"Staff Services Analyst, Range C",False,False,,56712,70992,,63491,0,0,600,64091,21271,0,0,1290,22562,Public Employees Retirement System,https://www.calhr.ca.gov,,08/06/2024,,,True,
2023,State Department,Victim Compensation and Government Claims Board,,"Staff Services Analyst, Range C",False,False,,56712,70992,,60974,386,0,2420,63780,20487,0,0,8637,29124,Public Employees Retirement System,https://www.calhr.ca.gov,,08/06/2024,,,True,
2023,State Department,Victim Compensation and Government Claims Board,,"Associate Governmental Program Analyst, Range A",False,False,,68208,85368,,63279,0,0,500,63779,20960,0,0,99,21059,Public Employees Retirement System,https://www.calhr.ca.gov,,08/06/2024,,,True,
2023,State Department,Victim Compensation and Government Claims Board,,"Staff Services Analyst, Range C",False,False,,56712,70992,,60703,556,0,2420,63679,21517,0,0,17991,39507,Public Employees Retirement System,https://www.calhr.ca.gov,,08/06/2024,,,True,
2023,State Department,Victim Compensation and Government Claims Board,,"Staff Services Analyst, Range C",False,False,,56712,70992,,61301,0,0,2370,63671,21707,0,0,17922,39629,Public Employees Retirement System,https://www.calhr.ca.gov,,08/06/2024,,,True,
2023,State Department,Victim Compensation and Government Claims Board,,"Associate Governmental Program Analyst, Range A",False,False,,68208,85368,,61191,0,0,2420,63611,20960,0,0,8822,29782,Public Employees Retirement System,https://www.calhr.ca.gov,,08/06/2024,,,True,
2023,State Department,Victim Compensation and Government Claims Board,,"Staff Services Analyst, Range C",False,False,,56712,70992,,61125,0,0,2420,63545,21884,0,0,19583,41467,Public Employees Retirement System,https://www.calhr.ca.gov,,08/06/2024,,,True,
2023,State Department,Victim Compensation and Government Claims Board,,"Associate Governmental Program Analyst, Range A",False,False,,68208,85368,,62762,0,0,600,63362,20793,0,0,136,20929,Public Employees Retirement System,https://www.calhr.ca.gov,,08/06/2024,,,True,
2023,State Department,Victim Compensation and Government Claims Board,,"Staff Services Analyst, Range C",False,False,,56712,70992,,61655,831,0,600,63087,20494,0,0,136,20630,Public Employees Retirement System,https://www.calhr.ca.gov,,08/06/2024,,,True,
2023,State Department,Victim Compensation and Government Claims Board,,"Associate Governmental Program Analyst, Range A",False,False,,68208,85368,,60400,0,0,2320,62720,21314,0,0,17298,38611,Public Employees Retirement System,https://www.calhr.ca.gov,,08/06/2024,,,True,
2023,State Department,Victim Compensation and Government Claims Board,,"Office Technician (Typing), Range A",False,False,,43308,54216,,59620,165,0,2420,62205,20456,0,0,8861,29317,Public Employees Retirement System,https://www.calhr.ca.gov,,08/06/2024,,,True,
2023,State Department,Victim Compensation and Government Claims Board,,"Senior Accounting Officer (Specialist), Range A",False,False,,68208,85368,,59540,0,0,2420,61960,21571,0,0,22698,44270,Public Employees Retirement System,https://www.calhr.ca.gov,,08/06/2024,,,True,
2023,State Department,Victim Compensation and Government Claims Board,,"Staff Services Analyst, Range C",False,False,,56712,70992,,58661,433,0,2420,61514,21178,0,0,22767,43945,Public Employees Retirement System,https://www.calhr.ca.gov,,08/06/2024,,,True,
2023,State Department,Victim Compensation and Government Claims Board,,"Staff Services Analyst, Range C",False,False,,56712,70992,,56282,362,0,4711,61355,19382,0,0,8861,28243,Public Employees Retirement System,https://www.calhr.ca.gov,,08/06/2024,,,True,
2023,State Department,Victim Compensation and Government Claims Board,,"Graphic Designer II, Range A",False,False,,60300,75492,,59909,0,0,600,60509,19292,0,0,1816,21107,Public Employees Retirement System,https://www.calhr.ca.gov,,08/06/2024,,,True,
2023,State Department,Victim Compensation and Government Claims Board,,"C.E.A., Range B",False,False,,117060,241728,,28754,0,31555,75,60383,9552,0,0,33,9585,Public Employees Retirement System,https://www.calhr.ca.gov,,08/06/2024,,,True,
2023,State Department,Victim Compensation and Government Claims Board,,"Staff Services Analyst, Range C",False,False,,56712,70992,,56148,671,0,2420,59240,18909,0,0,8637,27546,Public Employees Retirement System,https://www.calhr.ca.gov,,08/06/2024,,,True,
2023,State Department,Victim Compensation and Government Claims Board,,"Associate Governmental Program Analyst, Range A",False,False,,68208,85368,,56564,0,0,2295,58859,19423,0,0,8404,27827,Public Employees Retirement System,https://www.calhr.ca.gov,,08/06/2024,,,True,
2023,State Department,Victim Compensation and Government Claims Board,,"Accounting Officer (Specialist), Range A",False,False,,59568,74556,,55940,0,0,2420,58360,20255,0,0,22074,42328,Public Employees Retirement System,https://www.calhr.ca.gov,,08/06/2024,,,True,
2023,State Department,Victim Compensation and Government Claims Board,,"Staff Services Analyst, Range C",False,False,,56712,70992,,55662,0,0,2270,57932,18758,0,0,8404,27162,Public Employees Retirement System,https://www.calhr.ca.gov,,08/06/2024,,,True,
2023,State Department,Victim Compensation and Government Claims Board,,"Staff Services Analyst, Range C",False,False,,56712,70992,,55702,0,0,2077,57778,18758,0,0,8822,27580,Public Employees Retirement System,https://www.calhr.ca.gov,,08/06/2024,,,True,
2023,State Department,Victim Compensation and Government Claims Board,,"Staff Services Analyst, Range C",False,False,,56712,70992,,54806,352,0,2420,57578,18809,0,0,8637,27446,Public Employees Retirement System,https://www.calhr.ca.gov,,08/06/2024,,,True,
2023,State Department,Victim Compensation and Government Claims Board,,"Staff Services Analyst, Range C",False,False,,56712,70992,,54981,176,0,2420,57577,19035,0,0,22074,41109,Public Employees Retirement System,https://www.calhr.ca.gov,,08/06/2024,,,True,
2023,State Department,Victim Compensation and Government Claims Board,,"Associate Governmental Program Analyst, Range A",False,False,,68208,85368,,54500,0,0,2420,56920,18707,0,0,8637,27345,Public Employees Retirement System,https://www.calhr.ca.gov,,08/06/2024,,,True,
2023,State Department,Victim Compensation and Government Claims Board,,"Staff Services Analyst, Range C",False,False,,56712,70992,,55700,0,0,1020,56720,17990,0,0,1956,19946,Public Employees Retirement System,https://www.calhr.ca.gov,,08/06/2024,,,True,
2023,State Department,Victim Compensation and Government Claims Board,,"Associate Governmental Program Analyst, Range A",False,False,,68208,85368,,54690,0,0,1642,56332,18806,0,0,20130,38936,Public Employees Retirement System,https://www.calhr.ca.gov,,08/06/2024,,,True,
2023,State Department,Victim Compensation and Government Claims Board,,"Staff Services Analyst, Range C",False,False,,56712,70992,,53754,0,0,2420,56174,19666,0,0,22767,42433,Public Employees Retirement System,https://www.calhr.ca.gov,,08/06/2024,,,True,
2023,State Department,Victim Compensation and Government Claims Board,,"Accountant Trainee, Range A",False,False,,50244,59904,,43110,0,0,12652,55763,16139,0,0,22767,38906,Public Employees Retirement System,https://www.calhr.ca.gov,,08/06/2024,,,True,
2023,State Department,Victim Compensation and Government Claims Board,,"Staff Services Analyst, Range C",False,False,,56712,70992,,54916,0,0,728,55644,17914,0,0,1412,19326,Public Employees Retirement System,https://www.calhr.ca.gov,,08/06/2024,,,True,
2023,State Department,Victim Compensation and Government Claims Board,,"Staff Services Analyst, Range C",False,False,,56712,70992,,54983,0,0,600,55583,18216,0,0,136,18352,Public Employees Retirement System,https://www.calhr.ca.gov,,08/06/2024,,,True,
2023,State Department,Victim Compensation and Government Claims Board,,"Staff Services Analyst, Range C",False,False,,56712,70992,,52867,0,0,2420,55287,18216,0,0,8861,27078,Public Employees Retirement System,https://www.calhr.ca.gov,,08/06/2024,,,True,
2023,State Department,Victim Compensation and Government Claims Board,,"Associate Governmental Program Analyst, Range A",False,False,,68208,85368,,52998,0,0,2220,55218,19410,0,0,22698,42108,Public Employees Retirement System,https://www.calhr.ca.gov,,08/06/2024,,,True,
2023,State Department,Victim Compensation and Government Claims Board,,"Staff Services Analyst, Range C",False,False,,56712,70992,,53842,0,0,600,54442,17839,0,0,136,17975,Public Employees Retirement System,https://www.calhr.ca.gov,,08/06/2024,,,True,
2023,State Department,Victim Compensation and Government Claims Board,,"Staff Services Analyst, Range C",False,False,,56712,70992,,51380,292,0,2420,54092,18758,0,0,22698,41457,Public Employees Retirement System,https://www.calhr.ca.gov,,08/06/2024,,,True,
2023,State Department,Victim Compensation and Government Claims Board,,"Staff Services Analyst, Range C",False,False,,56712,70992,,51649,0,0,2420,54069,18451,0,0,17581,36032,Public Employees Retirement System,https://www.calhr.ca.gov,,08/06/2024,,,True,
2023,State Department,Victim Compensation and Government Claims Board,,"Staff Services Analyst, Range C",False,False,,56712,70992,,51179,967,0,1420,53565,18290,0,0,17567,35856,Public Employees Retirement System,https://www.calhr.ca.gov,,08/06/2024,,,True,
2023,State Department,Victim Compensation and Government Claims Board,,"Staff Services Analyst, Range C",False,False,,56712,70992,,50516,0,0,2420,52936,17421,0,0,8593,26014,Public Employees Retirement System,https://www.calhr.ca.gov,,08/06/2024,,,True,
2023,State Department,Victim Compensation and Government Claims Board,,"Staff Services Analyst, Range C",False,False,,56712,70992,,49903,879,0,1686,52468,17075,0,0,7886,24961,Public Employees Retirement System,https://www.calhr.ca.gov,,08/06/2024,,,True,
2023,State Department,Victim Compensation and Government Claims Board,,"Staff Services Analyst, Range C",False,False,,56712,70992,,48990,0,0,2460,51450,18608,0,0,22698,41307,Public Employees Retirement System,https://www.calhr.ca.gov,,08/06/2024,,,True,
2023,State Department,Victim Compensation and Government Claims Board,,"Associate Governmental Program Analyst, Range A",False,False,,68208,85368,,39103,0,9487,2670,51260,13432,0,0,5881,19313,Public Employees Retirement System,https://www.calhr.ca.gov,,08/06/2024,,,True,
2023,State Department,Victim Compensation and Government Claims Board,,"Office Technician (Typing), Range A",False,False,,43308,54216,,48100,678,0,2420,51198,16675,0,0,9203,25878,Public Employees Retirement System,https://www.calhr.ca.gov,,08/06/2024,,,True,
2023,State Department,Victim Compensation and Government Claims Board,,"Staff Services Analyst, Range C",False,False,,56712,70992,,46290,336,0,4538,51163,17293,0,0,22698,39992,Public Employees Retirement System,https://www.calhr.ca.gov,,08/06/2024,,,True,
2023,State Department,Victim Compensation and Government Claims Board,,"Associate Governmental Program Analyst, Range A",False,False,,68208,85368,,48179,0,0,2720,50899,17313,0,0,16445,33758,Public Employees Retirement System,https://www.calhr.ca.gov,,08/06/2024,,,True,
2023,State Department,Victim Compensation and Government Claims Board,,"Business Service Assistant (Specialist), Range B",False,False,,45432,56916,,48464,0,0,1820,50284,17483,0,0,17581,35064,Public Employees Retirement System,https://www.calhr.ca.gov,,08/06/2024,,,True,
2023,State Department,Victim Compensation and Government Claims Board,,Staff Services Manager I,False,False,,81120,100776,,48668,0,0,1540,50208,18045,0,0,22766,40811,Public Employees Retirement System,https://www.calhr.ca.gov,,08/06/2024,,,True,
2023,State Department,Victim Compensation and Government Claims Board,,"Staff Services Analyst, Range C",False,False,,56712,70992,,47653,0,0,2420,50073,17508,0,0,21923,39432,Public Employees Retirement System,https://www.calhr.ca.gov,,08/06/2024,,,True,
2023,State Department,Victim Compensation and Government Claims Board,,"Office Technician (General), Range A",False,False,,42516,53280,,47249,0,0,2120,49369,16389,0,0,8861,25250,Public Employees Retirement System,https://www.calhr.ca.gov,,08/06/2024,,,True,
2023,State Department,Victim Compensation and Government Claims Board,,Program Technician II,False,False,,43356,54336,,45454,343,0,2420,48217,16713,0,0,8861,25575,Public Employees Retirement System,https://www.calhr.ca.gov,,08/06/2024,,,True,
2023,State Department,Victim Compensation and Government Claims Board,,"Staff Services Analyst, Range C",False,False,,56712,70992,,45726,0,0,2420,48146,15832,0,0,8404,24236,Public Employees Retirement System,https://www.calhr.ca.gov,,08/06/2024,,,True,
2023,State Department,Victim Compensation and Government Claims Board,,"Associate Governmental Program Analyst, Range A",False,False,,68208,85368,,47502,0,0,500,48002,15406,0,0,1362,16768,Public Employees Retirement System,https://www.calhr.ca.gov,,08/06/2024,,,True,
2023,State Department,Victim Compensation and Government Claims Board,,"Office Technician (Typing), Range A",False,False,,43308,54216,,44921,0,0,2420,47341,15534,0,0,8404,23938,Public Employees Retirement System,https://www.calhr.ca.gov,,08/06/2024,,,True,
2023,State Department,Victim Compensation and Government Claims Board,,"Staff Services Analyst, Range C",False,False,,56712,70992,,46334,0,0,870,47204,16111,0,0,8637,24748,Public Employees Retirement System,https://www.calhr.ca.gov,,08/06/2024,,,True,
2023,State Department,Victim Compensation and Government Claims Board,,"Office Technician (General), Range A",False,False,,42516,53280,,44642,0,0,1820,46462,15398,0,0,8934,24331,Public Employees Retirement System,https://www.calhr.ca.gov,,08/06/2024,,,True,
2023,State Department,Victim Compensation and Government Claims Board,,"Office Technician (General), Range A",False,False,,42516,53280,,43886,0,0,2420,46306,16389,0,0,22698,39087,Public Employees Retirement System,https://www.calhr.ca.gov,,08/06/2024,,,True,
2023,State Department,Victim Compensation and Government Claims Board,,"Staff Services Analyst, Range C",False,False,,56712,70992,,43756,0,0,2320,46076,15268,0,0,21972,37240,Public Employees Retirement System,https://www.calhr.ca.gov,,08/06/2024,,,True,
2023,State Department,Victim Compensation and Government Claims Board,,"Office Technician (Typing), Range A",False,False,,43308,54216,,44105,0,0,1953,46058,15883,0,0,17567,33449,Public Employees Retirement System,https://www.calhr.ca.gov,,08/06/2024,,,True,
2023,State Department,Victim Compensation and Government Claims Board,,"Office Assistant (General), Range B",False,False,,39372,49284,,43639,0,0,1820,45459,15159,0,0,8861,24021,Public Employees Retirement System,https://www.calhr.ca.gov,,08/06/2024,,,True,
2023,State Department,Victim Compensation and Government Claims Board,,"Office Assistant (General), Range B",False,False,,39372,49284,,45044,0,0,0,45044,15159,0,0,1290,16450,Public Employees Retirement System,https://www.calhr.ca.gov,,08/06/2024,,,True,
2023,State Department,Victim Compensation and Government Claims Board,,"Office Technician (Typing), Range A",False,False,,43308,54216,,41402,0,0,2420,43822,14401,0,0,8593,22994,Public Employees Retirement System,https://www.calhr.ca.gov,,08/06/2024,,,True,
2023,State Department,Victim Compensation and Government Claims Board,,"Staff Services Analyst, Range C",False,False,,56712,70992,,40732,0,0,3041,43774,12519,0,0,17242,29762,Public Employees Retirement System,https://www.calhr.ca.gov,,08/06/2024,,,True,
2023,State Department,Victim Compensation and Government Claims Board,,"Associate Governmental Program Analyst, Range A",False,False,,68208,85368,,43106,0,0,655,43761,13905,0,0,1676,15581,Public Employees Retirement System,https://www.calhr.ca.gov,,08/06/2024,,,True,
2023,State Department,Victim Compensation and Government Claims Board,,"Office Technician (Typing), Range A",False,False,,43308,54216,,42728,0,0,600,43328,14156,0,0,369,14525,Public Employees Retirement System,https://www.calhr.ca.gov,,08/06/2024,,,True,
2023,State Department,Victim Compensation and Government Claims Board,,"Staff Services Analyst, Range C",False,False,,56712,70992,,43039,0,0,179,43218,14600,0,0,7197,21797,Public Employees Retirement System,https://www.calhr.ca.gov,,08/06/2024,,,True,
2023,State Department,Victim Compensation and Government Claims Board,,"Staff Services Analyst, Range C",False,False,,56712,70992,,38879,998,0,2395,42272,14734,0,0,22767,37501,Public Employees Retirement System,https://www.calhr.ca.gov,,08/06/2024,,,True,
2023,State Department,Victim Compensation and Government Claims Board,,"Office Technician (Typing), Range A",False,False,,43308,54216,,39867,0,0,1920,41787,10722,0,0,17151,27873,Public Employees Retirement System,https://www.calhr.ca.gov,,08/06/2024,,,True,
2023,State Department,Victim Compensation and Government Claims Board,,"Office Technician (Typing), Range A",False,False,,43308,54216,,39336,0,0,2270,41606,13717,0,0,8637,22354,Public Employees Retirement System,https://www.calhr.ca.gov,,08/06/2024,,,True,
2023,State Department,Victim Compensation and Government Claims Board,,"Staff Services Analyst, Range C",False,False,,56712,70992,,38887,0,0,2420,41307,14848,0,0,22767,37615,Public Employees Retirement System,https://www.calhr.ca.gov,,08/06/2024,,,True,
2023,State Department,Victim Compensation and Government Claims Board,,"Office Technician (Typing), Range A",False,False,,43308,54216,,39468,0,0,600,40068,13076,0,0,124,13200,Public Employees Retirement System,https://www.calhr.ca.gov,,08/06/2024,,,True,
2023,State Department,Victim Compensation and Government Claims Board,,"Program Technician, Range A",False,False,,37500,50400,,37398,0,0,2320,39718,13041,0,0,8693,21734,Public Employees Retirement System,https://www.calhr.ca.gov,,08/06/2024,,,True,
2023,State Department,Victim Compensation and Government Claims Board,,"Associate Governmental Program Analyst, Range A",False,False,,68208,85368,,37156,667,0,1880,39703,16978,0,0,22736,39714,Public Employees Retirement System,https://www.calhr.ca.gov,,08/06/2024,,,True,
2023,State Department,Victim Compensation and Government Claims Board,,"Business Service Assistant (Specialist), Range C",False,False,,49188,61560,,31115,0,5844,1820,38779,10727,0,0,5169,15897,Public Employees Retirement System,https://www.calhr.ca.gov,,08/06/2024,,,True,
2023,State Department,Victim Compensation and Government Claims Board,,"Staff Services Analyst, Range A",False,False,,43680,54732,,35535,0,0,2420,37955,12436,0,0,7990,20426,Public Employees Retirement System,https://www.calhr.ca.gov,,08/06/2024,,,True,
2023,State Department,Victim Compensation and Government Claims Board,,"Staff Services Analyst, Range C",False,False,,56712,70992,,36340,258,0,540,37138,11756,0,0,1059,12816,Public Employees Retirement System,https://www.calhr.ca.gov,,08/06/2024,,,True,
2023,State Department,Victim Compensation and Government Claims Board,,"Information Technology Specialist II, Range A",False,False,,97560,130716,,36430,0,0,0,36430,0,0,0,0,0,,https://www.calhr.ca.gov,,08/06/2024,,,True,
2023,State Department,Victim Compensation and Government Claims Board,,"Staff Services Analyst, Range B",False,False,,47292,59196,,33806,0,0,300,34106,10825,0,0,1211,12036,Public Employees Retirement System,https://www.calhr.ca.gov,,08/06/2024,,,True,
2023,State Department,Victim Compensation and Government Claims Board,,"Staff Services Analyst, Range C",False,False,,56712,70992,,31608,0,0,2420,34028,11166,0,0,17567,28733,Public Employees Retirement System,https://www.calhr.ca.gov,,08/06/2024,,,True,
2023,State Department,Victim Compensation and Government Claims Board,,"Office Technician (Typing), Range A",False,False,,43308,54216,,25926,0,4993,2220,33139,9775,0,0,11711,21486,Public Employees Retirement System,https://www.calhr.ca.gov,,08/06/2024,,,True,
2023,State Department,Victim Compensation and Government Claims Board,,"Information Technology Specialist I, Range C",False,False,,88956,119184,,32214,0,0,0,32214,0,0,0,0,0,,https://www.calhr.ca.gov,,08/06/2024,,,True,
2023,State Department,Victim Compensation and Government Claims Board,,Staff Services Manager I,False,False,,81120,100776,,17713,0,13768,410,31891,7827,0,0,5844,13670,Public Employees Retirement System,https://www.calhr.ca.gov,,08/06/2024,,,True,
2023,State Department,Victim Compensation and Government Claims Board,,Staff Services Manager I,False,False,,81120,100776,,31708,0,0,0,31708,0,0,0,0,0,,https://www.calhr.ca.gov,,08/06/2024,,,True,
2023,State Department,Victim Compensation and Government Claims Board,,"Staff Services Analyst, Range C",False,False,,56712,70992,,31045,0,0,0,31045,0,0,0,0,0,,https://www.calhr.ca.gov,,08/06/2024,,,True,
2023,State Department,Victim Compensation and Government Claims Board,,"Staff Services Analyst, Range C",False,False,,56712,70992,,29114,0,0,1390,30504,10365,0,0,9266,19630,Public Employees Retirement System,https://www.calhr.ca.gov,,08/06/2024,,,True,
2023,State Department,Victim Compensation and Government Claims Board,,"Staff Services Analyst, Range C",False,False,,56712,70992,,28578,0,0,860,29438,9414,0,0,757,10170,Public Employees Retirement System,https://www.calhr.ca.gov,,08/06/2024,,,True,
2023,State Department,Victim Compensation and Government Claims Board,,"Associate Governmental Program Analyst, Range A",False,False,,68208,85368,,27103,0,0,0,27103,0,0,0,0,0,,https://www.calhr.ca.gov,,08/06/2024,,,True,
2023,State Department,Victim Compensation and Government Claims Board,,"Staff Services Analyst, Range C",False,False,,56712,70992,,26419,0,0,0,26419,0,0,0,0,0,,https://www.calhr.ca.gov,,08/06/2024,,,True,
2023,State Department,Victim Compensation and Government Claims Board,,"Office Technician (Typing), Range A",False,False,,43308,54216,,23529,126,0,870,24525,8187,0,0,5038,13226,Public Employees Retirement System,https://www.calhr.ca.gov,,08/06/2024,,,True,
2023,State Department,Victim Compensation and Government Claims Board,,"Staff Services Analyst, Range C",False,False,,56712,70992,,23102,0,190,250,23543,7661,0,0,56,7717,Public Employees Retirement System,https://www.calhr.ca.gov,,08/06/2024,,,True,
2023,State Department,Victim Compensation and Government Claims Board,,"Information Technology Associate, Range C",False,False,,67068,89892,,21875,0,0,100,21975,7235,0,0,42,7277,Public Employees Retirement System,https://www.calhr.ca.gov,,08/06/2024,,,True,
2023,State Department,Victim Compensation and Government Claims Board,,"Associate Governmental Program Analyst, Range A",False,False,,68208,85368,,21200,0,0,0,21200,0,0,0,0,0,,https://www.calhr.ca.gov,,08/06/2024,,,True,
2023,State Department,Victim Compensation and Government Claims Board,,"Information Technology Specialist I, Range C",False,False,,88956,119184,,20388,0,0,0,20388,0,0,0,0,0,,https://www.calhr.ca.gov,,08/06/2024,,,True,
2023,State Department,Victim Compensation and Government Claims Board,,"Associate Governmental Program Analyst, Range A",False,False,,68208,85368,,15991,0,2568,930,19489,5474,0,0,2159,7633,Public Employees Retirement System,https://www.calhr.ca.gov,,08/06/2024,,,True,
2023,State Department,Victim Compensation and Government Claims Board,,"Associate Governmental Program Analyst, Range A",False,False,,68208,85368,,17930,0,0,0,17930,0,0,0,0,0,,https://www.calhr.ca.gov,,08/06/2024,,,True,
2023,State Department,Victim Compensation and Government Claims Board,,"Associate Personnel Analyst, Range A",False,False,,68208,85368,,17021,0,0,50,17071,0,0,0,0,0,,https://www.calhr.ca.gov,,08/06/2024,,,True,
2023,State Department,Victim Compensation and Government Claims Board,,"Associate Governmental Program Analyst, Range A",False,False,,68208,85368,,16668,0,0,0,16668,0,0,0,0,0,,https://www.calhr.ca.gov,,08/06/2024,,,True,
2023,State Department,Victim Compensation and Government Claims Board,,"Senior Personnel Specialist, Range A",False,False,,64056,80268,,16657,0,0,0,16657,0,0,0,0,0,,https://www.calhr.ca.gov,,08/06/2024,,,True,
2023,State Department,Victim Compensation and Government Claims Board,,"Information Technology Specialist I, Range B",False,False,,81012,108576,,11311,0,0,100,11411,3731,0,0,11,3743,Public Employees Retirement System,https://www.calhr.ca.gov,,08/06/2024,,,True,
2023,State Department,Victim Compensation and Government Claims Board,,"Staff Services Analyst, Range C",False,False,,56712,70992,,10742,0,0,-149,10592,3745,0,0,4181,7925,Public Employees Retirement System,https://www.calhr.ca.gov,,08/06/2024,,,True,
2023,State Department,Victim Compensation and Government Claims Board,,"Information Technology Specialist I, Range C",False,False,,88956,119184,,10594,0,0,-92,10501,3558,0,0,3579,7138,Public Employees Retirement System,https://www.calhr.ca.gov,,08/06/2024,,,True,
2023,State Department,Victim Compensation and Government Claims Board,,"Student Assistant, Range B",False,False,,38328,42132,,7879,0,0,0,7879,0,0,0,0,0,Part-Time Seasonal and Temporary (PST) Retirement Plan,https://www.calhr.ca.gov,,08/06/2024,,,True,
2023,State Department,Victim Compensation and Government Claims Board,,"Staff Services Analyst, Range C",False,False,,56712,70992,,7639,0,0,0,7639,0,0,0,0,0,,https://www.calhr.ca.gov,,08/06/2024,,,True,
2023,State Department,Victim Compensation and Government Claims Board,,"Office Technician (General), Range A",False,False,,42516,53280,,7118,0,0,0,7118,0,0,0,0,0,,https://www.calhr.ca.gov,,08/06/2024,,,True,
2023,State Department,Victim Compensation and Government Claims Board,,"Staff Services Analyst, Range B",False,False,,47292,59196,,5637,0,0,0,5637,0,0,0,0,0,,https://www.calhr.ca.gov,,08/06/2024,,,True,
2023,State Department,Victim Compensation and Government Claims Board,,"Staff Services Analyst, Range C",False,False,,56712,70992,,3751,0,0,190,3941,1237,0,0,140,1377,Public Employees Retirement System,https://www.calhr.ca.gov,,08/06/2024,,,True,
2023,State Department,Victim Compensation and Government Claims Board,,"Associate Governmental Program Analyst, Range A",False,False,,68208,85368,,3007,0,0,0,3007,992,0,0,0,992,Public Employees Retirement System,https://www.calhr.ca.gov,,08/06/2024,,,True,
2023,State Department,Victim Compensation and Government Claims Board,,"Associate Governmental Program Analyst, Range A",False,False,,68208,85368,,0,0,2604,0,2604,0,0,0,0,0,Public Employees Retirement System,https://www.calhr.ca.gov,,08/06/2024,,,True,
2023,State Department,Victim Compensation and Government Claims Board,,"Information Technology Specialist I, Range C",False,False,,88956,119184,,981,0,0,50,1031,323,0,0,0,323,Public Employees Retirement System,https://www.calhr.ca.gov,,08/06/2024,,,True,
2023,State Department,Victim Compensation and Government Claims Board,,"Member, California Victim Compensation and Government Claimsboard",False,False,,25920,25920,,1000,0,0,0,1000,0,0,0,0,0,,https://www.calhr.ca.gov,,08/06/2024,,,True,
2023,State Department,Victim Compensation and Government Claims Board,,"Information Technology Specialist I, Range C",False,False,,88956,119184,,781,0,0,0,781,0,0,0,0,0,,https://www.calhr.ca.gov,,08/06/2024,,,True,
2023,State Department,Victim Compensation and Government Claims Board,,"Staff Services Analyst, Range C",False,False,,56712,70992,,0,0,726,0,726,0,0,0,0,0,Public Employees Retirement System,https://www.calhr.ca.gov,,08/06/2024,,,True,

