﻿Year,EmployerType,EmployerName,DepartmentOrSubdivision,Position,ElectedOfficial,Judicial,OtherPositions,MinPositionSalary,MaxPositionSalary,ReportedBaseWage,RegularPay,OvertimePay,LumpSumPay,OtherPay,TotalWages,DefinedBenefitPlanContribution,EmployeesRetirementCostCovered,DeferredCompensationPlan,HealthDentalVision,TotalRetirementAndHealthContribution,PensionFormula,EmployerURL,EmployerPopulation,LastUpdatedDate,EmployerCounty,SpecialDistrictActivities,IncludesUnfundedLiability,SpecialDistrictType
2023,State Department,Wildlife Conservation Board,,"C.E.A., Range A",False,False,,117060,241728,,168024,0,0,7187,175211,55715,0,0,1890,57605,Public Employees Retirement System,https://www.calhr.ca.gov,,08/06/2024,,,True,
2023,State Department,Wildlife Conservation Board,,"Attorney IV, Range A",False,False,,139728,179448,,165735,0,0,2258,167993,55301,0,0,8857,64158,Public Employees Retirement System,https://www.calhr.ca.gov,,08/06/2024,,,True,
2023,State Department,Wildlife Conservation Board,,"Executive Director, Wildlife Conservation Board/Department of Fish and Wildlife",False,False,,188952,188952,,101798,0,59645,2170,163613,34532,0,0,15584,50116,Public Employees Retirement System,https://www.calhr.ca.gov,,08/06/2024,,,True,
2023,State Department,Wildlife Conservation Board,,Senior Environmental Scientist (Supervisory),False,False,,123972,154116,,143462,0,0,6355,149817,48479,0,0,23377,71856,Public Employees Retirement System,https://www.calhr.ca.gov,,08/06/2024,,,True,
2023,State Department,Wildlife Conservation Board,,Senior Environmental Scientist (Supervisory),False,False,,123972,154116,,140737,0,0,7356,148093,48036,0,0,23377,71413,Public Employees Retirement System,https://www.calhr.ca.gov,,08/06/2024,,,True,
2023,State Department,Wildlife Conservation Board,,"C.E.A., Range A",False,False,,117060,241728,,131582,0,0,0,131582,44222,0,0,18105,62327,Public Employees Retirement System,https://www.calhr.ca.gov,,08/06/2024,,,True,
2023,State Department,Wildlife Conservation Board,,"Attorney, Range B",False,False,,104496,134076,,115617,0,0,1322,116939,37508,0,0,8170,45678,Public Employees Retirement System,https://www.calhr.ca.gov,,08/06/2024,,,True,
2023,State Department,Wildlife Conservation Board,,"Information Technology Specialist I, Range C",False,False,,88956,119184,,110788,0,0,2420,113208,37492,0,0,9627,47118,Public Employees Retirement System,https://www.calhr.ca.gov,,08/06/2024,,,True,
2023,State Department,Wildlife Conservation Board,,Senior Right of Way Agent,False,False,,98160,121968,,104235,0,0,6517,110752,35016,0,0,9442,44458,Public Employees Retirement System,https://www.calhr.ca.gov,,08/06/2024,,,True,
2023,State Department,Wildlife Conservation Board,,Supervising Right of Way Agent,False,False,,119352,135516,,107196,0,0,1638,108834,37254,0,0,21047,58301,Public Employees Retirement System,https://www.calhr.ca.gov,,08/06/2024,,,True,
2023,State Department,Wildlife Conservation Board,,Senior Environmental Scientist(Specialist),False,False,,88032,109512,,103890,0,0,4812,108702,34646,0,0,8822,43468,Public Employees Retirement System,https://www.calhr.ca.gov,,08/06/2024,,,True,
2023,State Department,Wildlife Conservation Board,,Senior Environmental Scientist(Specialist),False,False,,88032,109512,,107674,0,0,600,108274,34646,0,0,1816,36462,Public Employees Retirement System,https://www.calhr.ca.gov,,08/06/2024,,,True,
2023,State Department,Wildlife Conservation Board,,Senior Right of Way Agent,False,False,,98160,121968,,102206,0,0,6060,108266,35428,0,0,23729,59157,Public Employees Retirement System,https://www.calhr.ca.gov,,08/06/2024,,,True,
2023,State Department,Wildlife Conservation Board,,Senior Environmental Scientist(Specialist),False,False,,88032,109512,,106534,0,0,600,107134,34273,0,0,1816,36089,Public Employees Retirement System,https://www.calhr.ca.gov,,08/06/2024,,,True,
2023,State Department,Wildlife Conservation Board,,Senior Environmental Scientist(Specialist),False,False,,88032,109512,,105109,0,0,600,105709,35044,0,0,8822,43866,Public Employees Retirement System,https://www.calhr.ca.gov,,08/06/2024,,,True,
2023,State Department,Wildlife Conservation Board,,Senior Environmental Scientist(Specialist),False,False,,88032,109512,,104824,0,0,600,105424,34646,0,0,1816,36462,Public Employees Retirement System,https://www.calhr.ca.gov,,08/06/2024,,,True,
2023,State Department,Wildlife Conservation Board,,Senior Environmental Scientist(Specialist),False,False,,88032,109512,,104387,0,0,600,104987,34646,0,0,8861,43507,Public Employees Retirement System,https://www.calhr.ca.gov,,08/06/2024,,,True,
2023,State Department,Wildlife Conservation Board,,Senior Right of Way Agent,False,False,,98160,121968,,102367,0,0,2210,104577,35614,0,0,23377,58991,Public Employees Retirement System,https://www.calhr.ca.gov,,08/06/2024,,,True,
2023,State Department,Wildlife Conservation Board,,Supervising Right of Way Agent,False,False,,119352,135516,,99949,0,0,1965,101914,36156,0,0,18217,54373,Public Employees Retirement System,https://www.calhr.ca.gov,,08/06/2024,,,True,
2023,State Department,Wildlife Conservation Board,,Senior Environmental Scientist(Specialist),False,False,,88032,109512,,100413,0,0,612,101025,34646,0,0,22698,57344,Public Employees Retirement System,https://www.calhr.ca.gov,,08/06/2024,,,True,
2023,State Department,Wildlife Conservation Board,,Senior Environmental Scientist(Specialist),False,False,,88032,109512,,98101,0,0,600,98701,33652,0,0,22074,55726,Public Employees Retirement System,https://www.calhr.ca.gov,,08/06/2024,,,True,
2023,State Department,Wildlife Conservation Board,,Staff Services Manager I,False,False,,81120,100776,,97538,0,0,600,98138,31700,0,0,1996,33695,Public Employees Retirement System,https://www.calhr.ca.gov,,08/06/2024,,,True,
2023,State Department,Wildlife Conservation Board,,Senior Right of Way Agent,False,False,,98160,121968,,92226,0,0,1970,94196,31830,0,0,9397,41227,Public Employees Retirement System,https://www.calhr.ca.gov,,08/06/2024,,,True,
2023,State Department,Wildlife Conservation Board,,Senior Right of Way Agent,False,False,,98160,121968,,91634,0,0,496,92130,30538,0,0,6163,36700,Public Employees Retirement System,https://www.calhr.ca.gov,,08/06/2024,,,True,
2023,State Department,Wildlife Conservation Board,,Senior Right of Way Agent,False,False,,98160,121968,,87274,0,0,2382,89657,28832,0,0,21314,50146,Public Employees Retirement System,https://www.calhr.ca.gov,,08/06/2024,,,True,
2023,State Department,Wildlife Conservation Board,,"Attorney IV, Range A",False,False,,139728,179448,,89530,0,0,0,89530,0,0,0,0,0,,https://www.calhr.ca.gov,,08/06/2024,,,True,
2023,State Department,Wildlife Conservation Board,,Senior Right of Way Agent,False,False,,98160,121968,,88244,0,0,1263,89508,29504,0,0,7827,37332,Public Employees Retirement System,https://www.calhr.ca.gov,,08/06/2024,,,True,
2023,State Department,Wildlife Conservation Board,,Senior Environmental Scientist(Specialist),False,False,,88032,109512,,80696,0,0,300,80996,26976,0,0,8637,35613,Public Employees Retirement System,https://www.calhr.ca.gov,,08/06/2024,,,True,
2023,State Department,Wildlife Conservation Board,,"Associate Governmental Program Analyst, Range A",False,False,,68208,85368,,74335,0,0,5168,79503,25358,0,0,8822,34180,Public Employees Retirement System,https://www.calhr.ca.gov,,08/06/2024,,,True,
2023,State Department,Wildlife Conservation Board,,"Associate Governmental Program Analyst, Range A",False,False,,68208,85368,,76784,0,0,2105,78889,26965,0,0,19277,46242,Public Employees Retirement System,https://www.calhr.ca.gov,,08/06/2024,,,True,
2023,State Department,Wildlife Conservation Board,,"Associate Governmental Program Analyst, Range A",False,False,,68208,85368,,75334,0,0,2420,77754,26854,0,0,22698,49553,Public Employees Retirement System,https://www.calhr.ca.gov,,08/06/2024,,,True,
2023,State Department,Wildlife Conservation Board,,"Associate Governmental Program Analyst, Range A",False,False,,68208,85368,,74265,0,0,2270,76535,26854,0,0,22767,49621,Public Employees Retirement System,https://www.calhr.ca.gov,,08/06/2024,,,True,
2023,State Department,Wildlife Conservation Board,,"Associate Governmental Program Analyst, Range A",False,False,,68208,85368,,64279,0,0,1820,66099,21997,0,0,8861,30859,Public Employees Retirement System,https://www.calhr.ca.gov,,08/06/2024,,,True,
2023,State Department,Wildlife Conservation Board,,"Associate Governmental Program Analyst, Range A",False,False,,68208,85368,,63241,0,0,2420,65661,22262,0,0,17922,40185,Public Employees Retirement System,https://www.calhr.ca.gov,,08/06/2024,,,True,
2023,State Department,Wildlife Conservation Board,,"Administrative Assistant I, Range A",False,False,,56712,70992,,62604,0,0,2870,65474,21956,0,0,15233,37189,Public Employees Retirement System,https://www.calhr.ca.gov,,08/06/2024,,,True,
2023,State Department,Wildlife Conservation Board,,Senior Environmental Scientist(Specialist),False,False,,88032,109512,,57099,0,0,490,57589,18435,0,0,919,19354,Public Employees Retirement System,https://www.calhr.ca.gov,,08/06/2024,,,True,
2023,State Department,Wildlife Conservation Board,,"Associate Governmental Program Analyst, Range A",False,False,,68208,85368,,48528,0,0,440,48968,15940,0,0,922,16862,Public Employees Retirement System,https://www.calhr.ca.gov,,08/06/2024,,,True,
2023,State Department,Wildlife Conservation Board,,"Information Officer I (Specialist), Range A",False,False,,68208,85368,,48184,0,0,573,48756,16645,0,0,11359,28004,Public Employees Retirement System,https://www.calhr.ca.gov,,08/06/2024,,,True,
2023,State Department,Wildlife Conservation Board,,"Environmental Scientist, Range A",False,False,,49740,61584,,44791,257,0,1125,46173,15227,0,0,8404,23631,Public Employees Retirement System,https://www.calhr.ca.gov,,08/06/2024,,,True,
2023,State Department,Wildlife Conservation Board,,"Staff Services Analyst, Range B",False,False,,47292,59196,,41755,0,0,2823,44578,14599,0,0,22018,36617,Public Employees Retirement System,https://www.calhr.ca.gov,,08/06/2024,,,True,
2023,State Department,Wildlife Conservation Board,,"Office Technician (Typing), Range A",False,False,,43308,54216,,39305,0,0,2020,41325,13663,0,0,8637,22300,Public Employees Retirement System,https://www.calhr.ca.gov,,08/06/2024,,,True,
2023,State Department,Wildlife Conservation Board,,"Environmental Scientist, Range A",False,False,,49740,61584,,29798,0,0,-164,29635,10115,0,0,5747,15861,Public Employees Retirement System,https://www.calhr.ca.gov,,08/06/2024,,,True,
2023,State Department,Wildlife Conservation Board,,Senior Environmental Scientist(Specialist),False,False,,88032,109512,,15742,0,0,0,15742,0,0,0,0,0,,https://www.calhr.ca.gov,,08/06/2024,,,True,
2023,State Department,Wildlife Conservation Board,,Senior Land Agent (Specialist),False,False,,84360,105588,,0,0,450,0,450,0,0,0,0,0,Public Employees Retirement System,https://www.calhr.ca.gov,,08/06/2024,,,True,
2023,State Department,Wildlife Conservation Board,,"Associate Governmental Program Analyst, Range A",False,False,,68208,85368,,0,0,145,0,145,0,0,0,0,0,Public Employees Retirement System,https://www.calhr.ca.gov,,08/06/2024,,,True,

