﻿Year,EmployerType,EmployerName,DepartmentOrSubdivision,Position,ElectedOfficial,Judicial,OtherPositions,MinPositionSalary,MaxPositionSalary,ReportedBaseWage,RegularPay,OvertimePay,LumpSumPay,OtherPay,TotalWages,DefinedBenefitPlanContribution,EmployeesRetirementCostCovered,DeferredCompensationPlan,HealthDentalVision,TotalRetirementAndHealthContribution,PensionFormula,EmployerURL,EmployerPopulation,LastUpdatedDate,EmployerCounty,SpecialDistrictActivities,IncludesUnfundedLiability,SpecialDistrictType
2023,State Department,Governor's Office of Business & Economic Development,,"Director, Go-Biz",False,False,,220764,220764,,204478,0,0,1842,206320,0,0,0,23377,23377,,https://www.calhr.ca.gov,,08/06/2024,,,True,
2023,State Department,Governor's Office of Business & Economic Development,,"Director, Office of Small Business Advocate",False,False,,181656,202368,,189516,0,0,6733,196249,46733,0,0,18217,64950,Public Employees Retirement System,https://www.calhr.ca.gov,,08/06/2024,,,True,
2023,State Department,Governor's Office of Business & Economic Development,,"Executive Director, California Infrastructure and Economic Development Bank",False,False,,181656,202368,,193656,0,0,2420,196076,46733,0,0,18217,64950,Public Employees Retirement System,https://www.calhr.ca.gov,,08/06/2024,,,True,
2023,State Department,Governor's Office of Business & Economic Development,,"Director, California Film Commission",False,False,,181656,202368,,190911,0,0,300,191211,0,0,0,136,136,,https://www.calhr.ca.gov,,08/06/2024,,,True,
2023,State Department,Governor's Office of Business & Economic Development,,"Sr Deputy Dir, Strtgc Prgrm Planning and External Affairs",False,False,,155760,173484,,148533,0,18436,11052,178021,54008,0,0,25325,79333,Public Employees Retirement System,https://www.calhr.ca.gov,,08/06/2024,,,True,
2023,State Department,Governor's Office of Business & Economic Development,,"C.E.A., Range C",False,False,,117060,241728,,168401,0,0,8128,176529,46733,0,0,23377,70110,Public Employees Retirement System,https://www.calhr.ca.gov,,08/06/2024,,,True,
2023,State Department,Governor's Office of Business & Economic Development,,"Deputy Director, Legal Affairs",False,False,,150348,171660,,162967,0,0,8821,171788,53919,0,0,9397,63315,Public Employees Retirement System,https://www.calhr.ca.gov,,08/06/2024,,,True,
2023,State Department,Governor's Office of Business & Economic Development,,Chief Deputy Executive Director,False,False,,162888,181428,,162566,0,0,9141,171707,56617,0,0,23377,79994,Public Employees Retirement System,https://www.calhr.ca.gov,,08/06/2024,,,True,
2023,State Department,Governor's Office of Business & Economic Development,,"Chief Deputy Director, Governor's Office of Business and Economic Development",False,False,,162888,181428,,158153,0,0,12270,170423,56617,0,0,22847,79464,Public Employees Retirement System,https://www.calhr.ca.gov,,08/06/2024,,,True,
2023,State Department,Governor's Office of Business & Economic Development,,"Deputy Director,Tax Credit Program, California Film Commission",False,False,,127500,142008,,143578,0,24020,2443,170041,48457,0,0,19844,68300,Public Employees Retirement System,https://www.calhr.ca.gov,,08/06/2024,,,True,
2023,State Department,Governor's Office of Business & Economic Development,,"Attorney IV, Range A",False,False,,139728,179448,,162102,0,0,350,162452,50931,0,0,8857,59788,Public Employees Retirement System,https://www.calhr.ca.gov,,08/06/2024,,,True,
2023,State Department,Governor's Office of Business & Economic Development,,"C.E.A., Range B",False,False,,117060,241728,,150215,0,0,8525,158740,51423,0,0,23377,74800,Public Employees Retirement System,https://www.calhr.ca.gov,,08/06/2024,,,True,
2023,State Department,Governor's Office of Business & Economic Development,,"C.E.A., Range B",False,False,,117060,241728,,155391,0,0,600,155991,46733,0,0,1890,48624,Public Employees Retirement System,https://www.calhr.ca.gov,,08/06/2024,,,True,
2023,State Department,Governor's Office of Business & Economic Development,,Information Technology Manager II,False,False,,128808,156576,,146554,0,0,8267,154821,49253,0,0,9397,58650,Public Employees Retirement System,https://www.calhr.ca.gov,,08/06/2024,,,True,
2023,State Department,Governor's Office of Business & Economic Development,,Senior Advisor for Clean Infrastructure and Mobility,False,False,,151968,169260,,146314,0,0,8305,154619,46453,0,0,23377,69830,Public Employees Retirement System,https://www.calhr.ca.gov,,08/06/2024,,,True,
2023,State Department,Governor's Office of Business & Economic Development,,"C.E.A., Range B",False,False,,117060,241728,,153707,0,0,-88,153619,51038,0,0,9828,60866,Public Employees Retirement System,https://www.calhr.ca.gov,,08/06/2024,,,True,
2023,State Department,Governor's Office of Business & Economic Development,,Deputy Director of CA Competes Tax Credit Program,False,False,,143340,159696,,143301,0,0,8097,151398,47822,0,0,23377,71199,Public Employees Retirement System,https://www.calhr.ca.gov,,08/06/2024,,,True,
2023,State Department,Governor's Office of Business & Economic Development,,"Deputy Director, Energy and Climate",False,False,,139836,155796,,140074,0,0,7998,148072,46983,0,0,18217,65200,Public Employees Retirement System,https://www.calhr.ca.gov,,08/06/2024,,,True,
2023,State Department,Governor's Office of Business & Economic Development,,Senior Advisor for Business Development and International Trade,False,False,,133608,148920,,141539,0,0,2420,143959,44334,0,0,9397,53731,Public Employees Retirement System,https://www.calhr.ca.gov,,08/06/2024,,,True,
2023,State Department,Governor's Office of Business & Economic Development,,"Attorney III, Range A",False,False,,126432,162312,,140719,0,0,328,141047,47396,0,0,22693,70089,Public Employees Retirement System,https://www.calhr.ca.gov,,08/06/2024,,,True,
2023,State Department,Governor's Office of Business & Economic Development,,Information Technology Manager I,False,False,,106188,142284,,131460,0,0,7764,139224,44758,0,0,18217,62975,Public Employees Retirement System,https://www.calhr.ca.gov,,08/06/2024,,,True,
2023,State Department,Governor's Office of Business & Economic Development,,"Deputy Director, International Affairs and Trade",False,False,,133608,148920,,135287,0,0,2120,137407,44858,0,0,9397,54254,Public Employees Retirement System,https://www.calhr.ca.gov,,08/06/2024,,,True,
2023,State Department,Governor's Office of Business & Economic Development,,Deputy Director of Legislative and Inter-Governmental Affair,False,False,,127500,142008,,136690,0,0,600,137290,0,0,0,136,136,,https://www.calhr.ca.gov,,08/06/2024,,,True,
2023,State Department,Governor's Office of Business & Economic Development,,"C.E.A., Range A",False,False,,117060,241728,,129390,0,0,7710,137100,44568,0,0,23377,67945,Public Employees Retirement System,https://www.calhr.ca.gov,,08/06/2024,,,True,
2023,State Department,Governor's Office of Business & Economic Development,,"C.E.A., Range A",False,False,,117060,241728,,127126,0,0,7484,134610,42659,0,0,9397,52056,Public Employees Retirement System,https://www.calhr.ca.gov,,08/06/2024,,,True,
2023,State Department,Governor's Office of Business & Economic Development,,"Deputy Director, Office of Small Business Advocate",False,False,,147132,163944,,132695,0,0,1594,134289,44871,0,0,21328,66199,Public Employees Retirement System,https://www.calhr.ca.gov,,08/06/2024,,,True,
2023,State Department,Governor's Office of Business & Economic Development,,"Information Technology Specialist II, Range A",False,False,,97560,130716,,124109,0,0,5482,129591,41119,0,0,136,41255,Public Employees Retirement System,https://www.calhr.ca.gov,,08/06/2024,,,True,
2023,State Department,Governor's Office of Business & Economic Development,,"Information Technology Specialist II, Range A",False,False,,97560,130716,,122011,0,0,7252,129263,41119,0,0,8861,49980,Public Employees Retirement System,https://www.calhr.ca.gov,,08/06/2024,,,True,
2023,State Department,Governor's Office of Business & Economic Development,,"Deputy Director, Sustainable Freight and Supply Chain Development",False,False,,121596,135456,,127104,0,0,1820,128924,42029,0,0,9397,51426,Public Employees Retirement System,https://www.calhr.ca.gov,,08/06/2024,,,True,
2023,State Department,Governor's Office of Business & Economic Development,,"Deputy Director, Zero Emission Vehicle Market Development",False,False,,133608,148920,,126249,0,0,2420,128669,44670,0,0,23377,68047,Public Employees Retirement System,https://www.calhr.ca.gov,,08/06/2024,,,True,
2023,State Department,Governor's Office of Business & Economic Development,,Deputy Director of Venture Capital,False,False,,158928,177012,,126578,0,0,1334,127912,42129,0,0,13564,55693,Public Employees Retirement System,https://www.calhr.ca.gov,,08/06/2024,,,True,
2023,State Department,Governor's Office of Business & Economic Development,,"Information Technology Specialist II, Range A",False,False,,97560,130716,,118528,0,0,7325,125853,41119,0,0,22698,63817,Public Employees Retirement System,https://www.calhr.ca.gov,,08/06/2024,,,True,
2023,State Department,Governor's Office of Business & Economic Development,,"Information Technology Specialist II, Range A",False,False,,97560,130716,,118528,0,0,7302,125830,41119,0,0,22698,63817,Public Employees Retirement System,https://www.calhr.ca.gov,,08/06/2024,,,True,
2023,State Department,Governor's Office of Business & Economic Development,,"Information Technology Specialist II, Range A",False,False,,97560,130716,,117903,0,0,7385,125288,40830,0,0,21962,62792,Public Employees Retirement System,https://www.calhr.ca.gov,,08/06/2024,,,True,
2023,State Department,Governor's Office of Business & Economic Development,,Staff Services Manager III,False,False,,108264,122916,,115194,0,0,6710,121904,38666,0,0,9397,48062,Public Employees Retirement System,https://www.calhr.ca.gov,,08/06/2024,,,True,
2023,State Department,Governor's Office of Business & Economic Development,,"Information Technology Specialist II, Range A",False,False,,97560,130716,,118201,0,0,2420,120621,41119,0,0,22698,63817,Public Employees Retirement System,https://www.calhr.ca.gov,,08/06/2024,,,True,
2023,State Department,Governor's Office of Business & Economic Development,,"Assistant Deputy Director, Office of Small Business Advocate",False,False,,118980,132516,,116266,0,0,4128,120394,38647,0,0,9397,48043,Public Employees Retirement System,https://www.calhr.ca.gov,,08/06/2024,,,True,
2023,State Department,Governor's Office of Business & Economic Development,,"Assistant Deputy Director, Business Investment Services",False,False,,110520,123108,,114748,0,0,1820,116568,38725,0,0,23377,62102,Public Employees Retirement System,https://www.calhr.ca.gov,,08/06/2024,,,True,
2023,State Department,Governor's Office of Business & Economic Development,,"Information Technology Specialist I, Range C",False,False,,88956,119184,,103442,0,0,12531,115973,35830,0,0,19955,55785,Public Employees Retirement System,https://www.calhr.ca.gov,,08/06/2024,,,True,
2023,State Department,Governor's Office of Business & Economic Development,,"Assistant Deputy Director, Regional Economic Engagement and Northern California Regional Advis Or",False,False,,115512,128652,,109152,0,0,2420,111572,37491,0,0,23377,60868,Public Employees Retirement System,https://www.calhr.ca.gov,,08/06/2024,,,True,
2023,State Department,Governor's Office of Business & Economic Development,,"Deputy Director, Communications",False,False,,133548,148920,,108993,0,0,2420,111413,0,0,0,23377,23377,,https://www.calhr.ca.gov,,08/06/2024,,,True,
2023,State Department,Governor's Office of Business & Economic Development,,Senior Permit Specialist,False,False,,105444,117492,,105754,0,0,2420,108174,35233,0,0,9397,44630,Public Employees Retirement System,https://www.calhr.ca.gov,,08/06/2024,,,True,
2023,State Department,Governor's Office of Business & Economic Development,,"Attorney III, Range A",False,False,,126432,162312,,96251,0,0,10580,106831,31923,0,0,9874,41797,Public Employees Retirement System,https://www.calhr.ca.gov,,08/06/2024,,,True,
2023,State Department,Governor's Office of Business & Economic Development,,Staff Services Manager II (Supervisory),False,False,,89040,110628,,100241,0,0,6551,106792,34176,0,0,18217,52393,Public Employees Retirement System,https://www.calhr.ca.gov,,08/06/2024,,,True,
2023,State Department,Governor's Office of Business & Economic Development,,Staff Services Manager II (Supervisory),False,False,,89040,110628,,99539,0,0,6651,106190,34674,0,0,23377,58051,Public Employees Retirement System,https://www.calhr.ca.gov,,08/06/2024,,,True,
2023,State Department,Governor's Office of Business & Economic Development,,Senior Loan Officer (Supervisor),False,False,,89040,110628,,99587,0,0,6551,106138,34798,0,0,23377,58175,Public Employees Retirement System,https://www.calhr.ca.gov,,08/06/2024,,,True,
2023,State Department,Governor's Office of Business & Economic Development,,Senior Loan Officer (Supervisor),False,False,,89040,110628,,99111,0,0,6474,105586,34208,0,0,18217,52424,Public Employees Retirement System,https://www.calhr.ca.gov,,08/06/2024,,,True,
2023,State Department,Governor's Office of Business & Economic Development,,Staff Services Manager II (Supervisory),False,False,,89040,110628,,103050,0,0,2120,105170,34674,0,0,9397,44071,Public Employees Retirement System,https://www.calhr.ca.gov,,08/06/2024,,,True,
2023,State Department,Governor's Office of Business & Economic Development,,Staff Services Manager II (Supervisory),False,False,,89040,110628,,102585,0,0,2420,105005,34798,0,0,23377,58175,Public Employees Retirement System,https://www.calhr.ca.gov,,08/06/2024,,,True,
2023,State Department,Governor's Office of Business & Economic Development,,"Assistant Deputy Director, Zero Emission Vehicle Market Development",False,False,,110520,123108,,101268,0,0,2420,103688,33686,0,0,9397,43083,Public Employees Retirement System,https://www.calhr.ca.gov,,08/06/2024,,,True,
2023,State Department,Governor's Office of Business & Economic Development,,Senior Loan Officer (Supervisor),False,False,,89040,110628,,101196,0,0,2120,103316,34798,0,0,18217,53015,Public Employees Retirement System,https://www.calhr.ca.gov,,08/06/2024,,,True,
2023,State Department,Governor's Office of Business & Economic Development,,Staff Services Manager II (Supervisory),False,False,,89040,110628,,95712,0,0,6437,102150,32850,0,0,18217,51066,Public Employees Retirement System,https://www.calhr.ca.gov,,08/06/2024,,,True,
2023,State Department,Governor's Office of Business & Economic Development,,Financial Accountant II,False,False,,97932,121692,,98771,0,0,3170,101941,34265,0,0,23377,57642,Public Employees Retirement System,https://www.calhr.ca.gov,,08/06/2024,,,True,
2023,State Department,Governor's Office of Business & Economic Development,,Staff Services Manager I,False,False,,81120,100776,,96684,0,0,4363,101047,31700,0,0,666,32365,Public Employees Retirement System,https://www.calhr.ca.gov,,08/06/2024,,,True,
2023,State Department,Governor's Office of Business & Economic Development,,Staff Services Manager II (Supervisory),False,False,,89040,110628,,81708,14558,0,4127,100393,28001,0,0,9129,37130,Public Employees Retirement System,https://www.calhr.ca.gov,,08/06/2024,,,True,
2023,State Department,Governor's Office of Business & Economic Development,,"Information Technology Specialist I, Range C",False,False,,88956,119184,,97350,0,0,2420,99770,33611,0,0,17567,51178,Public Employees Retirement System,https://www.calhr.ca.gov,,08/06/2024,,,True,
2023,State Department,Governor's Office of Business & Economic Development,,Staff Loan Officer (Specialist),False,False,,78684,98472,,95173,0,0,4277,99450,30976,0,0,1816,32792,Public Employees Retirement System,https://www.calhr.ca.gov,,08/06/2024,,,True,
2023,State Department,Governor's Office of Business & Economic Development,,Staff Services Manager II (Supervisory),False,False,,89040,110628,,96970,0,0,2473,99443,32295,0,0,9397,41691,Public Employees Retirement System,https://www.calhr.ca.gov,,08/06/2024,,,True,
2023,State Department,Governor's Office of Business & Economic Development,,Staff Services Manager I,False,False,,81120,100776,,93686,859,0,4500,99045,31871,0,0,9174,41045,Public Employees Retirement System,https://www.calhr.ca.gov,,08/06/2024,,,True,
2023,State Department,Governor's Office of Business & Economic Development,,Staff Services Manager II (Supervisory),False,False,,89040,110628,,94794,0,0,2350,97144,30888,0,0,2253,33142,Public Employees Retirement System,https://www.calhr.ca.gov,,08/06/2024,,,True,
2023,State Department,Governor's Office of Business & Economic Development,,"Information Technology Specialist I, Range C",False,False,,88956,119184,,94663,0,0,2420,97083,32014,0,0,8637,40651,Public Employees Retirement System,https://www.calhr.ca.gov,,08/06/2024,,,True,
2023,State Department,Governor's Office of Business & Economic Development,,Staff Services Manager I,False,False,,81120,100776,,94230,0,0,2420,96650,31247,0,0,9397,40644,Public Employees Retirement System,https://www.calhr.ca.gov,,08/06/2024,,,True,
2023,State Department,Governor's Office of Business & Economic Development,,Staff Services Manager I,False,False,,81120,100776,,94132,0,0,2420,96552,31390,0,0,9397,40786,Public Employees Retirement System,https://www.calhr.ca.gov,,08/06/2024,,,True,
2023,State Department,Governor's Office of Business & Economic Development,,Staff Services Manager II (Supervisory),False,False,,89040,110628,,94263,0,0,2220,96483,31620,0,0,9397,41017,Public Employees Retirement System,https://www.calhr.ca.gov,,08/06/2024,,,True,
2023,State Department,Governor's Office of Business & Economic Development,,Staff Services Manager I,False,False,,81120,100776,,95646,0,0,300,95946,31072,0,0,1996,33068,Public Employees Retirement System,https://www.calhr.ca.gov,,08/06/2024,,,True,
2023,State Department,Governor's Office of Business & Economic Development,,Staff Services Manager I,False,False,,81120,100776,,93051,0,0,2443,95494,31700,0,0,18217,49916,Public Employees Retirement System,https://www.calhr.ca.gov,,08/06/2024,,,True,
2023,State Department,Governor's Office of Business & Economic Development,,Staff Loan Officer (Specialist),False,False,,78684,98472,,91326,0,0,2420,93746,30976,0,0,8710,39686,Public Employees Retirement System,https://www.calhr.ca.gov,,08/06/2024,,,True,
2023,State Department,Governor's Office of Business & Economic Development,,Staff Services Manager II (Supervisory),False,False,,89040,110628,,89666,0,0,2420,92086,30239,0,0,9397,39636,Public Employees Retirement System,https://www.calhr.ca.gov,,08/06/2024,,,True,
2023,State Department,Governor's Office of Business & Economic Development,,"Information Technology Specialist II, Range A",False,False,,97560,130716,,89571,0,0,2420,91991,31633,0,0,22698,54331,Public Employees Retirement System,https://www.calhr.ca.gov,,08/06/2024,,,True,
2023,State Department,Governor's Office of Business & Economic Development,,Staff Services Manager II (Supervisory),False,False,,89040,110628,,89159,0,0,2420,91579,32850,0,0,23377,56226,Public Employees Retirement System,https://www.calhr.ca.gov,,08/06/2024,,,True,
2023,State Department,Governor's Office of Business & Economic Development,,Staff Services Manager II (Supervisory),False,False,,89040,110628,,84771,0,0,6036,90808,29537,0,0,9397,38934,Public Employees Retirement System,https://www.calhr.ca.gov,,08/06/2024,,,True,
2023,State Department,Governor's Office of Business & Economic Development,,Staff Services Manager I,False,False,,81120,100776,,86663,0,0,3413,90076,28414,0,0,136,28550,Public Employees Retirement System,https://www.calhr.ca.gov,,08/06/2024,,,True,
2023,State Department,Governor's Office of Business & Economic Development,,Staff Services Manager I,False,False,,81120,100776,,84158,0,0,5833,89991,29118,0,0,23377,52495,Public Employees Retirement System,https://www.calhr.ca.gov,,08/06/2024,,,True,
2023,State Department,Governor's Office of Business & Economic Development,,Staff Services Manager I,False,False,,81120,100776,,83764,0,0,5935,89700,29146,0,0,23377,52522,Public Employees Retirement System,https://www.calhr.ca.gov,,08/06/2024,,,True,
2023,State Department,Governor's Office of Business & Economic Development,,Staff Services Manager I,False,False,,81120,100776,,86042,0,0,2420,88462,28375,0,0,9397,37772,Public Employees Retirement System,https://www.calhr.ca.gov,,08/06/2024,,,True,
2023,State Department,Governor's Office of Business & Economic Development,,Executive Project Manager,False,False,,89328,95892,,85206,0,0,2420,87626,28099,0,0,9397,37496,Public Employees Retirement System,https://www.calhr.ca.gov,,08/06/2024,,,True,
2023,State Department,Governor's Office of Business & Economic Development,,Staff Services Manager I,False,False,,81120,100776,,80996,0,0,5152,86148,27057,0,0,9397,36454,Public Employees Retirement System,https://www.calhr.ca.gov,,08/06/2024,,,True,
2023,State Department,Governor's Office of Business & Economic Development,,Staff Services Manager I,False,False,,81120,100776,,80496,0,1479,2649,84624,24031,0,0,8638,32668,Public Employees Retirement System,https://www.calhr.ca.gov,,08/06/2024,,,True,
2023,State Department,Governor's Office of Business & Economic Development,,Staff Loan Officer (Specialist),False,False,,78684,98472,,77865,0,0,5935,83800,27651,0,0,22698,50349,Public Employees Retirement System,https://www.calhr.ca.gov,,08/06/2024,,,True,
2023,State Department,Governor's Office of Business & Economic Development,,Staff Services Manager I,False,False,,81120,100776,,80591,0,0,2443,83034,26478,0,0,9397,35875,Public Employees Retirement System,https://www.calhr.ca.gov,,08/06/2024,,,True,
2023,State Department,Governor's Office of Business & Economic Development,,"Associate Governmental Program Analyst, Range A",False,False,,68208,85368,,80501,0,0,2370,82871,26854,0,0,8861,35716,Public Employees Retirement System,https://www.calhr.ca.gov,,08/06/2024,,,True,
2023,State Department,Governor's Office of Business & Economic Development,,Staff Services Manager I,False,False,,81120,100776,,80237,0,0,2420,82657,26583,0,0,9397,35979,Public Employees Retirement System,https://www.calhr.ca.gov,,08/06/2024,,,True,
2023,State Department,Governor's Office of Business & Economic Development,,"Personnel Specialist, Range D",False,False,,58632,73392,,76334,674,0,5608,82616,26029,0,0,8861,34891,Public Employees Retirement System,https://www.calhr.ca.gov,,08/06/2024,,,True,
2023,State Department,Governor's Office of Business & Economic Development,,Staff Services Manager I,False,False,,81120,100776,,80695,0,0,1820,82515,28023,0,0,23377,51400,Public Employees Retirement System,https://www.calhr.ca.gov,,08/06/2024,,,True,
2023,State Department,Governor's Office of Business & Economic Development,,"Associate Personnel Analyst, Range A",False,False,,68208,85368,,81854,0,0,600,82454,26854,0,0,2895,29749,Public Employees Retirement System,https://www.calhr.ca.gov,,08/06/2024,,,True,
2023,State Department,Governor's Office of Business & Economic Development,,Staff Services Manager I,False,False,,81120,100776,,81596,0,0,300,81896,26753,0,0,136,26889,Public Employees Retirement System,https://www.calhr.ca.gov,,08/06/2024,,,True,
2023,State Department,Governor's Office of Business & Economic Development,,Staff Services Manager I,False,False,,81120,100776,,79670,0,0,1820,81490,26058,0,0,9397,35455,Public Employees Retirement System,https://www.calhr.ca.gov,,08/06/2024,,,True,
2023,State Department,Governor's Office of Business & Economic Development,,"Associate Governmental Program Analyst, Range A",False,False,,68208,85368,,79032,0,0,2400,81432,26854,0,0,17567,44421,Public Employees Retirement System,https://www.calhr.ca.gov,,08/06/2024,,,True,
2023,State Department,Governor's Office of Business & Economic Development,,"Associate Governmental Program Analyst, Range A",False,False,,68208,85368,,78949,0,0,2420,81369,26854,0,0,8822,35676,Public Employees Retirement System,https://www.calhr.ca.gov,,08/06/2024,,,True,
2023,State Department,Governor's Office of Business & Economic Development,,Staff Services Manager I,False,False,,81120,100776,,78212,0,0,2420,80632,27534,0,0,23072,50606,Public Employees Retirement System,https://www.calhr.ca.gov,,08/06/2024,,,True,
2023,State Department,Governor's Office of Business & Economic Development,,Staff Services Manager I,False,False,,81120,100776,,78487,0,0,1820,80307,27518,0,0,23377,50895,Public Employees Retirement System,https://www.calhr.ca.gov,,08/06/2024,,,True,
2023,State Department,Governor's Office of Business & Economic Development,,Staff Services Manager I,False,False,,81120,100776,,77750,0,0,2420,80170,25568,0,0,9397,34965,Public Employees Retirement System,https://www.calhr.ca.gov,,08/06/2024,,,True,
2023,State Department,Governor's Office of Business & Economic Development,,Staff Services Manager I,False,False,,81120,100776,,74884,0,0,5041,79925,25733,0,0,9397,35130,Public Employees Retirement System,https://www.calhr.ca.gov,,08/06/2024,,,True,
2023,State Department,Governor's Office of Business & Economic Development,,Staff Services Manager I,False,False,,81120,100776,,77703,0,0,1779,79481,25517,0,0,9396,34913,Public Employees Retirement System,https://www.calhr.ca.gov,,08/06/2024,,,True,
2023,State Department,Governor's Office of Business & Economic Development,,"Associate Governmental Program Analyst, Range A",False,False,,68208,85368,,76184,0,0,2846,79030,24833,0,0,2895,27728,Public Employees Retirement System,https://www.calhr.ca.gov,,08/06/2024,,,True,
2023,State Department,Governor's Office of Business & Economic Development,,Motion Picture Production Analyst,False,False,,68208,85368,,78387,0,0,600,78987,25971,0,0,136,26107,Public Employees Retirement System,https://www.calhr.ca.gov,,08/06/2024,,,True,
2023,State Department,Governor's Office of Business & Economic Development,,"Associate Governmental Program Analyst, Range A",False,False,,68208,85368,,74016,4059,0,600,78674,23965,0,0,1816,25781,Public Employees Retirement System,https://www.calhr.ca.gov,,08/06/2024,,,True,
2023,State Department,Governor's Office of Business & Economic Development,,"Associate Governmental Program Analyst, Range A",False,False,,68208,85368,,75465,0,0,2420,77885,26854,0,0,22767,49621,Public Employees Retirement System,https://www.calhr.ca.gov,,08/06/2024,,,True,
2023,State Department,Governor's Office of Business & Economic Development,,Staff Services Manager I,False,False,,81120,100776,,77137,0,0,0,77137,25872,0,0,6253,32125,Public Employees Retirement System,https://www.calhr.ca.gov,,08/06/2024,,,True,
2023,State Department,Governor's Office of Business & Economic Development,,Staff Services Manager I,False,False,,81120,100776,,74578,0,0,2420,76998,26058,0,0,18217,44275,Public Employees Retirement System,https://www.calhr.ca.gov,,08/06/2024,,,True,
2023,State Department,Governor's Office of Business & Economic Development,,Staff Services Manager I,False,False,,81120,100776,,74693,0,0,2295,76988,25950,0,0,18217,44167,Public Employees Retirement System,https://www.calhr.ca.gov,,08/06/2024,,,True,
2023,State Department,Governor's Office of Business & Economic Development,,Staff Services Manager I,False,False,,81120,100776,,73857,0,0,2420,76277,25530,0,0,18219,43748,Public Employees Retirement System,https://www.calhr.ca.gov,,08/06/2024,,,True,
2023,State Department,Governor's Office of Business & Economic Development,,Staff Services Manager II (Supervisory),False,False,,89040,110628,,74825,0,0,1373,76198,25214,0,0,8610,33824,Public Employees Retirement System,https://www.calhr.ca.gov,,08/06/2024,,,True,
2023,State Department,Governor's Office of Business & Economic Development,,"Associate Governmental Program Analyst, Range A",False,False,,68208,85368,,74580,0,0,600,75180,24152,0,0,1816,25968,Public Employees Retirement System,https://www.calhr.ca.gov,,08/06/2024,,,True,
2023,State Department,Governor's Office of Business & Economic Development,,"Central CA Regional Advisor, Office of Small Business Advocate",False,False,,105444,117492,,68662,0,6289,0,74950,22512,0,0,91,22603,Public Employees Retirement System,https://www.calhr.ca.gov,,08/06/2024,,,True,
2023,State Department,Governor's Office of Business & Economic Development,,"Senior Accounting Officer (Specialist), Range A",False,False,,68208,85368,,69339,0,0,5349,74688,23531,0,0,8855,32385,Public Employees Retirement System,https://www.calhr.ca.gov,,08/06/2024,,,True,
2023,State Department,Governor's Office of Business & Economic Development,,Loan Officer,False,False,,68208,85368,,74074,0,0,600,74674,24541,0,0,136,24677,Public Employees Retirement System,https://www.calhr.ca.gov,,08/06/2024,,,True,
2023,State Department,Governor's Office of Business & Economic Development,,"Associate Governmental Program Analyst, Range A",False,False,,68208,85368,,69019,202,0,4511,73732,22480,0,0,8404,30884,Public Employees Retirement System,https://www.calhr.ca.gov,,08/06/2024,,,True,
2023,State Department,Governor's Office of Business & Economic Development,,"Information Technology Specialist I, Range A",False,False,,73668,98736,,70754,0,0,2420,73174,17301,0,0,21923,39224,Public Employees Retirement System,https://www.calhr.ca.gov,,08/06/2024,,,True,
2023,State Department,Governor's Office of Business & Economic Development,,"Information Technology Specialist I, Range B",False,False,,81012,108576,,67438,0,0,5212,72650,24755,0,0,22698,47453,Public Employees Retirement System,https://www.calhr.ca.gov,,08/06/2024,,,True,
2023,State Department,Governor's Office of Business & Economic Development,,Staff Services Manager I,False,False,,81120,100776,,67766,1027,0,2270,71063,22669,0,0,8827,31497,Public Employees Retirement System,https://www.calhr.ca.gov,,08/06/2024,,,True,
2023,State Department,Governor's Office of Business & Economic Development,,Staff Services Manager I,False,False,,81120,100776,,68834,0,0,2142,70976,23220,0,0,9096,32316,Public Employees Retirement System,https://www.calhr.ca.gov,,08/06/2024,,,True,
2023,State Department,Governor's Office of Business & Economic Development,,Motion Picture Production Analyst,False,False,,68208,85368,,67673,515,0,2588,70777,22501,0,0,8137,30638,Public Employees Retirement System,https://www.calhr.ca.gov,,08/06/2024,,,True,
2023,State Department,Governor's Office of Business & Economic Development,,Motion Picture Production Analyst,False,False,,68208,85368,,69703,0,0,600,70303,23093,0,0,136,23229,Public Employees Retirement System,https://www.calhr.ca.gov,,08/06/2024,,,True,
2023,State Department,Governor's Office of Business & Economic Development,,"Associate Governmental Program Analyst, Range A",False,False,,68208,85368,,67030,0,0,2942,69972,22527,0,0,8682,31210,Public Employees Retirement System,https://www.calhr.ca.gov,,08/06/2024,,,True,
2023,State Department,Governor's Office of Business & Economic Development,,"Associate Governmental Program Analyst, Range A",False,False,,68208,85368,,69141,0,0,600,69741,22351,0,0,1816,24167,Public Employees Retirement System,https://www.calhr.ca.gov,,08/06/2024,,,True,
2023,State Department,Governor's Office of Business & Economic Development,,"Associate Governmental Program Analyst, Range A",False,False,,68208,85368,,64727,0,0,4967,69694,21727,0,0,8593,30321,Public Employees Retirement System,https://www.calhr.ca.gov,,08/06/2024,,,True,
2023,State Department,Governor's Office of Business & Economic Development,,"Associate Governmental Program Analyst, Range A",False,False,,68208,85368,,54214,0,13144,2270,69628,18520,0,0,7003,25524,Public Employees Retirement System,https://www.calhr.ca.gov,,08/06/2024,,,True,
2023,State Department,Governor's Office of Business & Economic Development,,Loan Officer,False,False,,68208,85368,,67085,100,0,2420,69605,22910,0,0,8593,31503,Public Employees Retirement System,https://www.calhr.ca.gov,,08/06/2024,,,True,
2023,State Department,Governor's Office of Business & Economic Development,,"Associate Governmental Program Analyst, Range A",False,False,,68208,85368,,67161,0,0,2395,69556,22910,0,0,8556,31467,Public Employees Retirement System,https://www.calhr.ca.gov,,08/06/2024,,,True,
2023,State Department,Governor's Office of Business & Economic Development,,"Associate Governmental Program Analyst, Range A",False,False,,68208,85368,,66597,0,0,2407,69004,22719,0,0,8638,31356,Public Employees Retirement System,https://www.calhr.ca.gov,,08/06/2024,,,True,
2023,State Department,Governor's Office of Business & Economic Development,,"Associate Governmental Program Analyst, Range A",False,False,,68208,85368,,66320,0,0,2420,68740,22623,0,0,8637,31260,Public Employees Retirement System,https://www.calhr.ca.gov,,08/06/2024,,,True,
2023,State Department,Governor's Office of Business & Economic Development,,Staff Services Manager I,False,False,,81120,100776,,66384,197,0,1820,68401,22488,0,0,8845,31333,Public Employees Retirement System,https://www.calhr.ca.gov,,08/06/2024,,,True,
2023,State Department,Governor's Office of Business & Economic Development,,"Staff Services Analyst, Range C",False,False,,56712,70992,,65440,0,0,2420,67860,22332,0,0,8593,30925,Public Employees Retirement System,https://www.calhr.ca.gov,,08/06/2024,,,True,
2023,State Department,Governor's Office of Business & Economic Development,,"Associate Governmental Program Analyst, Range A",False,False,,68208,85368,,65362,0,0,2420,67782,22439,0,0,8637,31076,Public Employees Retirement System,https://www.calhr.ca.gov,,08/06/2024,,,True,
2023,State Department,Governor's Office of Business & Economic Development,,"Staff Services Analyst, Range C",False,False,,56712,70992,,65301,0,0,2420,67721,22332,0,0,8822,31154,Public Employees Retirement System,https://www.calhr.ca.gov,,08/06/2024,,,True,
2023,State Department,Governor's Office of Business & Economic Development,,"Information Officer I (Specialist), Range A",False,False,,68208,85368,,65233,0,0,2420,67653,22439,0,0,22074,44513,Public Employees Retirement System,https://www.calhr.ca.gov,,08/06/2024,,,True,
2023,State Department,Governor's Office of Business & Economic Development,,Staff Services Manager I,False,False,,81120,100776,,65224,0,0,2420,67644,22306,0,0,8822,31128,Public Employees Retirement System,https://www.calhr.ca.gov,,08/06/2024,,,True,
2023,State Department,Governor's Office of Business & Economic Development,,"Associate Governmental Program Analyst, Range A",False,False,,68208,85368,,63343,0,0,4044,67387,21637,0,0,8675,30311,Public Employees Retirement System,https://www.calhr.ca.gov,,08/06/2024,,,True,
2023,State Department,Governor's Office of Business & Economic Development,,"Associate Governmental Program Analyst, Range A",False,False,,68208,85368,,64966,0,0,2420,67386,22351,0,0,21923,44274,Public Employees Retirement System,https://www.calhr.ca.gov,,08/06/2024,,,True,
2023,State Department,Governor's Office of Business & Economic Development,,"Associate Governmental Program Analyst, Range A",False,False,,68208,85368,,65369,0,0,1820,67189,21997,0,0,8637,30635,Public Employees Retirement System,https://www.calhr.ca.gov,,08/06/2024,,,True,
2023,State Department,Governor's Office of Business & Economic Development,,"Associate Governmental Program Analyst, Range A",False,False,,68208,85368,,66481,645,0,0,67125,22026,0,0,136,22161,Public Employees Retirement System,https://www.calhr.ca.gov,,08/06/2024,,,True,
2023,State Department,Governor's Office of Business & Economic Development,,"Associate Governmental Program Analyst, Range A",False,False,,68208,85368,,67104,0,0,-89,67015,21668,0,0,5386,27054,Public Employees Retirement System,https://www.calhr.ca.gov,,08/06/2024,,,True,
2023,State Department,Governor's Office of Business & Economic Development,,"Associate Governmental Program Analyst, Range A",False,False,,68208,85368,,64444,52,0,2420,66915,22086,0,0,8861,30947,Public Employees Retirement System,https://www.calhr.ca.gov,,08/06/2024,,,True,
2023,State Department,Governor's Office of Business & Economic Development,,"Associate Governmental Program Analyst, Range A",False,False,,68208,85368,,65307,418,0,450,66175,21637,0,0,136,21772,Public Employees Retirement System,https://www.calhr.ca.gov,,08/06/2024,,,True,
2023,State Department,Governor's Office of Business & Economic Development,,"Senior Accounting Officer (Specialist), Range A",False,False,,68208,85368,,63068,484,0,2420,65972,21546,0,0,8593,30139,Public Employees Retirement System,https://www.calhr.ca.gov,,08/06/2024,,,True,
2023,State Department,Governor's Office of Business & Economic Development,,"Associate Governmental Program Analyst, Range A",False,False,,68208,85368,,63200,0,0,2420,65620,22262,0,0,21987,44249,Public Employees Retirement System,https://www.calhr.ca.gov,,08/06/2024,,,True,
2023,State Department,Governor's Office of Business & Economic Development,,Staff Services Manager I,False,False,,81120,100776,,65341,0,0,155,65496,21017,0,0,1494,22511,Public Employees Retirement System,https://www.calhr.ca.gov,,08/06/2024,,,True,
2023,State Department,Governor's Office of Business & Economic Development,,"Senior Accounting Officer (Specialist), Range A",False,False,,68208,85368,,61988,75,0,2321,64384,21294,0,0,8822,30116,Public Employees Retirement System,https://www.calhr.ca.gov,,08/06/2024,,,True,
2023,State Department,Governor's Office of Business & Economic Development,,Staff Services Manager I,False,False,,81120,100776,,63530,0,0,310,63840,19717,0,0,1494,21211,Public Employees Retirement System,https://www.calhr.ca.gov,,08/06/2024,,,True,
2023,State Department,Governor's Office of Business & Economic Development,,"Staff Services Analyst, Range C",False,False,,56712,70992,,54801,6509,0,2428,63738,18844,0,0,8637,27481,Public Employees Retirement System,https://www.calhr.ca.gov,,08/06/2024,,,True,
2023,State Department,Governor's Office of Business & Economic Development,,"Staff Services Analyst, Range C",False,False,,56712,70992,,61055,0,0,2420,63475,21950,0,0,21923,43873,Public Employees Retirement System,https://www.calhr.ca.gov,,08/06/2024,,,True,
2023,State Department,Governor's Office of Business & Economic Development,,"Associate Governmental Program Analyst, Range A",False,False,,68208,85368,,62579,0,0,650,63229,20662,0,0,662,21324,Public Employees Retirement System,https://www.calhr.ca.gov,,08/06/2024,,,True,
2023,State Department,Governor's Office of Business & Economic Development,,Staff Services Manager I,False,False,,81120,100776,,53558,0,3084,5823,62466,19583,0,0,13673,33256,Public Employees Retirement System,https://www.calhr.ca.gov,,08/06/2024,,,True,
2023,State Department,Governor's Office of Business & Economic Development,,"Information Technology Associate, Range C",False,False,,67068,89892,,61387,0,0,870,62257,20432,0,0,5879,26311,Public Employees Retirement System,https://www.calhr.ca.gov,,08/06/2024,,,True,
2023,State Department,Governor's Office of Business & Economic Development,,"Associate Governmental Program Analyst, Range A",False,False,,68208,85368,,56806,0,0,2120,58926,21088,0,0,22074,43161,Public Employees Retirement System,https://www.calhr.ca.gov,,08/06/2024,,,True,
2023,State Department,Governor's Office of Business & Economic Development,,"Staff Services Analyst, Range C",False,False,,56712,70992,,57490,0,0,600,58090,19047,0,0,136,19183,Public Employees Retirement System,https://www.calhr.ca.gov,,08/06/2024,,,True,
2023,State Department,Governor's Office of Business & Economic Development,,"Associate Governmental Program Analyst, Range A",False,False,,68208,85368,,56052,370,0,1488,57910,18806,0,0,7906,26712,Public Employees Retirement System,https://www.calhr.ca.gov,,08/06/2024,,,True,
2023,State Department,Governor's Office of Business & Economic Development,,Staff Services Manager I,False,False,,81120,100776,,42477,0,13354,1820,57651,14104,0,0,10626,24730,Public Employees Retirement System,https://www.calhr.ca.gov,,08/06/2024,,,True,
2023,State Department,Governor's Office of Business & Economic Development,,"Associate Governmental Program Analyst, Range A",False,False,,68208,85368,,54446,0,544,2270,57260,19712,0,0,7857,27568,Public Employees Retirement System,https://www.calhr.ca.gov,,08/06/2024,,,True,
2023,State Department,Governor's Office of Business & Economic Development,,"Associate Governmental Program Analyst, Range A",False,False,,68208,85368,,56592,0,0,396,56988,14149,0,0,825,14974,Public Employees Retirement System,https://www.calhr.ca.gov,,08/06/2024,,,True,
2023,State Department,Governor's Office of Business & Economic Development,,"Staff Services Analyst, Range C",False,False,,56712,70992,,54566,0,0,2420,56986,18729,0,0,8571,27300,Public Employees Retirement System,https://www.calhr.ca.gov,,08/06/2024,,,True,
2023,State Department,Governor's Office of Business & Economic Development,,"C.E.A., Range A",False,False,,117060,241728,,56462,0,0,155,56617,18533,0,0,662,19196,Public Employees Retirement System,https://www.calhr.ca.gov,,08/06/2024,,,True,
2023,State Department,Governor's Office of Business & Economic Development,,Staff Services Manager I,False,False,,81120,100776,,50381,0,4024,1820,56225,17278,0,0,18720,35998,Public Employees Retirement System,https://www.calhr.ca.gov,,08/06/2024,,,True,
2023,State Department,Governor's Office of Business & Economic Development,,"Staff Services Analyst, Range C",False,False,,56712,70992,,53271,0,0,2420,55691,18320,0,0,17581,35900,Public Employees Retirement System,https://www.calhr.ca.gov,,08/06/2024,,,True,
2023,State Department,Governor's Office of Business & Economic Development,,"Staff Services Analyst, Range C",False,False,,56712,70992,,53050,21,0,2420,55491,18216,0,0,8593,26809,Public Employees Retirement System,https://www.calhr.ca.gov,,08/06/2024,,,True,
2023,State Department,Governor's Office of Business & Economic Development,,"Associate Governmental Program Analyst, Range A",False,False,,68208,85368,,51349,1123,0,2120,54592,18342,0,0,22074,40416,Public Employees Retirement System,https://www.calhr.ca.gov,,08/06/2024,,,True,
2023,State Department,Governor's Office of Business & Economic Development,,"Staff Services Analyst, Range C",False,False,,56712,70992,,52067,0,0,2056,54123,17810,0,0,8637,26447,Public Employees Retirement System,https://www.calhr.ca.gov,,08/06/2024,,,True,
2023,State Department,Governor's Office of Business & Economic Development,,"Staff Services Analyst, Range C",False,False,,56712,70992,,51307,496,0,2267,54071,17586,0,0,8579,26165,Public Employees Retirement System,https://www.calhr.ca.gov,,08/06/2024,,,True,
2023,State Department,Governor's Office of Business & Economic Development,,"Staff Services Analyst, Range C",False,False,,56712,70992,,52175,0,0,1820,53995,17990,0,0,8675,26664,Public Employees Retirement System,https://www.calhr.ca.gov,,08/06/2024,,,True,
2023,State Department,Governor's Office of Business & Economic Development,,"Associate Governmental Program Analyst, Range A",False,False,,68208,85368,,52203,191,0,1349,53742,17671,0,0,6989,24660,Public Employees Retirement System,https://www.calhr.ca.gov,,08/06/2024,,,True,
2023,State Department,Governor's Office of Business & Economic Development,,"Associate Governmental Program Analyst, Range A",False,False,,68208,85368,,51959,0,0,1675,53633,17660,0,0,15678,33338,Public Employees Retirement System,https://www.calhr.ca.gov,,08/06/2024,,,True,
2023,State Department,Governor's Office of Business & Economic Development,,"Management Services Technician, Range B",False,False,,45432,56916,,50778,0,0,2420,53198,17508,0,0,8593,26100,Public Employees Retirement System,https://www.calhr.ca.gov,,08/06/2024,,,True,
2023,State Department,Governor's Office of Business & Economic Development,,"Office Technician (Typing), Range A",False,False,,43308,54216,,48242,0,0,4241,52483,16636,0,0,8822,25458,Public Employees Retirement System,https://www.calhr.ca.gov,,08/06/2024,,,True,
2023,State Department,Governor's Office of Business & Economic Development,,"Staff Services Analyst, Range C",False,False,,56712,70992,,49737,0,0,2145,51882,17129,0,0,8675,25803,Public Employees Retirement System,https://www.calhr.ca.gov,,08/06/2024,,,True,
2023,State Department,Governor's Office of Business & Economic Development,,Staff Services Manager I,False,False,,81120,100776,,47000,0,2714,1820,51534,15677,0,0,13636,29314,Public Employees Retirement System,https://www.calhr.ca.gov,,08/06/2024,,,True,
2023,State Department,Governor's Office of Business & Economic Development,,"Staff Services Analyst, Range C",False,False,,56712,70992,,48186,0,0,2420,50606,16700,0,0,8861,25561,Public Employees Retirement System,https://www.calhr.ca.gov,,08/06/2024,,,True,
2023,State Department,Governor's Office of Business & Economic Development,,"Office Technician (Typing), Range A",False,False,,43308,54216,,47993,0,0,2420,50413,16597,0,0,8822,25419,Public Employees Retirement System,https://www.calhr.ca.gov,,08/06/2024,,,True,
2023,State Department,Governor's Office of Business & Economic Development,,"Staff Services Analyst, Range C",False,False,,56712,70992,,46276,0,0,3919,50194,16015,0,0,8637,24652,Public Employees Retirement System,https://www.calhr.ca.gov,,08/06/2024,,,True,
2023,State Department,Governor's Office of Business & Economic Development,,"Staff Services Analyst, Range C",False,False,,56712,70992,,43906,636,0,4833,49376,15873,0,0,17169,33042,Public Employees Retirement System,https://www.calhr.ca.gov,,08/06/2024,,,True,
2023,State Department,Governor's Office of Business & Economic Development,,"Associate Governmental Program Analyst, Range A",False,False,,68208,85368,,48238,0,0,665,48904,16875,0,0,13174,30049,Public Employees Retirement System,https://www.calhr.ca.gov,,08/06/2024,,,True,
2023,State Department,Governor's Office of Business & Economic Development,,"Staff Services Analyst, Range C",False,False,,56712,70992,,48193,51,0,200,48444,16256,0,0,136,16391,Public Employees Retirement System,https://www.calhr.ca.gov,,08/06/2024,,,True,
2023,State Department,Governor's Office of Business & Economic Development,,"Staff Services Analyst, Range C",False,False,,56712,70992,,46112,5,0,2270,48387,14228,0,0,8593,22821,Public Employees Retirement System,https://www.calhr.ca.gov,,08/06/2024,,,True,
2023,State Department,Governor's Office of Business & Economic Development,,"Office Technician (Typing), Range A",False,False,,43308,54216,,45033,0,0,2120,47153,16675,0,0,22074,38748,Public Employees Retirement System,https://www.calhr.ca.gov,,08/06/2024,,,True,
2023,State Department,Governor's Office of Business & Economic Development,,"Management Services Technician, Range B",False,False,,45432,56916,,44019,0,0,2395,46414,15277,0,0,8976,24252,Public Employees Retirement System,https://www.calhr.ca.gov,,08/06/2024,,,True,
2023,State Department,Governor's Office of Business & Economic Development,,Staff Air Pollution Specialist,False,False,,120180,150456,,46157,0,0,0,46157,0,0,0,0,0,,https://www.calhr.ca.gov,,08/06/2024,,,True,
2023,State Department,Governor's Office of Business & Economic Development,,"Associate Governmental Program Analyst, Range A",False,False,,68208,85368,,44568,96,0,1326,45990,15194,0,0,6467,21661,Public Employees Retirement System,https://www.calhr.ca.gov,,08/06/2024,,,True,
2023,State Department,Governor's Office of Business & Economic Development,,"Management Services Technician, Range B",False,False,,45432,56916,,41436,642,0,2420,44499,14446,0,0,8675,23121,Public Employees Retirement System,https://www.calhr.ca.gov,,08/06/2024,,,True,
2023,State Department,Governor's Office of Business & Economic Development,,Staff Services Manager I,False,False,,81120,100776,,33734,0,6969,2170,42874,13932,0,0,10626,24559,Public Employees Retirement System,https://www.calhr.ca.gov,,08/06/2024,,,True,
2023,State Department,Governor's Office of Business & Economic Development,,"Staff Services Analyst, Range C",False,False,,56712,70992,,38569,0,0,2420,40989,13407,0,0,8571,21978,Public Employees Retirement System,https://www.calhr.ca.gov,,08/06/2024,,,True,
2023,State Department,Governor's Office of Business & Economic Development,,"Associate Governmental Program Analyst, Range A",False,False,,68208,85368,,38135,0,0,2170,40305,13882,0,0,16383,30266,Public Employees Retirement System,https://www.calhr.ca.gov,,08/06/2024,,,True,
2023,State Department,Governor's Office of Business & Economic Development,,Staff Services Manager II (Supervisory),False,False,,89040,110628,,9931,0,28134,520,38586,3822,0,0,3035,6857,Public Employees Retirement System,https://www.calhr.ca.gov,,08/06/2024,,,True,
2023,State Department,Governor's Office of Business & Economic Development,,"Associate Governmental Program Analyst, Range A",False,False,,68208,85368,,31820,310,3374,1820,37325,10932,0,0,5038,15970,Public Employees Retirement System,https://www.calhr.ca.gov,,08/06/2024,,,True,
2023,State Department,Governor's Office of Business & Economic Development,,"Associate Governmental Program Analyst, Range A",False,False,,68208,85368,,37018,0,0,0,37018,0,0,0,0,0,,https://www.calhr.ca.gov,,08/06/2024,,,True,
2023,State Department,Governor's Office of Business & Economic Development,,"Staff Services Analyst, Range C",False,False,,56712,70992,,35320,0,0,100,35420,1994,0,0,9634,11628,Public Employees Retirement System,https://www.calhr.ca.gov,,08/06/2024,,,True,
2023,State Department,Governor's Office of Business & Economic Development,,"Associate Governmental Program Analyst, Range A",False,False,,68208,85368,,33367,0,0,140,33507,10860,0,0,768,11628,Public Employees Retirement System,https://www.calhr.ca.gov,,08/06/2024,,,True,
2023,State Department,Governor's Office of Business & Economic Development,,"Deputy Director, California Film Commission",False,False,,123792,137868,,33097,0,0,-1074,32023,0,0,0,7781,7781,,https://www.calhr.ca.gov,,08/06/2024,,,True,
2023,State Department,Governor's Office of Business & Economic Development,,"Associate Governmental Program Analyst, Range A",False,False,,68208,85368,,26947,0,1568,489,29003,9041,0,0,4288,13329,Public Employees Retirement System,https://www.calhr.ca.gov,,08/06/2024,,,True,
2023,State Department,Governor's Office of Business & Economic Development,,"Senior Personnel Specialist, Range A",False,False,,64056,80268,,26897,0,0,0,26897,2609,0,0,1518,4127,,https://www.calhr.ca.gov,,08/06/2024,,,True,
2023,State Department,Governor's Office of Business & Economic Development,,"Associate Governmental Program Analyst, Range A",False,False,,68208,85368,,26714,0,0,127,26841,10298,0,0,10981,21280,Public Employees Retirement System,https://www.calhr.ca.gov,,08/06/2024,,,True,
2023,State Department,Governor's Office of Business & Economic Development,,"Associate Governmental Program Analyst, Range A",False,False,,68208,85368,,25557,821,0,-297,26080,8782,0,0,5778,14559,Public Employees Retirement System,https://www.calhr.ca.gov,,08/06/2024,,,True,
2023,State Department,Governor's Office of Business & Economic Development,,"Staff Services Analyst, Range C",False,False,,56712,70992,,25320,0,0,744,26064,8296,0,0,757,9052,Public Employees Retirement System,https://www.calhr.ca.gov,,08/06/2024,,,True,
2023,State Department,Governor's Office of Business & Economic Development,,"Associate Governmental Program Analyst, Range A",False,False,,68208,85368,,25949,0,0,-72,25877,8681,0,0,3569,12250,Public Employees Retirement System,https://www.calhr.ca.gov,,08/06/2024,,,True,
2023,State Department,Governor's Office of Business & Economic Development,,Staff Services Manager I,False,False,,81120,100776,,25651,0,0,-123,25527,8681,0,0,7114,15795,Public Employees Retirement System,https://www.calhr.ca.gov,,08/06/2024,,,True,
2023,State Department,Governor's Office of Business & Economic Development,,"Associate Governmental Program Analyst, Range A",False,False,,68208,85368,,22303,0,1069,1550,24922,7681,0,0,3599,11280,Public Employees Retirement System,https://www.calhr.ca.gov,,08/06/2024,,,True,
2023,State Department,Governor's Office of Business & Economic Development,,"Staff Services Analyst, Range C",False,False,,56712,70992,,24102,0,0,368,24469,8296,0,0,11025,19321,Public Employees Retirement System,https://www.calhr.ca.gov,,08/06/2024,,,True,
2023,State Department,Governor's Office of Business & Economic Development,,Staff Services Manager I,False,False,,81120,100776,,17041,0,6330,780,24151,5880,0,0,4554,10434,Public Employees Retirement System,https://www.calhr.ca.gov,,08/06/2024,,,True,
2023,State Department,Governor's Office of Business & Economic Development,,"Management Services Technician, Range B",False,False,,45432,56916,,20416,0,0,440,20856,6572,0,0,757,7328,Public Employees Retirement System,https://www.calhr.ca.gov,,08/06/2024,,,True,
2023,State Department,Governor's Office of Business & Economic Development,,"Associate Governmental Program Analyst, Range A",False,False,,68208,85368,,19543,0,0,-75,19468,6779,0,0,5755,12534,Public Employees Retirement System,https://www.calhr.ca.gov,,08/06/2024,,,True,
2023,State Department,Governor's Office of Business & Economic Development,,"Management Services Technician, Range B",False,False,,45432,56916,,18969,0,0,364,19333,6520,0,0,8564,15084,Public Employees Retirement System,https://www.calhr.ca.gov,,08/06/2024,,,True,
2023,State Department,Governor's Office of Business & Economic Development,,"Associate Governmental Program Analyst, Range A",False,False,,68208,85368,,17688,0,0,0,17688,0,0,0,0,0,,https://www.calhr.ca.gov,,08/06/2024,,,True,
2023,State Department,Governor's Office of Business & Economic Development,,Staff Services Manager I,False,False,,81120,100776,,17152,0,0,305,17457,5563,0,0,499,6062,Public Employees Retirement System,https://www.calhr.ca.gov,,08/06/2024,,,True,
2023,State Department,Governor's Office of Business & Economic Development,,"Information Officer I (Specialist), Range A",False,False,,68208,85368,,14725,0,1779,930,17434,5046,0,0,2215,7260,Public Employees Retirement System,https://www.calhr.ca.gov,,08/06/2024,,,True,
2023,State Department,Governor's Office of Business & Economic Development,,"Associate Governmental Program Analyst, Range A",False,False,,68208,85368,,13962,0,1702,780,16444,4391,0,0,2196,6588,Public Employees Retirement System,https://www.calhr.ca.gov,,08/06/2024,,,True,
2023,State Department,Governor's Office of Business & Economic Development,,"Associate Governmental Program Analyst, Range A",False,False,,68208,85368,,16030,0,0,150,16180,5374,0,0,2101,7475,Public Employees Retirement System,https://www.calhr.ca.gov,,08/06/2024,,,True,
2023,State Department,Governor's Office of Business & Economic Development,,Staff Services Manager I,False,False,,81120,100776,,14335,0,0,-519,13816,4783,0,0,3893,8676,Public Employees Retirement System,https://www.calhr.ca.gov,,08/06/2024,,,True,
2023,State Department,Governor's Office of Business & Economic Development,,"Office Technician (Typing), Range A",False,False,,43308,54216,,12972,0,0,0,12972,4290,0,0,34,4324,Public Employees Retirement System,https://www.calhr.ca.gov,,08/06/2024,,,True,
2023,State Department,Governor's Office of Business & Economic Development,,"Associate Governmental Program Analyst, Range A",False,False,,68208,85368,,11027,0,0,-428,10599,3638,0,0,700,4338,Public Employees Retirement System,https://www.calhr.ca.gov,,08/06/2024,,,True,
2023,State Department,Governor's Office of Business & Economic Development,,"Graduate Student Assistant, Range C",False,False,,47136,52932,,9721,0,0,0,9721,0,0,0,0,0,Part-Time Seasonal and Temporary (PST) Retirement Plan,https://www.calhr.ca.gov,,08/06/2024,,,True,
2023,State Department,Governor's Office of Business & Economic Development,,"Associate Governmental Program Analyst, Range A",False,False,,68208,85368,,9774,0,0,-115,9659,3224,0,0,759,3983,Public Employees Retirement System,https://www.calhr.ca.gov,,08/06/2024,,,True,
2023,State Department,Governor's Office of Business & Economic Development,,"Associate Governmental Program Analyst, Range A",False,False,,68208,85368,,5877,0,2688,520,9086,2087,0,0,3661,5748,Public Employees Retirement System,https://www.calhr.ca.gov,,08/06/2024,,,True,
2023,State Department,Governor's Office of Business & Economic Development,,"Associate Governmental Program Analyst, Range A",False,False,,68208,85368,,0,0,8605,0,8605,0,0,0,0,0,Public Employees Retirement System,https://www.calhr.ca.gov,,08/06/2024,,,True,
2023,State Department,Governor's Office of Business & Economic Development,,"Student Assistant, Range A",False,False,,35820,39372,,7930,0,0,400,8330,0,0,0,0,0,Part-Time Seasonal and Temporary (PST) Retirement Plan,https://www.calhr.ca.gov,,08/06/2024,,,True,
2023,State Department,Governor's Office of Business & Economic Development,,"Management Services Technician, Range B",False,False,,45432,56916,,5762,0,257,1870,7889,2196,0,0,8086,10282,Public Employees Retirement System,https://www.calhr.ca.gov,,08/06/2024,,,True,
2023,State Department,Governor's Office of Business & Economic Development,,"Staff Services Analyst, Range C",False,False,,56712,70992,,4427,0,0,260,4687,1468,0,0,11,1479,Public Employees Retirement System,https://www.calhr.ca.gov,,08/06/2024,,,True,
2023,State Department,Governor's Office of Business & Economic Development,,"Student Assistant, Range C",False,False,,40980,45108,,34,0,4094,0,4128,10,0,0,0,10,Public Employees Retirement System,https://www.calhr.ca.gov,,08/06/2024,,,True,
2023,State Department,Governor's Office of Business & Economic Development,,"Associate Governmental Program Analyst, Range A",False,False,,68208,85368,,3509,0,0,30,3539,1157,0,0,0,1157,Public Employees Retirement System,https://www.calhr.ca.gov,,08/06/2024,,,True,
2023,State Department,Governor's Office of Business & Economic Development,,"Deputy Director, Sustainable Freight and Supply Chain Development",False,False,,121596,135456,,0,0,359,0,359,0,0,0,0,0,Public Employees Retirement System,https://www.calhr.ca.gov,,08/06/2024,,,True,
2023,State Department,Governor's Office of Business & Economic Development,,"Associate Governmental Program Analyst, Range A",False,False,,68208,85368,,259,0,0,0,259,86,0,0,0,86,Public Employees Retirement System,https://www.calhr.ca.gov,,08/06/2024,,,True,
2023,State Department,Governor's Office of Business & Economic Development,,Special Consultant,False,False,,0,1200000,,0,0,0,50,50,0,0,0,0,0,Public Employees Retirement System,https://www.calhr.ca.gov,,08/06/2024,,,True,

