﻿Year,EmployerType,EmployerName,DepartmentOrSubdivision,Position,ElectedOfficial,Judicial,OtherPositions,MinPositionSalary,MaxPositionSalary,ReportedBaseWage,RegularPay,OvertimePay,LumpSumPay,OtherPay,TotalWages,DefinedBenefitPlanContribution,EmployeesRetirementCostCovered,DeferredCompensationPlan,HealthDentalVision,TotalRetirementAndHealthContribution,PensionFormula,EmployerURL,EmployerPopulation,LastUpdatedDate,EmployerCounty,SpecialDistrictActivities,IncludesUnfundedLiability,SpecialDistrictType
2023,Superior Court,Alpine County Superior Court,Judge's Retire System Member,"Judge, Superior Court",True,True,,228979,238479,,231835,0,0,0,231835,0,,,9396,9396,Judicial Retirement System,https://www.alpine.courts.ca.gov/,,08/06/2024,Alpine,,False,
2023,Superior Court,Alpine County Superior Court,Judge's Retire System Member,"Judge, Superior Court",True,True,,228979,238479,,213820,0,0,140,213960,0,,,1664,1664,Judicial Retirement System,https://www.alpine.courts.ca.gov/,,08/06/2024,Alpine,,False,
2023,Superior Court,Alpine County Superior Court,Alpine,Court Executive Officer,False,True,,135000,135000,,134827,0,5192,0,140019,16767,0,0,32737,49504,2% @ 55,https://www.alpine.courts.ca.gov/,,08/06/2024,Alpine,,False,
2023,Superior Court,Alpine County Superior Court,Alpine Clerks,Supervising Accounting Clerk,False,True,,78857,95852,,78460,0,0,3791,82251,9772,0,0,32737,42509,2% @ 55,https://www.alpine.courts.ca.gov/,,08/06/2024,Alpine,,False,
2023,Superior Court,Alpine County Superior Court,Alpine Clerks,Senior Court Clerk,False,True,,55878,67936,,67935,0,0,10530,78465,9293,0,0,16436,25729,2% @ 55,https://www.alpine.courts.ca.gov/,,08/06/2024,Alpine,,False,
2023,Superior Court,Alpine County Superior Court,Alpine Clerks,Court Clerk III,False,True,,50704,64876,,64876,0,0,3244,68120,8067,0,0,32737,40804,2% @ 55,https://www.alpine.courts.ca.gov/,,08/06/2024,Alpine,,False,
2023,Superior Court,Alpine County Superior Court,Alpine Clerks,Court Clerk II,False,True,,43340,52680,,44173,63,0,1999,46235,3482,0,0,16436,19918,2% @ 62,https://www.alpine.courts.ca.gov/,,08/06/2024,Alpine,,False,
2023,Superior Court,Alpine County Superior Court,Judge's Retire System Member,"Judge, Superior Court",True,True,,228979,238479,,18500,0,0,0,18500,0,,,1518,1518,Judicial Retirement System,https://www.alpine.courts.ca.gov/,,08/06/2024,Alpine,,False,

