﻿Year,EmployerType,EmployerName,DepartmentOrSubdivision,Position,ElectedOfficial,Judicial,OtherPositions,MinPositionSalary,MaxPositionSalary,ReportedBaseWage,RegularPay,OvertimePay,LumpSumPay,OtherPay,TotalWages,DefinedBenefitPlanContribution,EmployeesRetirementCostCovered,DeferredCompensationPlan,HealthDentalVision,TotalRetirementAndHealthContribution,PensionFormula,EmployerURL,EmployerPopulation,LastUpdatedDate,EmployerCounty,SpecialDistrictActivities,IncludesUnfundedLiability,SpecialDistrictType
2023,Superior Court,Monterey County Superior Court,Executive Office,Court Executive Officer,False,True,,212056,229341,,219669,0,28546,4800,253015,12486,0,0,13390,25876,2% @ 55,https://www.monterey.courts.ca.gov/general-information/career-opportunities,,08/06/2024,Monterey,,False,
2023,Superior Court,Monterey County Superior Court,Judge's Retire System Member,"Judge, Superior Court",True,True,,228979,238479,,242631,0,0,0,242631,0,0,0,1816,1816,Judicial Retirement System,https://www.monterey.courts.ca.gov/general-information/career-opportunities,,08/06/2024,Monterey,,False,
2023,Superior Court,Monterey County Superior Court,Judge's Retire System Member,"Judge, Superior Court",True,True,,228979,238479,,233363,0,0,0,233363,0,0,0,1816,1816,Judicial Retirement System,https://www.monterey.courts.ca.gov/general-information/career-opportunities,,08/06/2024,Monterey,,False,
2023,Superior Court,Monterey County Superior Court,Judge's Retire System Member,"Judge, Superior Court",True,True,,228979,238479,,229931,0,0,20,229951,0,0,0,2988,2988,Judicial Retirement System,https://www.monterey.courts.ca.gov/general-information/career-opportunities,,08/06/2024,Monterey,,False,
2023,Superior Court,Monterey County Superior Court,Judge's Retire System Member,"Judge, Superior Court",True,True,,228979,238479,,229266,0,0,0,229266,0,0,0,23376,23376,Judicial Retirement System,https://www.monterey.courts.ca.gov/general-information/career-opportunities,,08/06/2024,Monterey,,False,
2023,Superior Court,Monterey County Superior Court,Judge's Retire System Member,"Judge, Superior Court",True,True,,228979,238479,,227201,0,0,0,227201,0,0,0,9396,9396,Judicial Retirement System,https://www.monterey.courts.ca.gov/general-information/career-opportunities,,08/06/2024,Monterey,,False,
2023,Superior Court,Monterey County Superior Court,Judge's Retire System Member,"Judge, Superior Court",True,True,,228979,238479,,227147,0,0,0,227147,0,0,0,17760,17760,Judicial Retirement System,https://www.monterey.courts.ca.gov/general-information/career-opportunities,,08/06/2024,Monterey,,False,
2023,Superior Court,Monterey County Superior Court,Judge's Retire System Member,"Judge, Superior Court",True,True,,228979,238479,,226102,0,0,0,226102,0,0,0,9396,9396,Judicial Retirement System,https://www.monterey.courts.ca.gov/general-information/career-opportunities,,08/06/2024,Monterey,,False,
2023,Superior Court,Monterey County Superior Court,Judge's Retire System Member,"Judge, Superior Court",True,True,,228979,238479,,226089,0,0,0,226089,0,0,0,23376,23376,Judicial Retirement System,https://www.monterey.courts.ca.gov/general-information/career-opportunities,,08/06/2024,Monterey,,False,
2023,Superior Court,Monterey County Superior Court,Judge's Retire System Member,"Judge, Superior Court",True,True,,228979,238479,,219025,0,0,5646,224671,0,0,0,23376,23376,Judicial Retirement System,https://www.monterey.courts.ca.gov/general-information/career-opportunities,,08/06/2024,Monterey,,False,
2023,Superior Court,Monterey County Superior Court,Judge's Retire System Member,"Judge, Superior Court",True,True,,228979,238479,,222303,0,0,0,222303,0,0,0,18221,18221,Judicial Retirement System,https://www.monterey.courts.ca.gov/general-information/career-opportunities,,08/06/2024,Monterey,,False,
2023,Superior Court,Monterey County Superior Court,Judge's Retire System Member,"Judge, Superior Court",True,True,,228979,238479,,222303,0,0,0,222303,0,0,0,18221,18221,Judicial Retirement System,https://www.monterey.courts.ca.gov/general-information/career-opportunities,,08/06/2024,Monterey,,False,
2023,Superior Court,Monterey County Superior Court,Judge's Retire System Member,"Judge, Superior Court",True,True,,228979,238479,,222198,0,0,83,222281,0,0,0,18252,18252,Judicial Retirement System,https://www.monterey.courts.ca.gov/general-information/career-opportunities,,08/06/2024,Monterey,,False,
2023,Superior Court,Monterey County Superior Court,Judge's Retire System Member,"Judge, Superior Court",True,True,,228979,238479,,222119,0,0,0,222119,0,0,0,23376,23376,Judicial Retirement System,https://www.monterey.courts.ca.gov/general-information/career-opportunities,,08/06/2024,Monterey,,False,
2023,Superior Court,Monterey County Superior Court,Judge's Retire System Member,"Judge, Superior Court",True,True,,228979,238479,,219352,0,0,263,219615,0,0,0,22946,22946,Judicial Retirement System,https://www.monterey.courts.ca.gov/general-information/career-opportunities,,08/06/2024,Monterey,,False,
2023,Superior Court,Monterey County Superior Court,Judge's Retire System Member,"Judge, Superior Court",True,True,,228979,238479,,219352,0,0,0,219352,0,0,0,23376,23376,Judicial Retirement System,https://www.monterey.courts.ca.gov/general-information/career-opportunities,,08/06/2024,Monterey,,False,
2023,Superior Court,Monterey County Superior Court,Judge's Retire System Member,"Judge, Superior Court",True,True,,228979,238479,,218872,0,0,0,218872,0,0,0,23376,23376,Judicial Retirement System,https://www.monterey.courts.ca.gov/general-information/career-opportunities,,08/06/2024,Monterey,,False,
2023,Superior Court,Monterey County Superior Court,Judge's Retire System Member,"Judge, Superior Court",True,True,,228979,238479,,216502,0,0,0,216502,0,0,0,23376,23376,Judicial Retirement System,https://www.monterey.courts.ca.gov/general-information/career-opportunities,,08/06/2024,Monterey,,False,
2023,Superior Court,Monterey County Superior Court,Executive Office,Chief Information Officer,False,True,,158829,183893,,171123,0,25260,3000,199383,15307,0,0,23972,39279,2% @ 62,https://www.monterey.courts.ca.gov/general-information/career-opportunities,,08/06/2024,Monterey,,False,
2023,Superior Court,Monterey County Superior Court,Executive Office,Chief Administrative Officer,False,True,,158829,183893,,169261,0,25260,1200,195721,15307,0,0,34119,49426,2% @ 62,https://www.monterey.courts.ca.gov/general-information/career-opportunities,,08/06/2024,Monterey,,False,
2023,Superior Court,Monterey County Superior Court,Judges & Courtroom Support,Superior Court Commissioner,False,True,,196498,202707,,192134,0,0,1200,193334,17241,0,0,31915,49156,2% @ 62,https://www.monterey.courts.ca.gov/general-information/career-opportunities,,08/06/2024,Monterey,,False,
2023,Superior Court,Monterey County Superior Court,Executive Office,Court Executive Officer,False,True,,212056,229341,,169671,0,13472,1200,184343,12683,0,0,34119,46802,2% @ 55,https://www.monterey.courts.ca.gov/general-information/career-opportunities,,08/06/2024,Monterey,,False,
2023,Superior Court,Monterey County Superior Court,Executive Office,Chief Financial Officer,False,True,,158829,183893,,161540,0,15156,2400,179096,15307,0,0,24625,39932,2% @ 62,https://www.monterey.courts.ca.gov/general-information/career-opportunities,,08/06/2024,Monterey,,False,
2023,Superior Court,Monterey County Superior Court,Judges & Courtroom Support,Research Attorney,False,True,,105789,141814,,121923,0,43433,2200,167556,10845,0,0,18290,29135,2% @ 62,https://www.monterey.courts.ca.gov/general-information/career-opportunities,,08/06/2024,Monterey,,False,
2023,Superior Court,Monterey County Superior Court,Family & Children Services,Family Law Facilitator,False,True,,116126,155688,,146568,0,14258,5880,166706,12960,0,0,13390,26350,2% @ 62,https://www.monterey.courts.ca.gov/general-information/career-opportunities,,08/06/2024,Monterey,,False,
2023,Superior Court,Monterey County Superior Court,Judges & Courtroom Support,Research Attorney,False,True,,105789,141814,,132596,0,14025,4800,151421,11804,0,0,13059,24863,2% @ 62,https://www.monterey.courts.ca.gov/general-information/career-opportunities,,08/06/2024,Monterey,,False,
2023,Superior Court,Monterey County Superior Court,Information Technology,Information Technology Manager,False,True,,106246,142397,,129430,0,19560,2280,151270,11853,0,0,34119,45972,2% @ 62,https://www.monterey.courts.ca.gov/general-information/career-opportunities,,08/06/2024,Monterey,,False,
2023,Superior Court,Monterey County Superior Court,General Services,Facilities And Security Manager,False,True,,98883,132579,,124988,0,18210,5880,149078,11035,0,0,10047,21082,2% @ 62,https://www.monterey.courts.ca.gov/general-information/career-opportunities,,08/06/2024,Monterey,,False,
2023,Superior Court,Monterey County Superior Court,Information Technology,Software Engineer II,False,True,,95742,128315,,118020,30844,0,0,148864,10680,0,0,24694,35374,2% @ 62,https://www.monterey.courts.ca.gov/general-information/career-opportunities,,08/06/2024,Monterey,,False,
2023,Superior Court,Monterey County Superior Court,Finance,Finance Manager,False,True,,105082,140837,,129626,0,15478,3480,148584,11724,0,0,20249,31973,2% @ 62,https://www.monterey.courts.ca.gov/general-information/career-opportunities,,08/06/2024,Monterey,,False,
2023,Superior Court,Monterey County Superior Court,Judge's Retire System Member,"Judge, Superior Court",True,True,,228979,238479,,141621,0,0,-624,140997,0,0,0,15511,15511,Judicial Retirement System,https://www.monterey.courts.ca.gov/general-information/career-opportunities,,08/06/2024,Monterey,,False,
2023,Superior Court,Monterey County Superior Court,Human Resources,Human Resources Manager,False,True,,105082,140837,,128611,0,7223,3480,139314,11724,0,0,26321,38045,2% @ 55,https://www.monterey.courts.ca.gov/general-information/career-opportunities,,08/06/2024,Monterey,,False,
2023,Superior Court,Monterey County Superior Court,Information Technology,Information Technology Manager,False,True,,106246,142397,,130151,0,6520,2280,138951,11853,0,0,34119,45972,2% @ 62,https://www.monterey.courts.ca.gov/general-information/career-opportunities,,08/06/2024,Monterey,,False,
2023,Superior Court,Monterey County Superior Court,Judges & Courtroom Support,Research Attorney,False,True,,105789,141814,,133746,0,0,4800,138546,11804,0,0,10354,22158,2% @ 55,https://www.monterey.courts.ca.gov/general-information/career-opportunities,,08/06/2024,Monterey,,False,
2023,Superior Court,Monterey County Superior Court,Criminal,Operations Manager,False,True,,98883,132579,,124578,0,7284,5880,137742,11035,0,0,10047,21082,2% @ 62,https://www.monterey.courts.ca.gov/general-information/career-opportunities,,08/06/2024,Monterey,,False,
2023,Superior Court,Monterey County Superior Court,Information Technology,Software Engineer II,False,True,,95742,128315,,118372,13748,0,0,132120,10680,0,0,26321,37001,2% @ 55,https://www.monterey.courts.ca.gov/general-information/career-opportunities,,08/06/2024,Monterey,,False,
2023,Superior Court,Monterey County Superior Court,Criminal,Operations Manager,False,True,,98883,132579,,122428,0,6070,3480,131978,11035,0,0,26321,37356,2% @ 62,https://www.monterey.courts.ca.gov/general-information/career-opportunities,,08/06/2024,Monterey,,False,
2023,Superior Court,Monterey County Superior Court,Family & Children Services,Family Court Services Manager,False,True,,105082,140837,,125757,0,1483,3736,130976,11851,0,0,31915,43766,2% @ 55,https://www.monterey.courts.ca.gov/general-information/career-opportunities,,08/06/2024,Monterey,,False,
2023,Superior Court,Monterey County Superior Court,Judges & Courtroom Support,Research Attorney,False,True,,105789,141814,,124382,0,0,1200,125582,11378,0,0,33151,44529,2% @ 55,https://www.monterey.courts.ca.gov/general-information/career-opportunities,,08/06/2024,Monterey,,False,
2023,Superior Court,Monterey County Superior Court,Judges & Courtroom Support,Superior Court Commissioner,False,True,,196498,202707,,119500,0,4251,1820,125571,10484,0,0,721,11205,2% @ 62,https://www.monterey.courts.ca.gov/general-information/career-opportunities,,08/06/2024,Monterey,,False,
2023,Superior Court,Monterey County Superior Court,Executive Office,Management Analyst,False,True,,82680,110822,,105539,0,15222,4680,125441,9224,0,0,590,9814,2% @ 62,https://www.monterey.courts.ca.gov/general-information/career-opportunities,,08/06/2024,Monterey,,False,
2023,Superior Court,Monterey County Superior Court,Judges & Courtroom Support,Research Attorney,False,True,,105789,141814,,112214,0,8614,4000,124828,9884,0,0,9143,19027,2% @ 55,https://www.monterey.courts.ca.gov/general-information/career-opportunities,,08/06/2024,Monterey,,False,
2023,Superior Court,Monterey County Superior Court,Civil,Operations Manager,False,True,,98883,132579,,88904,0,31368,4050,124322,7706,0,0,0,7706,2% @ 62,https://www.monterey.courts.ca.gov/general-information/career-opportunities,,08/06/2024,Monterey,,False,
2023,Superior Court,Monterey County Superior Court,Judges & Courtroom Support,Court Reporter,False,True,,84635,123594,,118416,0,0,4619,123035,11062,0,0,20249,31311,2% @ 62,https://www.monterey.courts.ca.gov/general-information/career-opportunities,,08/06/2024,Monterey,,False,
2023,Superior Court,Monterey County Superior Court,Judges & Courtroom Support,Court Reporter,False,True,,84635,123594,,120886,0,0,0,120886,11304,0,0,10047,21351,2% @ 62,https://www.monterey.courts.ca.gov/general-information/career-opportunities,,08/06/2024,Monterey,,False,
2023,Superior Court,Monterey County Superior Court,Family & Children Services,Staff Attorney,False,True,,105789,141814,,114770,0,4486,1200,120456,10518,0,0,34119,44637,2% @ 62,https://www.monterey.courts.ca.gov/general-information/career-opportunities,,08/06/2024,Monterey,,False,
2023,Superior Court,Monterey County Superior Court,Judges & Courtroom Support,Superior Court Commissioner,False,True,,196498,202707,,117989,0,0,1800,119789,10345,0,0,721,11066,2% @ 55,https://www.monterey.courts.ca.gov/general-information/career-opportunities,,08/06/2024,Monterey,,False,
2023,Superior Court,Monterey County Superior Court,Information Technology,Software Engineer II,False,True,,95742,128315,,118362,0,0,300,118662,10680,0,0,21618,32298,2% @ 62,https://www.monterey.courts.ca.gov/general-information/career-opportunities,,08/06/2024,Monterey,,False,
2023,Superior Court,Monterey County Superior Court,Information Technology,System Administrator II,False,True,,96429,129272,,117650,89,0,0,117739,10760,0,0,34119,44879,2% @ 62,https://www.monterey.courts.ca.gov/general-information/career-opportunities,,08/06/2024,Monterey,,False,
2023,Superior Court,Monterey County Superior Court,Information Technology,Software Engineer II,False,True,,95742,128315,,115551,726,0,0,116277,10531,0,0,34001,44532,2% @ 55,https://www.monterey.courts.ca.gov/general-information/career-opportunities,,08/06/2024,Monterey,,False,
2023,Superior Court,Monterey County Superior Court,Judges & Courtroom Support,Court Reporter,False,True,,84635,123594,,115786,0,0,0,115786,10658,0,0,34119,44777,2% @ 62,https://www.monterey.courts.ca.gov/general-information/career-opportunities,,08/06/2024,Monterey,,False,
2023,Superior Court,Monterey County Superior Court,Information Technology,System Administrator I,False,True,,81702,109533,,99138,3536,12036,0,114710,9117,0,0,31915,41032,2% @ 62,https://www.monterey.courts.ca.gov/general-information/career-opportunities,,08/06/2024,Monterey,,False,
2023,Superior Court,Monterey County Superior Court,Information Technology,Software Engineer I,False,True,,82971,111176,,112952,1459,0,0,114411,10029,0,0,13390,23419,2% @ 55,https://www.monterey.courts.ca.gov/general-information/career-opportunities,,08/06/2024,Monterey,,False,
2023,Superior Court,Monterey County Superior Court,Judges & Courtroom Support,Court Reporter,False,True,,84635,123594,,113639,0,0,0,113639,10658,0,0,34119,44777,2% @ 62,https://www.monterey.courts.ca.gov/general-information/career-opportunities,,08/06/2024,Monterey,,False,
2023,Superior Court,Monterey County Superior Court,Judges & Courtroom Support,Court Reporter,False,True,,84635,123594,,113015,0,0,0,113015,10464,0,0,22440,32904,2% @ 62,https://www.monterey.courts.ca.gov/general-information/career-opportunities,,08/06/2024,Monterey,,False,
2023,Superior Court,Monterey County Superior Court,Traffic,Operations Manager,False,True,,98883,132579,,106173,0,0,5880,112053,9446,0,0,10047,19493,2% @ 62,https://www.monterey.courts.ca.gov/general-information/career-opportunities,,08/06/2024,Monterey,,False,
2023,Superior Court,Monterey County Superior Court,Human Resources,Human Resources Analyst,False,True,,78686,105602,,95497,0,9670,5880,111047,8790,0,0,13390,22180,2% @ 62,https://www.monterey.courts.ca.gov/general-information/career-opportunities,,08/06/2024,Monterey,,False,
2023,Superior Court,Monterey County Superior Court,Information Technology,Information Technology Supervisor,False,True,,100589,129272,,88445,10147,0,3600,102192,7736,0,0,591,8327,2% @ 55,https://www.monterey.courts.ca.gov/general-information/career-opportunities,,08/06/2024,Monterey,,False,
2023,Superior Court,Monterey County Superior Court,Criminal,Calendar Coordinator,False,True,,74693,100110,,94166,0,4584,0,98750,8333,0,0,9405,17738,2% @ 62,https://www.monterey.courts.ca.gov/general-information/career-opportunities,,08/06/2024,Monterey,,False,
2023,Superior Court,Monterey County Superior Court,Information Technology,System Administrator II,False,True,,96429,129272,,89938,8094,0,0,98032,8356,0,0,34119,42475,2% @ 62,https://www.monterey.courts.ca.gov/general-information/career-opportunities,,08/06/2024,Monterey,,False,
2023,Superior Court,Monterey County Superior Court,Information Technology,System Administrator II,False,True,,96429,129272,,77254,4217,15234,0,96705,6608,0,0,6777,13385,2% @ 62,https://www.monterey.courts.ca.gov/general-information/career-opportunities,,08/06/2024,Monterey,,False,
2023,Superior Court,Monterey County Superior Court,Criminal,Operations Cms Analyst,False,True,,78686,105602,,88217,0,6189,2280,96686,8790,0,0,25428,34218,2% @ 62,https://www.monterey.courts.ca.gov/general-information/career-opportunities,,08/06/2024,Monterey,,False,
2023,Superior Court,Monterey County Superior Court,Criminal,Pretrial Program Analyst,False,True,,78686,105602,,80405,0,9938,5880,96223,7201,0,0,10047,17248,2% @ 62,https://www.monterey.courts.ca.gov/general-information/career-opportunities,,08/06/2024,Monterey,,False,
2023,Superior Court,Monterey County Superior Court,Court Interpreters,Court Interpreter,False,True,,80246,101442,,95073,0,0,0,95073,8538,0,0,10047,18585,2% @ 55,https://www.monterey.courts.ca.gov/general-information/career-opportunities,,08/06/2024,Monterey,,False,
2023,Superior Court,Monterey County Superior Court,Court Interpreters,Court Interpreter,False,True,,80246,101442,,94878,0,0,0,94878,8538,0,0,13059,21597,2% @ 55,https://www.monterey.courts.ca.gov/general-information/career-opportunities,,08/06/2024,Monterey,,False,
2023,Superior Court,Monterey County Superior Court,Finance,Financial Analyst,False,True,,78686,105602,,83350,0,0,5780,89130,7389,0,0,8582,15971,2% @ 55,https://www.monterey.courts.ca.gov/general-information/career-opportunities,,08/06/2024,Monterey,,False,
2023,Superior Court,Monterey County Superior Court,Other Courtroom Operations,Court Supervisor,False,True,,66914,89710,,83731,1299,0,0,85030,7468,0,0,13390,20858,2% @ 62,https://www.monterey.courts.ca.gov/general-information/career-opportunities,,08/06/2024,Monterey,,False,
2023,Superior Court,Monterey County Superior Court,Family & Children Services,Paralegal,False,True,,64688,86674,,79466,0,0,5055,84521,7339,0,0,590,7929,2% @ 62,https://www.monterey.courts.ca.gov/general-information/career-opportunities,,08/06/2024,Monterey,,False,
2023,Superior Court,Monterey County Superior Court,Executive Office,Administrative Assistant-Confidential,False,True,,54808,76461,,73231,0,10464,658,84353,6818,0,0,18351,25169,2% @ 62,https://www.monterey.courts.ca.gov/general-information/career-opportunities,,08/06/2024,Monterey,,False,
2023,Superior Court,Monterey County Superior Court,Court Interpreters,Court Interpreter,False,True,,80246,101442,,84163,0,0,0,84163,8125,0,0,31466,39591,2% @ 62,https://www.monterey.courts.ca.gov/general-information/career-opportunities,,08/06/2024,Monterey,,False,
2023,Superior Court,Monterey County Superior Court,Criminal,Court Supervisor,False,True,,66914,89710,,81510,1849,0,0,83359,7468,0,0,23741,31209,2% @ 62,https://www.monterey.courts.ca.gov/general-information/career-opportunities,,08/06/2024,Monterey,,False,
2023,Superior Court,Monterey County Superior Court,Court Interpreters,Court Interpreter,False,True,,80246,101442,,82781,0,0,0,82781,7789,0,0,31466,39255,2% @ 55,https://www.monterey.courts.ca.gov/general-information/career-opportunities,,08/06/2024,Monterey,,False,
2023,Superior Court,Monterey County Superior Court,Judges & Courtroom Support,Courtroom Clerk,False,True,,57429,77022,,71872,0,10017,300,82189,6412,0,0,11517,17929,2% @ 62,https://www.monterey.courts.ca.gov/general-information/career-opportunities,,08/06/2024,Monterey,,False,
2023,Superior Court,Monterey County Superior Court,Court Interpreters,Court Interpreter,False,True,,80246,101442,,81381,70,0,0,81451,7724,0,0,25178,32902,2% @ 62,https://www.monterey.courts.ca.gov/general-information/career-opportunities,,08/06/2024,Monterey,,False,
2023,Superior Court,Monterey County Superior Court,Court Interpreters,Court Interpreter,False,True,,80246,101442,,79252,0,0,1800,81052,6996,0,0,590,7586,2% @ 62,https://www.monterey.courts.ca.gov/general-information/career-opportunities,,08/06/2024,Monterey,,False,
2023,Superior Court,Monterey County Superior Court,Criminal,Court Supervisor,False,True,,66914,89710,,75723,1864,1232,1428,80247,7456,0,0,33241,40697,2% @ 62,https://www.monterey.courts.ca.gov/general-information/career-opportunities,,08/06/2024,Monterey,,False,
2023,Superior Court,Monterey County Superior Court,Criminal,Court Supervisor,False,True,,66914,89710,,75308,587,3726,0,79621,6734,0,0,13390,20124,2% @ 62,https://www.monterey.courts.ca.gov/general-information/career-opportunities,,08/06/2024,Monterey,,False,
2023,Superior Court,Monterey County Superior Court,Court Interpreters,Court Interpreter,False,True,,80246,101442,,69688,70,9571,0,79329,6101,0,0,9333,15434,2% @ 62,https://www.monterey.courts.ca.gov/general-information/career-opportunities,,08/06/2024,Monterey,,False,
2023,Superior Court,Monterey County Superior Court,Civil,Calendar Coordinator,False,True,,74693,100110,,78838,386,0,0,79224,7048,0,0,13390,20438,2% @ 62,https://www.monterey.courts.ca.gov/general-information/career-opportunities,,08/06/2024,Monterey,,False,
2023,Superior Court,Monterey County Superior Court,Criminal,Court Supervisor,False,True,,66914,89710,,74135,893,1565,1456,78049,7297,0,0,33260,40557,2% @ 62,https://www.monterey.courts.ca.gov/general-information/career-opportunities,,08/06/2024,Monterey,,False,
2023,Superior Court,Monterey County Superior Court,Court Interpreters,Court Interpreter,False,True,,80246,101442,,75642,0,0,0,75642,6805,0,0,9405,16210,2% @ 55,https://www.monterey.courts.ca.gov/general-information/career-opportunities,,08/06/2024,Monterey,,False,
2023,Superior Court,Monterey County Superior Court,Family & Children Services,Paralegal,False,True,,64688,86674,,74047,0,0,1397,75444,7060,0,0,31915,38975,2% @ 62,https://www.monterey.courts.ca.gov/general-information/career-opportunities,,08/06/2024,Monterey,,False,
2023,Superior Court,Monterey County Superior Court,Judges & Courtroom Support,Court Reporter,False,True,,84635,123594,,71246,0,724,2627,74597,6281,0,0,6672,12953,2% @ 62,https://www.monterey.courts.ca.gov/general-information/career-opportunities,,08/06/2024,Monterey,,False,
2023,Superior Court,Monterey County Superior Court,"Probate, Guardianship",Probate Examiner,False,True,,74443,99757,,74038,0,0,0,74038,6631,0,0,13390,20021,2% @ 62,https://www.monterey.courts.ca.gov/general-information/career-opportunities,,08/06/2024,Monterey,,False,
2023,Superior Court,Monterey County Superior Court,Criminal,Court Supervisor,False,True,,66914,89710,,72524,950,0,0,73474,6734,0,0,31675,38409,2% @ 62,https://www.monterey.courts.ca.gov/general-information/career-opportunities,,08/06/2024,Monterey,,False,
2023,Superior Court,Monterey County Superior Court,Finance,Fiscal Assistant II,False,True,,55494,74339,,69220,0,3404,0,72624,6188,0,0,9434,15622,2% @ 62,https://www.monterey.courts.ca.gov/general-information/career-opportunities,,08/06/2024,Monterey,,False,
2023,Superior Court,Monterey County Superior Court,Judges & Courtroom Support,Courtroom Clerk,False,True,,57429,77022,,71646,688,0,0,72334,6412,0,0,13390,19802,2% @ 62,https://www.monterey.courts.ca.gov/general-information/career-opportunities,,08/06/2024,Monterey,,False,
2023,Superior Court,Monterey County Superior Court,Judges & Courtroom Support,Courtroom Clerk,False,True,,57429,77022,,69060,1587,1411,0,72058,6412,0,0,25428,31840,2% @ 62,https://www.monterey.courts.ca.gov/general-information/career-opportunities,,08/06/2024,Monterey,,False,
2023,Superior Court,Monterey County Superior Court,Judges & Courtroom Support,Courtroom Clerk,False,True,,57429,77022,,71646,17,0,0,71663,6412,0,0,13390,19802,2% @ 62,https://www.monterey.courts.ca.gov/general-information/career-opportunities,,08/06/2024,Monterey,,False,
2023,Superior Court,Monterey County Superior Court,Judges & Courtroom Support,Courtroom Clerk,False,True,,57429,77022,,71237,0,0,0,71237,6412,0,0,13390,19802,2% @ 62,https://www.monterey.courts.ca.gov/general-information/career-opportunities,,08/06/2024,Monterey,,False,
2023,Superior Court,Monterey County Superior Court,Judges & Courtroom Support,Courtroom Clerk,False,True,,57429,77022,,71237,0,0,0,71237,6412,0,0,13390,19802,2% @ 62,https://www.monterey.courts.ca.gov/general-information/career-opportunities,,08/06/2024,Monterey,,False,
2023,Superior Court,Monterey County Superior Court,Human Resources,Human Resources Specialist-Confidential,False,True,,58677,78645,,66571,0,3601,0,70172,6105,0,0,9405,15510,2% @ 62,https://www.monterey.courts.ca.gov/general-information/career-opportunities,,08/06/2024,Monterey,,False,
2023,Superior Court,Monterey County Superior Court,Judges & Courtroom Support,Courtroom Clerk,False,True,,57429,77022,,68890,0,836,0,69726,6151,0,0,12749,18900,2% @ 62,https://www.monterey.courts.ca.gov/general-information/career-opportunities,,08/06/2024,Monterey,,False,
2023,Superior Court,Monterey County Superior Court,Judges & Courtroom Support,Courtroom Clerk,False,True,,57429,77022,,69200,0,0,0,69200,6412,0,0,25410,31822,2% @ 62,https://www.monterey.courts.ca.gov/general-information/career-opportunities,,08/06/2024,Monterey,,False,
2023,Superior Court,Monterey County Superior Court,Judges & Courtroom Support,Courtroom Clerk,False,True,,57429,77022,,69169,0,0,0,69169,6412,0,0,26305,32717,2% @ 62,https://www.monterey.courts.ca.gov/general-information/career-opportunities,,08/06/2024,Monterey,,False,
2023,Superior Court,Monterey County Superior Court,Traffic,Court Supervisor,False,True,,66914,89710,,63147,4506,0,1456,69109,6105,0,0,31915,38020,2% @ 62,https://www.monterey.courts.ca.gov/general-information/career-opportunities,,08/06/2024,Monterey,,False,
2023,Superior Court,Monterey County Superior Court,Judges & Courtroom Support,Courtroom Clerk,False,True,,57429,77022,,67982,370,705,0,69057,6412,0,0,31912,38324,2% @ 62,https://www.monterey.courts.ca.gov/general-information/career-opportunities,,08/06/2024,Monterey,,False,
2023,Superior Court,Monterey County Superior Court,Judges & Courtroom Support,Courtroom Clerk,False,True,,57429,77022,,69046,0,0,0,69046,6412,0,0,13390,19802,2% @ 62,https://www.monterey.courts.ca.gov/general-information/career-opportunities,,08/06/2024,Monterey,,False,
2023,Superior Court,Monterey County Superior Court,Judges & Courtroom Support,Courtroom Clerk,False,True,,57429,77022,,68187,582,0,0,68769,6412,0,0,31915,38327,2% @ 62,https://www.monterey.courts.ca.gov/general-information/career-opportunities,,08/06/2024,Monterey,,False,
2023,Superior Court,Monterey County Superior Court,Judges & Courtroom Support,Courtroom Clerk,False,True,,57429,77022,,68602,106,0,0,68708,6154,0,0,12369,18523,2% @ 55,https://www.monterey.courts.ca.gov/general-information/career-opportunities,,08/06/2024,Monterey,,False,
2023,Superior Court,Monterey County Superior Court,Family & Children Services,Mediator/CCRC,False,True,,93267,124987,,55686,0,10902,1800,68388,4955,0,0,839,5794,2% @ 62,https://www.monterey.courts.ca.gov/general-information/career-opportunities,,08/06/2024,Monterey,,False,
2023,Superior Court,Monterey County Superior Court,Civil,Paralegal,False,True,,64688,86674,,66550,0,0,1334,67884,6292,0,0,12673,18965,2% @ 55,https://www.monterey.courts.ca.gov/general-information/career-opportunities,,08/06/2024,Monterey,,False,
2023,Superior Court,Monterey County Superior Court,Finance,Fiscal Assistant III,False,True,,63544,85155,,66652,17,0,0,66669,6160,0,0,18409,24569,2% @ 55,https://www.monterey.courts.ca.gov/general-information/career-opportunities,,08/06/2024,Monterey,,False,
2023,Superior Court,Monterey County Superior Court,Judges & Courtroom Support,Courtroom Clerk,False,True,,57429,77022,,66169,0,0,0,66169,6118,0,0,13390,19508,2% @ 62,https://www.monterey.courts.ca.gov/general-information/career-opportunities,,08/06/2024,Monterey,,False,
2023,Superior Court,Monterey County Superior Court,Criminal,Deputy Court Clerk III,False,True,,49317,66123,,62547,0,0,3600,66147,5467,0,0,590,6057,2% @ 55,https://www.monterey.courts.ca.gov/general-information/career-opportunities,,08/06/2024,Monterey,,False,
2023,Superior Court,Monterey County Superior Court,Judges & Courtroom Support,Courtroom Clerk,False,True,,57429,77022,,65880,0,0,0,65880,5908,0,0,13390,19298,2% @ 62,https://www.monterey.courts.ca.gov/general-information/career-opportunities,,08/06/2024,Monterey,,False,
2023,Superior Court,Monterey County Superior Court,"Probate, Guardianship",Probate Examiner,False,True,,74443,99757,,38542,0,27290,0,65832,3256,0,0,4605,7861,2% @ 55,https://www.monterey.courts.ca.gov/general-information/career-opportunities,,08/06/2024,Monterey,,False,
2023,Superior Court,Monterey County Superior Court,Judges & Courtroom Support,Courtroom Clerk,False,True,,57429,77022,,64253,0,0,0,64253,6094,0,0,34119,40213,2% @ 62,https://www.monterey.courts.ca.gov/general-information/career-opportunities,,08/06/2024,Monterey,,False,
2023,Superior Court,Monterey County Superior Court,Other Courtroom Operations,Court Services Coordinator,False,True,,66914,89710,,63638,290,0,0,63928,5884,0,0,18351,24235,2% @ 55,https://www.monterey.courts.ca.gov/general-information/career-opportunities,,08/06/2024,Monterey,,False,
2023,Superior Court,Monterey County Superior Court,Family & Children Services,Court Supervisor,False,True,,66914,89710,,63389,0,0,0,63389,5978,0,0,19635,25613,2% @ 55,https://www.monterey.courts.ca.gov/general-information/career-opportunities,,08/06/2024,Monterey,,False,
2023,Superior Court,Monterey County Superior Court,Traffic,Deputy Court Clerk III,False,True,,49317,66123,,61378,227,0,1456,63061,5632,0,0,12541,18173,2% @ 55,https://www.monterey.courts.ca.gov/general-information/career-opportunities,,08/06/2024,Monterey,,False,
2023,Superior Court,Monterey County Superior Court,Judges & Courtroom Support,Courtroom Clerk,False,True,,57429,77022,,57630,0,5291,0,62921,5628,0,0,26321,31949,2% @ 62,https://www.monterey.courts.ca.gov/general-information/career-opportunities,,08/06/2024,Monterey,,False,
2023,Superior Court,Monterey County Superior Court,Family & Children Services,Paralegal,False,True,,64688,86674,,61163,0,0,1396,62559,5938,0,0,34119,40057,2% @ 55,https://www.monterey.courts.ca.gov/general-information/career-opportunities,,08/06/2024,Monterey,,False,
2023,Superior Court,Monterey County Superior Court,Judges & Courtroom Support,Courtroom Clerk,False,True,,57429,77022,,58640,217,0,3600,62457,5399,0,0,590,5989,2% @ 55,https://www.monterey.courts.ca.gov/general-information/career-opportunities,,08/06/2024,Monterey,,False,
2023,Superior Court,Monterey County Superior Court,Traffic,Deputy Court Clerk III,False,True,,49317,66123,,59359,212,1930,784,62285,5727,0,0,26321,32048,2% @ 62,https://www.monterey.courts.ca.gov/general-information/career-opportunities,,08/06/2024,Monterey,,False,
2023,Superior Court,Monterey County Superior Court,Judges & Courtroom Support,Courtroom Clerk,False,True,,57429,77022,,62113,27,0,0,62140,5896,0,0,25428,31324,2% @ 62,https://www.monterey.courts.ca.gov/general-information/career-opportunities,,08/06/2024,Monterey,,False,
2023,Superior Court,Monterey County Superior Court,Information Technology,Information Technology User Support Technician I,False,True,,61838,82930,,61146,468,0,0,61614,5449,0,0,9405,14854,2% @ 55,https://www.monterey.courts.ca.gov/general-information/career-opportunities,,08/06/2024,Monterey,,False,
2023,Superior Court,Monterey County Superior Court,Finance,Fiscal Assistant II,False,True,,55494,74339,,51741,0,6716,2700,61157,4429,0,0,393,4822,2% @ 62,https://www.monterey.courts.ca.gov/general-information/career-opportunities,,08/06/2024,Monterey,,False,
2023,Superior Court,Monterey County Superior Court,Judges & Courtroom Support,Courtroom Clerk,False,True,,57429,77022,,57471,0,0,3600,61071,5060,0,0,721,5781,2% @ 55,https://www.monterey.courts.ca.gov/general-information/career-opportunities,,08/06/2024,Monterey,,False,
2023,Superior Court,Monterey County Superior Court,Family & Children Services,Deputy Court Clerk III,False,True,,49317,66123,,60745,0,0,0,60745,5505,0,0,12699,18204,2% @ 62,https://www.monterey.courts.ca.gov/general-information/career-opportunities,,08/06/2024,Monterey,,False,
2023,Superior Court,Monterey County Superior Court,Judges & Courtroom Support,Courtroom Clerk,False,True,,57429,77022,,60729,0,0,0,60729,5678,0,0,18351,24029,2% @ 55,https://www.monterey.courts.ca.gov/general-information/career-opportunities,,08/06/2024,Monterey,,False,
2023,Superior Court,Monterey County Superior Court,Finance,Fiscal Assistant II,False,True,,55494,74339,,60405,0,0,0,60405,5506,0,0,13390,18896,2% @ 62,https://www.monterey.courts.ca.gov/general-information/career-opportunities,,08/06/2024,Monterey,,False,
2023,Superior Court,Monterey County Superior Court,Jury Services,Deputy Court Clerk III,False,True,,49317,66123,,58681,0,0,1456,60137,5632,0,0,25428,31060,2% @ 62,https://www.monterey.courts.ca.gov/general-information/career-opportunities,,08/06/2024,Monterey,,False,
2023,Superior Court,Monterey County Superior Court,Judges & Courtroom Support,Courtroom Clerk,False,True,,57429,77022,,56037,440,0,3600,60077,4903,0,0,590,5493,2% @ 55,https://www.monterey.courts.ca.gov/general-information/career-opportunities,,08/06/2024,Monterey,,False,
2023,Superior Court,Monterey County Superior Court,Other Courtroom Operations,Deputy Court Clerk III,False,True,,49317,66123,,58395,0,0,1456,59851,5632,0,0,10294,15926,2% @ 62,https://www.monterey.courts.ca.gov/general-information/career-opportunities,,08/06/2024,Monterey,,False,
2023,Superior Court,Monterey County Superior Court,Criminal,Deputy Court Clerk III,False,True,,49317,66123,,59228,0,0,0,59228,5505,0,0,25659,31164,2% @ 62,https://www.monterey.courts.ca.gov/general-information/career-opportunities,,08/06/2024,Monterey,,False,
2023,Superior Court,Monterey County Superior Court,Other Courtroom Operations,Deputy Court Clerk III,False,True,,49317,66123,,59155,0,0,0,59155,5505,0,0,26321,31826,2% @ 62,https://www.monterey.courts.ca.gov/general-information/career-opportunities,,08/06/2024,Monterey,,False,
2023,Superior Court,Monterey County Superior Court,Finance,Fiscal Assistant I,False,True,,48464,64958,,58730,0,0,0,58730,5407,0,0,13640,19047,2% @ 62,https://www.monterey.courts.ca.gov/general-information/career-opportunities,,08/06/2024,Monterey,,False,
2023,Superior Court,Monterey County Superior Court,Court Interpreters,Court Interpreter,False,True,,80246,101442,,58531,0,0,0,58531,5280,0,0,10047,15327,2% @ 55,https://www.monterey.courts.ca.gov/general-information/career-opportunities,,08/06/2024,Monterey,,False,
2023,Superior Court,Monterey County Superior Court,Other Courtroom Operations,Deputy Court Clerk III,False,True,,49317,66123,,58125,136,0,0,58261,5505,0,0,34001,39506,2% @ 62,https://www.monterey.courts.ca.gov/general-information/career-opportunities,,08/06/2024,Monterey,,False,
2023,Superior Court,Monterey County Superior Court,Other Courtroom Operations,Deputy Court Clerk III,False,True,,49317,66123,,55427,363,2422,0,58212,5505,0,0,31290,36795,2% @ 62,https://www.monterey.courts.ca.gov/general-information/career-opportunities,,08/06/2024,Monterey,,False,
2023,Superior Court,Monterey County Superior Court,Judges & Courtroom Support,Courtroom Clerk,False,True,,57429,77022,,57229,0,0,672,57901,5204,0,0,12541,17745,2% @ 55,https://www.monterey.courts.ca.gov/general-information/career-opportunities,,08/06/2024,Monterey,,False,
2023,Superior Court,Monterey County Superior Court,Judges & Courtroom Support,Courtroom Clerk,False,True,,57429,77022,,57593,0,0,0,57593,5259,0,0,16704,21963,2% @ 55,https://www.monterey.courts.ca.gov/general-information/career-opportunities,,08/06/2024,Monterey,,False,
2023,Superior Court,Monterey County Superior Court,Judges & Courtroom Support,Courtroom Clerk,False,True,,57429,77022,,57418,0,0,0,57418,5333,0,0,24279,29612,2% @ 62,https://www.monterey.courts.ca.gov/general-information/career-opportunities,,08/06/2024,Monterey,,False,
2023,Superior Court,Monterey County Superior Court,Judges & Courtroom Support,Courtroom Clerk,False,True,,57429,77022,,55305,315,0,0,55620,5205,0,0,25425,30630,2% @ 55,https://www.monterey.courts.ca.gov/general-information/career-opportunities,,08/06/2024,Monterey,,False,
2023,Superior Court,Monterey County Superior Court,Judges & Courtroom Support,Courtroom Clerk,False,True,,57429,77022,,54433,419,0,672,55524,4959,0,0,12541,17500,2% @ 55,https://www.monterey.courts.ca.gov/general-information/career-opportunities,,08/06/2024,Monterey,,False,
2023,Superior Court,Monterey County Superior Court,Family & Children Services,Deputy Court Clerk III,False,True,,49317,66123,,53634,406,0,1456,55496,4969,0,0,13390,18359,2% @ 55,https://www.monterey.courts.ca.gov/general-information/career-opportunities,,08/06/2024,Monterey,,False,
2023,Superior Court,Monterey County Superior Court,Judges & Courtroom Support,Courtroom Clerk,False,True,,57429,77022,,55010,265,0,0,55275,4829,0,0,9405,14234,2% @ 62,https://www.monterey.courts.ca.gov/general-information/career-opportunities,,08/06/2024,Monterey,,False,
2023,Superior Court,Monterey County Superior Court,Family & Children Services,Deputy Court Clerk II,False,True,,43077,57782,,53433,0,0,1456,54889,4938,0,0,12541,17479,2% @ 62,https://www.monterey.courts.ca.gov/general-information/career-opportunities,,08/06/2024,Monterey,,False,
2023,Superior Court,Monterey County Superior Court,Information Technology,Information Technology User Support Technician II,False,True,,71781,96283,,53522,1159,0,0,54681,4811,0,0,9405,14216,2% @ 55,https://www.monterey.courts.ca.gov/general-information/career-opportunities,,08/06/2024,Monterey,,False,
2023,Superior Court,Monterey County Superior Court,Other Courtroom Operations,Deputy Court Clerk II,False,True,,43077,57782,,51209,0,1323,1456,53988,4938,0,0,26321,31259,2% @ 55,https://www.monterey.courts.ca.gov/general-information/career-opportunities,,08/06/2024,Monterey,,False,
2023,Superior Court,Monterey County Superior Court,Criminal,Deputy Court Clerk II,False,True,,43077,57782,,52386,0,0,1455,53841,4935,0,0,13636,18571,2% @ 55,https://www.monterey.courts.ca.gov/general-information/career-opportunities,,08/06/2024,Monterey,,False,
2023,Superior Court,Monterey County Superior Court,Other Courtroom Operations,Deputy Court Clerk II,False,True,,43077,57782,,53321,0,0,0,53321,4810,0,0,13390,18200,2% @ 55,https://www.monterey.courts.ca.gov/general-information/career-opportunities,,08/06/2024,Monterey,,False,
2023,Superior Court,Monterey County Superior Court,Judges & Courtroom Support,Courtroom Clerk,False,True,,57429,77022,,53236,15,0,0,53251,5060,0,0,26190,31250,2% @ 55,https://www.monterey.courts.ca.gov/general-information/career-opportunities,,08/06/2024,Monterey,,False,
2023,Superior Court,Monterey County Superior Court,Traffic,Deputy Court Clerk III,False,True,,49317,66123,,51347,0,0,1456,52803,4722,0,0,9405,14127,2% @ 55,https://www.monterey.courts.ca.gov/general-information/career-opportunities,,08/06/2024,Monterey,,False,
2023,Superior Court,Monterey County Superior Court,Other Courtroom Operations,Deputy Court Clerk II,False,True,,43077,57782,,52719,0,0,0,52719,4810,0,0,13477,18287,2% @ 62,https://www.monterey.courts.ca.gov/general-information/career-opportunities,,08/06/2024,Monterey,,False,
2023,Superior Court,Monterey County Superior Court,Family & Children Services,Deputy Court Clerk II,False,True,,43077,57782,,51133,0,0,1456,52589,4938,0,0,26152,31090,2% @ 62,https://www.monterey.courts.ca.gov/general-information/career-opportunities,,08/06/2024,Monterey,,False,
2023,Superior Court,Monterey County Superior Court,Other Courtroom Operations,Deputy Court Clerk III,False,True,,49317,66123,,51026,0,0,1287,52313,4940,0,0,23740,28680,2% @ 62,https://www.monterey.courts.ca.gov/general-information/career-opportunities,,08/06/2024,Monterey,,False,
2023,Superior Court,Monterey County Superior Court,Judges & Courtroom Support,Courtroom Clerk,False,True,,57429,77022,,52142,0,0,0,52142,4714,0,0,13390,18104,2% @ 55,https://www.monterey.courts.ca.gov/general-information/career-opportunities,,08/06/2024,Monterey,,False,
2023,Superior Court,Monterey County Superior Court,Criminal,Deputy Court Clerk III,False,True,,49317,66123,,50152,411,0,1413,51976,5212,0,0,33260,38472,2% @ 55,https://www.monterey.courts.ca.gov/general-information/career-opportunities,,08/06/2024,Monterey,,False,
2023,Superior Court,Monterey County Superior Court,Family & Children Services,Deputy Court Clerk III,False,True,,49317,66123,,46496,0,0,5056,51552,4286,0,0,839,5125,2% @ 55,https://www.monterey.courts.ca.gov/general-information/career-opportunities,,08/06/2024,Monterey,,False,
2023,Superior Court,Monterey County Superior Court,Criminal,Deputy Court Clerk II,False,True,,43077,57782,,51209,0,0,0,51209,4810,0,0,26321,31131,2% @ 55,https://www.monterey.courts.ca.gov/general-information/career-opportunities,,08/06/2024,Monterey,,False,
2023,Superior Court,Monterey County Superior Court,Traffic,Deputy Court Clerk II,False,True,,43077,57782,,48474,1179,0,1453,51106,4516,0,0,13390,17906,2% @ 55,https://www.monterey.courts.ca.gov/general-information/career-opportunities,,08/06/2024,Monterey,,False,
2023,Superior Court,Monterey County Superior Court,Other Courtroom Operations,Deputy Court Clerk II,False,True,,43077,57782,,50884,0,0,0,50884,4810,0,0,13390,18200,2% @ 55,https://www.monterey.courts.ca.gov/general-information/career-opportunities,,08/06/2024,Monterey,,False,
2023,Superior Court,Monterey County Superior Court,Criminal,Deputy Court Clerk II,False,True,,43077,57782,,50445,357,0,0,50802,4800,0,0,23759,28559,2% @ 55,https://www.monterey.courts.ca.gov/general-information/career-opportunities,,08/06/2024,Monterey,,False,
2023,Superior Court,Monterey County Superior Court,Other Courtroom Operations,Deputy Court Clerk III,False,True,,49317,66123,,45717,0,0,5056,50773,4136,0,0,590,4726,2% @ 55,https://www.monterey.courts.ca.gov/general-information/career-opportunities,,08/06/2024,Monterey,,False,
2023,Superior Court,Monterey County Superior Court,Family & Children Services,Deputy Court Clerk II,False,True,,43077,57782,,50579,170,0,0,50749,4571,0,0,13390,17961,2% @ 55,https://www.monterey.courts.ca.gov/general-information/career-opportunities,,08/06/2024,Monterey,,False,
2023,Superior Court,Monterey County Superior Court,Civil,Deputy Court Clerk II,False,True,,43077,57782,,48300,582,0,1452,50334,4806,0,0,31915,36721,2% @ 55,https://www.monterey.courts.ca.gov/general-information/career-opportunities,,08/06/2024,Monterey,,False,
2023,Superior Court,Monterey County Superior Court,Criminal,Deputy Court Clerk III,False,True,,49317,66123,,49841,373,0,0,50214,4592,0,0,12791,17383,2% @ 55,https://www.monterey.courts.ca.gov/general-information/career-opportunities,,08/06/2024,Monterey,,False,
2023,Superior Court,Monterey County Superior Court,Jury Services,Deputy Court Clerk II,False,True,,43077,57782,,48622,0,0,1388,50010,4747,0,0,13640,18387,2% @ 62,https://www.monterey.courts.ca.gov/general-information/career-opportunities,,08/06/2024,Monterey,,False,
2023,Superior Court,Monterey County Superior Court,Criminal,Deputy Court Clerk II,False,True,,43077,57782,,44313,0,0,5056,49369,4004,0,0,590,4594,2% @ 55,https://www.monterey.courts.ca.gov/general-information/career-opportunities,,08/06/2024,Monterey,,False,
2023,Superior Court,Monterey County Superior Court,"Probate, Guardianship",Deputy Court Clerk II,False,True,,43077,57782,,49047,318,0,0,49365,4810,0,0,34119,38929,2% @ 62,https://www.monterey.courts.ca.gov/general-information/career-opportunities,,08/06/2024,Monterey,,False,
2023,Superior Court,Monterey County Superior Court,Judges & Courtroom Support,Courtroom Clerk,False,True,,57429,77022,,49282,0,0,0,49282,4907,0,0,26321,31228,2% @ 62,https://www.monterey.courts.ca.gov/general-information/career-opportunities,,08/06/2024,Monterey,,False,
2023,Superior Court,Monterey County Superior Court,Traffic,Deputy Court Clerk II,False,True,,43077,57782,,43689,0,0,5054,48743,3949,0,0,590,4539,2% @ 55,https://www.monterey.courts.ca.gov/general-information/career-opportunities,,08/06/2024,Monterey,,False,
2023,Superior Court,Monterey County Superior Court,Information Technology,Software Engineer I,False,True,,82971,111176,,45619,503,2396,0,48518,3850,0,0,5070,8920,2% @ 55,https://www.monterey.courts.ca.gov/general-information/career-opportunities,,08/06/2024,Monterey,,False,
2023,Superior Court,Monterey County Superior Court,Judges & Courtroom Support,Courtroom Clerk,False,True,,57429,77022,,44125,2798,0,1456,48379,4137,0,0,13390,17527,2% @ 55,https://www.monterey.courts.ca.gov/general-information/career-opportunities,,08/06/2024,Monterey,,False,
2023,Superior Court,Monterey County Superior Court,Criminal,Deputy Court Clerk II,False,True,,43077,57782,,46427,0,0,1456,47883,4938,0,0,33260,38198,2% @ 62,https://www.monterey.courts.ca.gov/general-information/career-opportunities,,08/06/2024,Monterey,,False,
2023,Superior Court,Monterey County Superior Court,Family & Children Services,Deputy Court Clerk II,False,True,,43077,57782,,42588,0,0,4999,47587,3890,0,0,639,4529,2% @ 55,https://www.monterey.courts.ca.gov/general-information/career-opportunities,,08/06/2024,Monterey,,False,
2023,Superior Court,Monterey County Superior Court,Criminal,Deputy Court Clerk II,False,True,,43077,57782,,43166,0,0,3856,47022,3945,0,0,4319,8264,2% @ 55,https://www.monterey.courts.ca.gov/general-information/career-opportunities,,08/06/2024,Monterey,,False,
2023,Superior Court,Monterey County Superior Court,Criminal,Deputy Court Clerk II,False,True,,43077,57782,,46198,762,0,0,46960,4480,0,0,31915,36395,2% @ 55,https://www.monterey.courts.ca.gov/general-information/career-opportunities,,08/06/2024,Monterey,,False,
2023,Superior Court,Monterey County Superior Court,Criminal,Deputy Court Clerk II,False,True,,43077,57782,,43077,0,0,3600,46677,3765,0,0,639,4404,2% @ 55,https://www.monterey.courts.ca.gov/general-information/career-opportunities,,08/06/2024,Monterey,,False,
2023,Superior Court,Monterey County Superior Court,Criminal,Deputy Court Clerk II,False,True,,43077,57782,,45040,0,0,1420,46460,4814,0,0,31915,36729,2% @ 62,https://www.monterey.courts.ca.gov/general-information/career-opportunities,,08/06/2024,Monterey,,False,
2023,Superior Court,Monterey County Superior Court,Other Courtroom Operations,Deputy Court Clerk II,False,True,,43077,57782,,43873,620,0,1456,45949,4066,0,0,9405,13471,2% @ 55,https://www.monterey.courts.ca.gov/general-information/career-opportunities,,08/06/2024,Monterey,,False,
2023,Superior Court,Monterey County Superior Court,Criminal,Deputy Court Clerk III,False,True,,49317,66123,,45295,0,0,0,45295,4132,0,0,10047,14179,2% @ 55,https://www.monterey.courts.ca.gov/general-information/career-opportunities,,08/06/2024,Monterey,,False,
2023,Superior Court,Monterey County Superior Court,Other Courtroom Operations,Court Supervisor,False,True,,66914,89710,,45162,0,0,0,45162,4221,0,0,28916,33137,2% @ 55,https://www.monterey.courts.ca.gov/general-information/career-opportunities,,08/06/2024,Monterey,,False,
2023,Superior Court,Monterey County Superior Court,Criminal,Court Supervisor,False,True,,66914,89710,,29930,0,14950,0,44880,2604,0,0,7477,10081,2% @ 62,https://www.monterey.courts.ca.gov/general-information/career-opportunities,,08/06/2024,Monterey,,False,
2023,Superior Court,Monterey County Superior Court,Traffic,Deputy Court Clerk II,False,True,,43077,57782,,43296,0,0,1456,44752,4018,0,0,9405,13423,2% @ 55,https://www.monterey.courts.ca.gov/general-information/career-opportunities,,08/06/2024,Monterey,,False,
2023,Superior Court,Monterey County Superior Court,General Services,General Services Technician,False,True,,42661,57179,,43860,73,0,0,43933,3941,0,0,9764,13705,2% @ 55,https://www.monterey.courts.ca.gov/general-information/career-opportunities,,08/06/2024,Monterey,,False,
2023,Superior Court,Monterey County Superior Court,General Services,General Services Technician,False,True,,42661,57179,,43437,65,0,0,43502,3903,0,0,9405,13308,2% @ 55,https://www.monterey.courts.ca.gov/general-information/career-opportunities,,08/06/2024,Monterey,,False,
2023,Superior Court,Monterey County Superior Court,Criminal,Deputy Court Clerk II,False,True,,43077,57782,,41636,0,0,1456,43092,4011,0,0,18351,22362,2% @ 55,https://www.monterey.courts.ca.gov/general-information/career-opportunities,,08/06/2024,Monterey,,False,
2023,Superior Court,Monterey County Superior Court,Criminal,Deputy Court Clerk II,False,True,,43077,57782,,41337,0,0,1456,42793,3892,0,0,13584,17476,2% @ 55,https://www.monterey.courts.ca.gov/general-information/career-opportunities,,08/06/2024,Monterey,,False,
2023,Superior Court,Monterey County Superior Court,Criminal,Deputy Court Clerk II,False,True,,43077,57782,,41175,0,0,1420,42595,3959,0,0,18351,22310,2% @ 55,https://www.monterey.courts.ca.gov/general-information/career-opportunities,,08/06/2024,Monterey,,False,
2023,Superior Court,Monterey County Superior Court,Family & Children Services,Deputy Court Clerk II,False,True,,43077,57782,,40164,264,0,1394,41822,3735,0,0,8582,12317,2% @ 55,https://www.monterey.courts.ca.gov/general-information/career-opportunities,,08/06/2024,Monterey,,False,
2023,Superior Court,Monterey County Superior Court,Other Courtroom Operations,Deputy Court Clerk III,False,True,,49317,66123,,40289,224,0,1160,41673,3771,0,0,9405,13176,2% @ 55,https://www.monterey.courts.ca.gov/general-information/career-opportunities,,08/06/2024,Monterey,,False,
2023,Superior Court,Monterey County Superior Court,Judges & Courtroom Support,Courtroom Clerk,False,True,,57429,77022,,40073,0,0,1394,41467,3735,0,0,9405,13140,2% @ 55,https://www.monterey.courts.ca.gov/general-information/career-opportunities,,08/06/2024,Monterey,,False,
2023,Superior Court,Monterey County Superior Court,Traffic,Deputy Court Clerk II,False,True,,43077,57782,,38800,1180,0,1351,41331,3626,0,0,9434,13060,2% @ 55,https://www.monterey.courts.ca.gov/general-information/career-opportunities,,08/06/2024,Monterey,,False,
2023,Superior Court,Monterey County Superior Court,Other Courtroom Operations,Deputy Court Clerk II,False,True,,43077,57782,,39672,147,0,0,39819,3945,0,0,34119,38064,2% @ 55,https://www.monterey.courts.ca.gov/general-information/career-opportunities,,08/06/2024,Monterey,,False,
2023,Superior Court,Monterey County Superior Court,Family & Children Services,Deputy Court Clerk II,False,True,,43077,57782,,35773,0,0,1334,37107,3583,0,0,23759,27342,2% @ 55,https://www.monterey.courts.ca.gov/general-information/career-opportunities,,08/06/2024,Monterey,,False,
2023,Superior Court,Monterey County Superior Court,Traffic,Deputy Court Clerk II,False,True,,43077,57782,,29281,0,0,4615,33896,2713,0,0,590,3303,2% @ 55,https://www.monterey.courts.ca.gov/general-information/career-opportunities,,08/06/2024,Monterey,,False,
2023,Superior Court,Monterey County Superior Court,Criminal,Deputy Court Clerk II,False,True,,43077,57782,,33528,0,0,0,33528,3087,0,0,13390,16477,2% @ 62,https://www.monterey.courts.ca.gov/general-information/career-opportunities,,08/06/2024,Monterey,,False,
2023,Superior Court,Monterey County Superior Court,Finance,Supervising Accountant,False,True,,76107,102024,,33373,0,0,0,33373,3288,0,0,12369,15657,2% @ 62,https://www.monterey.courts.ca.gov/general-information/career-opportunities,,08/06/2024,Monterey,,False,
2023,Superior Court,Monterey County Superior Court,Other Courtroom Operations,Deputy Court Clerk II,False,True,,43077,57782,,31319,0,0,0,31319,3076,0,0,24138,27214,2% @ 55,https://www.monterey.courts.ca.gov/general-information/career-opportunities,,08/06/2024,Monterey,,False,
2023,Superior Court,Monterey County Superior Court,Other Courtroom Operations,Deputy Court Clerk III,False,True,,49317,66123,,28707,0,563,0,29270,2472,0,0,5381,7853,2% @ 55,https://www.monterey.courts.ca.gov/general-information/career-opportunities,,08/06/2024,Monterey,,False,
2023,Superior Court,Monterey County Superior Court,Judge's Retire System Member,"Judge, Superior Court",True,True,,228979,238479,,29794,0,0,-557,29237,0,0,0,3869,3869,Judicial Retirement System,https://www.monterey.courts.ca.gov/general-information/career-opportunities,,08/06/2024,Monterey,,False,
2023,Superior Court,Monterey County Superior Court,Traffic,Deputy Court Clerk II,False,True,,43077,57782,,26510,0,0,918,27428,2838,0,0,34119,36957,2% @ 55,https://www.monterey.courts.ca.gov/general-information/career-opportunities,,08/06/2024,Monterey,,False,
2023,Superior Court,Monterey County Superior Court,Criminal,Deputy Court Clerk II,False,True,,43077,57782,,25724,0,0,896,26620,2467,0,0,6302,8769,2% @ 55,https://www.monterey.courts.ca.gov/general-information/career-opportunities,,08/06/2024,Monterey,,False,
2023,Superior Court,Monterey County Superior Court,Criminal,Deputy Court Clerk II,False,True,,43077,57782,,25724,0,0,896,26620,2467,0,0,6302,8769,2% @ 55,https://www.monterey.courts.ca.gov/general-information/career-opportunities,,08/06/2024,Monterey,,False,
2023,Superior Court,Monterey County Superior Court,Criminal,Deputy Court Clerk II,False,True,,43077,57782,,26136,0,215,0,26351,2262,0,0,5381,7643,2% @ 55,https://www.monterey.courts.ca.gov/general-information/career-opportunities,,08/06/2024,Monterey,,False,
2023,Superior Court,Monterey County Superior Court,Family & Children Services,Deputy Court Clerk II,False,True,,43077,57782,,23330,124,435,812,24701,2066,0,0,5381,7447,2% @ 55,https://www.monterey.courts.ca.gov/general-information/career-opportunities,,08/06/2024,Monterey,,False,
2023,Superior Court,Monterey County Superior Court,Juvenile Delinquency,Deputy Court Clerk III,False,True,,49317,66123,,24444,0,0,0,24444,2506,0,0,30155,32661,2% @ 55,https://www.monterey.courts.ca.gov/general-information/career-opportunities,,08/06/2024,Monterey,,False,
2023,Superior Court,Monterey County Superior Court,Judges & Courtroom Support,Courtroom Clerk,False,True,,57429,77022,,24434,0,0,0,24434,2854,0,0,26321,29175,2% @ 62,https://www.monterey.courts.ca.gov/general-information/career-opportunities,,08/06/2024,Monterey,,False,
2023,Superior Court,Monterey County Superior Court,Criminal,Deputy Court Clerk II,False,True,,43077,57782,,23803,0,0,0,23803,2362,0,0,13059,15421,2% @ 62,https://www.monterey.courts.ca.gov/general-information/career-opportunities,,08/06/2024,Monterey,,False,
2023,Superior Court,Monterey County Superior Court,Traffic,Deputy Court Clerk II,False,True,,43077,57782,,22478,0,0,783,23261,2179,0,0,5526,7705,2% @ 55,https://www.monterey.courts.ca.gov/general-information/career-opportunities,,08/06/2024,Monterey,,False,
2023,Superior Court,Monterey County Superior Court,Criminal,Deputy Court Clerk II,False,True,,43077,57782,,19964,0,745,2322,23031,1717,0,0,246,1963,2% @ 55,https://www.monterey.courts.ca.gov/general-information/career-opportunities,,08/06/2024,Monterey,,False,
2023,Superior Court,Monterey County Superior Court,Family & Children Services,Deputy Court Clerk II,False,True,,43077,57782,,9975,0,12937,0,22912,881,0,0,4284,5165,2% @ 62,https://www.monterey.courts.ca.gov/general-information/career-opportunities,,08/06/2024,Monterey,,False,
2023,Superior Court,Monterey County Superior Court,Criminal,Deputy Court Clerk II,False,True,,43077,57782,,20746,8,208,1500,22462,1921,0,0,490,2411,2% @ 62,https://www.monterey.courts.ca.gov/general-information/career-opportunities,,08/06/2024,Monterey,,False,
2023,Superior Court,Monterey County Superior Court,Criminal,Court Supervisor,False,True,,66914,89710,,19296,0,3020,0,22316,1641,0,0,2445,4086,2% @ 62,https://www.monterey.courts.ca.gov/general-information/career-opportunities,,08/06/2024,Monterey,,False,
2023,Superior Court,Monterey County Superior Court,Criminal,Deputy Court Clerk II,False,True,,43077,57782,,20845,0,541,728,22114,1853,0,0,5381,7234,2% @ 55,https://www.monterey.courts.ca.gov/general-information/career-opportunities,,08/06/2024,Monterey,,False,
2023,Superior Court,Monterey County Superior Court,Family & Children Services,Deputy Court Clerk II,False,True,,43077,57782,,19287,0,871,672,20830,1710,0,0,4605,6315,2% @ 55,https://www.monterey.courts.ca.gov/general-information/career-opportunities,,08/06/2024,Monterey,,False,
2023,Superior Court,Monterey County Superior Court,Executive Office,Executive Assistant,False,True,,60882,84115,,20219,0,0,0,20219,2004,0,0,8667,10671,2% @ 55,https://www.monterey.courts.ca.gov/general-information/career-opportunities,,08/06/2024,Monterey,,False,
2023,Superior Court,Monterey County Superior Court,Criminal,Deputy Court Clerk II,False,True,,43077,57782,,19031,0,126,576,19733,1858,0,0,13194,15052,2% @ 55,https://www.monterey.courts.ca.gov/general-information/career-opportunities,,08/06/2024,Monterey,,False,
2023,Superior Court,Monterey County Superior Court,Information Technology,Information Technology User Support Technician II,False,True,,71781,96283,,3358,0,16155,0,19513,279,0,0,0,279,2% @ 62,https://www.monterey.courts.ca.gov/general-information/career-opportunities,,08/06/2024,Monterey,,False,
2023,Superior Court,Monterey County Superior Court,Other Courtroom Operations,Deputy Court Clerk III,False,True,,49317,66123,,19153,0,0,0,19153,3313,0,0,12541,15854,2% @ 62,https://www.monterey.courts.ca.gov/general-information/career-opportunities,,08/06/2024,Monterey,,False,
2023,Superior Court,Monterey County Superior Court,Executive Office,Court Supervisor,False,True,,66914,89710,,19143,0,0,0,19143,0,0,0,0,0,N/A,https://www.monterey.courts.ca.gov/general-information/career-opportunities,,08/06/2024,Monterey,,False,
2023,Superior Court,Monterey County Superior Court,Criminal,Deputy Court Clerk II,False,True,,43077,57782,,16568,0,0,1854,18422,1576,0,0,295,1871,2% @ 55,https://www.monterey.courts.ca.gov/general-information/career-opportunities,,08/06/2024,Monterey,,False,
2023,Superior Court,Monterey County Superior Court,Family & Children Services,Deputy Court Clerk II,False,True,,43077,57782,,16492,0,0,1907,18399,1574,0,0,295,1869,2% @ 55,https://www.monterey.courts.ca.gov/general-information/career-opportunities,,08/06/2024,Monterey,,False,
2023,Superior Court,Monterey County Superior Court,Other Courtroom Operations,Deputy Court Clerk II,False,True,,43077,57782,,17179,124,0,663,17966,1819,0,0,16885,18704,2% @ 55,https://www.monterey.courts.ca.gov/general-information/career-opportunities,,08/06/2024,Monterey,,False,
2023,Superior Court,Monterey County Superior Court,Family & Children Services,Deputy Court Clerk II,False,True,,43077,57782,,16568,528,0,560,17656,1581,0,0,295,1876,2% @ 55,https://www.monterey.courts.ca.gov/general-information/career-opportunities,,08/06/2024,Monterey,,False,
2023,Superior Court,Monterey County Superior Court,Family & Children Services,Deputy Court Clerk II,False,True,,43077,57782,,15981,0,1121,0,17102,1371,0,0,3829,5200,2% @ 55,https://www.monterey.courts.ca.gov/general-information/career-opportunities,,08/06/2024,Monterey,,False,
2023,Superior Court,Monterey County Superior Court,Criminal,Deputy Court Clerk II,False,True,,43077,57782,,15981,0,0,504,16485,1576,0,0,4751,6327,2% @ 55,https://www.monterey.courts.ca.gov/general-information/career-opportunities,,08/06/2024,Monterey,,False,
2023,Superior Court,Monterey County Superior Court,Executive Office,Administrative Assistant-Confidential,False,True,,54808,76461,,11985,0,2882,336,15203,1080,0,0,3267,4347,2% @ 55,https://www.monterey.courts.ca.gov/general-information/career-opportunities,,08/06/2024,Monterey,,False,
2023,Superior Court,Monterey County Superior Court,Criminal,Deputy Court Clerk II,False,True,,43077,57782,,14423,0,0,336,14759,1407,0,0,3975,5382,2% @ 55,https://www.monterey.courts.ca.gov/general-information/career-opportunities,,08/06/2024,Monterey,,False,
2023,Superior Court,Monterey County Superior Court,Family & Children Services,Deputy Court Clerk II,False,True,,43077,57782,,14423,0,0,336,14759,1407,0,0,3975,5382,2% @ 55,https://www.monterey.courts.ca.gov/general-information/career-opportunities,,08/06/2024,Monterey,,False,
2023,Superior Court,Monterey County Superior Court,Other Courtroom Operations,Deputy Court Clerk II,False,True,,43077,57782,,13341,0,64,484,13889,1233,0,0,7462,8695,2% @ 62,https://www.monterey.courts.ca.gov/general-information/career-opportunities,,08/06/2024,Monterey,,False,
2023,Superior Court,Monterey County Superior Court,Other Courtroom Operations,Deputy Court Clerk II,False,True,,43077,57782,,12373,0,0,323,12696,1217,0,0,3975,5192,2% @ 55,https://www.monterey.courts.ca.gov/general-information/career-opportunities,,08/06/2024,Monterey,,False,
2023,Superior Court,Monterey County Superior Court,Juvenile Dependency,Deputy Court Clerk II,False,True,,43077,57782,,12039,0,174,0,12213,1172,0,0,7888,9060,2% @ 62,https://www.monterey.courts.ca.gov/general-information/career-opportunities,,08/06/2024,Monterey,,False,
2023,Superior Court,Monterey County Superior Court,Criminal,Deputy Court Clerk II,False,True,,43077,57782,,11598,0,0,336,11934,1101,0,0,197,1298,2% @ 55,https://www.monterey.courts.ca.gov/general-information/career-opportunities,,08/06/2024,Monterey,,False,
2023,Superior Court,Monterey County Superior Court,Criminal,Deputy Court Clerk II,False,True,,43077,57782,,11209,0,0,336,11545,1101,0,0,3199,4300,2% @ 55,https://www.monterey.courts.ca.gov/general-information/career-opportunities,,08/06/2024,Monterey,,False,
2023,Superior Court,Monterey County Superior Court,Finance,Fiscal Assistant I,False,True,,48464,64958,,11209,124,0,0,11333,1070,0,0,3199,4269,2% @ 55,https://www.monterey.courts.ca.gov/general-information/career-opportunities,,08/06/2024,Monterey,,False,
2023,Superior Court,Monterey County Superior Court,Family & Children Services,Deputy Court Clerk II,False,True,,43077,57782,,11209,16,0,0,11225,1070,0,0,3199,4269,2% @ 55,https://www.monterey.courts.ca.gov/general-information/career-opportunities,,08/06/2024,Monterey,,False,
2023,Superior Court,Monterey County Superior Court,Criminal,Deputy Court Clerk II,False,True,,43077,57782,,10412,0,0,0,10412,974,0,0,147,1121,2% @ 62,https://www.monterey.courts.ca.gov/general-information/career-opportunities,,08/06/2024,Monterey,,False,
2023,Superior Court,Monterey County Superior Court,Criminal,Deputy Court Clerk II,False,True,,43077,57782,,9081,0,0,0,9081,910,0,0,6202,7112,2% @ 55,https://www.monterey.courts.ca.gov/general-information/career-opportunities,,08/06/2024,Monterey,,False,
2023,Superior Court,Monterey County Superior Court,Family & Children Services,Deputy Court Clerk II,False,True,,43077,57782,,7987,0,383,0,8370,704,0,0,2278,2982,2% @ 62,https://www.monterey.courts.ca.gov/general-information/career-opportunities,,08/06/2024,Monterey,,False,
2023,Superior Court,Monterey County Superior Court,Human Resources,Human Resources Analyst,False,True,,78686,105602,,7645,0,0,490,8135,714,0,0,922,1636,2% @ 55,https://www.monterey.courts.ca.gov/general-information/career-opportunities,,08/06/2024,Monterey,,False,
2023,Superior Court,Monterey County Superior Court,Other Courtroom Operations,Deputy Court Clerk II,False,True,,43077,57782,,6154,62,0,1050,7266,460,0,0,147,607,2% @ 55,https://www.monterey.courts.ca.gov/general-information/career-opportunities,,08/06/2024,Monterey,,False,
2023,Superior Court,Monterey County Superior Court,Criminal,Deputy Court Clerk II,False,True,,43077,57782,,6528,0,307,224,7059,570,0,0,776,1346,2% @ 62,https://www.monterey.courts.ca.gov/general-information/career-opportunities,,08/06/2024,Monterey,,False,
2023,Superior Court,Monterey County Superior Court,Executive Office,Operations Manager,False,True,,98883,132579,,6317,0,0,0,6317,0,0,0,0,0,N/A,https://www.monterey.courts.ca.gov/general-information/career-opportunities,,08/06/2024,Monterey,,False,
2023,Superior Court,Monterey County Superior Court,Family & Children Services,Mediator/CCRC,False,True,,93267,124987,,4152,0,0,150,4302,383,0,0,98,481,2% @ 55,https://www.monterey.courts.ca.gov/general-information/career-opportunities,,08/06/2024,Monterey,,False,
2023,Superior Court,Monterey County Superior Court,Criminal,Deputy Court Clerk II,False,True,,43077,57782,,1919,0,194,0,2113,160,0,0,0,160,2% @ 62,https://www.monterey.courts.ca.gov/general-information/career-opportunities,,08/06/2024,Monterey,,False,
2023,Superior Court,Monterey County Superior Court,Other Courtroom Operations,Deputy Court Clerk II,False,True,,43077,57782,,1218,0,0,0,1218,101,0,0,0,101,2% @ 62,https://www.monterey.courts.ca.gov/general-information/career-opportunities,,08/06/2024,Monterey,,False,
2023,Superior Court,Monterey County Superior Court,Other Courtroom Operations,Deputy Court Clerk II,False,True,,43077,57782,,497,0,0,0,497,0,0,0,0,0,2% @ 62,https://www.monterey.courts.ca.gov/general-information/career-opportunities,,08/06/2024,Monterey,,False,

