﻿Year,EmployerType,EmployerName,DepartmentOrSubdivision,Position,ElectedOfficial,Judicial,OtherPositions,MinPositionSalary,MaxPositionSalary,ReportedBaseWage,RegularPay,OvertimePay,LumpSumPay,OtherPay,TotalWages,DefinedBenefitPlanContribution,EmployeesRetirementCostCovered,DeferredCompensationPlan,HealthDentalVision,TotalRetirementAndHealthContribution,PensionFormula,EmployerURL,EmployerPopulation,LastUpdatedDate,EmployerCounty,SpecialDistrictActivities,IncludesUnfundedLiability,SpecialDistrictType
2023,Superior Court,San Joaquin County Superior Court,Executive Office,Court Executive Officer,False,True,,220125,267563,,201598,0,8466,25261,235325,115200,,10080,2054,127334,2%@55.5,https://www.sjcourts.org/,,08/06/2024,San Joaquin,,False,
2023,Superior Court,San Joaquin County Superior Court,Judge's Retire System Member,"Judge, Superior Court",True,True,,228979,238479,,231136,0,0,0,231136,0,,,9338,9338,Judicial Retirement System,https://www.sjcourts.org/,,08/06/2024,San Joaquin,,False,
2023,Superior Court,San Joaquin County Superior Court,Judge's Retire System Member,"Judge, Superior Court",True,True,,228979,238479,,230988,0,0,0,230988,0,,,18221,18221,Judicial Retirement System,https://www.sjcourts.org/,,08/06/2024,San Joaquin,,False,
2023,Superior Court,San Joaquin County Superior Court,Judge's Retire System Member,"Judge, Superior Court",True,True,,228979,238479,,193456,0,37252,261,230969,9416,,,9177,18593,Judicial Retirement System,https://www.sjcourts.org/,,08/06/2024,San Joaquin,,False,
2023,Superior Court,San Joaquin County Superior Court,Judge's Retire System Member,"Judge, Superior Court",True,True,,228979,238479,,230198,0,0,0,230198,0,,,9396,9396,Judicial Retirement System,https://www.sjcourts.org/,,08/06/2024,San Joaquin,,False,
2023,Superior Court,San Joaquin County Superior Court,Judge's Retire System Member,"Judge, Superior Court",True,True,,228979,238479,,230097,0,0,0,230097,0,,,9338,9338,Judicial Retirement System,https://www.sjcourts.org/,,08/06/2024,San Joaquin,,False,
2023,Superior Court,San Joaquin County Superior Court,Judge's Retire System Member,"Judge, Superior Court",True,True,,228979,238479,,230045,0,0,0,230045,0,,,9857,9857,Judicial Retirement System,https://www.sjcourts.org/,,08/06/2024,San Joaquin,,False,
2023,Superior Court,San Joaquin County Superior Court,Judge's Retire System Member,"Judge, Superior Court",True,True,,228979,238479,,228298,0,0,0,228298,0,,,18221,18221,Judicial Retirement System,https://www.sjcourts.org/,,08/06/2024,San Joaquin,,False,
2023,Superior Court,San Joaquin County Superior Court,Judge's Retire System Member,"Judge, Superior Court",True,True,,228979,238479,,228056,0,0,0,228056,0,,,18221,18221,Judicial Retirement System,https://www.sjcourts.org/,,08/06/2024,San Joaquin,,False,
2023,Superior Court,San Joaquin County Superior Court,Judge's Retire System Member,"Judge, Superior Court",True,True,,228979,238479,,227894,0,0,0,227894,0,,,18097,18097,Judicial Retirement System,https://www.sjcourts.org/,,08/06/2024,San Joaquin,,False,
2023,Superior Court,San Joaquin County Superior Court,Judge's Retire System Member,"Judge, Superior Court",True,True,,228979,238479,,227126,0,0,0,227126,0,,,9396,9396,Judicial Retirement System,https://www.sjcourts.org/,,08/06/2024,San Joaquin,,False,
2023,Superior Court,San Joaquin County Superior Court,Judge's Retire System Member,"Judge, Superior Court",True,True,,228979,238479,,226939,0,0,48,226987,0,,,23283,23283,Judicial Retirement System,https://www.sjcourts.org/,,08/06/2024,San Joaquin,,False,
2023,Superior Court,San Joaquin County Superior Court,Judge's Retire System Member,"Judge, Superior Court",True,True,,228979,238479,,226880,0,0,0,226880,0,,,23376,23376,Judicial Retirement System,https://www.sjcourts.org/,,08/06/2024,San Joaquin,,False,
2023,Superior Court,San Joaquin County Superior Court,Judge's Retire System Member,"Judge, Superior Court",True,True,,228979,238479,,226828,0,0,0,226828,0,,,18221,18221,Judicial Retirement System,https://www.sjcourts.org/,,08/06/2024,San Joaquin,,False,
2023,Superior Court,San Joaquin County Superior Court,Judge's Retire System Member,"Judge, Superior Court",True,True,,228979,238479,,226702,0,0,0,226702,0,,,18600,18600,Judicial Retirement System,https://www.sjcourts.org/,,08/06/2024,San Joaquin,,False,
2023,Superior Court,San Joaquin County Superior Court,Judge's Retire System Member,"Judge, Superior Court",True,True,,228979,238479,,226554,0,0,0,226554,0,,,23376,23376,Judicial Retirement System,https://www.sjcourts.org/,,08/06/2024,San Joaquin,,False,
2023,Superior Court,San Joaquin County Superior Court,Judge's Retire System Member,"Judge, Superior Court",True,True,,228979,238479,,226403,0,0,0,226403,0,,,23376,23376,Judicial Retirement System,https://www.sjcourts.org/,,08/06/2024,San Joaquin,,False,
2023,Superior Court,San Joaquin County Superior Court,Judge's Retire System Member,"Judge, Superior Court",True,True,,228979,238479,,226394,0,0,0,226394,0,,,23283,23283,Judicial Retirement System,https://www.sjcourts.org/,,08/06/2024,San Joaquin,,False,
2023,Superior Court,San Joaquin County Superior Court,Judge's Retire System Member,"Judge, Superior Court",True,True,,228979,238479,,226239,0,0,0,226239,0,,,23376,23376,Judicial Retirement System,https://www.sjcourts.org/,,08/06/2024,San Joaquin,,False,
2023,Superior Court,San Joaquin County Superior Court,Judge's Retire System Member,"Judge, Superior Court",True,True,,228979,238479,,224754,0,0,0,224754,0,,,23376,23376,Judicial Retirement System,https://www.sjcourts.org/,,08/06/2024,San Joaquin,,False,
2023,Superior Court,San Joaquin County Superior Court,Judge's Retire System Member,"Judge, Superior Court",True,True,,228979,238479,,223819,0,0,0,223819,0,,,14736,14736,Judicial Retirement System,https://www.sjcourts.org/,,08/06/2024,San Joaquin,,False,
2023,Superior Court,San Joaquin County Superior Court,Judge's Retire System Member,"Judge, Superior Court",True,True,,228979,238479,,222304,0,0,0,222304,0,,,18221,18221,Judicial Retirement System,https://www.sjcourts.org/,,08/06/2024,San Joaquin,,False,
2023,Superior Court,San Joaquin County Superior Court,Judge's Retire System Member,"Judge, Superior Court",True,True,,228979,238479,,222176,0,0,0,222176,0,,,23376,23376,Judicial Retirement System,https://www.sjcourts.org/,,08/06/2024,San Joaquin,,False,
2023,Superior Court,San Joaquin County Superior Court,Judge's Retire System Member,"Judge, Superior Court",True,True,,228979,238479,,219353,0,0,0,219353,0,,,23376,23376,Judicial Retirement System,https://www.sjcourts.org/,,08/06/2024,San Joaquin,,False,
2023,Superior Court,San Joaquin County Superior Court,Judge's Retire System Member,"Judge, Superior Court",True,True,,228979,238479,,219118,0,0,-34,219084,0,,,23283,23283,Judicial Retirement System,https://www.sjcourts.org/,,08/06/2024,San Joaquin,,False,
2023,Superior Court,San Joaquin County Superior Court,Judge's Retire System Member,"Judge, Superior Court",True,True,,228979,238479,,214808,0,0,-1982,212826,0,,,23376,23376,Judicial Retirement System,https://www.sjcourts.org/,,08/06/2024,San Joaquin,,False,
2023,Superior Court,San Joaquin County Superior Court,Courtroom Support - Stockton,Court Commissioner,False,True,,197538,202717,,197791,0,0,0,197791,95988,,0,25638,121626,2%@55.5,https://www.sjcourts.org/,,08/06/2024,San Joaquin,,False,
2023,Superior Court,San Joaquin County Superior Court,Courtroom Support - Stockton,Family Law Commissioner,False,True,,196498,202717,,197791,0,0,0,197791,95988,,0,12680,108668,2%@55.5,https://www.sjcourts.org/,,08/06/2024,San Joaquin,,False,
2023,Superior Court,San Joaquin County Superior Court,Judge's Retire System Member,"Judge, Superior Court",True,True,,228979,238479,,194565,0,0,0,194565,0,,,15092,15092,Judicial Retirement System,https://www.sjcourts.org/,,08/06/2024,San Joaquin,,False,
2023,Superior Court,San Joaquin County Superior Court,Courtroom Support - Stockton,Court Commissioner,False,True,,197538,197538,,188664,0,0,0,188664,91559,,0,11661,103220,2%@55.5,https://www.sjcourts.org/,,08/06/2024,San Joaquin,,False,
2023,Superior Court,San Joaquin County Superior Court,Information Technology,Chief Technology Officer,False,True,,163675,198948,,182626,0,0,680,183306,100249,,3666,29262,133177,2%@55.5,https://www.sjcourts.org/,,08/06/2024,San Joaquin,,False,
2023,Superior Court,San Joaquin County Superior Court,Judge's Retire System Member,"Judge, Superior Court",True,True,,228979,238479,,179094,0,0,0,179094,0,,,13665,13665,Judicial Retirement System,https://www.sjcourts.org/,,08/06/2024,San Joaquin,,False,
2023,Superior Court,San Joaquin County Superior Court,Fiscal Services,Chief Financial Officer,False,True,,144665,175841,,152586,0,0,21747,174333,85340,,3052,1518,89910,2%@55.5,https://www.sjcourts.org/,,08/06/2024,San Joaquin,,False,
2023,Superior Court,San Joaquin County Superior Court,Judge's Retire System Member,"Judge, Superior Court",True,True,,228979,238479,,169821,0,0,0,169821,0,,,13573,13573,Judicial Retirement System,https://www.sjcourts.org/,,08/06/2024,San Joaquin,,False,
2023,Superior Court,San Joaquin County Superior Court,Courtroom Support - Stockton,Legal Research Attorney Supervisor,False,True,,137694,167368,,164598,0,0,631,165229,80186,,0,19821,100007,2%@55.5,https://www.sjcourts.org/,,08/06/2024,San Joaquin,,False,
2023,Superior Court,San Joaquin County Superior Court,Probate,Probate Attorney Supervisor,False,True,,124744,151627,,137880,0,23881,792,162553,55053,,0,21207,76260,2%@62,https://www.sjcourts.org/,,08/06/2024,San Joaquin,,False,
2023,Superior Court,San Joaquin County Superior Court,Courtroom Support - Stockton,Legal Research Attorney,False,True,,124744,151627,,149687,0,1458,0,151145,59426,,0,25638,85064,2%@62,https://www.sjcourts.org/,,08/06/2024,San Joaquin,,False,
2023,Superior Court,San Joaquin County Superior Court,Courtroom Support - Stockton,Legal Research Attorney,False,True,,124744,151627,,149687,0,1458,0,151145,73351,,0,11206,84557,2%@55.5,https://www.sjcourts.org/,,08/06/2024,San Joaquin,,False,
2023,Superior Court,San Joaquin County Superior Court,Courtroom Support - Stockton,Legal Research Attorney,False,True,,124744,151627,,149687,0,0,0,149687,72643,,0,25638,98281,2%@55.5,https://www.sjcourts.org/,,08/06/2024,San Joaquin,,False,
2023,Superior Court,San Joaquin County Superior Court,Courtroom Support - Stockton,Legal Research Attorney,False,True,,124744,151627,,149115,0,0,572,149687,72643,,0,22548,95191,2%@55.5,https://www.sjcourts.org/,,08/06/2024,San Joaquin,,False,
2023,Superior Court,San Joaquin County Superior Court,Courtroom Support - Stockton,Legal Research Attorney,False,True,,124744,151627,,149687,0,0,0,149687,59426,,0,25638,85064,2%@62,https://www.sjcourts.org/,,08/06/2024,San Joaquin,,False,
2023,Superior Court,San Joaquin County Superior Court,Courtroom Support - Stockton,Legal Research Attorney,False,True,,124744,151627,,149115,0,0,572,149687,59426,,0,11206,70632,2%@62,https://www.sjcourts.org/,,08/06/2024,San Joaquin,,False,
2023,Superior Court,San Joaquin County Superior Court,Human Resources,Human Resources Manager,False,True,,127863,155418,,141062,0,4554,532,146148,70926,,1928,22548,95402,2%@55.5,https://www.sjcourts.org/,,08/06/2024,San Joaquin,,False,
2023,Superior Court,San Joaquin County Superior Court,Family Law,Family Law Facilitator,False,True,,131059,159303,,144869,0,0,0,144869,57513,,0,25638,83151,2%@62,https://www.sjcourts.org/,,08/06/2024,San Joaquin,,False,
2023,Superior Court,San Joaquin County Superior Court,Court Reporters,Court Reporter Supervisor,False,True,,115837,140801,,120591,0,15331,4083,140005,60504,,0,17461,77965,2%@55.5,https://www.sjcourts.org/,,08/06/2024,San Joaquin,,False,
2023,Superior Court,San Joaquin County Superior Court,Courtroom Support - Stockton,Legal Research Attorney,False,True,,124744,151627,,138925,0,0,0,138925,34629,,0,16703,51332,2%@62,https://www.sjcourts.org/,,08/06/2024,San Joaquin,,False,
2023,Superior Court,San Joaquin County Superior Court,Fiscal Services,Fiscal Manager,False,True,,104943,127556,,125440,0,0,12651,138091,72400,,1259,11095,84754,2%@55.5,https://www.sjcourts.org/,,08/06/2024,San Joaquin,,False,
2023,Superior Court,San Joaquin County Superior Court,Executive Office,Assistant Court Executive Officer,False,True,,163675,198948,,136083,0,500,0,136583,77332,,3874,29262,110468,2%@55.5,https://www.sjcourts.org/,,08/06/2024,San Joaquin,,False,
2023,Superior Court,San Joaquin County Superior Court,Court Reporters,Court Reporter,False,True,,95073,115562,,109687,0,15331,10970,135988,54829,,0,22548,77377,2%@62,https://www.sjcourts.org/,,08/06/2024,San Joaquin,,False,
2023,Superior Court,San Joaquin County Superior Court,Executive Office,Court Executive Officer,False,True,,220125,267563,,101643,0,28956,3509,134108,16279,,5105,11877,33261,2%@55.5,https://www.sjcourts.org/,,08/06/2024,San Joaquin,,False,
2023,Superior Court,San Joaquin County Superior Court,Court Reporters,Court Reporter,False,True,,95073,115562,,109687,0,15331,8776,133794,47030,,0,11206,58236,2%@62,https://www.sjcourts.org/,,08/06/2024,San Joaquin,,False,
2023,Superior Court,San Joaquin County Superior Court,Information Technology,It Systems Administrator,False,True,,107566,130748,,129323,2020,0,0,131343,51243,,0,19821,71064,2%@62,https://www.sjcourts.org/,,08/06/2024,San Joaquin,,False,
2023,Superior Court,San Joaquin County Superior Court,Court Reporters,Court Operations Manager,False,True,,99886,121412,,119401,0,4163,6858,130422,71236,,1199,11206,83641,2%@55.5,https://www.sjcourts.org/,,08/06/2024,San Joaquin,,False,
2023,Superior Court,San Joaquin County Superior Court,Information Technology,Information Systems Analyst Supervisor,False,True,,97450,118451,,117044,11721,500,0,129265,56747,,0,11206,67953,2%@55.5,https://www.sjcourts.org/,,08/06/2024,San Joaquin,,False,
2023,Superior Court,San Joaquin County Superior Court,Court Reporters,Court Reporter,False,True,,95073,115562,,109688,0,15331,3291,128310,54829,,0,25638,80467,2%@55.5,https://www.sjcourts.org/,,08/06/2024,San Joaquin,,False,
2023,Superior Court,San Joaquin County Superior Court,Court Reporters,Court Reporter,False,True,,95073,115562,,109688,0,15331,3291,128310,54829,,0,25638,80467,2%@55.5,https://www.sjcourts.org/,,08/06/2024,San Joaquin,,False,
2023,Superior Court,San Joaquin County Superior Court,Court Reporters,Court Reporter,False,True,,95073,115562,,109688,0,15331,3291,128310,54829,,0,22548,77377,2%@55.5,https://www.sjcourts.org/,,08/06/2024,San Joaquin,,False,
2023,Superior Court,San Joaquin County Superior Court,Court Reporters,Court Reporter,False,True,,95073,115562,,109688,0,15331,3291,128310,54829,,0,22548,77377,2%@55.5,https://www.sjcourts.org/,,08/06/2024,San Joaquin,,False,
2023,Superior Court,San Joaquin County Superior Court,Court Reporters,Court Reporter,False,True,,95073,115562,,109688,0,15331,3291,128310,54829,,0,17461,72290,2%@55.5,https://www.sjcourts.org/,,08/06/2024,San Joaquin,,False,
2023,Superior Court,San Joaquin County Superior Court,Court Reporters,Court Reporter,False,True,,95073,115562,,109688,0,15331,3291,128310,44853,,0,22548,67401,2%@62,https://www.sjcourts.org/,,08/06/2024,San Joaquin,,False,
2023,Superior Court,San Joaquin County Superior Court,Court Reporters,Court Reporter,False,True,,95073,115562,,109688,0,15331,3291,128310,54829,,0,11206,66035,2%@55.5,https://www.sjcourts.org/,,08/06/2024,San Joaquin,,False,
2023,Superior Court,San Joaquin County Superior Court,Court Reporters,Court Reporter,False,True,,95073,115562,,109273,0,15331,3706,128310,44853,,0,12680,57533,2%@62,https://www.sjcourts.org/,,08/06/2024,San Joaquin,,False,
2023,Superior Court,San Joaquin County Superior Court,Court Reporters,Court Reporter,False,True,,95073,115562,,109688,0,15331,3291,128310,44853,,0,11206,56059,2%@62,https://www.sjcourts.org/,,08/06/2024,San Joaquin,,False,
2023,Superior Court,San Joaquin County Superior Court,Court Reporters,Court Reporter,False,True,,95073,115562,,109688,0,15331,3291,128310,40415,,0,11206,51621,2%@55.5,https://www.sjcourts.org/,,08/06/2024,San Joaquin,,False,
2023,Superior Court,San Joaquin County Superior Court,Court Reporters,Court Reporter,False,True,,95073,115562,,109386,0,15331,3593,128310,1973,,0,0,1973,2%@55.5,https://www.sjcourts.org/,,08/06/2024,San Joaquin,,False,
2023,Superior Court,San Joaquin County Superior Court,Courtroom Support - Stockton,Court Commissioner,False,True,,197538,197538,,106620,0,21308,0,127928,42328,,0,14561,56889,2%@62,https://www.sjcourts.org/,,08/06/2024,San Joaquin,,False,
2023,Superior Court,San Joaquin County Superior Court,Court Reporters,Court Reporter,False,True,,95073,115562,,107701,0,15331,3689,126721,44222,,0,25638,69860,2%@62,https://www.sjcourts.org/,,08/06/2024,San Joaquin,,False,
2023,Superior Court,San Joaquin County Superior Court,Court Reporters,Court Reporter,False,True,,95073,115562,,107106,0,15331,3641,126078,53745,,0,12680,66425,2%@55.5,https://www.sjcourts.org/,,08/06/2024,San Joaquin,,False,
2023,Superior Court,San Joaquin County Superior Court,Court Reporters,Court Reporter,False,True,,95073,115562,,100797,0,15331,8065,124193,52831,,0,22548,75379,2%@55.5,https://www.sjcourts.org/,,08/06/2024,San Joaquin,,False,
2023,Superior Court,San Joaquin County Superior Court,Court Reporters,Court Reporter,False,True,,95073,115562,,102238,0,15331,3068,120637,41806,,0,12279,54085,2%@62,https://www.sjcourts.org/,,08/06/2024,San Joaquin,,False,
2023,Superior Court,San Joaquin County Superior Court,Family Law,Court Manager,False,True,,99886,121412,,119859,0,500,0,120359,58168,,1199,25638,85005,2%@55.5,https://www.sjcourts.org/,,08/06/2024,San Joaquin,,False,
2023,Superior Court,San Joaquin County Superior Court,Court Reporters,Court Reporter,False,True,,95073,115562,,101674,0,15331,3051,120056,41576,,0,22840,64416,2%@62,https://www.sjcourts.org/,,08/06/2024,San Joaquin,,False,
2023,Superior Court,San Joaquin County Superior Court,Child Custody & Mediation,Child Custody Recommending Counselor Supervisor,False,True,,95073,115562,,113638,0,0,6149,119787,58132,,0,17461,75593,2%@55.5,https://www.sjcourts.org/,,08/06/2024,San Joaquin,,False,
2023,Superior Court,San Joaquin County Superior Court,Traffic - Stockton,Court Manager,False,True,,99886,121412,,118965,0,0,458,119423,23789,,1194,25638,50621,2%@55.5,https://www.sjcourts.org/,,08/06/2024,San Joaquin,,False,
2023,Superior Court,San Joaquin County Superior Court,Collaborative Justice - Drug Test,Director Of Collaborative Justice Programs,False,True,,104943,127559,,118182,0,0,0,118182,46918,,1182,12680,60780,2%@62,https://www.sjcourts.org/,,08/06/2024,San Joaquin,,False,
2023,Superior Court,San Joaquin County Superior Court,Family Law,Self Help Attorney,False,True,,97450,118451,,115018,0,0,0,115018,45662,,0,22147,67809,2%@62,https://www.sjcourts.org/,,08/06/2024,San Joaquin,,False,
2023,Superior Court,San Joaquin County Superior Court,Criminal - Stockton,Court Manager,False,True,,99886,121412,,112673,0,0,436,113109,54892,,1131,22548,78571,2%@55.5,https://www.sjcourts.org/,,08/06/2024,San Joaquin,,False,
2023,Superior Court,San Joaquin County Superior Court,Courtroom Support - Stockton,Court Operations Manager,False,True,,99886,121412,,109138,0,3322,0,112460,54577,,1091,22548,78216,2%@55.5,https://www.sjcourts.org/,,08/06/2024,San Joaquin,,False,
2023,Superior Court,San Joaquin County Superior Court,Business & Facility Services,Business Services Manager,False,True,,97450,118451,,112231,0,0,0,112231,47741,,1122,12680,61543,2%@62,https://www.sjcourts.org/,,08/06/2024,San Joaquin,,False,
2023,Superior Court,San Joaquin County Superior Court,Child Custody & Mediation,Child Custody Recommending Counselor,False,True,,88285,107311,,104198,0,0,5210,109408,53096,,0,11206,64302,2%@55.5,https://www.sjcourts.org/,,08/06/2024,San Joaquin,,False,
2023,Superior Court,San Joaquin County Superior Court,Fiscal Services,Accounting Supervisor,False,True,,86131,104693,,102959,1723,1994,395,107071,51125,,0,22548,73673,2%@55.5,https://www.sjcourts.org/,,08/06/2024,San Joaquin,,False,
2023,Superior Court,San Joaquin County Superior Court,Judge's Retire System Member,"Judge, Superior Court",True,True,,228979,238479,,105404,0,0,0,105404,0,,,4554,4554,Judicial Retirement System,https://www.sjcourts.org/,,08/06/2024,San Joaquin,,False,
2023,Superior Court,San Joaquin County Superior Court,Civil/Civil Records - Stockton,Court Manager,False,True,,99886,121412,,104737,0,0,0,104737,50829,,1047,22548,74424,2%@55.5,https://www.sjcourts.org/,,08/06/2024,San Joaquin,,False,
2023,Superior Court,San Joaquin County Superior Court,Court Investigation,Sup Court Investigator,False,True,,88285,107311,,98374,208,0,4919,103501,50128,,0,12680,62808,2%@55.5,https://www.sjcourts.org/,,08/06/2024,San Joaquin,,False,
2023,Superior Court,San Joaquin County Superior Court,Court Investigation,Sup Court Investigator,False,True,,88285,107311,,98374,0,0,4919,103293,50128,,0,12680,62808,2%@55.5,https://www.sjcourts.org/,,08/06/2024,San Joaquin,,False,
2023,Superior Court,San Joaquin County Superior Court,Child Custody & Mediation,Child Custody Recommending Counselor,False,True,,88285,107311,,102656,0,0,385,103041,40908,,0,22548,63456,2%@62,https://www.sjcourts.org/,,08/06/2024,San Joaquin,,False,
2023,Superior Court,San Joaquin County Superior Court,Fiscal Services,Court Revenue Supervisor,False,True,,86131,104693,,102782,0,0,0,102782,49880,,0,12680,62560,2%@55.5,https://www.sjcourts.org/,,08/06/2024,San Joaquin,,False,
2023,Superior Court,San Joaquin County Superior Court,Child Custody & Mediation,Child Custody Recommending Counselor,False,True,,88285,107311,,97398,0,0,4870,102268,40600,,0,11206,51806,2%@62,https://www.sjcourts.org/,,08/06/2024,San Joaquin,,False,
2023,Superior Court,San Joaquin County Superior Court,Business & Facility Services,Facilities Coordinator,False,True,,81981,99649,,97999,503,0,376,98878,44556,,0,11206,55762,2%@55.5,https://www.sjcourts.org/,,08/06/2024,San Joaquin,,False,
2023,Superior Court,San Joaquin County Superior Court,Information Technology,Applications Developer,False,True,,81981,99649,,97999,287,0,376,98662,39055,,0,11206,50261,2%@62,https://www.sjcourts.org/,,08/06/2024,San Joaquin,,False,
2023,Superior Court,San Joaquin County Superior Court,Information Technology,Application Support Specialist,False,True,,78031,94847,,93638,3967,912,0,98517,45885,,0,22548,68433,2%@55.5,https://www.sjcourts.org/,,08/06/2024,San Joaquin,,False,
2023,Superior Court,San Joaquin County Superior Court,Collaborative Justice - Drug Test,Court Analyst,False,True,,81981,99649,,98375,141,0,0,98516,39055,,0,12680,51735,2%@62,https://www.sjcourts.org/,,08/06/2024,San Joaquin,,False,
2023,Superior Court,San Joaquin County Superior Court,Court Investigation,Sup Court Investigator,False,True,,88285,107311,,98374,0,0,0,98374,39055,,0,22548,61603,2%@62,https://www.sjcourts.org/,,08/06/2024,San Joaquin,,False,
2023,Superior Court,San Joaquin County Superior Court,Court Investigation,Sup Court Investigator,False,True,,88285,107311,,98374,0,0,0,98374,47741,,0,12680,60421,2%@55.5,https://www.sjcourts.org/,,08/06/2024,San Joaquin,,False,
2023,Superior Court,San Joaquin County Superior Court,Judge's Retire System Member,"Judge, Superior Court",True,True,,228979,238479,,95873,0,0,-34,95839,0,,,9701,9701,Judicial Retirement System,https://www.sjcourts.org/,,08/06/2024,San Joaquin,,False,
2023,Superior Court,San Joaquin County Superior Court,Information Technology,Application Support Specialist,False,True,,78031,94847,,93280,274,912,358,94824,45885,,0,25638,71523,2%@55.5,https://www.sjcourts.org/,,08/06/2024,San Joaquin,,False,
2023,Superior Court,San Joaquin County Superior Court,Information Technology,It Systems Specialist,False,True,,72459,92539,,91356,2602,0,0,93958,44335,,0,12680,57015,2%@55.5,https://www.sjcourts.org/,,08/06/2024,San Joaquin,,False,
2023,Superior Court,San Joaquin County Superior Court,Court Interpreters,Court Interpreter,False,True,,88962,94390,,92753,0,0,0,92753,45013,,0,19821,64834,2%@55.5,https://www.sjcourts.org/,,08/06/2024,San Joaquin,,False,
2023,Superior Court,San Joaquin County Superior Court,Court Interpreters,Court Interpreter,False,True,,88962,94390,,92753,0,0,0,92753,36823,,0,22548,59371,2%@62,https://www.sjcourts.org/,,08/06/2024,San Joaquin,,False,
2023,Superior Court,San Joaquin County Superior Court,Court Interpreters,Court Interpreter,False,True,,88962,94390,,92753,0,0,0,92753,36823,,0,12680,49503,2%@62,https://www.sjcourts.org/,,08/06/2024,San Joaquin,,False,
2023,Superior Court,San Joaquin County Superior Court,Court Reporters,Court Reporter,False,True,,95073,115562,,75054,0,15331,1863,92248,30536,,0,25638,56174,2%@62,https://www.sjcourts.org/,,08/06/2024,San Joaquin,,False,
2023,Superior Court,San Joaquin County Superior Court,Information Technology,Applications Developer,False,True,,81981,99649,,91982,0,0,0,91982,36517,,0,12680,49197,2%@62,https://www.sjcourts.org/,,08/06/2024,San Joaquin,,False,
2023,Superior Court,San Joaquin County Superior Court,Information Technology,It Systems Specialist,False,True,,72459,88075,,86669,4821,0,332,91822,34515,,0,11206,45721,2%@62,https://www.sjcourts.org/,,08/06/2024,San Joaquin,,False,
2023,Superior Court,San Joaquin County Superior Court,Information Technology,It Systems Specialist,False,True,,72459,88075,,87021,3786,0,0,90807,34515,,0,25638,60153,2%@62,https://www.sjcourts.org/,,08/06/2024,San Joaquin,,False,
2023,Superior Court,San Joaquin County Superior Court,Fiscal Services,Court Analyst,False,True,,81981,99649,,85185,0,5264,0,90449,33819,,0,11206,45025,2%@62,https://www.sjcourts.org/,,08/06/2024,San Joaquin,,False,
2023,Superior Court,San Joaquin County Superior Court,Collaborative Justice - Drug Test,Court Analyst,False,True,,81981,99649,,90080,0,0,0,90080,35762,,0,11206,46968,2%@62,https://www.sjcourts.org/,,08/06/2024,San Joaquin,,False,
2023,Superior Court,San Joaquin County Superior Court,Family Law,Legal Process Supervisor,False,True,,72459,88075,,86938,3085,0,0,90023,42191,,0,25638,67829,2%@55.5,https://www.sjcourts.org/,,08/06/2024,San Joaquin,,False,
2023,Superior Court,San Joaquin County Superior Court,Records Management,Court Manager,False,True,,99886,121412,,89665,0,0,0,89665,43514,,692,22548,66754,2%@55.5,https://www.sjcourts.org/,,08/06/2024,San Joaquin,,False,
2023,Superior Court,San Joaquin County Superior Court,Judge's Retire System Member,"Judge, Superior Court",True,True,,228979,238479,,89185,0,0,0,89185,0,,,6074,6074,Judicial Retirement System,https://www.sjcourts.org/,,08/06/2024,San Joaquin,,False,
2023,Superior Court,San Joaquin County Superior Court,Fiscal Services,Accountant,False,True,,74271,90277,,88775,0,0,341,89116,43248,,0,17461,60709,2%@55.5,https://www.sjcourts.org/,,08/06/2024,San Joaquin,,False,
2023,Superior Court,San Joaquin County Superior Court,Fiscal Services,Accountant,False,True,,74271,90277,,89116,0,0,0,89116,35379,,0,16703,52082,2%@62,https://www.sjcourts.org/,,08/06/2024,San Joaquin,,False,
2023,Superior Court,San Joaquin County Superior Court,Family Law,Legal Process Supervisor,False,True,,72459,88075,,86938,1623,0,0,88561,42191,,0,25134,67325,2%@55.5,https://www.sjcourts.org/,,08/06/2024,San Joaquin,,False,
2023,Superior Court,San Joaquin County Superior Court,Information Technology,Application Support Specialist,False,True,,78031,94847,,78081,8311,1353,0,87745,30998,,0,25638,56636,2%@62,https://www.sjcourts.org/,,08/06/2024,San Joaquin,,False,
2023,Superior Court,San Joaquin County Superior Court,Child Custody & Mediation,Child Custody Recommending Counselor,False,True,,88285,107311,,87317,0,0,0,87317,42375,,0,22548,64923,2%@55.5,https://www.sjcourts.org/,,08/06/2024,San Joaquin,,False,
2023,Superior Court,San Joaquin County Superior Court,Collaborative Justice - Drug Test,Office Supervisor,False,True,,72459,88075,,86606,0,0,332,86938,42191,,0,12680,54871,2%@55.5,https://www.sjcourts.org/,,08/06/2024,San Joaquin,,False,
2023,Superior Court,San Joaquin County Superior Court,Collaborative Justice - Drug Test,Senior Case Manager - Contract,False,True,,67286,81786,,80591,0,771,4030,85392,0,,0,22548,22548,N/A,https://www.sjcourts.org/,,08/06/2024,San Joaquin,,False,
2023,Superior Court,San Joaquin County Superior Court,Probate,Probate Examiner,False,True,,70692,85927,,84823,0,0,0,84823,33675,,0,19821,53496,2%@62,https://www.sjcourts.org/,,08/06/2024,San Joaquin,,False,
2023,Superior Court,San Joaquin County Superior Court,Courtroom Support - Stockton,Court Services Supervisor,False,True,,72459,88075,,83403,0,847,0,84250,40887,,0,25638,66525,2%@55.5,https://www.sjcourts.org/,,08/06/2024,San Joaquin,,False,
2023,Superior Court,San Joaquin County Superior Court,Court Reporters,Office Coordinator,False,True,,70692,85927,,83279,0,0,0,83279,54829,,0,11206,66035,2%@55.5,https://www.sjcourts.org/,,08/06/2024,San Joaquin,,False,
2023,Superior Court,San Joaquin County Superior Court,Courtroom Support - Stockton,Court Services Supervisor,False,True,,72459,88075,,82190,529,0,319,83038,40042,,0,12680,52722,2%@55.5,https://www.sjcourts.org/,,08/06/2024,San Joaquin,,False,
2023,Superior Court,San Joaquin County Superior Court,Probate,Probate Examiner,False,True,,70692,85927,,82353,0,0,0,82353,39966,,0,25638,65604,2%@55.5,https://www.sjcourts.org/,,08/06/2024,San Joaquin,,False,
2023,Superior Court,San Joaquin County Superior Court,Civil/Civil Records - Manteca,Legal Process Supervisor,False,True,,72459,88075,,81602,0,0,0,81602,39602,,0,22548,62150,2%@55.5,https://www.sjcourts.org/,,08/06/2024,San Joaquin,,False,
2023,Superior Court,San Joaquin County Superior Court,Juvenile Delinquency,Legal Process Supervisor,False,True,,72459,88075,,81149,0,0,0,81149,39381,,0,11206,50587,2%@55.5,https://www.sjcourts.org/,,08/06/2024,San Joaquin,,False,
2023,Superior Court,San Joaquin County Superior Court,Business & Facility Services,Business Services Specialist,False,True,,67286,81786,,80738,0,0,0,80738,39182,,0,12680,51862,2%@55.5,https://www.sjcourts.org/,,08/06/2024,San Joaquin,,False,
2023,Superior Court,San Joaquin County Superior Court,Criminal - Stockton,Legal Process Supervisor,False,True,,72459,88075,,79934,564,0,0,80498,31734,,0,25638,57372,2%@62,https://www.sjcourts.org/,,08/06/2024,San Joaquin,,False,
2023,Superior Court,San Joaquin County Superior Court,Probate,Office Coordinator,False,True,,70692,85927,,80194,0,0,0,80194,31837,,0,11206,43043,2%@62,https://www.sjcourts.org/,,08/06/2024,San Joaquin,,False,
2023,Superior Court,San Joaquin County Superior Court,Civil/Civil Records - Stockton,Legal Process Supervisor,False,True,,72459,88075,,79013,0,0,0,79013,38345,,0,12680,51025,2%@55.5,https://www.sjcourts.org/,,08/06/2024,San Joaquin,,False,
2023,Superior Court,San Joaquin County Superior Court,Fiscal Services,Accountant,False,True,,74271,90277,,78782,0,0,0,78782,31276,,0,25638,56914,2%@62,https://www.sjcourts.org/,,08/06/2024,San Joaquin,,False,
2023,Superior Court,San Joaquin County Superior Court,Traffic - Stockton,Legal Process Supervisor,False,True,,72459,88075,,78716,34,0,0,78750,38201,,0,12680,50881,2%@55.5,https://www.sjcourts.org/,,08/06/2024,San Joaquin,,False,
2023,Superior Court,San Joaquin County Superior Court,Fiscal Services,Fiscal Services Technician,False,True,,64044,77845,,76848,110,0,0,76958,37294,,0,11206,48500,2%@55.5,https://www.sjcourts.org/,,08/06/2024,San Joaquin,,False,
2023,Superior Court,San Joaquin County Superior Court,Fiscal Services,Fiscal Services Technician,False,True,,64044,77845,,76848,0,0,0,76848,30509,,0,11206,41715,2%@62,https://www.sjcourts.org/,,08/06/2024,San Joaquin,,False,
2023,Superior Court,San Joaquin County Superior Court,Criminal - Stockton,Case Manager II - Contract,False,True,,60958,74094,,72853,0,0,3942,76795,0,,0,22548,22548,N/A,https://www.sjcourts.org/,,08/06/2024,San Joaquin,,False,
2023,Superior Court,San Joaquin County Superior Court,Collaborative Justice - Drug Test,Senior Case Manager - Contract,False,True,,67286,81786,,76750,0,0,0,76750,0,,0,11206,11206,N/A,https://www.sjcourts.org/,,08/06/2024,San Joaquin,,False,
2023,Superior Court,San Joaquin County Superior Court,Courtroom Support - Stockton,Executive Assistant,False,True,,72459,88075,,75986,583,0,0,76569,30166,,0,22548,52714,2%@62,https://www.sjcourts.org/,,08/06/2024,San Joaquin,,False,
2023,Superior Court,San Joaquin County Superior Court,Fiscal Services,Fiscal Services Technician,False,True,,64044,77845,,75028,0,0,0,75028,29786,,0,11206,40992,2%@62,https://www.sjcourts.org/,,08/06/2024,San Joaquin,,False,
2023,Superior Court,San Joaquin County Superior Court,Courtroom Support - Stockton,Court Services Supervisor,False,True,,72459,88075,,74534,0,0,0,74534,36172,,0,22548,58720,2%@55.5,https://www.sjcourts.org/,,08/06/2024,San Joaquin,,False,
2023,Superior Court,San Joaquin County Superior Court,Courtroom Support - Stockton,Judicial Secretary,False,True,,60958,74094,,73138,858,0,0,73996,35494,,0,12680,48174,2%@55.5,https://www.sjcourts.org/,,08/06/2024,San Joaquin,,False,
2023,Superior Court,San Joaquin County Superior Court,Criminal - Stockton,Senior Case Manager - Contract,False,True,,67286,81786,,73577,0,0,0,73577,0,,0,12680,12680,N/A,https://www.sjcourts.org/,,08/06/2024,San Joaquin,,False,
2023,Superior Court,San Joaquin County Superior Court,Collaborative Justice - Drug Test,Case Manager II - Contract,False,True,,60958,74094,,72853,0,0,285,73138,0,,0,25638,25638,N/A,https://www.sjcourts.org/,,08/06/2024,San Joaquin,,False,
2023,Superior Court,San Joaquin County Superior Court,Criminal - Stockton,Case Manager II - Contract,False,True,,60958,74094,,73138,0,0,0,73138,0,,0,11006,11006,N/A,https://www.sjcourts.org/,,08/06/2024,San Joaquin,,False,
2023,Superior Court,San Joaquin County Superior Court,Courtroom Support - Stockton,Courtroom Clerk,False,True,,59471,72287,,71355,1121,500,0,72976,34629,,0,17461,52090,2%@55.5,https://www.sjcourts.org/,,08/06/2024,San Joaquin,,False,
2023,Superior Court,San Joaquin County Superior Court,Courtroom Support - Stockton,Office Coordinator,False,True,,70692,85927,,72878,0,0,0,72878,35368,,0,17461,52829,2%@55.5,https://www.sjcourts.org/,,08/06/2024,San Joaquin,,False,
2023,Superior Court,San Joaquin County Superior Court,Human Resources,Human Resources Analyst I,False,True,,64044,77845,,72364,0,0,0,72364,28728,,724,11206,40658,2%@62,https://www.sjcourts.org/,,08/06/2024,San Joaquin,,False,
2023,Superior Court,San Joaquin County Superior Court,Criminal - Stockton,Legal Process Supervisor,False,True,,72459,88075,,72225,65,0,0,72290,28673,,0,11206,39879,2%@62,https://www.sjcourts.org/,,08/06/2024,San Joaquin,,False,
2023,Superior Court,San Joaquin County Superior Court,Courtroom Support - Manteca,Courtroom Clerk,False,True,,59471,72287,,71355,51,695,0,72101,34966,,0,25638,60604,2%@55.5,https://www.sjcourts.org/,,08/06/2024,San Joaquin,,False,
2023,Superior Court,San Joaquin County Superior Court,Courtroom Support - Stockton,Courtroom Clerk,False,True,,59471,72287,,71083,52,681,273,72089,34959,,0,22548,57507,2%@55.5,https://www.sjcourts.org/,,08/06/2024,San Joaquin,,False,
2023,Superior Court,San Joaquin County Superior Court,Courtroom Support - Stockton,Courtroom Clerk,False,True,,59471,72287,,71355,0,695,0,72050,34966,,0,22548,57514,2%@55.5,https://www.sjcourts.org/,,08/06/2024,San Joaquin,,False,
2023,Superior Court,San Joaquin County Superior Court,Courtroom Support - Stockton,Courtroom Clerk,False,True,,59471,72287,,71355,0,500,0,71855,34629,,0,11206,45835,2%@55.5,https://www.sjcourts.org/,,08/06/2024,San Joaquin,,False,
2023,Superior Court,San Joaquin County Superior Court,Courtroom Support - Stockton,Court Services Supervisor,False,True,,72459,88075,,71355,143,0,293,71791,34771,,0,11206,45977,2%@55.5,https://www.sjcourts.org/,,08/06/2024,San Joaquin,,False,
2023,Superior Court,San Joaquin County Superior Court,Courtroom Support - Stockton,Courtroom Clerk,False,True,,59471,72287,,71355,234,0,0,71589,34629,,0,11206,45835,2%@55.5,https://www.sjcourts.org/,,08/06/2024,San Joaquin,,False,
2023,Superior Court,San Joaquin County Superior Court,Courtroom Support - Stockton,Courtroom Clerk,False,True,,59471,72287,,71355,174,0,0,71529,28328,,0,22548,50876,2%@62,https://www.sjcourts.org/,,08/06/2024,San Joaquin,,False,
2023,Superior Court,San Joaquin County Superior Court,Courtroom Support - Stockton,Courtroom Clerk,False,True,,59471,72287,,71355,89,0,0,71444,34629,,0,11206,45835,2%@55.5,https://www.sjcourts.org/,,08/06/2024,San Joaquin,,False,
2023,Superior Court,San Joaquin County Superior Court,Courtroom Support - Stockton,Courtroom Clerk,False,True,,59471,72287,,71355,58,0,0,71413,34629,,0,17461,52090,2%@55.5,https://www.sjcourts.org/,,08/06/2024,San Joaquin,,False,
2023,Superior Court,San Joaquin County Superior Court,Courtroom Support - Stockton,Courtroom Clerk,False,True,,59471,72287,,71355,57,0,0,71412,34629,,0,19419,54048,2%@55.5,https://www.sjcourts.org/,,08/06/2024,San Joaquin,,False,
2023,Superior Court,San Joaquin County Superior Court,Courtroom Support - Stockton,Courtroom Clerk,False,True,,59471,72287,,71083,52,0,273,71408,34629,,0,11206,45835,2%@55.5,https://www.sjcourts.org/,,08/06/2024,San Joaquin,,False,
2023,Superior Court,San Joaquin County Superior Court,Courtroom Support - Stockton,Courtroom Clerk,False,True,,59471,72287,,71355,52,0,0,71407,55153,,0,22548,77701,2%@55.5,https://www.sjcourts.org/,,08/06/2024,San Joaquin,,False,
2023,Superior Court,San Joaquin County Superior Court,Courtroom Support - Stockton,Courtroom Clerk,False,True,,59471,72287,,71355,52,0,0,71407,34629,,0,11206,45835,2%@55.5,https://www.sjcourts.org/,,08/06/2024,San Joaquin,,False,
2023,Superior Court,San Joaquin County Superior Court,Courtroom Support - Stockton,Courtroom Clerk,False,True,,59471,72287,,71355,52,0,0,71407,19180,,0,7007,26187,2%@55.5,https://www.sjcourts.org/,,08/06/2024,San Joaquin,,False,
2023,Superior Court,San Joaquin County Superior Court,Courtroom Support - Stockton,Courtroom Clerk,False,True,,59471,72287,,71355,26,0,0,71381,34629,,0,25134,59763,2%@55.5,https://www.sjcourts.org/,,08/06/2024,San Joaquin,,False,
2023,Superior Court,San Joaquin County Superior Court,Courtroom Support - Stockton,Courtroom Clerk,False,True,,59471,72287,,71083,17,0,273,71373,34629,,0,25638,60267,2%@55.5,https://www.sjcourts.org/,,08/06/2024,San Joaquin,,False,
2023,Superior Court,San Joaquin County Superior Court,Courtroom Support - Stockton,Courtroom Clerk,False,True,,59471,72287,,71355,9,0,0,71364,34629,,0,25638,60267,2%@55.5,https://www.sjcourts.org/,,08/06/2024,San Joaquin,,False,
2023,Superior Court,San Joaquin County Superior Court,Courtroom Support - Stockton,Courtroom Clerk,False,True,,59471,72287,,71083,0,0,273,71356,34629,,0,17461,52090,2%@55.5,https://www.sjcourts.org/,,08/06/2024,San Joaquin,,False,
2023,Superior Court,San Joaquin County Superior Court,Courtroom Support - Stockton,Courtroom Clerk,False,True,,59471,72287,,71355,0,0,0,71355,34629,,0,23122,57751,2%@55.5,https://www.sjcourts.org/,,08/06/2024,San Joaquin,,False,
2023,Superior Court,San Joaquin County Superior Court,Courtroom Support - Stockton,Courtroom Clerk,False,True,,59471,72287,,71355,0,0,0,71355,34629,,0,20716,55345,2%@55.5,https://www.sjcourts.org/,,08/06/2024,San Joaquin,,False,
2023,Superior Court,San Joaquin County Superior Court,Courtroom Support - Manteca,Courtroom Clerk,False,True,,59471,72287,,71355,0,0,0,71355,34629,,0,17461,52090,2%@55.5,https://www.sjcourts.org/,,08/06/2024,San Joaquin,,False,
2023,Superior Court,San Joaquin County Superior Court,Courtroom Support - Manteca,Courtroom Clerk,False,True,,59471,72287,,71355,0,0,0,71355,34629,,0,17461,52090,2%@55.5,https://www.sjcourts.org/,,08/06/2024,San Joaquin,,False,
2023,Superior Court,San Joaquin County Superior Court,Courtroom Support - Stockton,Courtroom Clerk,False,True,,59471,72287,,71355,0,0,0,71355,34629,,0,17461,52090,2%@55.5,https://www.sjcourts.org/,,08/06/2024,San Joaquin,,False,
2023,Superior Court,San Joaquin County Superior Court,Courtroom Support - Stockton,Courtroom Clerk,False,True,,59471,72287,,71355,0,0,0,71355,25994,,0,22548,48542,2%@62,https://www.sjcourts.org/,,08/06/2024,San Joaquin,,False,
2023,Superior Court,San Joaquin County Superior Court,Courtroom Support - Stockton,Courtroom Clerk,False,True,,59471,72287,,71355,0,0,0,71355,34629,,0,12680,47309,2%@55.5,https://www.sjcourts.org/,,08/06/2024,San Joaquin,,False,
2023,Superior Court,San Joaquin County Superior Court,Courtroom Support - Stockton,Courtroom Clerk,False,True,,59471,72287,,71355,0,0,0,71355,34629,,0,12181,46810,2%@55.5,https://www.sjcourts.org/,,08/06/2024,San Joaquin,,False,
2023,Superior Court,San Joaquin County Superior Court,Courtroom Support - Stockton,Courtroom Clerk,False,True,,59471,72287,,71355,0,0,0,71355,34629,,0,11206,45835,2%@55.5,https://www.sjcourts.org/,,08/06/2024,San Joaquin,,False,
2023,Superior Court,San Joaquin County Superior Court,Courtroom Support - Stockton,Courtroom Clerk,False,True,,59471,72287,,71355,0,0,0,71355,34629,,0,11206,45835,2%@55.5,https://www.sjcourts.org/,,08/06/2024,San Joaquin,,False,
2023,Superior Court,San Joaquin County Superior Court,Courtroom Support - Stockton,Courtroom Clerk,False,True,,59471,72287,,71094,0,0,0,71094,34502,,0,22548,57050,2%@55.5,https://www.sjcourts.org/,,08/06/2024,San Joaquin,,False,
2023,Superior Court,San Joaquin County Superior Court,Collaborative Justice - Drug Test,Case Manager II - Contract,False,True,,60958,74094,,70288,0,0,0,70288,0,,0,11206,11206,N/A,https://www.sjcourts.org/,,08/06/2024,San Joaquin,,False,
2023,Superior Court,San Joaquin County Superior Court,Courtroom Support - Stockton,Courtroom Clerk,False,True,,59471,72287,,70059,0,0,0,70059,93855,,0,22548,116403,2%@55.5,https://www.sjcourts.org/,,08/06/2024,San Joaquin,,False,
2023,Superior Court,San Joaquin County Superior Court,Courtroom Support - Stockton,Courtroom Clerk,False,True,,59471,72287,,67964,491,0,0,68455,26982,,0,12680,39662,2%@62,https://www.sjcourts.org/,,08/06/2024,San Joaquin,,False,
2023,Superior Court,San Joaquin County Superior Court,Fiscal Services,Fiscal Services Technician,False,True,,64044,77845,,67799,0,0,136,67935,26970,,0,11206,38176,2%@62,https://www.sjcourts.org/,,08/06/2024,San Joaquin,,False,
2023,Superior Court,San Joaquin County Superior Court,Criminal - Stockton,Court Clerk,False,True,,56605,68804,,67922,0,0,0,67922,24267,,0,12680,36947,2%@62,https://www.sjcourts.org/,,08/06/2024,San Joaquin,,False,
2023,Superior Court,San Joaquin County Superior Court,Courtroom Support - Stockton,Courtroom Clerk,False,True,,59471,72287,,67514,136,0,0,67650,32765,,0,17461,50226,2%@55.5,https://www.sjcourts.org/,,08/06/2024,San Joaquin,,False,
2023,Superior Court,San Joaquin County Superior Court,Human Resources,Human Resources Analyst I,False,True,,64044,77845,,67296,0,0,0,67296,26717,,724,11206,38647,2%@62,https://www.sjcourts.org/,,08/06/2024,San Joaquin,,False,
2023,Superior Court,San Joaquin County Superior Court,Courtroom Support - Stockton,Courtroom Clerk,False,True,,59471,72287,,66490,0,0,234,66724,26489,,0,11206,37695,2%@62,https://www.sjcourts.org/,,08/06/2024,San Joaquin,,False,
2023,Superior Court,San Joaquin County Superior Court,Appeals,Legal Process Clerk III,False,True,,50031,60813,,60030,3244,0,3002,66276,30589,,0,12680,43269,2%@55.5,https://www.sjcourts.org/,,08/06/2024,San Joaquin,,False,
2023,Superior Court,San Joaquin County Superior Court,Courtroom Support - Stockton,Courtroom Clerk,False,True,,59471,72287,,66104,141,0,0,66245,26243,,0,11206,37449,2%@62,https://www.sjcourts.org/,,08/06/2024,San Joaquin,,False,
2023,Superior Court,San Joaquin County Superior Court,Courtroom Support - Stockton,Courtroom Clerk,False,True,,59471,72287,,65980,0,0,0,65980,26194,,0,17461,43655,2%@62,https://www.sjcourts.org/,,08/06/2024,San Joaquin,,False,
2023,Superior Court,San Joaquin County Superior Court,Collaborative Justice - Drug Test,Case Manager - Contract,False,True,,60958,74094,,65365,0,0,258,65623,0,,0,17461,17461,N/A,https://www.sjcourts.org/,,08/06/2024,San Joaquin,,False,
2023,Superior Court,San Joaquin County Superior Court,Courtroom Support - Stockton,Courtroom Clerk,False,True,,59471,72287,,65477,0,0,0,65477,28328,,0,17461,45789,2%@62,https://www.sjcourts.org/,,08/06/2024,San Joaquin,,False,
2023,Superior Court,San Joaquin County Superior Court,Collaborative Justice - Drug Test,Court Clerk,False,True,,56605,68804,,64887,0,0,0,64887,25760,,0,11206,36966,2%@62,https://www.sjcourts.org/,,08/06/2024,San Joaquin,,False,
2023,Superior Court,San Joaquin County Superior Court,Courtroom Support - Stockton,Courtroom Clerk,False,True,,59471,72287,,63778,0,0,0,63778,25320,,0,12680,38000,2%@62,https://www.sjcourts.org/,,08/06/2024,San Joaquin,,False,
2023,Superior Court,San Joaquin County Superior Court,Traffic - Stockton,Legal Process Clerk III,False,True,,50031,60813,,60030,181,0,3002,63213,30589,,0,17461,48050,2%@55.5,https://www.sjcourts.org/,,08/06/2024,San Joaquin,,False,
2023,Superior Court,San Joaquin County Superior Court,Courtroom Support - Stockton,Courtroom Clerk,False,True,,59471,72287,,63106,0,0,0,63106,25053,,0,17677,42730,2%@62,https://www.sjcourts.org/,,08/06/2024,San Joaquin,,False,
2023,Superior Court,San Joaquin County Superior Court,Courtroom Support - Stockton,Judicial Secretary,False,True,,60958,74094,,59887,210,0,3005,63102,24968,,0,11206,36174,2%@62,https://www.sjcourts.org/,,08/06/2024,San Joaquin,,False,
2023,Superior Court,San Joaquin County Superior Court,Records Management,Legal Process Clerk III,False,True,,50031,60813,,60030,0,0,3002,63032,30589,,0,22548,53137,2%@55.5,https://www.sjcourts.org/,,08/06/2024,San Joaquin,,False,
2023,Superior Court,San Joaquin County Superior Court,Courtroom Support - Stockton,Courtroom Clerk,False,True,,59471,72287,,62723,55,0,0,62778,24901,,0,25638,50539,2%@62,https://www.sjcourts.org/,,08/06/2024,San Joaquin,,False,
2023,Superior Court,San Joaquin County Superior Court,Criminal - Stockton,Legal Process Clerk III,False,True,,50031,60813,,59446,0,0,2972,62418,17398,,0,25638,43036,2%@62,https://www.sjcourts.org/,,08/06/2024,San Joaquin,,False,
2023,Superior Court,San Joaquin County Superior Court,Collaborative Justice - Drug Test,Case Manager - Contract,False,True,,60958,74094,,62379,0,0,0,62379,0,,0,18772,18772,N/A,https://www.sjcourts.org/,,08/06/2024,San Joaquin,,False,
2023,Superior Court,San Joaquin County Superior Court,Collaborative Justice - Drug Test,Case Manager I - Contract,False,True,,60958,74094,,61342,0,0,985,62327,0,,0,11206,11206,N/A,https://www.sjcourts.org/,,08/06/2024,San Joaquin,,False,
2023,Superior Court,San Joaquin County Superior Court,Civil/Civil Records - Stockton,Legal Process Clerk III,False,True,,50031,60813,,60030,2281,0,0,62311,23832,,0,12680,36512,2%@62,https://www.sjcourts.org/,,08/06/2024,San Joaquin,,False,
2023,Superior Court,San Joaquin County Superior Court,Courtroom Support - Stockton,Courtroom Clerk,False,True,,59471,72287,,61888,34,0,273,62195,30166,,0,12680,42846,2%@55.5,https://www.sjcourts.org/,,08/06/2024,San Joaquin,,False,
2023,Superior Court,San Joaquin County Superior Court,Collaborative Justice - Drug Test,Case Manager - Contract,False,True,,60958,74094,,62034,0,0,0,62034,0,,0,12680,12680,N/A,https://www.sjcourts.org/,,08/06/2024,San Joaquin,,False,
2023,Superior Court,San Joaquin County Superior Court,Criminal - Stockton,Court Clerk,False,True,,56605,68804,,58554,0,0,3163,61717,24502,,0,11206,35708,2%@62,https://www.sjcourts.org/,,08/06/2024,San Joaquin,,False,
2023,Superior Court,San Joaquin County Superior Court,Criminal - Stockton,Legal Process Clerk III,False,True,,50031,60819,,60896,0,573,229,61698,26965,,0,12009,38974,2%@62,https://www.sjcourts.org/,,08/06/2024,San Joaquin,,False,
2023,Superior Court,San Joaquin County Superior Court,Collaborative Justice - Drug Test,Program Assistant,False,True,,51282,62333,,61535,0,0,0,61535,0,,0,12680,12680,N/A,https://www.sjcourts.org/,,08/06/2024,San Joaquin,,False,
2023,Superior Court,San Joaquin County Superior Court,Family Law,Legal Process Clerk III,False,True,,50031,60813,,60030,1411,0,0,61441,23832,,0,17461,41293,2%@62,https://www.sjcourts.org/,,08/06/2024,San Joaquin,,False,
2023,Superior Court,San Joaquin County Superior Court,Records Management,Legal Process Supervisor,False,True,,72459,88075,,61374,0,0,0,61374,29785,,0,12680,42465,2%@55.5,https://www.sjcourts.org/,,08/06/2024,San Joaquin,,False,
2023,Superior Court,San Joaquin County Superior Court,Criminal - Manteca,Legal Process Clerk III,False,True,,50031,60813,,58290,20,0,2914,61224,24298,,0,11206,35504,2%@62,https://www.sjcourts.org/,,08/06/2024,San Joaquin,,False,
2023,Superior Court,San Joaquin County Superior Court,Courtroom Support - Stockton,Judicial Secretary,False,True,,60958,74094,,58270,0,0,2914,61184,24290,,0,11206,35496,2%@62,https://www.sjcourts.org/,,08/06/2024,San Joaquin,,False,
2023,Superior Court,San Joaquin County Superior Court,Criminal - Stockton,Legal Process Clerk III,False,True,,50031,60819,,60926,0,0,0,60926,29568,,0,12680,42248,2%@55.5,https://www.sjcourts.org/,,08/06/2024,San Joaquin,,False,
2023,Superior Court,San Joaquin County Superior Court,Probate,Legal Process Clerk III,False,True,,50031,60813,,60030,819,0,0,60849,23832,,0,12680,36512,2%@62,https://www.sjcourts.org/,,08/06/2024,San Joaquin,,False,
2023,Superior Court,San Joaquin County Superior Court,Juvenile Dependency,Legal Process Clerk III,False,True,,50031,60813,,59801,292,500,229,60822,29133,,0,11206,40339,2%@55.5,https://www.sjcourts.org/,,08/06/2024,San Joaquin,,False,
2023,Superior Court,San Joaquin County Superior Court,Courtroom Support - Stockton,Courtroom Clerk,False,True,,59471,72287,,60631,180,0,0,60811,24071,,0,22548,46619,2%@62,https://www.sjcourts.org/,,08/06/2024,San Joaquin,,False,
2023,Superior Court,San Joaquin County Superior Court,Collaborative Justice - Drug Test,Program Assistant,False,True,,51282,62333,,60486,172,0,0,60658,13293,,0,25638,38931,2%@55.5,https://www.sjcourts.org/,,08/06/2024,San Joaquin,,False,
2023,Superior Court,San Joaquin County Superior Court,Courtroom Support - Stockton,Courtroom Clerk,False,True,,59471,72287,,60595,23,0,0,60618,16059,,0,11206,27265,2%@62,https://www.sjcourts.org/,,08/06/2024,San Joaquin,,False,
2023,Superior Court,San Joaquin County Superior Court,Criminal - Stockton,Legal Process Clerk III,False,True,,50031,60813,,60030,0,585,0,60615,29417,,0,11206,40623,2%@55.5,https://www.sjcourts.org/,,08/06/2024,San Joaquin,,False,
2023,Superior Court,San Joaquin County Superior Court,Civil/Civil Records - Stockton,Program Assistant,False,True,,51282,62333,,60415,168,0,0,60583,0,,0,12680,12680,N/A,https://www.sjcourts.org/,,08/06/2024,San Joaquin,,False,
2023,Superior Court,San Joaquin County Superior Court,Criminal - Stockton,Legal Process Clerk III,False,True,,50031,60813,,60030,0,500,0,60530,29133,,0,12680,41813,2%@55.5,https://www.sjcourts.org/,,08/06/2024,San Joaquin,,False,
2023,Superior Court,San Joaquin County Superior Court,Business & Facility Services,Support Services Assistant,False,True,,50031,60813,,59801,229,0,229,60259,29133,,0,12680,41813,2%@55.5,https://www.sjcourts.org/,,08/06/2024,San Joaquin,,False,
2023,Superior Court,San Joaquin County Superior Court,Juvenile Dependency,Legal Process Clerk III,False,True,,50031,60813,,60030,138,0,0,60168,29133,,0,11206,40339,2%@55.5,https://www.sjcourts.org/,,08/06/2024,San Joaquin,,False,
2023,Superior Court,San Joaquin County Superior Court,Courtroom Support - Stockton,Legal Process Clerk III,False,True,,50031,60813,,60030,0,0,0,60030,89169,,0,25638,114807,2%@55.5,https://www.sjcourts.org/,,08/06/2024,San Joaquin,,False,
2023,Superior Court,San Joaquin County Superior Court,Criminal - Stockton,Legal Process Clerk III,False,True,,50031,60813,,60030,0,0,0,60030,29133,,0,22548,51681,2%@55.5,https://www.sjcourts.org/,,08/06/2024,San Joaquin,,False,
2023,Superior Court,San Joaquin County Superior Court,Records Management,Legal Process Clerk III,False,True,,50031,60813,,60030,0,0,0,60030,29133,,0,22548,51681,2%@55.5,https://www.sjcourts.org/,,08/06/2024,San Joaquin,,False,
2023,Superior Court,San Joaquin County Superior Court,Courtroom Support - Manteca,Legal Process Clerk III,False,True,,50031,60813,,60030,0,0,0,60030,29133,,0,17461,46594,2%@55.5,https://www.sjcourts.org/,,08/06/2024,San Joaquin,,False,
2023,Superior Court,San Joaquin County Superior Court,Civil/Civil Records - Stockton,Legal Process Clerk III,False,True,,50031,60813,,59801,0,0,229,60030,29133,,0,12680,41813,2%@55.5,https://www.sjcourts.org/,,08/06/2024,San Joaquin,,False,
2023,Superior Court,San Joaquin County Superior Court,Courtroom Support - Stockton,Legal Process Clerk III,False,True,,50031,60813,,60030,0,0,0,60030,29133,,0,12680,41813,2%@55.5,https://www.sjcourts.org/,,08/06/2024,San Joaquin,,False,
2023,Superior Court,San Joaquin County Superior Court,Criminal - Stockton,Legal Process Clerk III,False,True,,50031,60813,,60030,0,0,0,60030,29133,,0,12680,41813,2%@55.5,https://www.sjcourts.org/,,08/06/2024,San Joaquin,,False,
2023,Superior Court,San Joaquin County Superior Court,Criminal - Stockton,Legal Process Clerk III,False,True,,50031,60813,,60030,0,0,0,60030,29133,,0,12680,41813,2%@55.5,https://www.sjcourts.org/,,08/06/2024,San Joaquin,,False,
2023,Superior Court,San Joaquin County Superior Court,Small Claims - Stockton,Legal Process Clerk III,False,True,,50031,60813,,60030,0,0,0,60030,29133,,0,12680,41813,2%@55.5,https://www.sjcourts.org/,,08/06/2024,San Joaquin,,False,
2023,Superior Court,San Joaquin County Superior Court,Traffic - Stockton,Legal Process Clerk III,False,True,,50031,60813,,59923,0,0,107,60030,29133,,0,12680,41813,2%@55.5,https://www.sjcourts.org/,,08/06/2024,San Joaquin,,False,
2023,Superior Court,San Joaquin County Superior Court,Civil/Civil Records - Stockton,Legal Process Clerk III,False,True,,50031,60813,,60030,0,0,0,60030,23832,,0,17060,40892,2%@62,https://www.sjcourts.org/,,08/06/2024,San Joaquin,,False,
2023,Superior Court,San Joaquin County Superior Court,Appeals,Legal Process Clerk III,False,True,,50031,60813,,60030,0,0,0,60030,29133,,0,11206,40339,2%@55.5,https://www.sjcourts.org/,,08/06/2024,San Joaquin,,False,
2023,Superior Court,San Joaquin County Superior Court,Criminal - Manteca,Legal Process Clerk III,False,True,,50031,60813,,60030,0,0,0,60030,29133,,0,11206,40339,2%@55.5,https://www.sjcourts.org/,,08/06/2024,San Joaquin,,False,
2023,Superior Court,San Joaquin County Superior Court,Juvenile Delinquency,Legal Process Clerk III,False,True,,50031,60813,,60030,0,0,0,60030,29133,,0,11206,40339,2%@55.5,https://www.sjcourts.org/,,08/06/2024,San Joaquin,,False,
2023,Superior Court,San Joaquin County Superior Court,Traffic - Manteca,Legal Process Clerk III,False,True,,50031,60813,,60030,0,0,0,60030,29133,,0,11206,40339,2%@55.5,https://www.sjcourts.org/,,08/06/2024,San Joaquin,,False,
2023,Superior Court,San Joaquin County Superior Court,Traffic - Stockton,Legal Process Clerk III,False,True,,50031,60813,,60030,0,0,0,60030,29133,,0,11206,40339,2%@55.5,https://www.sjcourts.org/,,08/06/2024,San Joaquin,,False,
2023,Superior Court,San Joaquin County Superior Court,Traffic - Stockton,Legal Process Clerk III,False,True,,50031,60813,,60030,0,0,0,60030,23832,,0,14237,38069,2%@62,https://www.sjcourts.org/,,08/06/2024,San Joaquin,,False,
2023,Superior Court,San Joaquin County Superior Court,Civil/Civil Records - Stockton,Legal Process Clerk III,False,True,,50031,60813,,60030,0,0,0,60030,23832,,0,12680,36512,2%@62,https://www.sjcourts.org/,,08/06/2024,San Joaquin,,False,
2023,Superior Court,San Joaquin County Superior Court,Courtroom Support - Stockton,Courtroom Clerk,False,True,,59471,72287,,60030,0,0,0,60030,23832,,0,12680,36512,2%@62,https://www.sjcourts.org/,,08/06/2024,San Joaquin,,False,
2023,Superior Court,San Joaquin County Superior Court,Criminal - Manteca,Legal Process Clerk III,False,True,,50031,60813,,59796,0,0,234,60030,23832,,0,12680,36512,2%@62,https://www.sjcourts.org/,,08/06/2024,San Joaquin,,False,
2023,Superior Court,San Joaquin County Superior Court,Business & Facility Services,Support Services Assistant,False,True,,50031,60813,,59801,0,0,229,60030,23832,,0,11206,35038,2%@62,https://www.sjcourts.org/,,08/06/2024,San Joaquin,,False,
2023,Superior Court,San Joaquin County Superior Court,Courtroom Support - Stockton,Legal Process Clerk III,False,True,,50031,60813,,60030,0,0,0,60030,23832,,0,11206,35038,2%@62,https://www.sjcourts.org/,,08/06/2024,San Joaquin,,False,
2023,Superior Court,San Joaquin County Superior Court,Jury Services,Legal Process Clerk III,False,True,,50031,60813,,60030,0,0,0,60030,23832,,0,11206,35038,2%@62,https://www.sjcourts.org/,,08/06/2024,San Joaquin,,False,
2023,Superior Court,San Joaquin County Superior Court,Probate,Legal Process Clerk III,False,True,,50031,60813,,59801,0,0,229,60030,23832,,0,11206,35038,2%@62,https://www.sjcourts.org/,,08/06/2024,San Joaquin,,False,
2023,Superior Court,San Joaquin County Superior Court,Traffic - Stockton,Legal Process Clerk III,False,True,,50031,60813,,59922,0,0,0,59922,57956,,0,19927,77883,2%@62,https://www.sjcourts.org/,,08/06/2024,San Joaquin,,False,
2023,Superior Court,San Joaquin County Superior Court,Criminal - Manteca,Legal Process Clerk III,False,True,,50031,60813,,56854,0,0,2843,59697,23699,,0,12680,36379,2%@62,https://www.sjcourts.org/,,08/06/2024,San Joaquin,,False,
2023,Superior Court,San Joaquin County Superior Court,Traffic - Stockton,Legal Process Clerk III,False,True,,50031,60813,,59320,258,0,0,59578,28788,,0,18752,47540,2%@55.5,https://www.sjcourts.org/,,08/06/2024,San Joaquin,,False,
2023,Superior Court,San Joaquin County Superior Court,Criminal - Manteca,Legal Process Supervisor,False,True,,72459,88075,,59493,0,0,0,59493,23619,,0,22147,45766,2%@62,https://www.sjcourts.org/,,08/06/2024,San Joaquin,,False,
2023,Superior Court,San Joaquin County Superior Court,Criminal - Stockton,Legal Process Clerk III,False,True,,50031,60813,,59378,0,0,0,59378,23573,,0,22548,46121,2%@62,https://www.sjcourts.org/,,08/06/2024,San Joaquin,,False,
2023,Superior Court,San Joaquin County Superior Court,Courtroom Support - Stockton,Courtroom Clerk,False,True,,59471,72287,,58507,132,0,0,58639,23227,,0,12680,35907,2%@62,https://www.sjcourts.org/,,08/06/2024,San Joaquin,,False,
2023,Superior Court,San Joaquin County Superior Court,Family Law,Paralegal,False,True,,48810,59329,,58560,0,0,0,58560,0,,0,12680,12680,N/A,https://www.sjcourts.org/,,08/06/2024,San Joaquin,,False,
2023,Superior Court,San Joaquin County Superior Court,Juvenile Dependency,Legal Process Clerk III,False,True,,50031,60813,,57953,0,0,0,57953,23007,,0,11206,34213,2%@62,https://www.sjcourts.org/,,08/06/2024,San Joaquin,,False,
2023,Superior Court,San Joaquin County Superior Court,Records Management,Legal Process Clerk III,False,True,,50031,60813,,57223,115,0,0,57338,27771,,0,11206,38977,2%@55.5,https://www.sjcourts.org/,,08/06/2024,San Joaquin,,False,
2023,Superior Court,San Joaquin County Superior Court,Courtroom Support - Stockton,Legal Process Clerk III,False,True,,50031,60813,,52768,3971,0,0,56739,20949,,0,11206,32155,2%@62,https://www.sjcourts.org/,,08/06/2024,San Joaquin,,False,
2023,Superior Court,San Joaquin County Superior Court,Small Claims - Stockton,Legal Process Clerk III,False,True,,50031,60813,,52332,0,692,2626,55650,26671,,0,11585,38256,2%@55.5,https://www.sjcourts.org/,,08/06/2024,San Joaquin,,False,
2023,Superior Court,San Joaquin County Superior Court,Civil/Civil Records - Stockton,Legal Process Clerk III,False,True,,50031,60813,,55456,0,0,0,55456,22016,,0,22548,44564,2%@62,https://www.sjcourts.org/,,08/06/2024,San Joaquin,,False,
2023,Superior Court,San Joaquin County Superior Court,Traffic - Stockton,Legal Process Clerk II,False,True,,45325,55093,,54392,909,0,0,55301,21594,,0,22147,43741,2%@62,https://www.sjcourts.org/,,08/06/2024,San Joaquin,,False,
2023,Superior Court,San Joaquin County Superior Court,Family Law,Legal Process Clerk II,False,True,,45325,55093,,54392,499,0,0,54891,21594,,0,12150,33744,2%@62,https://www.sjcourts.org/,,08/06/2024,San Joaquin,,False,
2023,Superior Court,San Joaquin County Superior Court,Family Law,Legal Process Clerk II,False,True,,45325,55093,,54392,119,0,0,54511,21594,,0,17461,39055,2%@62,https://www.sjcourts.org/,,08/06/2024,San Joaquin,,False,
2023,Superior Court,San Joaquin County Superior Court,Civil/Civil Records - Stockton,Legal Process Clerk III,False,True,,50031,60813,,51667,0,0,2583,54250,21538,,0,12680,34218,2%@62,https://www.sjcourts.org/,,08/06/2024,San Joaquin,,False,
2023,Superior Court,San Joaquin County Superior Court,Criminal - Stockton,Legal Process Clerk III,False,True,,50031,60813,,51474,101,0,2574,54149,21457,,0,11206,32663,2%@62,https://www.sjcourts.org/,,08/06/2024,San Joaquin,,False,
2023,Superior Court,San Joaquin County Superior Court,Traffic - Stockton,Legal Process Clerk III,False,True,,50031,60813,,53760,312,0,0,54072,21343,,0,25227,46570,2%@62,https://www.sjcourts.org/,,08/06/2024,San Joaquin,,False,
2023,Superior Court,San Joaquin County Superior Court,Records Management,Legal Process Clerk II,False,True,,45325,55093,,50949,377,0,2547,53873,21238,,0,12680,33918,2%@62,https://www.sjcourts.org/,,08/06/2024,San Joaquin,,False,
2023,Superior Court,San Joaquin County Superior Court,Traffic - Stockton,Legal Process Clerk III,False,True,,50031,60813,,53715,0,0,0,53715,26068,,0,16924,42992,2%@55.5,https://www.sjcourts.org/,,08/06/2024,San Joaquin,,False,
2023,Superior Court,San Joaquin County Superior Court,Civil/Civil Records - Manteca,Legal Process Clerk III,False,True,,50031,60813,,53562,0,0,0,53562,21264,,0,12680,33944,2%@62,https://www.sjcourts.org/,,08/06/2024,San Joaquin,,False,
2023,Superior Court,San Joaquin County Superior Court,Criminal - Manteca,Legal Process Clerk III,False,True,,50031,60813,,48843,20,4278,208,53349,17138,,0,12680,29818,2%@62,https://www.sjcourts.org/,,08/06/2024,San Joaquin,,False,
2023,Superior Court,San Joaquin County Superior Court,Appeals,Legal Process Clerk III,False,True,,50031,60813,,53100,205,0,0,53305,21081,,0,11206,32287,2%@62,https://www.sjcourts.org/,,08/06/2024,San Joaquin,,False,
2023,Superior Court,San Joaquin County Superior Court,Family Law,Legal Process Clerk III,False,True,,50031,60813,,47165,570,5566,0,53301,22889,,0,8325,31214,2%@55.5,https://www.sjcourts.org/,,08/06/2024,San Joaquin,,False,
2023,Superior Court,San Joaquin County Superior Court,Civil/Civil Records - Stockton,Legal Process Clerk III,False,True,,50031,60813,,53075,0,0,0,53075,21071,,0,11206,32277,2%@62,https://www.sjcourts.org/,,08/06/2024,San Joaquin,,False,
2023,Superior Court,San Joaquin County Superior Court,Family Law,Legal Process Clerk II,False,True,,45325,55093,,47799,2576,0,2390,52765,51030,,0,4536,55566,2%@62,https://www.sjcourts.org/,,08/06/2024,San Joaquin,,False,
2023,Superior Court,San Joaquin County Superior Court,Criminal - Stockton,Legal Process Clerk III,False,True,,50031,60813,,52533,0,0,115,52648,25550,,0,17461,43011,2%@55.5,https://www.sjcourts.org/,,08/06/2024,San Joaquin,,False,
2023,Superior Court,San Joaquin County Superior Court,Court Reporters,Court Reporter,False,True,,95073,115562,,36034,0,15331,1274,52639,18105,,0,11206,29311,2%@55.5,https://www.sjcourts.org/,,08/06/2024,San Joaquin,,False,
2023,Superior Court,San Joaquin County Superior Court,Traffic - Manteca,Legal Process Clerk III,False,True,,50031,60813,,52466,0,0,0,52466,20829,,0,12680,33509,2%@62,https://www.sjcourts.org/,,08/06/2024,San Joaquin,,False,
2023,Superior Court,San Joaquin County Superior Court,Courtroom Support - Stockton,Legal Process Clerk III,False,True,,50031,60813,,52163,6,0,0,52169,20709,,0,11206,31915,2%@62,https://www.sjcourts.org/,,08/06/2024,San Joaquin,,False,
2023,Superior Court,San Joaquin County Superior Court,Criminal - Stockton,Legal Process Clerk II,False,True,,45325,55093,,52039,48,0,0,52087,20659,,0,11206,31865,2%@62,https://www.sjcourts.org/,,08/06/2024,San Joaquin,,False,
2023,Superior Court,San Joaquin County Superior Court,Family Law,Legal Process Clerk II,False,True,,45325,55093,,48058,2911,982,0,51951,19079,,0,10299,29378,2%@62,https://www.sjcourts.org/,,08/06/2024,San Joaquin,,False,
2023,Superior Court,San Joaquin County Superior Court,Traffic - Stockton,Legal Process Clerk III,False,True,,50031,60813,,49017,223,0,2451,51691,20433,,0,12680,33113,2%@62,https://www.sjcourts.org/,,08/06/2024,San Joaquin,,False,
2023,Superior Court,San Joaquin County Superior Court,Criminal - Stockton,Legal Process Clerk III,False,True,,50031,60813,,31185,0,0,20085,51270,0,,0,0,0,N/A,https://www.sjcourts.org/,,08/06/2024,San Joaquin,,False,
2023,Superior Court,San Joaquin County Superior Court,Criminal - Stockton,Legal Process Clerk II,False,True,,45325,55093,,50949,201,0,0,51150,20227,,0,11206,31433,2%@62,https://www.sjcourts.org/,,08/06/2024,San Joaquin,,False,
2023,Superior Court,San Joaquin County Superior Court,Criminal - Stockton,Legal Process Clerk II,False,True,,45325,55093,,50902,0,231,0,51133,20208,,0,25638,45846,2%@62,https://www.sjcourts.org/,,08/06/2024,San Joaquin,,False,
2023,Superior Court,San Joaquin County Superior Court,Criminal - Manteca,Legal Process Clerk II,False,True,,45325,55093,,51043,0,0,0,51043,19473,,0,23422,42895,2%@62,https://www.sjcourts.org/,,08/06/2024,San Joaquin,,False,
2023,Superior Court,San Joaquin County Superior Court,Family Law,Legal Process Clerk III-X,False,True,,50031,60813,,48558,0,0,2428,50986,0,,0,25638,25638,N/A,https://www.sjcourts.org/,,08/06/2024,San Joaquin,,False,
2023,Superior Court,San Joaquin County Superior Court,Courtroom Support - Stockton,Legal Process Clerk III,False,True,,50031,60813,,30015,29,0,20925,50969,0,,0,0,0,N/A,https://www.sjcourts.org/,,08/06/2024,San Joaquin,,False,
2023,Superior Court,San Joaquin County Superior Court,Courtroom Support - Stockton,Legal Process Clerk III,False,True,,50031,60813,,30015,0,0,20905,50920,0,,0,0,0,N/A,https://www.sjcourts.org/,,08/06/2024,San Joaquin,,False,
2023,Superior Court,San Joaquin County Superior Court,Criminal - Stockton,Legal Process Clerk III,False,True,,50031,60813,,50445,0,0,0,50445,20027,,0,12680,32707,2%@62,https://www.sjcourts.org/,,08/06/2024,San Joaquin,,False,
2023,Superior Court,San Joaquin County Superior Court,Jury Services,Legal Process Clerk II,False,True,,45325,55093,,47799,0,0,2390,50189,19925,,0,11206,31131,2%@62,https://www.sjcourts.org/,,08/06/2024,San Joaquin,,False,
2023,Superior Court,San Joaquin County Superior Court,Civil/Civil Records - Stockton,Legal Process Clerk III,False,True,,50031,60813,,44173,3767,0,2209,50149,17537,,0,11206,28743,2%@62,https://www.sjcourts.org/,,08/06/2024,San Joaquin,,False,
2023,Superior Court,San Joaquin County Superior Court,Traffic - Stockton,Legal Process Clerk II,False,True,,45325,55093,,49903,188,0,0,50091,19812,,0,11206,31018,2%@62,https://www.sjcourts.org/,,08/06/2024,San Joaquin,,False,
2023,Superior Court,San Joaquin County Superior Court,Family Law,Legal Process Clerk II,False,True,,45325,55093,,46537,2425,0,179,49141,18547,,0,11206,29753,2%@62,https://www.sjcourts.org/,,08/06/2024,San Joaquin,,False,
2023,Superior Court,San Joaquin County Superior Court,Family Law,Legal Process Clerk I,False,True,,41063,49912,,48654,244,0,0,48898,19315,,0,22548,41863,2%@62,https://www.sjcourts.org/,,08/06/2024,San Joaquin,,False,
2023,Superior Court,San Joaquin County Superior Court,Jury Services,Legal Process Clerk II,False,True,,45325,55093,,48637,198,0,0,48835,19309,,0,22548,41857,2%@62,https://www.sjcourts.org/,,08/06/2024,San Joaquin,,False,
2023,Superior Court,San Joaquin County Superior Court,Civil/Civil Records - Stockton,Legal Process Clerk I,False,True,,41063,49912,,46416,0,0,2321,48737,0,,0,11206,11206,N/A,https://www.sjcourts.org/,,08/06/2024,San Joaquin,,False,
2023,Superior Court,San Joaquin County Superior Court,Court Reporters,Court Reporter,False,True,,95073,115562,,46896,0,398,1407,48701,19176,,0,9116,28292,2%@62,https://www.sjcourts.org/,,08/06/2024,San Joaquin,,False,
2023,Superior Court,San Joaquin County Superior Court,Criminal - Stockton,Legal Process Clerk III,False,True,,50031,60813,,48464,0,0,184,48648,19314,,0,12680,31994,2%@62,https://www.sjcourts.org/,,08/06/2024,San Joaquin,,False,
2023,Superior Court,San Joaquin County Superior Court,Family Law,Legal Process Clerk II,False,True,,45325,55093,,45000,780,0,2250,48030,18758,,0,11206,29964,2%@62,https://www.sjcourts.org/,,08/06/2024,San Joaquin,,False,
2023,Superior Court,San Joaquin County Superior Court,Records Management,Legal Process Clerk II,False,True,,45325,55093,,47772,67,0,0,47839,18966,,0,12680,31646,2%@62,https://www.sjcourts.org/,,08/06/2024,San Joaquin,,False,
2023,Superior Court,San Joaquin County Superior Court,Collaborative Justice - Drug Test,Court Analyst,False,True,,81981,99649,,37488,0,9634,0,47122,14883,,0,7062,21945,2%@62,https://www.sjcourts.org/,,08/06/2024,San Joaquin,,False,
2023,Superior Court,San Joaquin County Superior Court,Juvenile Delinquency,Legal Process Clerk II,False,True,,45325,55093,,43918,0,0,2196,46114,17435,,0,11206,28641,2%@62,https://www.sjcourts.org/,,08/06/2024,San Joaquin,,False,
2023,Superior Court,San Joaquin County Superior Court,Family Law,Legal Process Clerk I,False,True,,41063,49912,,43718,0,0,2186,45904,0,,0,11206,11206,N/A,https://www.sjcourts.org/,,08/06/2024,San Joaquin,,False,
2023,Superior Court,San Joaquin County Superior Court,Traffic - Stockton,Legal Process Clerk II,False,True,,45325,55093,,44406,168,0,1212,45786,18110,,0,11206,29316,2%@62,https://www.sjcourts.org/,,08/06/2024,San Joaquin,,False,
2023,Superior Court,San Joaquin County Superior Court,Collaborative Justice - Drug Test,Program Assistant,False,True,,51282,62333,,45370,0,0,0,45370,16446,,0,11206,27652,2%@62,https://www.sjcourts.org/,,08/06/2024,San Joaquin,,False,
2023,Superior Court,San Joaquin County Superior Court,Criminal - Stockton,Legal Process Clerk III,False,True,,50031,60813,,27637,82,0,17526,45245,0,,0,0,0,N/A,https://www.sjcourts.org/,,08/06/2024,San Joaquin,,False,
2023,Superior Court,San Joaquin County Superior Court,Criminal - Stockton,Legal Process Clerk II,False,True,,45325,55093,,45087,0,0,0,45087,17900,,0,17461,35361,2%@62,https://www.sjcourts.org/,,08/06/2024,San Joaquin,,False,
2023,Superior Court,San Joaquin County Superior Court,Criminal - Stockton,Legal Process Clerk II,False,True,,45325,55093,,45000,12,0,0,45012,17865,,0,12680,30545,2%@62,https://www.sjcourts.org/,,08/06/2024,San Joaquin,,False,
2023,Superior Court,San Joaquin County Superior Court,Civil/Civil Records - Stockton,Legal Process Clerk II,False,True,,45325,55093,,44655,0,0,171,44826,17796,,0,11206,29002,2%@62,https://www.sjcourts.org/,,08/06/2024,San Joaquin,,False,
2023,Superior Court,San Joaquin County Superior Court,Probate,Legal Process Clerk III,False,True,,50031,60813,,41317,186,3311,0,44814,20051,,0,7364,27415,2%@55.5,https://www.sjcourts.org/,,08/06/2024,San Joaquin,,False,
2023,Superior Court,San Joaquin County Superior Court,Traffic - Stockton,Legal Process Clerk II,False,True,,45325,55093,,44406,224,0,0,44630,17629,,0,17461,35090,2%@62,https://www.sjcourts.org/,,08/06/2024,San Joaquin,,False,
2023,Superior Court,San Joaquin County Superior Court,Business & Facility Services,Facilities Specialist,False,True,,74271,90277,,44524,0,0,0,44524,17676,,0,6567,24243,2%@62,https://www.sjcourts.org/,,08/06/2024,San Joaquin,,False,
2023,Superior Court,San Joaquin County Superior Court,Civil/Civil Records - Stockton,Legal Process Clerk II,False,True,,45325,55093,,44250,0,0,0,44250,17567,,0,11206,28773,2%@62,https://www.sjcourts.org/,,08/06/2024,San Joaquin,,False,
2023,Superior Court,San Joaquin County Superior Court,Criminal - Stockton,Legal Process Clerk II,False,True,,45325,55093,,43823,0,0,0,43823,24780,,0,19389,44169,2%@62,https://www.sjcourts.org/,,08/06/2024,San Joaquin,,False,
2023,Superior Court,San Joaquin County Superior Court,Jury Services,Legal Process Clerk II,False,True,,45325,55093,,43668,0,0,0,43668,17336,,0,25638,42974,2%@62,https://www.sjcourts.org/,,08/06/2024,San Joaquin,,False,
2023,Superior Court,San Joaquin County Superior Court,Criminal - Stockton,Legal Process Clerk II,False,True,,45325,55093,,41555,0,0,2078,43633,16497,,0,12680,29177,2%@62,https://www.sjcourts.org/,,08/06/2024,San Joaquin,,False,
2023,Superior Court,San Joaquin County Superior Court,Family Law,Legal Process Clerk I,False,True,,41063,49912,,41478,0,0,2074,43552,0,,0,12680,12680,N/A,https://www.sjcourts.org/,,08/06/2024,San Joaquin,,False,
2023,Superior Court,San Joaquin County Superior Court,Civil/Civil Records - Stockton,Legal Process Clerk II,False,True,,45325,55093,,43396,104,0,0,43500,17228,,0,22337,39565,2%@62,https://www.sjcourts.org/,,08/06/2024,San Joaquin,,False,
2023,Superior Court,San Joaquin County Superior Court,Family Law,Legal Process Clerk I,False,True,,41063,49912,,41004,420,0,2050,43474,19925,,0,11206,31131,2%@62,https://www.sjcourts.org/,,08/06/2024,San Joaquin,,False,
2023,Superior Court,San Joaquin County Superior Court,Records Management,Legal Process Clerk I,False,True,,41063,49912,,43226,0,0,0,43226,17161,,0,11206,28367,2%@62,https://www.sjcourts.org/,,08/06/2024,San Joaquin,,False,
2023,Superior Court,San Joaquin County Superior Court,Criminal - Manteca,Legal Process Clerk II,False,True,,45325,55093,,43169,0,0,0,43169,20264,,0,22548,42812,2%@62,https://www.sjcourts.org/,,08/06/2024,San Joaquin,,False,
2023,Superior Court,San Joaquin County Superior Court,Traffic - Stockton,Legal Process Clerk III,False,True,,50031,60813,,40792,271,0,2040,43103,17004,,0,17052,34056,2%@62,https://www.sjcourts.org/,,08/06/2024,San Joaquin,,False,
2023,Superior Court,San Joaquin County Superior Court,Juvenile Delinquency,Legal Process Clerk I,False,True,,41063,49912,,42977,0,0,0,42977,17062,,0,11006,28068,2%@62,https://www.sjcourts.org/,,08/06/2024,San Joaquin,,False,
2023,Superior Court,San Joaquin County Superior Court,Courtroom Support - Stockton,Courtroom Clerk,False,True,,59471,72287,,39521,0,3218,0,42739,34629,,0,12680,47309,2%@55.5,https://www.sjcourts.org/,,08/06/2024,San Joaquin,,False,
2023,Superior Court,San Joaquin County Superior Court,Traffic - Manteca,Legal Process Clerk II,False,True,,45325,55093,,42592,0,0,0,42592,16909,,0,12680,29589,2%@62,https://www.sjcourts.org/,,08/06/2024,San Joaquin,,False,
2023,Superior Court,San Joaquin County Superior Court,Collaborative Justice - Drug Test,Case Manager - Contract,False,True,,60958,74094,,42537,0,0,0,42537,0,,0,22267,22267,N/A,https://www.sjcourts.org/,,08/06/2024,San Joaquin,,False,
2023,Superior Court,San Joaquin County Superior Court,Family Law,Legal Process Clerk II,False,True,,45325,55093,,40944,455,825,0,42224,16255,,0,19194,35449,2%@62,https://www.sjcourts.org/,,08/06/2024,San Joaquin,,False,
2023,Superior Court,San Joaquin County Superior Court,Traffic - Manteca,Legal Process Clerk II,False,True,,45325,55093,,42082,0,0,0,42082,16707,,0,11206,27913,2%@62,https://www.sjcourts.org/,,08/06/2024,San Joaquin,,False,
2023,Superior Court,San Joaquin County Superior Court,Family Law,Legal Process Clerk I,False,True,,41063,49912,,42049,0,0,0,42049,16693,,0,12680,29373,2%@62,https://www.sjcourts.org/,,08/06/2024,San Joaquin,,False,
2023,Superior Court,San Joaquin County Superior Court,Traffic - Stockton,Legal Process Clerk I,False,True,,41063,49912,,42018,0,0,0,42018,16681,,0,12680,29361,2%@62,https://www.sjcourts.org/,,08/06/2024,San Joaquin,,False,
2023,Superior Court,San Joaquin County Superior Court,Criminal - Stockton,Legal Process Clerk II,False,True,,45325,55093,,41750,0,0,0,41750,16575,,0,11206,27781,2%@62,https://www.sjcourts.org/,,08/06/2024,San Joaquin,,False,
2023,Superior Court,San Joaquin County Superior Court,Criminal - Stockton,Legal Process Clerk II,False,True,,45325,55093,,41338,11,0,0,41349,16411,,0,11206,27617,2%@62,https://www.sjcourts.org/,,08/06/2024,San Joaquin,,False,
2023,Superior Court,San Joaquin County Superior Court,Civil/Civil Records - Stockton,Legal Process Clerk II,False,True,,45325,55093,,41174,0,0,0,41174,16346,,0,11206,27552,2%@62,https://www.sjcourts.org/,,08/06/2024,San Joaquin,,False,
2023,Superior Court,San Joaquin County Superior Court,Civil/Civil Records - Stockton,Legal Process Clerk II,False,True,,45325,55093,,41094,0,0,0,41094,16315,,0,11206,27521,2%@62,https://www.sjcourts.org/,,08/06/2024,San Joaquin,,False,
2023,Superior Court,San Joaquin County Superior Court,Family Law,Legal Process Clerk I,False,True,,41063,49912,,40925,135,0,0,41060,16247,,0,12680,28927,2%@62,https://www.sjcourts.org/,,08/06/2024,San Joaquin,,False,
2023,Superior Court,San Joaquin County Superior Court,Traffic - Stockton,Legal Process Clerk I,False,True,,41063,49912,,40917,142,0,0,41059,16244,,0,11206,27450,2%@62,https://www.sjcourts.org/,,08/06/2024,San Joaquin,,False,
2023,Superior Court,San Joaquin County Superior Court,Collaborative Justice - Drug Test,Case Manager - Contract,False,True,,60958,74094,,39809,0,0,0,39809,0,,0,4368,4368,N/A,https://www.sjcourts.org/,,08/06/2024,San Joaquin,,False,
2023,Superior Court,San Joaquin County Superior Court,Retired,Legal Process Supervisor,False,True,,72459,88075,,23403,0,15289,0,38692,11358,,0,4237,15595,2%@55.5,https://www.sjcourts.org/,,08/06/2024,San Joaquin,,False,
2023,Superior Court,San Joaquin County Superior Court,Criminal - Stockton,Legal Process Clerk III,False,True,,50031,60813,,37330,0,10,0,37340,18116,,0,10491,28607,2%@55.5,https://www.sjcourts.org/,,08/06/2024,San Joaquin,,False,
2023,Superior Court,San Joaquin County Superior Court,Appeals,Legal Process Clerk III,False,True,,50031,60813,,36456,0,597,0,37053,14473,,0,12874,27347,2%@62,https://www.sjcourts.org/,,08/06/2024,San Joaquin,,False,
2023,Superior Court,San Joaquin County Superior Court,Courtroom Support - Stockton,Legal Process Clerk III,False,True,,50031,60813,,35567,0,234,0,35801,14120,,0,6403,20523,2%@62,https://www.sjcourts.org/,,08/06/2024,San Joaquin,,False,
2023,Superior Court,San Joaquin County Superior Court,Family Law,Legal Process Clerk I,False,True,,41063,49912,,34182,911,0,0,35093,9475,,0,14637,24112,2%@62,https://www.sjcourts.org/,,08/06/2024,San Joaquin,,False,
2023,Superior Court,San Joaquin County Superior Court,Collaborative Justice - Drug Test,Program Assistant,False,True,,51282,62333,,35010,0,0,0,35010,0,,0,10805,10805,N/A,https://www.sjcourts.org/,,08/06/2024,San Joaquin,,False,
2023,Superior Court,San Joaquin County Superior Court,Courtroom Support - Stockton,Court Commissioner,False,True,,197538,197538,,34189,0,0,0,34189,0,,0,0,0,N/A,https://www.sjcourts.org/,,08/06/2024,San Joaquin,,False,
2023,Superior Court,San Joaquin County Superior Court,Civil/Civil Records - Stockton,Legal Process Clerk II,False,True,,45325,55093,,34182,0,0,0,34182,13570,,0,9392,22962,2%@62,https://www.sjcourts.org/,,08/06/2024,San Joaquin,,False,
2023,Superior Court,San Joaquin County Superior Court,Civil/Civil Records - Stockton,Legal Process Clerk I,False,True,,41063,49912,,33341,0,626,0,33967,13236,,0,9392,22628,2%@62,https://www.sjcourts.org/,,08/06/2024,San Joaquin,,False,
2023,Superior Court,San Joaquin County Superior Court,Probate,Probate Examiner,False,True,,70692,85927,,23976,0,9575,324,33875,11793,,0,2721,14514,2%@55.5,https://www.sjcourts.org/,,08/06/2024,San Joaquin,,False,
2023,Superior Court,San Joaquin County Superior Court,Civil/Civil Records - Stockton,Legal Process Clerk I,False,True,,41063,49912,,33189,0,0,0,33189,13176,,0,10642,23818,2%@62,https://www.sjcourts.org/,,08/06/2024,San Joaquin,,False,
2023,Superior Court,San Joaquin County Superior Court,Juvenile Delinquency,Legal Process Clerk I,False,True,,41063,49912,,30931,0,0,0,30931,12280,,0,9623,21903,2%@62,https://www.sjcourts.org/,,08/06/2024,San Joaquin,,False,
2023,Superior Court,San Joaquin County Superior Court,Collaborative Justice - Drug Test,Case Manager - Contract,False,True,,60958,74094,,27756,0,2884,0,30640,0,,0,0,0,N/A,https://www.sjcourts.org/,,08/06/2024,San Joaquin,,False,
2023,Superior Court,San Joaquin County Superior Court,Judge's Retire System Member,"Judge, Superior Court",True,True,,228979,238479,,29729,0,0,-201,29528,0,,,3885,3885,Judicial Retirement System,https://www.sjcourts.org/,,08/06/2024,San Joaquin,,False,
2023,Superior Court,San Joaquin County Superior Court,Retired,Court Interpreter,False,True,,88962,94390,,26694,0,2338,0,29032,12955,,0,5649,18604,2%@55.5,https://www.sjcourts.org/,,08/06/2024,San Joaquin,,False,
2023,Superior Court,San Joaquin County Superior Court,Courtroom Support - Stockton,Courtroom Clerk,False,True,,59471,72287,,28764,0,0,0,28764,13959,,0,4803,18762,2%@55.5,https://www.sjcourts.org/,,08/06/2024,San Joaquin,,False,
2023,Superior Court,San Joaquin County Superior Court,Collaborative Justice - Drug Test,Case Manager - Contract,False,True,,60958,74094,,24830,0,0,0,24830,0,,0,4636,4636,N/A,https://www.sjcourts.org/,,08/06/2024,San Joaquin,,False,
2023,Superior Court,San Joaquin County Superior Court,Traffic - Stockton,Legal Process Clerk III,False,True,,50031,60813,,16050,0,7503,0,23553,7789,,0,4774,12563,2%@55.5,https://www.sjcourts.org/,,08/06/2024,San Joaquin,,False,
2023,Superior Court,San Joaquin County Superior Court,Judge's Retire System Member,"Judge, Superior Court",True,True,,228979,238479,,23647,0,0,-121,23526,0,,,1475,1475,Judicial Retirement System,https://www.sjcourts.org/,,08/06/2024,San Joaquin,,False,
2023,Superior Court,San Joaquin County Superior Court,Retired,Courtroom Clerk,False,True,,59471,72287,,20442,0,1719,0,22161,9920,,0,2721,12641,2%@55.5,https://www.sjcourts.org/,,08/06/2024,San Joaquin,,False,
2023,Superior Court,San Joaquin County Superior Court,Courtroom Support - Stockton,Courtroom Clerk,False,True,,59471,72287,,21552,0,0,0,21552,10459,,0,4536,14995,2%@55.5,https://www.sjcourts.org/,,08/06/2024,San Joaquin,,False,
2023,Superior Court,San Joaquin County Superior Court,Civil/Civil Records - Stockton,Legal Process Clerk III,False,True,,50031,60813,,21411,0,0,0,21411,10391,,0,12680,23071,2%@55.5,https://www.sjcourts.org/,,08/06/2024,San Joaquin,,False,
2023,Superior Court,San Joaquin County Superior Court,Criminal - Stockton,Legal Process Clerk I,False,True,,41063,49912,,19660,10,718,0,20388,7805,,0,5496,13301,2%@62,https://www.sjcourts.org/,,08/06/2024,San Joaquin,,False,
2023,Superior Court,San Joaquin County Superior Court,Retired,Legal Process Clerk III,False,True,,50031,60813,,15820,0,3654,229,19703,7789,,0,2721,10510,2%@55.5,https://www.sjcourts.org/,,08/06/2024,San Joaquin,,False,
2023,Superior Court,San Joaquin County Superior Court,Family Law,Legal Process Clerk I,False,True,,41063,49912,,17791,0,232,901,18924,0,,0,5245,5245,N/A,https://www.sjcourts.org/,,08/06/2024,San Joaquin,,False,
2023,Superior Court,San Joaquin County Superior Court,Records Management,Legal Process Clerk I,False,True,,41063,49912,,17581,377,14,0,17972,6980,,0,6189,13169,2%@62,https://www.sjcourts.org/,,08/06/2024,San Joaquin,,False,
2023,Superior Court,San Joaquin County Superior Court,Information Technology,It Systems Administrator,False,True,,107566,130748,,15900,2049,0,0,17949,0,,0,0,0,N/A,https://www.sjcourts.org/,,08/06/2024,San Joaquin,,False,
2023,Superior Court,San Joaquin County Superior Court,Probate,Probate Attorney,False,True,,124744,151627,,17496,0,0,0,17496,6946,,0,1498,8444,2%@62,https://www.sjcourts.org/,,08/06/2024,San Joaquin,,False,
2023,Superior Court,San Joaquin County Superior Court,Information Technology,Info Systems Intern,False,True,,58020,70524,,16300,0,0,0,16300,0,,0,0,0,N/A,https://www.sjcourts.org/,,08/06/2024,San Joaquin,,False,
2023,Superior Court,San Joaquin County Superior Court,Family Law,Legal Process Clerk I,False,True,,41063,49912,,12634,154,0,632,13420,5016,,0,3842,8858,2%@62,https://www.sjcourts.org/,,08/06/2024,San Joaquin,,False,
2023,Superior Court,San Joaquin County Superior Court,Family Law,Legal Process Clerk I,False,True,,41063,49912,,12634,0,0,632,13266,5016,,0,4244,9260,2%@62,https://www.sjcourts.org/,,08/06/2024,San Joaquin,,False,
2023,Superior Court,San Joaquin County Superior Court,Records Management,Legal Process Clerk I,False,True,,41063,49912,,12634,15,0,0,12649,5016,,0,4378,9394,2%@62,https://www.sjcourts.org/,,08/06/2024,San Joaquin,,False,
2023,Superior Court,San Joaquin County Superior Court,Family Law,Legal Process Clerk II,False,True,,45325,55093,,5194,0,3562,0,8756,2062,,0,1412,3474,2%@62,https://www.sjcourts.org/,,08/06/2024,San Joaquin,,False,
2023,Superior Court,San Joaquin County Superior Court,Courtroom Support - Stockton,Courtroom Clerk,False,True,,59471,72287,,8691,43,0,0,8734,3450,,0,3870,7320,2%@62,https://www.sjcourts.org/,,08/06/2024,San Joaquin,,False,
2023,Superior Court,San Joaquin County Superior Court,Information Technology,Info Systems Intern,False,True,,58020,70524,,8078,0,0,0,8078,0,,0,0,0,N/A,https://www.sjcourts.org/,,08/06/2024,San Joaquin,,False,
2023,Superior Court,San Joaquin County Superior Court,Family Law,Legal Process Clerk I,False,True,,41063,49912,,8029,0,0,0,8029,3188,,0,2882,6070,2%@62,https://www.sjcourts.org/,,08/06/2024,San Joaquin,,False,
2023,Superior Court,San Joaquin County Superior Court,Family Law,Legal Process Clerk II,False,True,,45325,55093,,1039,0,6943,0,7982,422,,0,0,422,2%@62,https://www.sjcourts.org/,,08/06/2024,San Joaquin,,False,
2023,Superior Court,San Joaquin County Superior Court,Probate,Legal Process Clerk I,False,True,,41063,49912,,7497,0,0,0,7497,2976,,0,1921,4897,2%@62,https://www.sjcourts.org/,,08/06/2024,San Joaquin,,False,
2023,Superior Court,San Joaquin County Superior Court,Family Law,Legal Process Clerk I,False,True,,41063,49912,,6642,0,483,356,7481,0,,0,3646,3646,N/A,https://www.sjcourts.org/,,08/06/2024,San Joaquin,,False,
2023,Superior Court,San Joaquin County Superior Court,Court Reporters,Court Reporter,False,True,,95073,115562,,3948,0,3410,118,7476,47901,,0,11206,59107,2%@55.5,https://www.sjcourts.org/,,08/06/2024,San Joaquin,,False,
2023,Superior Court,San Joaquin County Superior Court,Child Custody & Mediation,Child Custody Recommending Counselor Supervisor,False,True,,95073,115562,,4358,0,3051,0,7409,2115,,0,0,2115,2%@55.5,https://www.sjcourts.org/,,08/06/2024,San Joaquin,,False,
2023,Superior Court,San Joaquin County Superior Court,Human Resources,Human Resources Assistant,False,True,,64044,77845,,7063,0,184,0,7247,0,,0,0,0,N/A,https://www.sjcourts.org/,,08/06/2024,San Joaquin,,False,
2023,Superior Court,San Joaquin County Superior Court,Civil/Civil Records - Stockton,Legal Process Clerk III,False,True,,50031,60813,,7076,0,0,0,7076,0,,0,0,0,N/A,https://www.sjcourts.org/,,08/06/2024,San Joaquin,,False,
2023,Superior Court,San Joaquin County Superior Court,Courtroom Support - Stockton,Legal Process Clerk III,False,True,,50031,60813,,6201,0,0,0,6201,3009,,0,13163,16172,2%@55.5,https://www.sjcourts.org/,,08/06/2024,San Joaquin,,False,
2023,Superior Court,San Joaquin County Superior Court,Civil/Civil Records - Stockton,Legal Process Clerk I,False,True,,41063,49912,,4738,0,0,0,4738,1881,,0,1094,2975,2%@62,https://www.sjcourts.org/,,08/06/2024,San Joaquin,,False,
2023,Superior Court,San Joaquin County Superior Court,Criminal - Stockton,Legal Process Clerk I,False,True,,41063,49912,,4738,0,0,0,4738,1881,,0,1094,2975,2%@62,https://www.sjcourts.org/,,08/06/2024,San Joaquin,,False,
2023,Superior Court,San Joaquin County Superior Court,Civil/Civil Records - Stockton,Legal Process Clerk I,False,True,,41063,49912,,4738,0,0,0,4738,1881,,0,961,2842,2%@62,https://www.sjcourts.org/,,08/06/2024,San Joaquin,,False,
2023,Superior Court,San Joaquin County Superior Court,Family Law,Legal Process Clerk I,False,True,,41063,49912,,3158,0,0,0,3158,0,,0,0,0,N/A,https://www.sjcourts.org/,,08/06/2024,San Joaquin,,False,
2023,Superior Court,San Joaquin County Superior Court,Criminal - Manteca,Legal Process Clerk I,False,True,,41063,49912,,1579,0,0,0,1579,627,,0,0,627,2%@62,https://www.sjcourts.org/,,08/06/2024,San Joaquin,,False,
2023,Superior Court,San Joaquin County Superior Court,Family Law,Legal Process Clerk I,False,True,,41063,49912,,1075,0,41,0,1116,427,,0,0,427,2%@62,https://www.sjcourts.org/,,08/06/2024,San Joaquin,,False,
2023,Superior Court,San Joaquin County Superior Court,Courtroom Support - Stockton,Court Commissioner,False,True,,197538,197538,,618,0,0,0,618,16592,,0,2189,18781,2%@55.5,https://www.sjcourts.org/,,08/06/2024,San Joaquin,,False,
2023,Superior Court,San Joaquin County Superior Court,Family Law,Legal Process Clerk II,False,True,,45325,55093,,147,0,6,8,161,61,,0,907,968,2%@62,https://www.sjcourts.org/,,08/06/2024,San Joaquin,,False,

