﻿Year,EmployerType,EmployerName,DepartmentOrSubdivision,Position,ElectedOfficial,Judicial,OtherPositions,MinPositionSalary,MaxPositionSalary,ReportedBaseWage,RegularPay,OvertimePay,LumpSumPay,OtherPay,TotalWages,DefinedBenefitPlanContribution,EmployeesRetirementCostCovered,DeferredCompensationPlan,HealthDentalVision,TotalRetirementAndHealthContribution,PensionFormula,EmployerURL,EmployerPopulation,LastUpdatedDate,EmployerCounty,SpecialDistrictActivities,IncludesUnfundedLiability,SpecialDistrictType
2023,Superior Court,San Luis Obispo County Superior Court,Judge's Retire System Member,"Judge, Superior Court",True,True,,228979,238479,,229104,0,0,19612,248716,0,0,0,31155,31155,Judicial Retirement System,https://www.slo.courts.ca.gov/general-information/employment,,08/06/2024,San Luis Obispo,,False,
2023,Superior Court,San Luis Obispo County Superior Court,Judge's Retire System Member,"Judge, Superior Court",True,True,,228979,238479,,228949,0,0,18517,247466,0,0,0,31248,31248,Judicial Retirement System,https://www.slo.courts.ca.gov/general-information/employment,,08/06/2024,San Luis Obispo,,False,
2023,Superior Court,San Luis Obispo County Superior Court,Judge's Retire System Member,"Judge, Superior Court",True,True,,228979,238479,,226956,0,0,19992,246948,0,0,0,17729,17729,Judicial Retirement System,https://www.slo.courts.ca.gov/general-information/employment,,08/06/2024,San Luis Obispo,,False,
2023,Superior Court,San Luis Obispo County Superior Court,Judge's Retire System Member,"Judge, Superior Court",True,True,,228979,238479,,226997,0,0,19062,246059,0,0,0,17605,17605,Judicial Retirement System,https://www.slo.courts.ca.gov/general-information/employment,,08/06/2024,San Luis Obispo,,False,
2023,Superior Court,San Luis Obispo County Superior Court,Judge's Retire System Member,"Judge, Superior Court",True,True,,228979,238479,,221385,0,0,19087,240472,0,0,0,31248,31248,Judicial Retirement System,https://www.slo.courts.ca.gov/general-information/employment,,08/06/2024,San Luis Obispo,,False,
2023,Superior Court,San Luis Obispo County Superior Court,Judge's Retire System Member,"Judge, Superior Court",True,True,,228979,238479,,222313,0,0,18072,240385,0,0,0,26093,26093,Judicial Retirement System,https://www.slo.courts.ca.gov/general-information/employment,,08/06/2024,San Luis Obispo,,False,
2023,Superior Court,San Luis Obispo County Superior Court,Judge's Retire System Member,"Judge, Superior Court",True,True,,228979,238479,,222354,0,0,15222,237576,0,0,0,25969,25969,Judicial Retirement System,https://www.slo.courts.ca.gov/general-information/employment,,08/06/2024,San Luis Obispo,,False,
2023,Superior Court,San Luis Obispo County Superior Court,Judge's Retire System Member,"Judge, Superior Court",True,True,,228979,238479,,219035,0,0,15206,234241,0,0,0,31248,31248,Judicial Retirement System,https://www.slo.courts.ca.gov/general-information/employment,,08/06/2024,San Luis Obispo,,False,
2023,Superior Court,San Luis Obispo County Superior Court,Judge's Retire System Member,"Judge, Superior Court",True,True,,228979,238479,,212351,0,0,19220,231571,0,0,0,16484,16484,Judicial Retirement System,https://www.slo.courts.ca.gov/general-information/employment,,08/06/2024,San Luis Obispo,,False,
2023,Superior Court,San Luis Obispo County Superior Court,Judge's Retire System Member,"Judge, Superior Court",True,True,,228979,238479,,207937,0,0,17870,225807,0,0,0,27472,27472,Judicial Retirement System,https://www.slo.courts.ca.gov/general-information/employment,,08/06/2024,San Luis Obispo,,False,
2023,Superior Court,San Luis Obispo County Superior Court,Judge's Retire System Member,"Judge, Superior Court",True,True,,228979,238479,,186777,0,0,15383,202160,0,0,0,14570,14570,Judicial Retirement System,https://www.slo.courts.ca.gov/general-information/employment,,08/06/2024,San Luis Obispo,,False,
2023,Superior Court,San Luis Obispo County Superior Court,Executive Office,Court Executive Officer,False,True,,197216,239717,,180025,,2000,7980,190005,84477,0,0,19575,104052,2%@55,https://www.slo.courts.ca.gov/general-information/employment,,08/06/2024,San Luis Obispo,,False,
2023,Superior Court,San Luis Obispo County Superior Court,Judges And Courtroom Support,Commissioner,False,True,,202707,202707,,166684,,,6105,172789,52749,0,0,19575,72324,2%@62,https://www.slo.courts.ca.gov/general-information/employment,,08/06/2024,San Luis Obispo,,False,
2023,Superior Court,San Luis Obispo County Superior Court,Judges And Courtroom Support,Commissioner,False,True,,202707,202707,,147135,,,6505,153640,73394,0,0,19575,92969,2%@55,https://www.slo.courts.ca.gov/general-information/employment,,08/06/2024,San Luis Obispo,,False,
2023,Superior Court,San Luis Obispo County Superior Court,Executive Office,Assistant Court Executive Officer,False,True,,160778,195408,,148995,,2000,1782,152777,45383,0,0,9975,55358,2%@62,https://www.slo.courts.ca.gov/general-information/employment,,08/06/2024,San Luis Obispo,,False,
2023,Superior Court,San Luis Obispo County Superior Court,Judges And Courtroom Support,Research Attorney,False,True,,121287,167623,,147914,,2000,780,150694,51303,0,0,6900,58203,2%@62,https://www.slo.courts.ca.gov/general-information/employment,,08/06/2024,San Luis Obispo,,False,
2023,Superior Court,San Luis Obispo County Superior Court,Judges And Courtroom Support,Research Attorney,False,True,,121287,167623,,138844,,2000,883,141727,51303,0,0,15450,66753,2%@62,https://www.slo.courts.ca.gov/general-information/employment,,08/06/2024,San Luis Obispo,,False,
2023,Superior Court,San Luis Obispo County Superior Court,Judges And Courtroom Support,Senior Research Attorney,False,True,,133416,184386,,137253,,2000,200,139453,62038,0,0,11400,73438,2%@55,https://www.slo.courts.ca.gov/general-information/employment,,08/06/2024,San Luis Obispo,,False,
2023,Superior Court,San Luis Obispo County Superior Court,Executive Office,Senior Administrative Services/Fiscal Director,False,True,,150699,183177,,135132,,2000,1980,139112,64552,0,0,19575,84127,2%@55,https://www.slo.courts.ca.gov/general-information/employment,,08/06/2024,San Luis Obispo,,False,
2023,Superior Court,San Luis Obispo County Superior Court,Judges And Courtroom Support,Research Attorney,False,True,,121287,167623,,125457,,2000,780,128237,59071,0,0,19575,78646,2%@55,https://www.slo.courts.ca.gov/general-information/employment,,08/06/2024,San Luis Obispo,,False,
2023,Superior Court,San Luis Obispo County Superior Court,Human Resources,Director Of Human Resources,False,True,,124208,150980,,120202,,2000,5026,127228,53206,0,0,6900,60106,2%@55,https://www.slo.courts.ca.gov/general-information/employment,,08/06/2024,San Luis Obispo,,False,
2023,Superior Court,San Luis Obispo County Superior Court,Information Technology,Director Of Information Technology,False,True,,136025,165330,,122532,,2000,1980,126512,58263,0,0,11400,69663,2%@55,https://www.slo.courts.ca.gov/general-information/employment,,08/06/2024,San Luis Obispo,,False,
2023,Superior Court,San Luis Obispo County Superior Court,Judges And Courtroom Support,Court Operations Officer,False,True,,124208,150980,,114607,,2000,1980,118587,53206,0,0,11400,64606,2%@55,https://www.slo.courts.ca.gov/general-information/employment,,08/06/2024,San Luis Obispo,,False,
2023,Superior Court,San Luis Obispo County Superior Court,Family And Children Services,Family Law Facilitator,False,True,,121287,167623,,113857,,2000,2379,118236,59071,0,0,19575,78646,2%@55,https://www.slo.courts.ca.gov/general-information/employment,,08/06/2024,San Luis Obispo,,False,
2023,Superior Court,San Luis Obispo County Superior Court,Judges And Courtroom Support,Research Attorney,False,True,,121287,167623,,111976,,2000,585,114561,38760,0,0,5463,44223,2%@62,https://www.slo.courts.ca.gov/general-information/employment,,08/06/2024,San Luis Obispo,,False,
2023,Superior Court,San Luis Obispo County Superior Court,Judges And Courtroom Support,Court Reporter,False,True,,96491,117312,,98123,,12000,,110123,37913,0,0,15450,53363,2%@62,https://www.slo.courts.ca.gov/general-information/employment,,08/06/2024,San Luis Obispo,,False,
2023,Superior Court,San Luis Obispo County Superior Court,Judges And Courtroom Support,Court Reporter,False,True,,96491,117312,,97403,,12000,,109403,38803,0,0,6900,45703,2%@55,https://www.slo.courts.ca.gov/general-information/employment,,08/06/2024,San Luis Obispo,,False,
2023,Superior Court,San Luis Obispo County Superior Court,Judges And Courtroom Support,Court Reporter,False,True,,96491,117312,,94277,,12000,,106277,35626,0,0,6900,42526,2%@62,https://www.slo.courts.ca.gov/general-information/employment,,08/06/2024,San Luis Obispo,,False,
2023,Superior Court,San Luis Obispo County Superior Court,Family And Children Services,Housing/Probate Facilitator,False,True,,109158,132682,,103803,,2000,,105803,45909,0,0,11400,57309,2%@62,https://www.slo.courts.ca.gov/general-information/employment,,08/06/2024,San Luis Obispo,,False,
2023,Superior Court,San Luis Obispo County Superior Court,Information Technology,Network Administrator,False,True,,105559,128316,,100438,,2000,980,103418,36041,0,0,6900,42941,2%@62,https://www.slo.courts.ca.gov/general-information/employment,,08/06/2024,San Luis Obispo,,False,
2023,Superior Court,San Luis Obispo County Superior Court,Information Technology,Network Administrator,False,True,,105559,128316,,92540,,2000,780,95320,45219,0,0,11400,56619,2%@55,https://www.slo.courts.ca.gov/general-information/employment,,08/06/2024,San Luis Obispo,,False,
2023,Superior Court,San Luis Obispo County Superior Court,Judges And Courtroom Support,Court Reporter,False,True,,96491,117312,,82591,,12000,,94591,35126,0,0,11400,46526,2%@55,https://www.slo.courts.ca.gov/general-information/employment,,08/06/2024,San Luis Obispo,,False,
2023,Superior Court,San Luis Obispo County Superior Court,Family And Children Services,Family Court Services Mediator II,False,True,,96461,117274,,92483,,2000,,94483,34775,0,0,6900,41675,2%@62,https://www.slo.courts.ca.gov/general-information/employment,,08/06/2024,San Luis Obispo,,False,
2023,Superior Court,San Luis Obispo County Superior Court,Executive Office,Facilities Manager,False,True,,99476,120929,,89839,,2000,780,92619,42616,0,0,11400,54016,2%@55,https://www.slo.courts.ca.gov/general-information/employment,,08/06/2024,San Luis Obispo,,False,
2023,Superior Court,San Luis Obispo County Superior Court,Human Resources,Hr Analyst - Confidential,False,True,,84601,102847,,89399,,2000,710,92109,34355,0,0,6900,41255,2%@62,https://www.slo.courts.ca.gov/general-information/employment,,08/06/2024,San Luis Obispo,,False,
2023,Superior Court,San Luis Obispo County Superior Court,Information Technology,Senior Business Systems Analyst,False,True,,93287,113400,,88717,,2000,300,91017,37501,0,0,6900,44401,2%@55,https://www.slo.courts.ca.gov/general-information/employment,,08/06/2024,San Luis Obispo,,False,
2023,Superior Court,San Luis Obispo County Superior Court,Executive Office,Administrative Analyst,False,True,,84601,102847,,87363,,2000,414,89777,33646,0,0,6900,40546,2%@62,https://www.slo.courts.ca.gov/general-information/employment,,08/06/2024,San Luis Obispo,,False,
2023,Superior Court,San Luis Obispo County Superior Court,Family And Children Services,Family Court Services Mediator II,False,True,,96461,117274,,86114,,2000,673,88787,34125,0,0,6900,41025,2%@62,https://www.slo.courts.ca.gov/general-information/employment,,08/06/2024,San Luis Obispo,,False,
2023,Superior Court,San Luis Obispo County Superior Court,Civil,Department Manager,False,True,,92972,113012,,85397,,2000,770,88167,38518,0,0,11400,49918,2%@55,https://www.slo.courts.ca.gov/general-information/employment,,08/06/2024,San Luis Obispo,,False,
2023,Superior Court,San Luis Obispo County Superior Court,Jury Services,Department Manager,False,True,,92972,113012,,85390,,2000,495,87885,39515,0,0,11400,50915,2%@55,https://www.slo.courts.ca.gov/general-information/employment,,08/06/2024,San Luis Obispo,,False,
2023,Superior Court,San Luis Obispo County Superior Court,Judges And Courtroom Support,Supervising Court Reporter,False,True,,106059,128939,,75607,,12000,,87607,30651,0,0,13310,43961,2%@55,https://www.slo.courts.ca.gov/general-information/employment,,08/06/2024,San Luis Obispo,,False,
2023,Superior Court,San Luis Obispo County Superior Court,Court Interpreters,Court Interpreter,False,True,,88379,101213,,85597,,2000,,87597,29728,0,0,6900,36628,2%@62,https://www.slo.courts.ca.gov/general-information/employment,,08/06/2024,San Luis Obispo,,False,
2023,Superior Court,San Luis Obispo County Superior Court,Fiscal Services,Fiscal Analyst - Confidential,False,True,,84601,102847,,85253,,2000,263,87516,36244,0,0,6900,43144,2%@55,https://www.slo.courts.ca.gov/general-information/employment,,08/06/2024,San Luis Obispo,,False,
2023,Superior Court,San Luis Obispo County Superior Court,Civil,Department Manager,False,True,,92972,113012,,84060,,2000,570,86630,38518,0,0,11400,49918,2%@55,https://www.slo.courts.ca.gov/general-information/employment,,08/06/2024,San Luis Obispo,,False,
2023,Superior Court,San Luis Obispo County Superior Court,Information Technology,Automation Analyst II,False,True,,104163,126608,,83193,,2000,683,85876,44617,0,0,19575,64192,2%@55,https://www.slo.courts.ca.gov/general-information/employment,,08/06/2024,San Luis Obispo,,False,
2023,Superior Court,San Luis Obispo County Superior Court,Judge's Retire System Member,"Judge, Superior Court",True,True,,228979,238479,,74921,0,0,6674,81595,0,0,0,9026,9026,Judicial Retirement System,https://www.slo.courts.ca.gov/general-information/employment,,08/06/2024,San Luis Obispo,,False,
2023,Superior Court,San Luis Obispo County Superior Court,Family And Children Services,Family Court Services Manager,False,True,,92972,113012,,78814,,2000,473,81287,36900,0,0,19575,56475,2%@62,https://www.slo.courts.ca.gov/general-information/employment,,08/06/2024,San Luis Obispo,,False,
2023,Superior Court,San Luis Obispo County Superior Court,Criminal,Department Manager,False,True,,92972,113012,,77999,,2000,1210,81209,34406,0,0,11400,45806,2%@55,https://www.slo.courts.ca.gov/general-information/employment,,08/06/2024,San Luis Obispo,,False,
2023,Superior Court,San Luis Obispo County Superior Court,Judges And Courtroom Support,Courtroom Operations Supervisor,False,True,,75504,91770,,78484,,2000,263,80747,28026,0,0,6900,34926,2%@55,https://www.slo.courts.ca.gov/general-information/employment,,08/06/2024,San Luis Obispo,,False,
2023,Superior Court,San Luis Obispo County Superior Court,Fiscal Services,Accountant II,False,True,,76165,92608,,76052,,2000,1546,79598,32635,0,0,6900,39535,2%@55,https://www.slo.courts.ca.gov/general-information/employment,,08/06/2024,San Luis Obispo,,False,
2023,Superior Court,San Luis Obispo County Superior Court,Civil,Legal Process Supervisor,False,True,,72488,88130,,75138,,2000,2460,79598,26917,0,0,6900,33817,2%@55,https://www.slo.courts.ca.gov/general-information/employment,,08/06/2024,San Luis Obispo,,False,
2023,Superior Court,San Luis Obispo County Superior Court,Executive Office,Administrative Analyst,False,True,,84601,102847,,76587,,2000,263,78850,30457,0,0,11400,41857,2%@62,https://www.slo.courts.ca.gov/general-information/employment,,08/06/2024,San Luis Obispo,,False,
2023,Superior Court,San Luis Obispo County Superior Court,Judge's Retire System Member,"Judge, Superior Court",True,True,,228979,238479,,78486,0,0,0,78486,0,0,0,1111,1111,Judicial Retirement System,https://www.slo.courts.ca.gov/general-information/employment,,08/06/2024,San Luis Obispo,,False,
2023,Superior Court,San Luis Obispo County Superior Court,Probate Guardianship And Mental Health,Probate Investigator,False,True,,84573,102794,,75855,,2000,,77855,32848,0,0,19575,52423,2%@55,https://www.slo.courts.ca.gov/general-information/employment,,08/06/2024,San Luis Obispo,,False,
2023,Superior Court,San Luis Obispo County Superior Court,Judges And Courtroom Support,Department Manager,False,True,,92972,113012,,74715,,2000,540,77255,36409,0,0,15450,51859,2%@55,https://www.slo.courts.ca.gov/general-information/employment,,08/06/2024,San Luis Obispo,,False,
2023,Superior Court,San Luis Obispo County Superior Court,Court Interpreters,Court Interpreter,False,True,,88379,101213,,69077,,2000,6101,77178,29685,0,0,19575,49260,2%@62,https://www.slo.courts.ca.gov/general-information/employment,,08/06/2024,San Luis Obispo,,False,
2023,Superior Court,San Luis Obispo County Superior Court,Judges And Courtroom Support,Courtroom Operations Supervisor,False,True,,75504,91770,,72945,,2000,263,75208,28026,0,0,11400,39426,2%@55,https://www.slo.courts.ca.gov/general-information/employment,,08/06/2024,San Luis Obispo,,False,
2023,Superior Court,San Luis Obispo County Superior Court,Court Interpreters,Court Interpreter,False,True,,88379,101213,,72661,,2000,290,74951,29728,0,0,19575,49303,2%@62,https://www.slo.courts.ca.gov/general-information/employment,,08/06/2024,San Luis Obispo,,False,
2023,Superior Court,San Luis Obispo County Superior Court,Civil,Legal Process Supervisor,False,True,,72488,88130,,71296,,2000,263,73559,25587,0,0,6900,32487,2%@55,https://www.slo.courts.ca.gov/general-information/employment,,08/06/2024,San Luis Obispo,,False,
2023,Superior Court,San Luis Obispo County Superior Court,Court Interpreters,Court Interpreter,False,True,,88379,101213,,71330,,2000,,73330,30335,0,0,11400,41735,2%@55,https://www.slo.courts.ca.gov/general-information/employment,,08/06/2024,San Luis Obispo,,False,
2023,Superior Court,San Luis Obispo County Superior Court,Probate Guardianship And Mh,Probate Investigator,False,True,,84573,102794,,70637,,2000,,72637,31482,0,0,9900,41382,2%@55,https://www.slo.courts.ca.gov/general-information/employment,,08/06/2024,San Luis Obispo,,False,
2023,Superior Court,San Luis Obispo County Superior Court,Probate Guardianship And Mental Health,Probate Examiner,False,True,,84573,102794,,70160,,2000,,72160,30044,0,0,11400,41444,2%@55,https://www.slo.courts.ca.gov/general-information/employment,,08/06/2024,San Luis Obispo,,False,
2023,Superior Court,San Luis Obispo County Superior Court,Criminal,Legal Process Supervisor,False,True,,72488,88130,,66386,2530,2000,263,71179,25684,0,0,11400,37084,2%@55,https://www.slo.courts.ca.gov/general-information/employment,,08/06/2024,San Luis Obispo,,False,
2023,Superior Court,San Luis Obispo County Superior Court,Criminal,Legal Process Clerk III,False,True,,58198,70741,,68518,256,2000,,70774,21133,0,0,6900,28033,2%@62,https://www.slo.courts.ca.gov/general-information/employment,,08/06/2024,San Luis Obispo,,False,
2023,Superior Court,San Luis Obispo County Superior Court,Judges And Courtroom Support,Research Attorney,False,True,,121287,167623,,67332,,2000,585,69917,23678,0,0,5175,28853,2%@62,https://www.slo.courts.ca.gov/general-information/employment,,08/06/2024,San Luis Obispo,,False,
2023,Superior Court,San Luis Obispo County Superior Court,Judges And Courtroom Support,Courtroom Clerk II,False,True,,64002,77834,,67002,,2000,,69002,23250,0,0,11400,34650,2%@62,https://www.slo.courts.ca.gov/general-information/employment,,08/06/2024,San Luis Obispo,,False,
2023,Superior Court,San Luis Obispo County Superior Court,Traffic,Legal Process Supervisor,False,True,,72488,88130,,66594,,2000,300,68894,26917,0,0,11400,38317,2%@55,https://www.slo.courts.ca.gov/general-information/employment,,08/06/2024,San Luis Obispo,,False,
2023,Superior Court,San Luis Obispo County Superior Court,Judge's Retire System Member,"Judge, Superior Court",True,True,,228979,238479,,62507,0,0,6024,68531,0,0,0,3078,3078,Judicial Retirement System,https://www.slo.courts.ca.gov/general-information/employment,,08/06/2024,San Luis Obispo,,False,
2023,Superior Court,San Luis Obispo County Superior Court,Judges And Courtroom Support,Court Reporter,False,True,,96491,117312,,55878,,12000,565,68443,21367,0,0,4650,26017,2%@62,https://www.slo.courts.ca.gov/general-information/employment,,08/06/2024,San Luis Obispo,,False,
2023,Superior Court,San Luis Obispo County Superior Court,Judges And Courtroom Support,Courtroom Clerk II,False,True,,64002,77834,,66073,,2000,,68073,23748,0,0,6900,30648,2%@55,https://www.slo.courts.ca.gov/general-information/employment,,08/06/2024,San Luis Obispo,,False,
2023,Superior Court,San Luis Obispo County Superior Court,Judges And Courtroom Support,Courtroom Clerk II,False,True,,64002,77834,,65576,,2000,,67576,23250,0,0,11400,34650,2%@62,https://www.slo.courts.ca.gov/general-information/employment,,08/06/2024,San Luis Obispo,,False,
2023,Superior Court,San Luis Obispo County Superior Court,Information Technology,Business Systems Analyst,False,True,,84601,102847,,64135,,2000,639,66774,33828,0,0,19575,53403,2%@55,https://www.slo.courts.ca.gov/general-information/employment,,08/06/2024,San Luis Obispo,,False,
2023,Superior Court,San Luis Obispo County Superior Court,Judges And Courtroom Support,Court Process Supervisor,False,True,,73986,89939,,64309,,2000,123,66432,24507,0,0,11400,35907,2%@55,https://www.slo.courts.ca.gov/general-information/employment,,08/06/2024,San Luis Obispo,,False,
2023,Superior Court,San Luis Obispo County Superior Court,Judges And Courtroom Support,Courtroom Clerk I,False,True,,59654,72509,,63191,,2000,500,65691,22128,0,0,6900,29028,2%@55,https://www.slo.courts.ca.gov/general-information/employment,,08/06/2024,San Luis Obispo,,False,
2023,Superior Court,San Luis Obispo County Superior Court,Judges And Courtroom Support,Courtroom Clerk I,False,True,,59654,72509,,63057,,2000,,65057,21110,0,0,6900,28010,2%@62,https://www.slo.courts.ca.gov/general-information/employment,,08/06/2024,San Luis Obispo,,False,
2023,Superior Court,San Luis Obispo County Superior Court,Civil,Legal Process Clerk III,False,True,,58198,70741,,62296,443,2000,,64739,21585,0,0,6900,28485,2%@55,https://www.slo.courts.ca.gov/general-information/employment,,08/06/2024,San Luis Obispo,,False,
2023,Superior Court,San Luis Obispo County Superior Court,Judges And Courtroom Support,Courtroom Clerk II,False,True,,64002,77834,,62484,,2000,,64484,23748,0,0,11400,35148,2%@55,https://www.slo.courts.ca.gov/general-information/employment,,08/06/2024,San Luis Obispo,,False,
2023,Superior Court,San Luis Obispo County Superior Court,Family And Children Services,Housing Settlement Master,False,True,,65495,79609,,62468,,2000,,64468,25178,0,0,11400,36578,2%@62,https://www.slo.courts.ca.gov/general-information/employment,,08/06/2024,San Luis Obispo,,False,
2023,Superior Court,San Luis Obispo County Superior Court,Judges And Courtroom Support,Courtroom Clerk II,False,True,,64002,77834,,60482,,2000,1467,63949,23747,0,0,11400,35147,2%@55,https://www.slo.courts.ca.gov/general-information/employment,,08/06/2024,San Luis Obispo,,False,
2023,Superior Court,San Luis Obispo County Superior Court,Judges And Courtroom Support,Courtroom Clerk II,False,True,,64002,77834,,61939,,2000,,63939,20316,0,0,6900,27216,2%@62,https://www.slo.courts.ca.gov/general-information/employment,,08/06/2024,San Luis Obispo,,False,
2023,Superior Court,San Luis Obispo County Superior Court,Family And Children Services,Family Court Services Mediator II,False,True,,96461,117274,,61730,,2000,158,63888,25535,0,0,9829,35364,2%@62,https://www.slo.courts.ca.gov/general-information/employment,,08/06/2024,San Luis Obispo,,False,
2023,Superior Court,San Luis Obispo County Superior Court,Judges And Courtroom Support,Courtroom Clerk II,False,True,,64002,77834,,61493,,2000,,63493,22448,0,0,11400,33848,2%@62,https://www.slo.courts.ca.gov/general-information/employment,,08/06/2024,San Luis Obispo,,False,
2023,Superior Court,San Luis Obispo County Superior Court,Judges And Courtroom Support,Courtroom Clerk II,False,True,,64002,77834,,61402,,2000,,63402,23748,0,0,11400,35148,2%@55,https://www.slo.courts.ca.gov/general-information/employment,,08/06/2024,San Luis Obispo,,False,
2023,Superior Court,San Luis Obispo County Superior Court,Judges And Courtroom Support,Secretary II,False,True,,64106,77938,,61372,,2000,,63372,23780,0,0,11400,35180,2%@55,https://www.slo.courts.ca.gov/general-information/employment,,08/06/2024,San Luis Obispo,,False,
2023,Superior Court,San Luis Obispo County Superior Court,Information Technology,Automation Specialist III,False,True,,76710,93246,,60601,,2000,618,63219,20831,0,0,5463,26294,2%@62,https://www.slo.courts.ca.gov/general-information/employment,,08/06/2024,San Luis Obispo,,False,
2023,Superior Court,San Luis Obispo County Superior Court,Judges And Courtroom Support,Courtroom Clerk II,False,True,,64002,77834,,60801,,2000,,62801,22946,0,0,15450,38396,2%@62,https://www.slo.courts.ca.gov/general-information/employment,,08/06/2024,San Luis Obispo,,False,
2023,Superior Court,San Luis Obispo County Superior Court,Judges And Courtroom Support,Senior Court Process Clerk,False,True,,60944,74048,,60695,,2000,,62695,22595,0,0,11400,33995,2%@55,https://www.slo.courts.ca.gov/general-information/employment,,08/06/2024,San Luis Obispo,,False,
2023,Superior Court,San Luis Obispo County Superior Court,Judges And Courtroom Support,Courtroom Clerk II,False,True,,64002,77834,,59447,,2000,,61447,21741,0,0,11400,33141,2%@62,https://www.slo.courts.ca.gov/general-information/employment,,08/06/2024,San Luis Obispo,,False,
2023,Superior Court,San Luis Obispo County Superior Court,Judges And Courtroom Support,Court Reporter,False,True,,96491,117312,,48745,,12000,561,61306,21227,0,0,13388,34615,2%@62,https://www.slo.courts.ca.gov/general-information/employment,,08/06/2024,San Luis Obispo,,False,
2023,Superior Court,San Luis Obispo County Superior Court,Criminal,Legal Process Clerk III,False,True,,58198,70741,,57559,,2000,1546,61105,20472,0,0,11400,31872,2%@62,https://www.slo.courts.ca.gov/general-information/employment,,08/06/2024,San Luis Obispo,,False,
2023,Superior Court,San Luis Obispo County Superior Court,Fiscal Services,Fiscal Specialist,False,True,,66352,80621,,58274,,2000,,60274,24328,0,0,15450,39778,2%@55,https://www.slo.courts.ca.gov/general-information/employment,,08/06/2024,San Luis Obispo,,False,
2023,Superior Court,San Luis Obispo County Superior Court,Judges And Courtroom Support,Courtroom Clerk III,False,True,,68266,82992,,57940,,2000,,59940,25326,0,0,19575,44901,2%@55,https://www.slo.courts.ca.gov/general-information/employment,,08/06/2024,San Luis Obispo,,False,
2023,Superior Court,San Luis Obispo County Superior Court,Judges And Courtroom Support,Courtroom Clerk I,False,True,,59654,72509,,57324,,2000,,59324,21121,0,0,11400,32521,2%@62,https://www.slo.courts.ca.gov/general-information/employment,,08/06/2024,San Luis Obispo,,False,
2023,Superior Court,San Luis Obispo County Superior Court,Criminal,Legal Process Clerk II,False,True,,53914,65541,,57324,,2000,,59324,19580,0,0,6900,26480,2%@62,https://www.slo.courts.ca.gov/general-information/employment,,08/06/2024,San Luis Obispo,,False,
2023,Superior Court,San Luis Obispo County Superior Court,Judges And Courtroom Support,Courtroom Clerk II,False,True,,64002,77834,,56666,,2000,,58666,23748,0,0,19575,43323,2%@55,https://www.slo.courts.ca.gov/general-information/employment,,08/06/2024,San Luis Obispo,,False,
2023,Superior Court,San Luis Obispo County Superior Court,Criminal,Legal Process Clerk II,False,True,,53914,65541,,55260,577,2000,216,58053,17600,0,0,6613,24213,2%@62,https://www.slo.courts.ca.gov/general-information/employment,,08/06/2024,San Luis Obispo,,False,
2023,Superior Court,San Luis Obispo County Superior Court,Civil,Legal Process Clerk III,False,True,,58198,70741,,56000,,2000,,58000,21585,0,0,11400,32985,2%@55,https://www.slo.courts.ca.gov/general-information/employment,,08/06/2024,San Luis Obispo,,False,
2023,Superior Court,San Luis Obispo County Superior Court,Judges And Courtroom Support,Courtroom Clerk I,False,True,,59654,72509,,55316,177,2000,,57493,18677,0,0,11400,30077,2%@62,https://www.slo.courts.ca.gov/general-information/employment,,08/06/2024,San Luis Obispo,,False,
2023,Superior Court,San Luis Obispo County Superior Court,Human Resources,Hr Technician - Confidential,False,True,,62379,75795,,54662,,2000,157,56819,22653,0,0,12700,35353,2%@62,https://www.slo.courts.ca.gov/general-information/employment,,08/06/2024,San Luis Obispo,,False,
2023,Superior Court,San Luis Obispo County Superior Court,Judges And Courtroom Support,Court Process Clerk,False,True,,56659,68869,,54495,,2000,,56495,20575,0,0,11400,31975,2%@62,https://www.slo.courts.ca.gov/general-information/employment,,08/06/2024,San Luis Obispo,,False,
2023,Superior Court,San Luis Obispo County Superior Court,Civil-Other Support,Legal Process Clerk II,False,True,,53914,65541,,52366,,2000,1236,55602,19998,0,0,11400,31398,2%@55,https://www.slo.courts.ca.gov/general-information/employment,,08/06/2024,San Luis Obispo,,False,
2023,Superior Court,San Luis Obispo County Superior Court,Civil,Legal Process Clerk II,False,True,,53914,65541,,52562,,2000,,54562,19999,0,0,11400,31399,2%@55,https://www.slo.courts.ca.gov/general-information/employment,,08/06/2024,San Luis Obispo,,False,
2023,Superior Court,San Luis Obispo County Superior Court,Civil-Other Support,Legal Process Clerk II,False,True,,53914,65541,,52537,,2000,,54537,19999,0,0,11400,31399,2%@55,https://www.slo.courts.ca.gov/general-information/employment,,08/06/2024,San Luis Obispo,,False,
2023,Superior Court,San Luis Obispo County Superior Court,Traffic,Legal Process Clerk III,False,True,,58198,70741,,50469,,2000,1546,54015,17985,0,0,12150,30135,2%@62,https://www.slo.courts.ca.gov/general-information/employment,,08/06/2024,San Luis Obispo,,False,
2023,Superior Court,San Luis Obispo County Superior Court,Traffic,Legal Process Clerk II,False,True,,53914,65541,,51708,,2000,,53708,19999,0,0,11400,31399,2%@55,https://www.slo.courts.ca.gov/general-information/employment,,08/06/2024,San Luis Obispo,,False,
2023,Superior Court,San Luis Obispo County Superior Court,Civil,Legal Process Clerk III,False,True,,58198,70741,,50995,,2000,,52995,21133,0,0,15450,36583,2%@62,https://www.slo.courts.ca.gov/general-information/employment,,08/06/2024,San Luis Obispo,,False,
2023,Superior Court,San Luis Obispo County Superior Court,Civil,Legal Process Clerk II,False,True,,53914,65541,,50958,,2000,,52958,19999,0,0,11400,31399,2%@55,https://www.slo.courts.ca.gov/general-information/employment,,08/06/2024,San Luis Obispo,,False,
2023,Superior Court,San Luis Obispo County Superior Court,Judges And Courtroom Support,Court Reporter,False,True,,96491,117312,,34331,,12000,5727,52058,17295,0,0,11925,29220,2%@62,https://www.slo.courts.ca.gov/general-information/employment,,08/06/2024,San Luis Obispo,,False,
2023,Superior Court,San Luis Obispo County Superior Court,Information Technology,Automation Specialist II,False,True,,67371,81910,,48853,,2000,585,51438,18195,0,0,8550,26745,2%@62,https://www.slo.courts.ca.gov/general-information/employment,,08/06/2024,San Luis Obispo,,False,
2023,Superior Court,San Luis Obispo County Superior Court,Civil,Legal Process Clerk I,False,True,,49275,59904,,49396,,2000,,51396,16184,0,0,8963,25147,2%@62,https://www.slo.courts.ca.gov/general-information/employment,,08/06/2024,San Luis Obispo,,False,
2023,Superior Court,San Luis Obispo County Superior Court,Juvenile Dependency,Legal Process Clerk II,False,True,,53914,65541,,48732,,2000,,50732,18670,0,0,11400,30070,2%@62,https://www.slo.courts.ca.gov/general-information/employment,,08/06/2024,San Luis Obispo,,False,
2023,Superior Court,San Luis Obispo County Superior Court,Family And Children Services,Self-Help Legal Assistant,False,True,,58198,70741,,47094,,2000,1546,50640,17038,0,0,11400,28438,2%@62,https://www.slo.courts.ca.gov/general-information/employment,,08/06/2024,San Luis Obispo,,False,
2023,Superior Court,San Luis Obispo County Superior Court,Judges And Courtroom Support,Court Process Clerk,False,True,,56659,68869,,48205,177,2000,,50382,16510,0,0,11400,27910,2%@62,https://www.slo.courts.ca.gov/general-information/employment,,08/06/2024,San Luis Obispo,,False,
2023,Superior Court,San Luis Obispo County Superior Court,Judges And Courtroom Support,Courtroom Clerk II,False,True,,64002,77834,,50198,,,124,50322,16425,0,0,5175,21600,2%@62,https://www.slo.courts.ca.gov/general-information/employment,,08/06/2024,San Luis Obispo,,False,
2023,Superior Court,San Luis Obispo County Superior Court,Family And Children Services,Legal Process Clerk II,False,True,,53914,65541,,48188,,2000,,50188,19999,0,0,11400,31399,2%@55,https://www.slo.courts.ca.gov/general-information/employment,,08/06/2024,San Luis Obispo,,False,
2023,Superior Court,San Luis Obispo County Superior Court,Judges And Courtroom Support,Courtroom Clerk I,False,True,,59654,72509,,48085,,2000,,50085,19146,0,0,19575,38721,2%@62,https://www.slo.courts.ca.gov/general-information/employment,,08/06/2024,San Luis Obispo,,False,
2023,Superior Court,San Luis Obispo County Superior Court,Judges And Courtroom Support,Secretary II,False,True,,64106,77938,,47689,,2000,,49689,17882,0,0,11400,29282,2%@62,https://www.slo.courts.ca.gov/general-information/employment,,08/06/2024,San Luis Obispo,,False,
2023,Superior Court,San Luis Obispo County Superior Court,Traffic,Legal Process Clerk II,False,True,,53914,65541,,45509,,2000,1906,49415,16233,0,0,11400,27633,2%@62,https://www.slo.courts.ca.gov/general-information/employment,,08/06/2024,San Luis Obispo,,False,
2023,Superior Court,San Luis Obispo County Superior Court,Criminal,Legal Process Clerk III,False,True,,58198,70741,,47256,,2000,,49256,21585,0,0,19575,41160,2%@55,https://www.slo.courts.ca.gov/general-information/employment,,08/06/2024,San Luis Obispo,,False,
2023,Superior Court,San Luis Obispo County Superior Court,Civil,Legal Process Clerk II,False,True,,53914,65541,,46611,,2000,,48611,17403,0,0,11400,28803,2%@62,https://www.slo.courts.ca.gov/general-information/employment,,08/06/2024,San Luis Obispo,,False,
2023,Superior Court,San Luis Obispo County Superior Court,Civil,Legal Process Clerk Trainee,False,True,,41205,50066,,46247,,2000,,48247,13885,0,0,6900,20785,2%@62,https://www.slo.courts.ca.gov/general-information/employment,,08/06/2024,San Luis Obispo,,False,
2023,Superior Court,San Luis Obispo County Superior Court,Criminal,Legal Process Clerk II,False,True,,53914,65541,,46006,,2000,,48006,18657,0,0,11400,30057,2%@55,https://www.slo.courts.ca.gov/general-information/employment,,08/06/2024,San Luis Obispo,,False,
2023,Superior Court,San Luis Obispo County Superior Court,Traffic,Legal Process Clerk II,False,True,,53914,65541,,44274,,2000,1546,47820,19999,0,0,19575,39574,2%@55,https://www.slo.courts.ca.gov/general-information/employment,,08/06/2024,San Luis Obispo,,False,
2023,Superior Court,San Luis Obispo County Superior Court,Judges And Courtroom Support,Courtroom Clerk I,False,True,,59654,72509,,45735,,2000,,47735,18292,0,0,18788,37080,2%@62,https://www.slo.courts.ca.gov/general-information/employment,,08/06/2024,San Luis Obispo,,False,
2023,Superior Court,San Luis Obispo County Superior Court,Civil,Legal Process Clerk I,False,True,,49275,59904,,42977,,2000,2309,47286,13814,0,0,6900,20714,2%@62,https://www.slo.courts.ca.gov/general-information/employment,,08/06/2024,San Luis Obispo,,False,
2023,Superior Court,San Luis Obispo County Superior Court,Civil,Legal Process Clerk I,False,True,,49275,59904,,45179,,2000,,47179,14984,0,0,8113,23097,2%@62,https://www.slo.courts.ca.gov/general-information/employment,,08/06/2024,San Luis Obispo,,False,
2023,Superior Court,San Luis Obispo County Superior Court,Family And Children Services,Self-Help Legal Clerk,False,True,,49275,59904,,44340,,2000,,46340,16021,0,0,11400,27421,2%@62,https://www.slo.courts.ca.gov/general-information/employment,,08/06/2024,San Luis Obispo,,False,
2023,Superior Court,San Luis Obispo County Superior Court,Criminal,Legal Process Clerk II,False,True,,53914,65541,,43920,307,2000,98,46325,15681,0,0,11400,27081,2%@62,https://www.slo.courts.ca.gov/general-information/employment,,08/06/2024,San Luis Obispo,,False,
2023,Superior Court,San Luis Obispo County Superior Court,Judges And Courtroom Support,Court Reporter,False,True,,96491,117312,,32578,,12000,,44578,16951,0,0,10000,26951,2%@55,https://www.slo.courts.ca.gov/general-information/employment,,08/06/2024,San Luis Obispo,,False,
2023,Superior Court,San Luis Obispo County Superior Court,Criminal,Legal Process Clerk I,False,True,,49275,59904,,41405,,2000,646,44051,14274,0,0,10925,25199,2%@62,https://www.slo.courts.ca.gov/general-information/employment,,08/06/2024,San Luis Obispo,,False,
2023,Superior Court,San Luis Obispo County Superior Court,Civil,Legal Process Clerk I,False,True,,49275,59904,,41968,,2000,,43968,14543,0,0,11400,25943,2%@62,https://www.slo.courts.ca.gov/general-information/employment,,08/06/2024,San Luis Obispo,,False,
2023,Superior Court,San Luis Obispo County Superior Court,Criminal,Legal Process Clerk II,False,True,,53914,65541,,41547,,2000,,43547,16165,0,0,11304,27469,2%@55,https://www.slo.courts.ca.gov/general-information/employment,,08/06/2024,San Luis Obispo,,False,
2023,Superior Court,San Luis Obispo County Superior Court,Judges And Courtroom Support,Legal Process Clerk I,False,True,,49275,59904,,41415,,2000,,43415,14500,0,0,11400,25900,2%@62,https://www.slo.courts.ca.gov/general-information/employment,,08/06/2024,San Luis Obispo,,False,
2023,Superior Court,San Luis Obispo County Superior Court,Criminal,Legal Process Clerk I,False,True,,49275,59904,,40973,,2000,8,42981,13767,0,0,11400,25167,2%@62,https://www.slo.courts.ca.gov/general-information/employment,,08/06/2024,San Luis Obispo,,False,
2023,Superior Court,San Luis Obispo County Superior Court,Judges And Courtroom Support,Court Process Clerk,False,True,,56659,68869,,39678,,2000,,41678,13232,0,0,8550,21782,2%@62,https://www.slo.courts.ca.gov/general-information/employment,,08/06/2024,San Luis Obispo,,False,
2023,Superior Court,San Luis Obispo County Superior Court,Judges And Courtroom Support,Court Process Clerk,False,True,,56659,68869,,39387,,2000,,41387,19028,0,0,19575,38603,2%@55,https://www.slo.courts.ca.gov/general-information/employment,,08/06/2024,San Luis Obispo,,False,
2023,Superior Court,San Luis Obispo County Superior Court,Family And Children Services,Self-Help Legal Clerk,False,True,,49275,59904,,38288,,2000,591,40879,13850,0,0,11400,25250,2%@62,https://www.slo.courts.ca.gov/general-information/employment,,08/06/2024,San Luis Obispo,,False,
2023,Superior Court,San Luis Obispo County Superior Court,Criminal,Legal Process Clerk I,False,True,,49275,59904,,37693,,2000,,39693,13978,0,0,11400,25378,2%@62,https://www.slo.courts.ca.gov/general-information/employment,,08/06/2024,San Luis Obispo,,False,
2023,Superior Court,San Luis Obispo County Superior Court,Judges And Courtroom Support,Courtroom Clerk II,False,True,,64002,77834,,27056,,,12298,39354,8558,0,0,2875,11433,2%@62,https://www.slo.courts.ca.gov/general-information/employment,,08/06/2024,San Luis Obispo,,False,
2023,Superior Court,San Luis Obispo County Superior Court,Judges And Courtroom Support,Courtroom Clerk I,False,True,,59654,72509,,36159,,2000,,38159,9473,0,0,8550,18023,2%@62,https://www.slo.courts.ca.gov/general-information/employment,,08/06/2024,San Luis Obispo,,False,
2023,Superior Court,San Luis Obispo County Superior Court,Civil,Legal Process Clerk Trainee,False,True,,41205,50066,,34660,,2000,646,37306,11647,0,0,9500,21147,2%@62,https://www.slo.courts.ca.gov/general-information/employment,,08/06/2024,San Luis Obispo,,False,
2023,Superior Court,San Luis Obispo County Superior Court,Judges And Courtroom Support,Secretary II,False,True,,64106,77938,,32666,343,2000,1850,36859,12180,0,0,8750,20930,2%@62,https://www.slo.courts.ca.gov/general-information/employment,,08/06/2024,San Luis Obispo,,False,
2023,Superior Court,San Luis Obispo County Superior Court,Criminal,Legal Process Clerk Trainee,False,True,,41205,50066,,34738,,2000,,36738,12502,0,0,10925,23427,2%@62,https://www.slo.courts.ca.gov/general-information/employment,,08/06/2024,San Luis Obispo,,False,
2023,Superior Court,San Luis Obispo County Superior Court,Judges And Courtroom Support,Commissioner,False,True,,202707,202707,,3779,,,32599,36378,1014,0,0,475,1489,2%@62,https://www.slo.courts.ca.gov/general-information/employment,,08/06/2024,San Luis Obispo,,False,
2023,Superior Court,San Luis Obispo County Superior Court,Family And Children Services,Legal Process Clerk Trainee,False,True,,41205,50066,,29521,,2000,1262,32783,8922,0,0,4313,13235,2%@62,https://www.slo.courts.ca.gov/general-information/employment,,08/06/2024,San Luis Obispo,,False,
2023,Superior Court,San Luis Obispo County Superior Court,Civil,Legal Process Clerk Trainee,False,True,,41205,50066,,26461,,2000,,28461,8420,0,0,4025,12445,2%@62,https://www.slo.courts.ca.gov/general-information/employment,,08/06/2024,San Luis Obispo,,False,
2023,Superior Court,San Luis Obispo County Superior Court,Family And Children Services,Legal Process Clerk II,False,True,,53914,65541,,13928,,,13140,27068,5368,0,0,3325,8693,2%@55,https://www.slo.courts.ca.gov/general-information/employment,,08/06/2024,San Luis Obispo,,False,
2023,Superior Court,San Luis Obispo County Superior Court,Jury Services,Legal Process Clerk I,False,True,,49275,59904,,24425,,2000,414,26839,8311,0,0,6650,14961,2%@62,https://www.slo.courts.ca.gov/general-information/employment,,08/06/2024,San Luis Obispo,,False,
2023,Superior Court,San Luis Obispo County Superior Court,Criminal,Legal Process Clerk Trainee,False,True,,41205,50066,,24758,,2000,,26758,7964,0,0,4025,11989,2%@62,https://www.slo.courts.ca.gov/general-information/employment,,08/06/2024,San Luis Obispo,,False,
2023,Superior Court,San Luis Obispo County Superior Court,Family And Children Services,Legal Process Clerk Trainee,False,True,,41205,50066,,24575,,2000,,26575,8251,0,0,6650,14901,2%@62,https://www.slo.courts.ca.gov/general-information/employment,,08/06/2024,San Luis Obispo,,False,
2023,Superior Court,San Luis Obispo County Superior Court,Criminal,Legal Process Clerk Trainee,False,True,,41205,50066,,24434,,2000,,26434,8367,0,0,6650,15017,2%@62,https://www.slo.courts.ca.gov/general-information/employment,,08/06/2024,San Luis Obispo,,False,
2023,Superior Court,San Luis Obispo County Superior Court,Judges And Courtroom Support,Court Process Clerk,False,True,,56659,68869,,25239,,,,25239,8080,0,0,2875,10955,2%@62,https://www.slo.courts.ca.gov/general-information/employment,,08/06/2024,San Luis Obispo,,False,
2023,Superior Court,San Luis Obispo County Superior Court,Human Resources,Hr Specialist - Confidential,False,True,,68224,82950,,20201,,2000,2630,24831,8670,0,0,5753,14423,2%@55,https://www.slo.courts.ca.gov/general-information/employment,,08/06/2024,San Luis Obispo,,False,
2023,Superior Court,San Luis Obispo County Superior Court,Criminal,Legal Process Clerk I,False,True,,49275,59904,,22268,,2000,,24268,9000,0,0,9825,18825,2%@62,https://www.slo.courts.ca.gov/general-information/employment,,08/06/2024,San Luis Obispo,,False,
2023,Superior Court,San Luis Obispo County Superior Court,Probate Guardianship And Mental Health,Probate Investigator,False,True,,84573,102794,,20819,,2000,,22819,9557,0,0,5018,14575,2%@62,https://www.slo.courts.ca.gov/general-information/employment,,08/06/2024,San Luis Obispo,,False,
2023,Superior Court,San Luis Obispo County Superior Court,Judges And Courtroom Support,Court Reporter,False,True,,96491,117312,,20822,,,,20822,0,0,0,0,0,N/A,https://www.slo.courts.ca.gov/general-information/employment,,08/06/2024,San Luis Obispo,,False,
2023,Superior Court,San Luis Obispo County Superior Court,Criminal,Legal Process Clerk Trainee,False,True,,41205,50066,,20246,,,148,20394,6011,0,0,3163,9174,2%@62,https://www.slo.courts.ca.gov/general-information/employment,,08/06/2024,San Luis Obispo,,False,
2023,Superior Court,San Luis Obispo County Superior Court,Criminal,Legal Process Clerk Trainee,False,True,,41205,50066,,18500,,,,18500,6806,0,0,5700,12506,2%@62,https://www.slo.courts.ca.gov/general-information/employment,,08/06/2024,San Luis Obispo,,False,
2023,Superior Court,San Luis Obispo County Superior Court,Judges And Courtroom Support,Court Process Clerk,False,True,,56659,68869,,17534,,,,17534,6821,0,0,6075,12896,2%@62,https://www.slo.courts.ca.gov/general-information/employment,,08/06/2024,San Luis Obispo,,False,
2023,Superior Court,San Luis Obispo County Superior Court,Civil,Legal Process Clerk I,False,True,,49275,59904,,15473,,,1107,16580,5079,0,0,3600,8679,2%@62,https://www.slo.courts.ca.gov/general-information/employment,,08/06/2024,San Luis Obispo,,False,
2023,Superior Court,San Luis Obispo County Superior Court,Civil,Legal Process Clerk Trainee,False,True,,41205,50066,,16270,,,,16270,6286,0,0,5225,11511,2%@62,https://www.slo.courts.ca.gov/general-information/employment,,08/06/2024,San Luis Obispo,,False,
2023,Superior Court,San Luis Obispo County Superior Court,Jury Services,Legal Process Clerk Trainee,False,True,,41205,50066,,14411,,,314,14725,4692,0,0,3713,8405,2%@62,https://www.slo.courts.ca.gov/general-information/employment,,08/06/2024,San Luis Obispo,,False,
2023,Superior Court,San Luis Obispo County Superior Court,Civil,Legal Process Clerk I,False,True,,49275,59904,,14604,,,,14604,5125,0,0,3800,8925,2%@62,https://www.slo.courts.ca.gov/general-information/employment,,08/06/2024,San Luis Obispo,,False,
2023,Superior Court,San Luis Obispo County Superior Court,Fiscal Services,Accounting Technician,False,True,,60174,73112,,14421,,,,14421,5107,0,0,2850,7957,2%@62,https://www.slo.courts.ca.gov/general-information/employment,,08/06/2024,San Luis Obispo,,False,
2023,Superior Court,San Luis Obispo County Superior Court,Judges And Courtroom Support,Court Reporter,False,True,,96491,117312,,14021,,,,14021,0,0,0,0,0,2%@62,https://www.slo.courts.ca.gov/general-information/employment,,08/06/2024,San Luis Obispo,,False,
2023,Superior Court,San Luis Obispo County Superior Court,Judges And Courtroom Support,Court Process Clerk,False,True,,56659,68869,,7921,,2000,1736,11657,2513,0,0,863,3376,2%@62,https://www.slo.courts.ca.gov/general-information/employment,,08/06/2024,San Luis Obispo,,False,
2023,Superior Court,San Luis Obispo County Superior Court,Criminal,Legal Process Clerk II,False,True,,53914,65541,,1602,,,9421,11023,383,0,0,625,1008,2%@55,https://www.slo.courts.ca.gov/general-information/employment,,08/06/2024,San Luis Obispo,,False,
2023,Superior Court,San Luis Obispo County Superior Court,Family And Children Services,Self-Help Legal Assistant,False,True,,58198,70741,,7913,,,348,8261,2561,0,0,1900,4461,2%@62,https://www.slo.courts.ca.gov/general-information/employment,,08/06/2024,San Luis Obispo,,False,
2023,Superior Court,San Luis Obispo County Superior Court,Criminal,Legal Process Clerk Trainee,False,True,,41205,50066,,6869,,,823,7692,2342,0,0,3125,5467,2%@62,https://www.slo.courts.ca.gov/general-information/employment,,08/06/2024,San Luis Obispo,,False,
2023,Superior Court,San Luis Obispo County Superior Court,Family And Children Services,Legal Process Clerk II,False,True,,53914,65541,,1409,,,5153,6562,383,0,0,475,858,2%@55,https://www.slo.courts.ca.gov/general-information/employment,,08/06/2024,San Luis Obispo,,False,
2023,Superior Court,San Luis Obispo County Superior Court,Judges And Courtroom Support,Court Reporter,False,True,,96491,117312,,1429,,,3793,5222,413,0,0,0,413,2%@55,https://www.slo.courts.ca.gov/general-information/employment,,08/06/2024,San Luis Obispo,,False,
2023,Superior Court,San Luis Obispo County Superior Court,Family And Children Services,Self-Help Legal Assistant,False,True,,58198,70741,,3481,,,143,3624,1215,0,0,950,2165,2%@62,https://www.slo.courts.ca.gov/general-information/employment,,08/06/2024,San Luis Obispo,,False,
2023,Superior Court,San Luis Obispo County Superior Court,Criminal,Legal Process Clerk II,False,True,,53914,65541,,1238,,,597,1835,479,0,0,0,479,2%@55,https://www.slo.courts.ca.gov/general-information/employment,,08/06/2024,San Luis Obispo,,False,
2023,Superior Court,San Luis Obispo County Superior Court,Judges And Courtroom Support,Courtroom Clerk I,False,True,,59654,72509,,0,,,471,471,0,0,0,0,0,2%@62,https://www.slo.courts.ca.gov/general-information/employment,,08/06/2024,San Luis Obispo,,False,

