﻿Year,EmployerType,EmployerName,DepartmentOrSubdivision,Position,ElectedOfficial,Judicial,OtherPositions,MinPositionSalary,MaxPositionSalary,ReportedBaseWage,RegularPay,OvertimePay,LumpSumPay,OtherPay,TotalWages,DefinedBenefitPlanContribution,EmployeesRetirementCostCovered,DeferredCompensationPlan,HealthDentalVision,TotalRetirementAndHealthContribution,PensionFormula,EmployerURL,EmployerPopulation,LastUpdatedDate,EmployerCounty,SpecialDistrictActivities,IncludesUnfundedLiability,SpecialDistrictType
2023,Superior Court,San Mateo County Superior Court,Administration,Court Executive Officer/Clerk And Jury Commissioner,False,True,,223288,279094,,270009,0,17080,11867,298956,95124,0,0,26427,121551,2% @ 55,http://www.sanmateocourt.org/,,08/06/2024,San Mateo,,True,
2023,Superior Court,San Mateo County Superior Court,Judge's Retire System Member,"Judge, Superior Court",True,True,,228979,238479,,241766,0,0,500,242266,0,0,0,31281,31281,Judicial Retirement System,http://www.sanmateocourt.org/,,08/06/2024,San Mateo,,True,
2023,Superior Court,San Mateo County Superior Court,Judge's Retire System Member,"Judge, Superior Court",True,True,,228979,238479,,238074,0,0,0,238074,0,0,0,280,280,Judicial Retirement System,http://www.sanmateocourt.org/,,08/06/2024,San Mateo,,True,
2023,Superior Court,San Mateo County Superior Court,Judge's Retire System Member,"Judge, Superior Court",True,True,,228979,238479,,233370,0,0,500,233870,0,0,0,31281,31281,Judicial Retirement System,http://www.sanmateocourt.org/,,08/06/2024,San Mateo,,True,
2023,Superior Court,San Mateo County Superior Court,Judge's Retire System Member,"Judge, Superior Court",True,True,,228979,238479,,233370,0,0,0,233370,0,0,0,12243,12243,Judicial Retirement System,http://www.sanmateocourt.org/,,08/06/2024,San Mateo,,True,
2023,Superior Court,San Mateo County Superior Court,Judge's Retire System Member,"Judge, Superior Court",True,True,,228979,238479,,233269,0,0,0,233269,0,0,0,1816,1816,Judicial Retirement System,http://www.sanmateocourt.org/,,08/06/2024,San Mateo,,True,
2023,Superior Court,San Mateo County Superior Court,Judge's Retire System Member,"Judge, Superior Court",True,True,,228979,238479,,232799,0,0,42,232841,0,0,0,38636,38636,Judicial Retirement System,http://www.sanmateocourt.org/,,08/06/2024,San Mateo,,True,
2023,Superior Court,San Mateo County Superior Court,Judge's Retire System Member,"Judge, Superior Court",True,True,,228979,238479,,231430,0,0,0,231430,0,0,0,612,612,Judicial Retirement System,http://www.sanmateocourt.org/,,08/06/2024,San Mateo,,True,
2023,Superior Court,San Mateo County Superior Court,Judge's Retire System Member,"Judge, Superior Court",True,True,,228979,238479,,229982,0,0,0,229982,0,0,0,9396,9396,Judicial Retirement System,http://www.sanmateocourt.org/,,08/06/2024,San Mateo,,True,
2023,Superior Court,San Mateo County Superior Court,Judge's Retire System Member,"Judge, Superior Court",True,True,,228979,238479,,229273,0,0,0,229273,0,0,0,23376,23376,Judicial Retirement System,http://www.sanmateocourt.org/,,08/06/2024,San Mateo,,True,
2023,Superior Court,San Mateo County Superior Court,Judge's Retire System Member,"Judge, Superior Court",True,True,,228979,238479,,228402,0,0,0,228402,0,0,0,1452,1452,Judicial Retirement System,http://www.sanmateocourt.org/,,08/06/2024,San Mateo,,True,
2023,Superior Court,San Mateo County Superior Court,Judge's Retire System Member,"Judge, Superior Court",True,True,,228979,238479,,228371,0,0,0,228371,0,0,0,28243,28243,Judicial Retirement System,http://www.sanmateocourt.org/,,08/06/2024,San Mateo,,True,
2023,Superior Court,San Mateo County Superior Court,Judge's Retire System Member,"Judge, Superior Court",True,True,,228979,238479,,227859,0,0,0,227859,0,0,0,18221,18221,Judicial Retirement System,http://www.sanmateocourt.org/,,08/06/2024,San Mateo,,True,
2023,Superior Court,San Mateo County Superior Court,Judge's Retire System Member,"Judge, Superior Court",True,True,,228979,238479,,226945,0,0,0,226945,0,0,0,23283,23283,Judicial Retirement System,http://www.sanmateocourt.org/,,08/06/2024,San Mateo,,True,
2023,Superior Court,San Mateo County Superior Court,Judge's Retire System Member,"Judge, Superior Court",True,True,,228979,238479,,226815,0,0,0,226815,0,0,0,9396,9396,Judicial Retirement System,http://www.sanmateocourt.org/,,08/06/2024,San Mateo,,True,
2023,Superior Court,San Mateo County Superior Court,Judge's Retire System Member,"Judge, Superior Court",True,True,,228979,238479,,226276,0,0,0,226276,0,0,0,23283,23283,Judicial Retirement System,http://www.sanmateocourt.org/,,08/06/2024,San Mateo,,True,
2023,Superior Court,San Mateo County Superior Court,Judge's Retire System Member,"Judge, Superior Court",True,True,,228979,238479,,225718,0,0,0,225718,0,0,0,18221,18221,Judicial Retirement System,http://www.sanmateocourt.org/,,08/06/2024,San Mateo,,True,
2023,Superior Court,San Mateo County Superior Court,Judge's Retire System Member,"Judge, Superior Court",True,True,,228979,238479,,225012,0,0,-352,224660,0,0,0,10723,10723,Judicial Retirement System,http://www.sanmateocourt.org/,,08/06/2024,San Mateo,,True,
2023,Superior Court,San Mateo County Superior Court,Judge's Retire System Member,"Judge, Superior Court",True,True,,228979,238479,,223081,0,0,0,223081,0,0,0,18221,18221,Judicial Retirement System,http://www.sanmateocourt.org/,,08/06/2024,San Mateo,,True,
2023,Superior Court,San Mateo County Superior Court,Judge's Retire System Member,"Judge, Superior Court",True,True,,228979,238479,,222310,0,0,0,222310,0,0,0,18419,18419,Judicial Retirement System,http://www.sanmateocourt.org/,,08/06/2024,San Mateo,,True,
2023,Superior Court,San Mateo County Superior Court,CCMS - HOJ,Court Director Of Information Technology,False,True,,178360,222290,,214387,0,5182,2462,222031,70910,0,0,29465,100375,2% @ 55,http://www.sanmateocourt.org/,,08/06/2024,San Mateo,,True,
2023,Superior Court,San Mateo County Superior Court,Judge's Retire System Member,"Judge, Superior Court",True,True,,228979,238479,,219526,0,0,0,219526,0,0,0,22873,22873,Judicial Retirement System,http://www.sanmateocourt.org/,,08/06/2024,San Mateo,,True,
2023,Superior Court,San Mateo County Superior Court,Judge's Retire System Member,"Judge, Superior Court",True,True,,228979,238479,,219460,0,0,0,219460,0,0,0,18221,18221,Judicial Retirement System,http://www.sanmateocourt.org/,,08/06/2024,San Mateo,,True,
2023,Superior Court,San Mateo County Superior Court,Judge's Retire System Member,"Judge, Superior Court",True,True,,228979,238479,,219359,0,0,0,219359,0,0,0,23376,23376,Judicial Retirement System,http://www.sanmateocourt.org/,,08/06/2024,San Mateo,,True,
2023,Superior Court,San Mateo County Superior Court,Judge's Retire System Member,"Judge, Superior Court",True,True,,228979,238479,,219032,0,0,0,219032,0,0,0,23376,23376,Judicial Retirement System,http://www.sanmateocourt.org/,,08/06/2024,San Mateo,,True,
2023,Superior Court,San Mateo County Superior Court,Judge's Retire System Member,"Judge, Superior Court",True,True,,228979,238479,,218010,0,0,0,218010,0,0,0,23376,23376,Judicial Retirement System,http://www.sanmateocourt.org/,,08/06/2024,San Mateo,,True,
2023,Superior Court,San Mateo County Superior Court,Commissioners,Court Commissioner,False,True,,202706,202706,,197016,0,12372,0,209388,66990,0,0,17477,84467,2% @ 55,http://www.sanmateocourt.org/,,08/06/2024,San Mateo,,True,
2023,Superior Court,San Mateo County Superior Court,Judge's Retire System Member,"Judge, Superior Court",True,True,,228979,238479,,208380,0,0,-37,208343,0,0,0,21427,21427,Judicial Retirement System,http://www.sanmateocourt.org/,,08/06/2024,San Mateo,,True,
2023,Superior Court,San Mateo County Superior Court,Administration,Deputy Court Executive Officer,False,True,,159245,198515,,192590,0,10291,2477,205358,64976,0,0,10427,75403,2% @ 55,http://www.sanmateocourt.org/,,08/06/2024,San Mateo,,True,
2023,Superior Court,San Mateo County Superior Court,Commissioners,Court Commissioner,False,True,,202706,202706,,199070,0,4783,497,204350,64844,0,0,15562,80406,2% @ 55,http://www.sanmateocourt.org/,,08/06/2024,San Mateo,,True,
2023,Superior Court,San Mateo County Superior Court,Judge's Retire System Member,"Judge, Superior Court",True,True,,228979,238479,,202821,0,0,-1025,201796,0,0,0,21331,21331,Judicial Retirement System,http://www.sanmateocourt.org/,,08/06/2024,San Mateo,,True,
2023,Superior Court,San Mateo County Superior Court,Commissioners,Court Commissioner,False,True,,202706,202706,,199070,0,0,0,199070,68177,0,0,1659,69836,2% @ 55,http://www.sanmateocourt.org/,,08/06/2024,San Mateo,,True,
2023,Superior Court,San Mateo County Superior Court,Commissioners,Court Commissioner,False,True,,202706,202706,,198375,0,0,496,198871,17654,0,6489,19170,43313,2% @ 55,http://www.sanmateocourt.org/,,08/06/2024,San Mateo,,True,
2023,Superior Court,San Mateo County Superior Court,ADR/Mediation,Senior Managing Attorney - Unclassified,False,True,,148949,185682,,180643,0,11426,2483,194552,65969,0,0,15562,81531,2% @ 55,http://www.sanmateocourt.org/,,08/06/2024,San Mateo,,True,
2023,Superior Court,San Mateo County Superior Court,Fiscal Services,Court Director Of Finance,False,True,,149843,186722,,179408,0,11348,1962,192718,66335,0,0,10427,76762,2% @ 55,http://www.sanmateocourt.org/,,08/06/2024,San Mateo,,True,
2023,Superior Court,San Mateo County Superior Court,Commissioners,Court Commissioner,False,True,,202706,202706,,188820,0,0,471,189291,63387,0,0,49463,112850,2% @ 55,http://www.sanmateocourt.org/,,08/06/2024,San Mateo,,True,
2023,Superior Court,San Mateo County Superior Court,CCMS - HOJ,Information Technology Manager - Courts Unclassified,False,True,,141627,176509,,170845,0,10807,2471,184123,45381,0,0,26427,71808,2% @ 55,http://www.sanmateocourt.org/,,08/06/2024,San Mateo,,True,
2023,Superior Court,San Mateo County Superior Court,Human Resources,Court Human Resource Director,False,True,,142002,176904,,167792,0,10650,2453,180895,57561,0,0,26427,83988,2% @ 55,http://www.sanmateocourt.org/,,08/06/2024,San Mateo,,True,
2023,Superior Court,San Mateo County Superior Court,ADR/Mediation,ADR Program Managing Attorney,False,True,,140525,175178,,162967,0,10448,2431,175846,44944,0,0,26427,71371,2% @ 55,http://www.sanmateocourt.org/,,08/06/2024,San Mateo,,True,
2023,Superior Court,San Mateo County Superior Court,Legal Research,Senior / Supervising Court Attorney,False,True,,137134,170872,,161351,0,10206,1928,173485,56436,0,0,17477,73913,2% @ 55,http://www.sanmateocourt.org/,,08/06/2024,San Mateo,,True,
2023,Superior Court,San Mateo County Superior Court,CCMS - HOJ,Information Technology Manager - Courts Unclassified,False,True,,141627,176509,,161467,0,0,1998,163465,44651,0,0,1659,46310,2% @ 55,http://www.sanmateocourt.org/,,08/06/2024,San Mateo,,True,
2023,Superior Court,San Mateo County Superior Court,ADR/Mediation,Assistant Supervising Family Law Facilitator,False,True,,126547,157706,,147793,0,9540,2465,159798,44128,0,0,25430,69558,2% @ 55,http://www.sanmateocourt.org/,,08/06/2024,San Mateo,,True,
2023,Superior Court,San Mateo County Superior Court,Administration,Court Services Manager,False,True,,128752,160472,,155813,0,0,2479,158292,53997,0,0,15562,69559,2% @ 55,http://www.sanmateocourt.org/,,08/06/2024,San Mateo,,True,
2023,Superior Court,San Mateo County Superior Court,Legal Research,Court Staff Attorney II,False,True,,119829,149323,,145426,0,9199,2486,157111,53164,0,0,10427,63591,2% @ 55,http://www.sanmateocourt.org/,,08/06/2024,San Mateo,,True,
2023,Superior Court,San Mateo County Superior Court,Legal Research,Court Staff Attorney II,False,True,,119829,149323,,142879,0,9084,2479,154442,43351,0,0,15562,58913,2% @ 55,http://www.sanmateocourt.org/,,08/06/2024,San Mateo,,True,
2023,Superior Court,San Mateo County Superior Court,Legal Research,Court Staff Attorney II,False,True,,119829,149323,,143119,0,9053,1957,154129,49386,0,0,39965,89351,2% @ 55,http://www.sanmateocourt.org/,,08/06/2024,San Mateo,,True,
2023,Superior Court,San Mateo County Superior Court,Legal Research,Court Staff Attorney II,False,True,,119829,149323,,142686,0,9026,1952,153664,44050,0,0,8550,52600,2% @ 55,http://www.sanmateocourt.org/,,08/06/2024,San Mateo,,True,
2023,Superior Court,San Mateo County Superior Court,Legal Research,Court Staff Attorney II,False,True,,119829,149323,,143398,0,7040,1961,152399,48637,0,0,1659,50296,2% @ 55,http://www.sanmateocourt.org/,,08/06/2024,San Mateo,,True,
2023,Superior Court,San Mateo County Superior Court,Court Reporters,Court Reporter,False,True,,134451,134451,,145978,0,0,5903,151881,46495,0,0,10145,56640,2% @ 55,http://www.sanmateocourt.org/,,08/06/2024,San Mateo,,True,
2023,Superior Court,San Mateo County Superior Court,Administration,Court Services Manager,False,True,,128752,160472,,148521,0,0,2363,150884,53997,0,0,26427,80424,2% @ 55,http://www.sanmateocourt.org/,,08/06/2024,San Mateo,,True,
2023,Superior Court,San Mateo County Superior Court,Commissioners,Court Commissioner,False,True,,202706,202706,,123538,0,25386,0,148924,41595,0,0,12307,53902,2% @ 55,http://www.sanmateocourt.org/,,08/06/2024,San Mateo,,True,
2023,Superior Court,San Mateo County Superior Court,Legal Research,Court Staff Attorney II,False,True,,119829,149323,,144327,0,2044,2467,148838,51084,0,0,19170,70254,2% @ 55,http://www.sanmateocourt.org/,,08/06/2024,San Mateo,,True,
2023,Superior Court,San Mateo County Superior Court,Court Reporters,Court Reporter,False,True,,134451,134451,,143631,0,0,5037,148668,46531,0,0,10145,56676,2% @ 55,http://www.sanmateocourt.org/,,08/06/2024,San Mateo,,True,
2023,Superior Court,San Mateo County Superior Court,Legal Research,Court Staff Attorney II,False,True,,119829,149323,,137549,0,8850,1932,148331,42810,0,0,662,43472,2% @ 55,http://www.sanmateocourt.org/,,08/06/2024,San Mateo,,True,
2023,Superior Court,San Mateo County Superior Court,Court Reporters,Court Reporter,False,True,,134451,134451,,142378,0,0,5334,147712,46028,0,0,33911,79939,2% @ 55,http://www.sanmateocourt.org/,,08/06/2024,San Mateo,,True,
2023,Superior Court,San Mateo County Superior Court,CCMS - HOJ,Senior Information Technology Analyst - Courts,False,True,,109720,136656,,134625,7824,2644,2418,147511,44675,0,0,26145,70820,2% @ 55,http://www.sanmateocourt.org/,,08/06/2024,San Mateo,,True,
2023,Superior Court,San Mateo County Superior Court,Family Law Facilitator,Court Staff Attorney II,False,True,,119829,149323,,144680,0,0,2474,147154,44050,0,0,19170,63220,2% @ 55,http://www.sanmateocourt.org/,,08/06/2024,San Mateo,,True,
2023,Superior Court,San Mateo County Superior Court,Court Reporters,Court Reporter,False,True,,134451,134451,,139349,0,0,5486,144835,44802,0,0,15280,60082,2% @ 55,http://www.sanmateocourt.org/,,08/06/2024,San Mateo,,True,
2023,Superior Court,San Mateo County Superior Court,Court Reporters,Court Reporter,False,True,,134451,134451,,137718,295,0,4899,142912,44414,0,0,26145,70559,2% @ 55,http://www.sanmateocourt.org/,,08/06/2024,San Mateo,,True,
2023,Superior Court,San Mateo County Superior Court,Court Reporters,Court Reporter,False,True,,134451,134451,,137185,0,0,4880,142065,44414,0,0,17195,61609,2% @ 55,http://www.sanmateocourt.org/,,08/06/2024,San Mateo,,True,
2023,Superior Court,San Mateo County Superior Court,Court Reporters,Court Reporter,False,True,,134451,134451,,134681,0,0,5467,140148,40858,0,0,10145,51003,2% @ 55,http://www.sanmateocourt.org/,,08/06/2024,San Mateo,,True,
2023,Superior Court,San Mateo County Superior Court,Administration,Court Services Manager,False,True,,128752,160472,,132187,0,5273,2457,139917,44491,0,0,10427,54918,2% @ 55,http://www.sanmateocourt.org/,,08/06/2024,San Mateo,,True,
2023,Superior Court,San Mateo County Superior Court,Court Reporters,Court Reporter,False,True,,134451,134451,,134960,0,0,4801,139761,44414,0,0,26145,70559,2% @ 55,http://www.sanmateocourt.org/,,08/06/2024,San Mateo,,True,
2023,Superior Court,San Mateo County Superior Court,Court Reporters,Court Reporter,False,True,,134451,134451,,134283,0,0,5342,139625,41690,0,0,10145,51835,2% @ 55,http://www.sanmateocourt.org/,,08/06/2024,San Mateo,,True,
2023,Superior Court,San Mateo County Superior Court,Master Calendar,Court Management Analyst II,False,True,,105893,132038,,128501,0,8128,2484,139113,43731,0,0,10427,54158,2% @ 55,http://www.sanmateocourt.org/,,08/06/2024,San Mateo,,True,
2023,Superior Court,San Mateo County Superior Court,Court Reporters,Court Reporter,False,True,,134451,134451,,134077,47,0,4973,139097,40623,0,0,9430,50053,2% @ 55,http://www.sanmateocourt.org/,,08/06/2024,San Mateo,,True,
2023,Superior Court,San Mateo County Superior Court,CCMS - HOJ,Court Senior Business Applications/Automation Analyst,False,True,,109720,136656,,133914,0,2630,2459,139003,44264,0,0,26145,70409,2% @ 55,http://www.sanmateocourt.org/,,08/06/2024,San Mateo,,True,
2023,Superior Court,San Mateo County Superior Court,Court Reporters,Court Reporter,False,True,,134451,134451,,133523,94,0,4927,138544,40858,0,0,21666,62524,2% @ 55,http://www.sanmateocourt.org/,,08/06/2024,San Mateo,,True,
2023,Superior Court,San Mateo County Superior Court,Family Court Services,Supervising Child Custody Recommending Counselor - Unclassified,False,True,,113942,142002,,137739,0,0,495,138234,47269,0,0,15280,62549,2% @ 55,http://www.sanmateocourt.org/,,08/06/2024,San Mateo,,True,
2023,Superior Court,San Mateo County Superior Court,Legal Research,Court Staff Attorney II,False,True,,119829,149323,,136253,0,0,1863,138116,44050,0,0,34512,78562,2% @ 55,http://www.sanmateocourt.org/,,08/06/2024,San Mateo,,True,
2023,Superior Court,San Mateo County Superior Court,Court Reporters,Court Reporter,False,True,,134451,134451,,133044,0,0,4926,137970,42610,0,0,15280,57890,2% @ 55,http://www.sanmateocourt.org/,,08/06/2024,San Mateo,,True,
2023,Superior Court,San Mateo County Superior Court,Court Reporters,Court Reporter,False,True,,134451,134451,,132652,0,0,5277,137929,41578,0,0,40722,82300,2% @ 55,http://www.sanmateocourt.org/,,08/06/2024,San Mateo,,True,
2023,Superior Court,San Mateo County Superior Court,CCMS - HOJ,Court Application Developer,False,True,,107515,133973,,132684,0,2606,2485,137775,46717,0,0,10145,56862,2% @ 55,http://www.sanmateocourt.org/,,08/06/2024,San Mateo,,True,
2023,Superior Court,San Mateo County Superior Court,Court Reporters,Court Reporter,False,True,,134451,134451,,132085,0,0,5218,137303,43460,0,0,40722,84182,2% @ 55,http://www.sanmateocourt.org/,,08/06/2024,San Mateo,,True,
2023,Superior Court,San Mateo County Superior Court,Administration,Court Services Manager,False,True,,128752,160472,,126345,0,8071,1937,136353,43533,0,0,41004,84537,2% @ 55,http://www.sanmateocourt.org/,,08/06/2024,San Mateo,,True,
2023,Superior Court,San Mateo County Superior Court,Legal Research,Court Staff Attorney II,False,True,,119829,149323,,129883,0,4396,1979,136258,39474,0,0,18173,57647,2% @ 55,http://www.sanmateocourt.org/,,08/06/2024,San Mateo,,True,
2023,Superior Court,San Mateo County Superior Court,Court Reporters,Court Reporter,False,True,,134451,134451,,130756,0,0,4880,135636,42334,0,0,28633,70967,2% @ 55,http://www.sanmateocourt.org/,,08/06/2024,San Mateo,,True,
2023,Superior Court,San Mateo County Superior Court,Court Reporters,Court Reporter,False,True,,134451,134451,,130607,0,0,4875,135482,42334,0,0,17195,59529,2% @ 55,http://www.sanmateocourt.org/,,08/06/2024,San Mateo,,True,
2023,Superior Court,San Mateo County Superior Court,CCMS - HOJ,Information Technology Analyst - Courts,False,True,,107515,133973,,129428,962,2542,2466,135398,39563,0,0,18888,58451,2% @ 55,http://www.sanmateocourt.org/,,08/06/2024,San Mateo,,True,
2023,Superior Court,San Mateo County Superior Court,Legal Research,Court Staff Attorney II,False,True,,119829,149323,,130368,0,1968,2484,134820,40089,0,0,9499,49588,2% @ 55,http://www.sanmateocourt.org/,,08/06/2024,San Mateo,,True,
2023,Superior Court,San Mateo County Superior Court,Legal Research,Court Staff Attorney II,False,True,,119829,149323,,124515,0,7982,1989,134486,37631,0,0,9430,47061,2% @ 55,http://www.sanmateocourt.org/,,08/06/2024,San Mateo,,True,
2023,Superior Court,San Mateo County Superior Court,Administration,Court Operations Business Analyst II,False,True,,105893,132038,,124205,0,8019,1980,134204,42395,0,0,15562,57957,2% @ 55,http://www.sanmateocourt.org/,,08/06/2024,San Mateo,,True,
2023,Superior Court,San Mateo County Superior Court,Court Reporters,Court Reporter,False,True,,134451,134451,,128842,0,0,4969,133811,39184,0,0,10145,49329,2% @ 55,http://www.sanmateocourt.org/,,08/06/2024,San Mateo,,True,
2023,Superior Court,San Mateo County Superior Court,Probate Investigators,Supervising Court Investigator - Unclassified,False,True,,103938,129563,,129925,0,2552,0,132477,41975,0,0,8965,50940,2% @ 55,http://www.sanmateocourt.org/,,08/06/2024,San Mateo,,True,
2023,Superior Court,San Mateo County Superior Court,Court Reporters,Court Reporter,False,True,,134451,134451,,116047,0,0,15805,131852,34542,0,0,12325,46867,2% @ 55,http://www.sanmateocourt.org/,,08/06/2024,San Mateo,,True,
2023,Superior Court,San Mateo County Superior Court,Family Law Facilitator,Court Staff Attorney II,False,True,,119829,149323,,127525,0,0,4292,131817,44143,0,0,10427,54570,2% @ 55,http://www.sanmateocourt.org/,,08/06/2024,San Mateo,,True,
2023,Superior Court,San Mateo County Superior Court,CCMS - HOJ,Information Technology Analyst - Courts,False,True,,107515,133973,,127261,0,0,2461,129722,44795,0,0,25430,70225,2% @ 55,http://www.sanmateocourt.org/,,08/06/2024,San Mateo,,True,
2023,Superior Court,San Mateo County Superior Court,ADR/Mediation,Court Management Analyst II,False,True,,105893,132038,,119252,0,7739,1998,128989,35955,0,0,1659,37614,2% @ 55,http://www.sanmateocourt.org/,,08/06/2024,San Mateo,,True,
2023,Superior Court,San Mateo County Superior Court,Legal Research,Court Staff Attorney II,False,True,,119829,149323,,126601,0,0,1979,128580,38571,0,0,15562,54133,2% @ 55,http://www.sanmateocourt.org/,,08/06/2024,San Mateo,,True,
2023,Superior Court,San Mateo County Superior Court,Master Calendar,Court Management Analyst I,False,True,,91562,114046,,118840,0,7517,2128,128485,37843,0,0,19170,57013,2% @ 55,http://www.sanmateocourt.org/,,08/06/2024,San Mateo,,True,
2023,Superior Court,San Mateo County Superior Court,CCMS - HOJ,Information Technology Analyst - Courts,False,True,,107515,133973,,125020,582,0,2382,127984,39563,0,0,40722,80285,2% @ 55,http://www.sanmateocourt.org/,,08/06/2024,San Mateo,,True,
2023,Superior Court,San Mateo County Superior Court,CCMS - HOJ,Information Technology Analyst - Courts,False,True,,107515,133973,,123675,0,0,2357,126032,39563,0,0,33911,73474,2% @ 55,http://www.sanmateocourt.org/,,08/06/2024,San Mateo,,True,
2023,Superior Court,San Mateo County Superior Court,Fiscal Services,Senior Accountant - Courts Exempt,False,True,,95950,119558,,119130,1843,2339,2470,125782,39264,0,0,18888,58152,2% @ 55,http://www.sanmateocourt.org/,,08/06/2024,San Mateo,,True,
2023,Superior Court,San Mateo County Superior Court,Administration,Court Facilities Manager - U,False,True,,105893,132038,,115628,0,7408,1979,125015,35170,0,0,10427,45597,2% @ 55,http://www.sanmateocourt.org/,,08/06/2024,San Mateo,,True,
2023,Superior Court,San Mateo County Superior Court,Human Resources,Court Human Resources Analyst II,False,True,,105893,132038,,112886,0,5876,2482,121244,34262,0,0,10427,44689,2% @ 55,http://www.sanmateocourt.org/,,08/06/2024,San Mateo,,True,
2023,Superior Court,San Mateo County Superior Court,Probate Investigators,Court Investigator,False,True,,89170,111093,,120009,0,0,535,120544,35412,0,0,18173,53585,2% @ 55,http://www.sanmateocourt.org/,,08/06/2024,San Mateo,,True,
2023,Superior Court,San Mateo County Superior Court,Fiscal Services,Court Budget Analyst II,False,True,,105893,132038,,82491,0,35650,1973,120114,27494,0,0,12307,39801,2% @ 55,http://www.sanmateocourt.org/,,08/06/2024,San Mateo,,True,
2023,Superior Court,San Mateo County Superior Court,Family Court Services,Child Custody Recommending Counselor,False,True,,97718,121784,,118264,0,0,496,118760,40541,0,0,12147,52688,2% @ 55,http://www.sanmateocourt.org/,,08/06/2024,San Mateo,,True,
2023,Superior Court,San Mateo County Superior Court,Administration,Court Operations Business Analyst I,False,True,,91562,114046,,110802,0,4289,2480,117571,37118,0,0,10427,47545,2% @ 55,http://www.sanmateocourt.org/,,08/06/2024,San Mateo,,True,
2023,Superior Court,San Mateo County Superior Court,Family Court Services,Child Custody Recommending Counselor,False,True,,97718,121784,,115751,0,0,1766,117517,41162,0,0,26145,67307,2% @ 55,http://www.sanmateocourt.org/,,08/06/2024,San Mateo,,True,
2023,Superior Court,San Mateo County Superior Court,Family Court Services,Child Custody Recommending Counselor,False,True,,97718,121784,,115974,0,0,491,116465,35564,0,0,26145,61709,2% @ 55,http://www.sanmateocourt.org/,,08/06/2024,San Mateo,,True,
2023,Superior Court,San Mateo County Superior Court,Human Resources,Court Human Resources Analyst II,False,True,,105893,132038,,106738,0,6780,2471,115989,32509,0,0,15562,48071,2% @ 55,http://www.sanmateocourt.org/,,08/06/2024,San Mateo,,True,
2023,Superior Court,San Mateo County Superior Court,Courtroom Clerks,Lead Courtroom Clerk,False,True,,84157,104853,,108393,869,2129,2562,113953,34499,0,0,26145,60644,2% @ 55,http://www.sanmateocourt.org/,,08/06/2024,San Mateo,,True,
2023,Superior Court,San Mateo County Superior Court,Juvenile Delinquency,Court Services Supervisor - Exempt,False,True,,89107,111010,,111950,0,0,1985,113935,36153,0,0,10145,46298,2% @ 55,http://www.sanmateocourt.org/,,08/06/2024,San Mateo,,True,
2023,Superior Court,San Mateo County Superior Court,Family Law,Court Services Supervisor - Exempt,False,True,,89107,111010,,107116,3189,0,3123,113428,35614,0,0,26145,61759,2% @ 55,http://www.sanmateocourt.org/,,08/06/2024,San Mateo,,True,
2023,Superior Court,San Mateo County Superior Court,Traffic,Court Services Supervisor - Exempt,False,True,,89107,111010,,110490,861,0,1998,113349,35484,0,0,1377,36861,2% @ 55,http://www.sanmateocourt.org/,,08/06/2024,San Mateo,,True,
2023,Superior Court,San Mateo County Superior Court,Jury,Court Services Supervisor - Exempt,False,True,,89107,111010,,110343,195,0,2440,112978,35815,0,0,29183,64998,2% @ 55,http://www.sanmateocourt.org/,,08/06/2024,San Mateo,,True,
2023,Superior Court,San Mateo County Superior Court,Probate Investigators,Court Investigator,False,True,,89170,111093,,111080,0,0,1787,112867,35894,0,0,1377,37271,2% @ 55,http://www.sanmateocourt.org/,,08/06/2024,San Mateo,,True,
2023,Superior Court,San Mateo County Superior Court,Court Reporters,Court Services Supervisor - Exempt,False,True,,89107,111010,,108199,2537,0,1956,112692,35484,0,0,29183,64667,2% @ 55,http://www.sanmateocourt.org/,,08/06/2024,San Mateo,,True,
2023,Superior Court,San Mateo County Superior Court,Civil,Court Services Supervisor - Exempt,False,True,,89107,111010,,108792,0,0,1931,110723,36123,0,0,26145,62268,2% @ 55,http://www.sanmateocourt.org/,,08/06/2024,San Mateo,,True,
2023,Superior Court,San Mateo County Superior Court,Courtroom Clerks,Courtroom Clerk II,False,True,,79643,99195,,108341,0,0,2260,110601,30826,0,0,28468,59294,2% @ 55,http://www.sanmateocourt.org/,,08/06/2024,San Mateo,,True,
2023,Superior Court,San Mateo County Superior Court,Legal Research,Court Probate Examiner,False,True,,92414,115170,,108001,0,0,2394,110395,38918,0,0,13155,52073,2% @ 55,http://www.sanmateocourt.org/,,08/06/2024,San Mateo,,True,
2023,Superior Court,San Mateo County Superior Court,Courtroom Clerks,Court Services Supervisor - Exempt,False,True,,89107,111010,,105289,1662,0,2421,109372,32784,0,0,25430,58214,2% @ 55,http://www.sanmateocourt.org/,,08/06/2024,San Mateo,,True,
2023,Superior Court,San Mateo County Superior Court,CCMS - HOJ,Information Technology Analyst - Courts,False,True,,107515,133973,,105406,1143,0,2395,108944,33175,0,0,32169,65344,2% @ 55,http://www.sanmateocourt.org/,,08/06/2024,San Mateo,,True,
2023,Superior Court,San Mateo County Superior Court,Courtroom Clerks,Courtroom Clerk II,False,True,,79643,99195,,106204,31,0,2655,108890,31956,0,0,26145,58101,2% @ 55,http://www.sanmateocourt.org/,,08/06/2024,San Mateo,,True,
2023,Superior Court,San Mateo County Superior Court,Courtroom Clerks,Court Services Supervisor - Exempt,False,True,,89107,111010,,106235,137,0,2481,108853,32355,0,0,10145,42500,2% @ 55,http://www.sanmateocourt.org/,,08/06/2024,San Mateo,,True,
2023,Superior Court,San Mateo County Superior Court,CCMS - HOJ,Information Technology Technician - Courts,False,True,,85134,106163,,104050,978,0,1943,106971,34369,0,0,31855,66224,2% @ 55,http://www.sanmateocourt.org/,,08/06/2024,San Mateo,,True,
2023,Superior Court,San Mateo County Superior Court,Family Court Services,Child Custody Recommending Counselor,False,True,,97718,121784,,104332,0,0,1807,106139,36516,0,0,9430,45946,2% @ 55,http://www.sanmateocourt.org/,,08/06/2024,San Mateo,,True,
2023,Superior Court,San Mateo County Superior Court,Courtroom Clerks,Lead Courtroom Clerk,False,True,,84157,104853,,102058,25,0,2442,104525,33544,0,0,14565,48109,2% @ 55,http://www.sanmateocourt.org/,,08/06/2024,San Mateo,,True,
2023,Superior Court,San Mateo County Superior Court,Family Law Facilitator,Court Staff Attorney I,False,True,,99216,123677,,100943,0,1550,1984,104477,30672,0,0,9430,40102,2% @ 55,http://www.sanmateocourt.org/,,08/06/2024,San Mateo,,True,
2023,Superior Court,San Mateo County Superior Court,Court Reporters,Court Reporter,False,True,,134451,134451,,89730,0,0,14608,104338,22410,0,0,803,23213,2% @ 55,http://www.sanmateocourt.org/,,08/06/2024,San Mateo,,True,
2023,Superior Court,San Mateo County Superior Court,Court Reporters,Court Reporter,False,True,,134451,134451,,88804,0,9455,4957,103216,29243,0,0,6527,35770,2% @ 55,http://www.sanmateocourt.org/,,08/06/2024,San Mateo,,True,
2023,Superior Court,San Mateo County Superior Court,Courtroom Clerks,Courtroom Clerk II,False,True,,79643,99195,,100905,0,0,2203,103108,32059,0,0,1377,33436,2% @ 55,http://www.sanmateocourt.org/,,08/06/2024,San Mateo,,True,
2023,Superior Court,San Mateo County Superior Court,Human Resources,Court Human Resources Analyst II,False,True,,105893,132038,,93778,0,6847,2463,103088,29369,0,0,17454,46823,2% @ 55,http://www.sanmateocourt.org/,,08/06/2024,San Mateo,,True,
2023,Superior Court,San Mateo County Superior Court,Administration,Executive Assistant To The Court Executive Office,False,True,,90875,113194,,99637,0,264,2282,102183,35047,0,0,26427,61474,2% @ 55,http://www.sanmateocourt.org/,,08/06/2024,San Mateo,,True,
2023,Superior Court,San Mateo County Superior Court,Courtroom Clerks,Court Services Supervisor - Exempt,False,True,,89107,111010,,99111,34,0,2200,101345,32556,0,0,15280,47836,2% @ 55,http://www.sanmateocourt.org/,,08/06/2024,San Mateo,,True,
2023,Superior Court,San Mateo County Superior Court,Courtroom Clerks,Courtroom Clerk II,False,True,,79643,99195,,97627,32,0,2439,100098,32149,0,0,10145,42294,2% @ 55,http://www.sanmateocourt.org/,,08/06/2024,San Mateo,,True,
2023,Superior Court,San Mateo County Superior Court,Courtroom Clerks,Courtroom Clerk II,False,True,,79643,99195,,98111,39,0,1942,100092,32059,0,0,1377,33436,2% @ 55,http://www.sanmateocourt.org/,,08/06/2024,San Mateo,,True,
2023,Superior Court,San Mateo County Superior Court,Master Calendar,Court Interpreter Coordinator,False,True,,80330,100069,,97186,0,0,1995,99181,32055,0,0,26145,58200,2% @ 55,http://www.sanmateocourt.org/,,08/06/2024,San Mateo,,True,
2023,Superior Court,San Mateo County Superior Court,Courtroom Clerks,Courtroom Clerk II,False,True,,79643,99195,,96730,0,0,1921,98651,32336,0,0,15280,47616,2% @ 55,http://www.sanmateocourt.org/,,08/06/2024,San Mateo,,True,
2023,Superior Court,San Mateo County Superior Court,Courtroom Clerks,Courtroom Clerk II,False,True,,79643,99195,,96028,0,0,2413,98441,31903,0,0,29183,61086,2% @ 55,http://www.sanmateocourt.org/,,08/06/2024,San Mateo,,True,
2023,Superior Court,San Mateo County Superior Court,Courtroom Clerks,Courtroom Clerk II,False,True,,79643,99195,,95857,0,0,2467,98324,29296,0,0,15280,44576,2% @ 55,http://www.sanmateocourt.org/,,08/06/2024,San Mateo,,True,
2023,Superior Court,San Mateo County Superior Court,Courtroom Clerks,Courtroom Clerk II,False,True,,79643,99195,,95336,0,0,2658,97994,33602,0,0,10145,43747,2% @ 55,http://www.sanmateocourt.org/,,08/06/2024,San Mateo,,True,
2023,Superior Court,San Mateo County Superior Court,Courtroom Clerks,Courtroom Clerk II,False,True,,79643,99195,,94457,124,0,2779,97360,25621,0,0,22916,48537,2% @ 55,http://www.sanmateocourt.org/,,08/06/2024,San Mateo,,True,
2023,Superior Court,San Mateo County Superior Court,Interpreter Pro Tempore,Court Interpreter,False,True,,83450,101442,,96846,0,0,496,97342,29540,0,0,10145,39685,2% @ 55,http://www.sanmateocourt.org/,,08/06/2024,San Mateo,,True,
2023,Superior Court,San Mateo County Superior Court,Interpreter Pro Tempore,Court Interpreter,False,True,,83450,101442,,96619,0,0,495,97114,29540,0,0,12147,41687,2% @ 55,http://www.sanmateocourt.org/,,08/06/2024,San Mateo,,True,
2023,Superior Court,San Mateo County Superior Court,Courtroom Clerks,Courtroom Clerk II,False,True,,79643,99195,,93979,680,0,2418,97077,29296,0,0,10145,39441,2% @ 55,http://www.sanmateocourt.org/,,08/06/2024,San Mateo,,True,
2023,Superior Court,San Mateo County Superior Court,Interpreter Pro Tempore,Court Interpreter,False,True,,83450,101442,,96296,0,0,493,96789,30953,0,0,15280,46233,2% @ 55,http://www.sanmateocourt.org/,,08/06/2024,San Mateo,,True,
2023,Superior Court,San Mateo County Superior Court,Courtroom Clerks,Courtroom Clerk II,False,True,,79643,99195,,94777,0,0,1957,96734,31140,0,0,26145,57285,2% @ 55,http://www.sanmateocourt.org/,,08/06/2024,San Mateo,,True,
2023,Superior Court,San Mateo County Superior Court,Family Law Facilitator,Assistant Court Supervisor,False,True,,76648,95514,,92452,0,0,4252,96704,30731,0,0,18888,49619,2% @ 55,http://www.sanmateocourt.org/,,08/06/2024,San Mateo,,True,
2023,Superior Court,San Mateo County Superior Court,Interpreter Pro Tempore,Court Interpreter,False,True,,83450,101442,,95453,0,0,489,95942,30953,0,0,18888,49841,2% @ 55,http://www.sanmateocourt.org/,,08/06/2024,San Mateo,,True,
2023,Superior Court,San Mateo County Superior Court,Interpreter Pro Tempore,Court Interpreter,False,True,,83450,101442,,95175,0,0,487,95662,33288,0,0,29183,62471,2% @ 55,http://www.sanmateocourt.org/,,08/06/2024,San Mateo,,True,
2023,Superior Court,San Mateo County Superior Court,Courtroom Clerks,Courtroom Clerk II,False,True,,79643,99195,,93187,0,0,2472,95659,30305,0,0,12147,42452,2% @ 55,http://www.sanmateocourt.org/,,08/06/2024,San Mateo,,True,
2023,Superior Court,San Mateo County Superior Court,Courtroom Clerks,Courtroom Clerk II,False,True,,79643,99195,,93763,0,0,1874,95637,32149,0,0,40722,72871,2% @ 55,http://www.sanmateocourt.org/,,08/06/2024,San Mateo,,True,
2023,Superior Court,San Mateo County Superior Court,Interpreter Pro Tempore,Court Interpreter,False,True,,83450,101442,,95162,0,0,0,95162,30953,0,0,29183,60136,2% @ 55,http://www.sanmateocourt.org/,,08/06/2024,San Mateo,,True,
2023,Superior Court,San Mateo County Superior Court,Courtroom Clerks,Courtroom Clerk II,False,True,,79643,99195,,92738,0,0,2387,95125,31227,0,0,40722,71949,2% @ 55,http://www.sanmateocourt.org/,,08/06/2024,San Mateo,,True,
2023,Superior Court,San Mateo County Superior Court,Courtroom Clerks,Courtroom Clerk II,False,True,,79643,99195,,92618,22,0,2114,94754,31343,0,0,26145,57488,2% @ 55,http://www.sanmateocourt.org/,,08/06/2024,San Mateo,,True,
2023,Superior Court,San Mateo County Superior Court,Civil,Court Services Supervisor - Exempt,False,True,,89107,111010,,92393,0,4,2350,94747,31595,0,0,26145,57740,2% @ 55,http://www.sanmateocourt.org/,,08/06/2024,San Mateo,,True,
2023,Superior Court,San Mateo County Superior Court,Courtroom Clerks,Courtroom Clerk II,False,True,,79643,99195,,92558,23,36,1965,94582,28415,0,0,18888,47303,2% @ 55,http://www.sanmateocourt.org/,,08/06/2024,San Mateo,,True,
2023,Superior Court,San Mateo County Superior Court,Criminal,Court Services Supervisor - Exempt,False,True,,89107,111010,,88931,2979,0,2474,94384,27041,0,0,10145,37186,2% @ 55,http://www.sanmateocourt.org/,,08/06/2024,San Mateo,,True,
2023,Superior Court,San Mateo County Superior Court,Courtroom Clerks,Courtroom Clerk II,False,True,,79643,99195,,91545,126,0,1975,93646,27940,0,0,14565,42505,2% @ 55,http://www.sanmateocourt.org/,,08/06/2024,San Mateo,,True,
2023,Superior Court,San Mateo County Superior Court,Probate Investigators,Court Investigator,False,True,,89170,111093,,91829,0,0,1749,93578,28202,0,0,662,28864,2% @ 55,http://www.sanmateocourt.org/,,08/06/2024,San Mateo,,True,
2023,Superior Court,San Mateo County Superior Court,Courtroom Clerks,Courtroom Clerk II,False,True,,79643,99195,,91305,0,0,2180,93485,31765,0,0,18888,50653,2% @ 55,http://www.sanmateocourt.org/,,08/06/2024,San Mateo,,True,
2023,Superior Court,San Mateo County Superior Court,ADR/Mediation,ADR Program Specialist II - Unclassified,False,True,,75754,94432,,89180,0,0,4094,93274,30715,0,0,26145,56860,2% @ 55,http://www.sanmateocourt.org/,,08/06/2024,San Mateo,,True,
2023,Superior Court,San Mateo County Superior Court,Courtroom Clerks,Courtroom Clerk II,False,True,,79643,99195,,90605,22,0,2603,93230,30826,0,0,40722,71548,2% @ 55,http://www.sanmateocourt.org/,,08/06/2024,San Mateo,,True,
2023,Superior Court,San Mateo County Superior Court,Interpreter Pro Tempore,Court Interpreter,False,True,,83450,101442,,91182,0,0,479,91661,30199,0,0,29183,59382,2% @ 55,http://www.sanmateocourt.org/,,08/06/2024,San Mateo,,True,
2023,Superior Court,San Mateo County Superior Court,Administration,Court Administrative Assistant,False,True,,71323,88920,,89530,0,0,1977,91507,28792,0,0,10145,38937,2% @ 55,http://www.sanmateocourt.org/,,08/06/2024,San Mateo,,True,
2023,Superior Court,San Mateo County Superior Court,Interpreter Pro Tempore,Court Interpreter,False,True,,83450,101442,,90866,0,0,479,91345,30063,0,0,40722,70785,2% @ 55,http://www.sanmateocourt.org/,,08/06/2024,San Mateo,,True,
2023,Superior Court,San Mateo County Superior Court,Courtroom Clerks,Courtroom Clerk II,False,True,,79643,99195,,88076,0,0,2756,90832,27375,0,0,18888,46263,2% @ 55,http://www.sanmateocourt.org/,,08/06/2024,San Mateo,,True,
2023,Superior Court,San Mateo County Superior Court,Family Law Facilitator,Paralegal - Courts,False,True,,74610,92976,,88188,0,0,2421,90609,27457,0,0,26145,53602,2% @ 55,http://www.sanmateocourt.org/,,08/06/2024,San Mateo,,True,
2023,Superior Court,San Mateo County Superior Court,Civil,Assistant Court Supervisor,False,True,,76648,95514,,85484,1556,0,1972,89012,27317,0,0,15280,42597,2% @ 55,http://www.sanmateocourt.org/,,08/06/2024,San Mateo,,True,
2023,Superior Court,San Mateo County Superior Court,Courtroom Clerks,Courtroom Clerk II,False,True,,79643,99195,,86779,31,0,1980,88790,26377,0,0,10145,36522,2% @ 55,http://www.sanmateocourt.org/,,08/06/2024,San Mateo,,True,
2023,Superior Court,San Mateo County Superior Court,Courtroom Clerks,Courtroom Clerk II,False,True,,79643,99195,,85436,0,0,2405,87841,26780,0,0,17195,43975,2% @ 55,http://www.sanmateocourt.org/,,08/06/2024,San Mateo,,True,
2023,Superior Court,San Mateo County Superior Court,Family Law,Deputy Court Clerk Specialist,False,True,,69701,86819,,83620,20,1642,2364,87646,28571,0,0,26145,54716,2% @ 55,http://www.sanmateocourt.org/,,08/06/2024,San Mateo,,True,
2023,Superior Court,San Mateo County Superior Court,Court Reporters,Court Reporter,False,True,,134451,134451,,71535,0,0,15798,87333,19054,0,0,17163,36217,2% @ 55,http://www.sanmateocourt.org/,,08/06/2024,San Mateo,,True,
2023,Superior Court,San Mateo County Superior Court,Courtroom Clerks,Courtroom Clerk II,False,True,,79643,99195,,85220,35,0,1983,87238,26452,0,0,9430,35882,2% @ 55,http://www.sanmateocourt.org/,,08/06/2024,San Mateo,,True,
2023,Superior Court,San Mateo County Superior Court,Courtroom Clerks,Courtroom Clerk II,False,True,,79643,99195,,83592,0,0,2385,85977,31985,0,0,15280,47265,2% @ 55,http://www.sanmateocourt.org/,,08/06/2024,San Mateo,,True,
2023,Superior Court,San Mateo County Superior Court,Courtroom Clerks,Courtroom Clerk II,False,True,,79643,99195,,82275,786,0,2404,85465,25776,0,0,31855,57631,2% @ 55,http://www.sanmateocourt.org/,,08/06/2024,San Mateo,,True,
2023,Superior Court,San Mateo County Superior Court,Courtroom Clerks,Courtroom Clerk II,False,True,,79643,99195,,82678,38,0,2476,85192,25101,0,0,9430,34531,2% @ 55,http://www.sanmateocourt.org/,,08/06/2024,San Mateo,,True,
2023,Superior Court,San Mateo County Superior Court,Courtroom Clerks,Courtroom Clerk II,False,True,,79643,99195,,82587,116,0,2435,85138,25585,0,0,18888,44473,2% @ 55,http://www.sanmateocourt.org/,,08/06/2024,San Mateo,,True,
2023,Superior Court,San Mateo County Superior Court,Criminal,Assistant Court Supervisor,False,True,,76648,95514,,82215,0,0,2419,84634,25683,0,0,29183,54866,2% @ 55,http://www.sanmateocourt.org/,,08/06/2024,San Mateo,,True,
2023,Superior Court,San Mateo County Superior Court,Courtroom Clerks,Courtroom Clerk II,False,True,,79643,99195,,82105,4,0,2475,84584,24934,0,0,10145,35079,2% @ 55,http://www.sanmateocourt.org/,,08/06/2024,San Mateo,,True,
2023,Superior Court,San Mateo County Superior Court,Courtroom Clerks,Courtroom Clerk II,False,True,,79643,99195,,80426,969,0,2854,84249,24390,0,0,9430,33820,2% @ 55,http://www.sanmateocourt.org/,,08/06/2024,San Mateo,,True,
2023,Superior Court,San Mateo County Superior Court,Probate Investigators,Court Investigator,False,True,,89170,111093,,82170,0,0,1565,83735,25300,0,0,24318,49618,2% @ 55,http://www.sanmateocourt.org/,,08/06/2024,San Mateo,,True,
2023,Superior Court,San Mateo County Superior Court,Human Resources,Court Human Resources Technician - Confidential,False,True,,69285,86403,,80502,0,0,2431,82933,26648,0,0,26427,53075,2% @ 55,http://www.sanmateocourt.org/,,08/06/2024,San Mateo,,True,
2023,Superior Court,San Mateo County Superior Court,Probate,Assistant Court Supervisor,False,True,,76648,95514,,80394,0,0,2513,82907,25683,0,0,26145,51828,2% @ 55,http://www.sanmateocourt.org/,,08/06/2024,San Mateo,,True,
2023,Superior Court,San Mateo County Superior Court,Traffic,Assistant Court Supervisor,False,True,,76648,95514,,78847,1530,0,2399,82776,24729,0,0,17195,41924,2% @ 55,http://www.sanmateocourt.org/,,08/06/2024,San Mateo,,True,
2023,Superior Court,San Mateo County Superior Court,Courtroom Clerks,Courtroom Clerk II,False,True,,79643,99195,,79731,29,0,2475,82235,24247,0,0,10145,34392,2% @ 55,http://www.sanmateocourt.org/,,08/06/2024,San Mateo,,True,
2023,Superior Court,San Mateo County Superior Court,Jury,Assistant Court Supervisor,False,True,,76648,95514,,74928,3122,0,2453,80503,22965,0,0,18888,41853,2% @ 55,http://www.sanmateocourt.org/,,08/06/2024,San Mateo,,True,
2023,Superior Court,San Mateo County Superior Court,Courtroom Clerks,Courtroom Clerk II,False,True,,79643,99195,,78238,58,0,1999,80295,23575,0,0,662,24237,2% @ 55,http://www.sanmateocourt.org/,,08/06/2024,San Mateo,,True,
2023,Superior Court,San Mateo County Superior Court,Family Law,Deputy Court Clerk II - Courts,False,True,,59509,74131,,77198,29,0,2849,80076,20636,0,0,40007,60643,2% @ 55,http://www.sanmateocourt.org/,,08/06/2024,San Mateo,,True,
2023,Superior Court,San Mateo County Superior Court,Fiscal Services,Fiscal Office Specialist - Courts,False,True,,61256,76336,,74785,1267,1469,2428,79949,25261,0,0,24924,50185,2% @ 55,http://www.sanmateocourt.org/,,08/06/2024,San Mateo,,True,
2023,Superior Court,San Mateo County Superior Court,Courtroom Clerks,Courtroom Clerk II,False,True,,79643,99195,,77345,24,0,2497,79866,23248,0,0,10099,33347,2% @ 55,http://www.sanmateocourt.org/,,08/06/2024,San Mateo,,True,
2023,Superior Court,San Mateo County Superior Court,Civil,Legal Exhibits Technician,False,True,,62733,78104,,76337,320,0,1947,78604,25327,0,0,26145,51472,2% @ 55,http://www.sanmateocourt.org/,,08/06/2024,San Mateo,,True,
2023,Superior Court,San Mateo County Superior Court,ADR/Mediation,ADR Program Analyst III,False,True,,89170,111155,,76751,0,0,1816,78567,32824,0,0,1377,34201,2% @ 55,http://www.sanmateocourt.org/,,08/06/2024,San Mateo,,True,
2023,Superior Court,San Mateo County Superior Court,Fiscal Services,Fiscal Office Specialist - Courts,False,True,,61256,76336,,72754,1768,1429,2391,78342,24961,0,0,26145,51106,2% @ 55,http://www.sanmateocourt.org/,,08/06/2024,San Mateo,,True,
2023,Superior Court,San Mateo County Superior Court,Criminal,Deputy Court Clerk II - Courts,False,True,,59509,74131,,74009,255,0,3868,78132,24732,0,0,15280,40012,2% @ 55,http://www.sanmateocourt.org/,,08/06/2024,San Mateo,,True,
2023,Superior Court,San Mateo County Superior Court,Fiscal Services,Fiscal Office Specialist - Courts,False,True,,61256,76336,,74162,0,1456,2437,78055,24961,0,0,18888,43849,2% @ 55,http://www.sanmateocourt.org/,,08/06/2024,San Mateo,,True,
2023,Superior Court,San Mateo County Superior Court,Fiscal Services,Fiscal Office Specialist - Courts,False,True,,61256,76336,,75411,0,0,2437,77848,24954,0,0,18888,43842,2% @ 55,http://www.sanmateocourt.org/,,08/06/2024,San Mateo,,True,
2023,Superior Court,San Mateo County Superior Court,Courtroom Clerks,Courtroom Clerk II,False,True,,79643,99195,,74893,90,0,2457,77440,24934,0,0,17503,42437,2% @ 55,http://www.sanmateocourt.org/,,08/06/2024,San Mateo,,True,
2023,Superior Court,San Mateo County Superior Court,Traffic,Deputy Court Clerk II - Courts,False,True,,59509,74131,,73792,0,0,3385,77177,24612,0,0,1377,25989,2% @ 55,http://www.sanmateocourt.org/,,08/06/2024,San Mateo,,True,
2023,Superior Court,San Mateo County Superior Court,Civil,Deputy Court Clerk II - Courts,False,True,,59509,74131,,73195,0,1437,2477,77109,24255,0,0,8965,33220,2% @ 55,http://www.sanmateocourt.org/,,08/06/2024,San Mateo,,True,
2023,Superior Court,San Mateo County Superior Court,Courtroom Clerks,Courtroom Clerk II,False,True,,79643,99195,,74607,36,0,2462,77105,23741,0,0,14565,38306,2% @ 55,http://www.sanmateocourt.org/,,08/06/2024,San Mateo,,True,
2023,Superior Court,San Mateo County Superior Court,Civil,Deputy Court Clerk II - Courts,False,True,,59509,74131,,74559,0,0,2405,76964,23416,0,0,26145,49561,2% @ 55,http://www.sanmateocourt.org/,,08/06/2024,San Mateo,,True,
2023,Superior Court,San Mateo County Superior Court,Traffic,Deputy Court Clerk II - Courts,False,True,,59509,74131,,73149,208,0,3355,76712,24612,0,0,20835,45447,2% @ 55,http://www.sanmateocourt.org/,,08/06/2024,San Mateo,,True,
2023,Superior Court,San Mateo County Superior Court,Criminal,Deputy Court Clerk II - Courts,False,True,,59509,74131,,73066,0,0,3470,76536,24350,0,0,10145,34495,2% @ 55,http://www.sanmateocourt.org/,,08/06/2024,San Mateo,,True,
2023,Superior Court,San Mateo County Superior Court,Criminal,Deputy Court Clerk II - Courts,False,True,,59509,74131,,72854,0,0,3603,76457,24405,0,0,10145,34550,2% @ 55,http://www.sanmateocourt.org/,,08/06/2024,San Mateo,,True,
2023,Superior Court,San Mateo County Superior Court,Criminal,Deputy Court Clerk II - Courts,False,True,,59509,74131,,72003,320,0,3839,76162,24328,0,0,15280,39608,2% @ 55,http://www.sanmateocourt.org/,,08/06/2024,San Mateo,,True,
2023,Superior Court,San Mateo County Superior Court,Juvenile Delinquency,Deputy Court Clerk II - Courts,False,True,,59509,74131,,72655,18,1427,1925,76025,24473,0,0,15280,39753,2% @ 55,http://www.sanmateocourt.org/,,08/06/2024,San Mateo,,True,
2023,Superior Court,San Mateo County Superior Court,Criminal,Deputy Court Clerk II - Courts,False,True,,59509,74131,,71982,0,0,3887,75869,23930,0,0,10145,34075,2% @ 55,http://www.sanmateocourt.org/,,08/06/2024,San Mateo,,True,
2023,Superior Court,San Mateo County Superior Court,Fiscal Services,Fiscal Office Specialist - Courts,False,True,,61256,76336,,72251,0,1419,1933,75603,24540,0,0,15280,39820,2% @ 55,http://www.sanmateocourt.org/,,08/06/2024,San Mateo,,True,
2023,Superior Court,San Mateo County Superior Court,Probate Investigators,Court Investigator,False,True,,89170,111093,,75592,0,0,0,75592,21433,0,0,442,21875,2% @ 55,http://www.sanmateocourt.org/,,08/06/2024,San Mateo,,True,
2023,Superior Court,San Mateo County Superior Court,Fiscal Services,Fiscal Office Specialist - Courts,False,True,,61256,76336,,73055,0,0,2443,75498,22544,0,0,15280,37824,2% @ 55,http://www.sanmateocourt.org/,,08/06/2024,San Mateo,,True,
2023,Superior Court,San Mateo County Superior Court,Fiscal Services,Fiscal Office Specialist - Courts,False,True,,61256,76336,,73034,0,0,2400,75434,24566,0,0,26145,50711,2% @ 55,http://www.sanmateocourt.org/,,08/06/2024,San Mateo,,True,
2023,Superior Court,San Mateo County Superior Court,Civil,Deputy Court Clerk II - Courts,False,True,,59509,74131,,72115,749,0,2545,75409,24262,0,0,29183,53445,2% @ 55,http://www.sanmateocourt.org/,,08/06/2024,San Mateo,,True,
2023,Superior Court,San Mateo County Superior Court,Juvenile Delinquency,Deputy Court Clerk II - Courts,False,True,,59509,74131,,71898,0,1412,1923,75233,24547,0,0,15280,39827,2% @ 55,http://www.sanmateocourt.org/,,08/06/2024,San Mateo,,True,
2023,Superior Court,San Mateo County Superior Court,Criminal,Deputy Court Clerk II - Courts,False,True,,59509,74131,,71795,915,0,2472,75182,21893,0,0,10145,32038,2% @ 55,http://www.sanmateocourt.org/,,08/06/2024,San Mateo,,True,
2023,Superior Court,San Mateo County Superior Court,Court Reporters,Court Reporter,False,True,,134451,134451,,58909,0,0,15895,74804,17071,0,0,6539,23610,2% @ 55,http://www.sanmateocourt.org/,,08/06/2024,San Mateo,,True,
2023,Superior Court,San Mateo County Superior Court,Criminal,Deputy Court Clerk II - Courts,False,True,,59509,74131,,71779,0,0,1977,73756,21893,0,0,10145,32038,2% @ 55,http://www.sanmateocourt.org/,,08/06/2024,San Mateo,,True,
2023,Superior Court,San Mateo County Superior Court,Criminal,Deputy Court Clerk II - Courts,False,True,,59509,74131,,71021,0,0,2647,73668,22002,0,0,10145,32147,2% @ 55,http://www.sanmateocourt.org/,,08/06/2024,San Mateo,,True,
2023,Superior Court,San Mateo County Superior Court,Family Law,Deputy Court Clerk II - Courts,False,True,,59509,74131,,69283,0,0,4039,73322,20801,0,0,26145,46946,2% @ 55,http://www.sanmateocourt.org/,,08/06/2024,San Mateo,,True,
2023,Superior Court,San Mateo County Superior Court,Criminal,Assistant Court Supervisor,False,True,,76648,95514,,70544,164,0,1971,72679,21995,0,0,9430,31425,2% @ 55,http://www.sanmateocourt.org/,,08/06/2024,San Mateo,,True,
2023,Superior Court,San Mateo County Superior Court,Civil,Deputy Court Clerk II - Courts,False,True,,59509,74131,,70665,0,0,1966,72631,21621,0,0,15280,36901,2% @ 55,http://www.sanmateocourt.org/,,08/06/2024,San Mateo,,True,
2023,Superior Court,San Mateo County Superior Court,Business And Facilities,Court Custodian,False,True,,52312,65125,,63536,2495,0,6212,72243,22356,0,0,18888,41244,2% @ 55,http://www.sanmateocourt.org/,,08/06/2024,San Mateo,,True,
2023,Superior Court,San Mateo County Superior Court,Fiscal Services,Fiscal Office Specialist - Courts,False,True,,61256,76336,,70046,0,0,1990,72036,21250,0,0,1377,22627,2% @ 55,http://www.sanmateocourt.org/,,08/06/2024,San Mateo,,True,
2023,Superior Court,San Mateo County Superior Court,Criminal,Deputy Court Clerk II - Courts,False,True,,59509,74131,,69070,0,0,2641,71711,21557,0,0,18173,39730,2% @ 55,http://www.sanmateocourt.org/,,08/06/2024,San Mateo,,True,
2023,Superior Court,San Mateo County Superior Court,Juvenile Delinquency,Deputy Court Clerk II - Courts,False,True,,59509,74131,,69841,0,0,1868,71709,24158,0,0,29183,53341,2% @ 55,http://www.sanmateocourt.org/,,08/06/2024,San Mateo,,True,
2023,Superior Court,San Mateo County Superior Court,Judge's Retire System Member,"Judge, Superior Court",True,True,,228979,238479,,71745,0,0,-46,71699,0,0,0,3101,3101,Judicial Retirement System,http://www.sanmateocourt.org/,,08/06/2024,San Mateo,,True,
2023,Superior Court,San Mateo County Superior Court,Family Law,Deputy Court Clerk II - Courts,False,True,,59509,74131,,67495,0,0,4017,71512,20963,0,0,662,21625,2% @ 55,http://www.sanmateocourt.org/,,08/06/2024,San Mateo,,True,
2023,Superior Court,San Mateo County Superior Court,Courtroom Clerks,Deputy Court Clerk II - Courts,False,True,,59509,74131,,68923,0,0,2571,71494,21278,0,0,18888,40166,2% @ 55,http://www.sanmateocourt.org/,,08/06/2024,San Mateo,,True,
2023,Superior Court,San Mateo County Superior Court,Civil,Deputy Court Clerk II - Courts,False,True,,59509,74131,,69577,0,0,1902,71479,24170,0,0,29183,53353,2% @ 55,http://www.sanmateocourt.org/,,08/06/2024,San Mateo,,True,
2023,Superior Court,San Mateo County Superior Court,Criminal,Deputy Court Clerk II - Courts,False,True,,59509,74131,,68708,0,0,2501,71209,20944,0,0,10145,31089,2% @ 55,http://www.sanmateocourt.org/,,08/06/2024,San Mateo,,True,
2023,Superior Court,San Mateo County Superior Court,Civil,Deputy Court Clerk II - Courts,False,True,,59509,74131,,67719,9,0,2876,70604,22979,0,0,26145,49124,2% @ 55,http://www.sanmateocourt.org/,,08/06/2024,San Mateo,,True,
2023,Superior Court,San Mateo County Superior Court,Court Reporters,Court Reporter,False,True,,134451,134451,,70512,0,0,0,70512,0,0,0,0,0,N/A,http://www.sanmateocourt.org/,,08/06/2024,San Mateo,,True,
2023,Superior Court,San Mateo County Superior Court,Family Law Facilitator,Deputy Court Clerk II - Courts,False,True,,59509,74131,,66655,0,0,3747,70402,20812,0,0,10145,30957,2% @ 55,http://www.sanmateocourt.org/,,08/06/2024,San Mateo,,True,
2023,Superior Court,San Mateo County Superior Court,Business And Facilities,Deputy Court Clerk II - Courts,False,True,,59509,74131,,68134,141,0,1993,70268,20499,0,0,1263,21762,2% @ 55,http://www.sanmateocourt.org/,,08/06/2024,San Mateo,,True,
2023,Superior Court,San Mateo County Superior Court,Criminal,Deputy Court Clerk II - Courts,False,True,,59509,74131,,66191,0,0,4037,70228,23372,0,0,40722,64094,2% @ 55,http://www.sanmateocourt.org/,,08/06/2024,San Mateo,,True,
2023,Superior Court,San Mateo County Superior Court,Family Law,Deputy Court Clerk II - Courts,False,True,,59509,74131,,66210,54,0,3865,70129,20730,0,0,14565,35295,2% @ 55,http://www.sanmateocourt.org/,,08/06/2024,San Mateo,,True,
2023,Superior Court,San Mateo County Superior Court,Courtroom Clerks,Courtroom Clerk I,False,True,,71032,88525,,66925,36,0,2695,69656,20325,0,0,1377,21702,2% @ 55,http://www.sanmateocourt.org/,,08/06/2024,San Mateo,,True,
2023,Superior Court,San Mateo County Superior Court,Courtroom Clerks,Courtroom Clerk II,False,True,,79643,99195,,66860,0,0,2478,69338,20737,0,0,13876,34613,2% @ 55,http://www.sanmateocourt.org/,,08/06/2024,San Mateo,,True,
2023,Superior Court,San Mateo County Superior Court,Criminal,Deputy Court Clerk II - Courts,False,True,,59509,74131,,67315,0,0,1962,69277,20929,0,0,26145,47074,2% @ 55,http://www.sanmateocourt.org/,,08/06/2024,San Mateo,,True,
2023,Superior Court,San Mateo County Superior Court,Criminal,Deputy Court Clerk II - Courts,False,True,,59509,74131,,66732,0,0,1807,68539,23871,0,0,24369,48240,2% @ 55,http://www.sanmateocourt.org/,,08/06/2024,San Mateo,,True,
2023,Superior Court,San Mateo County Superior Court,Civil,Deputy Court Clerk II - Courts,False,True,,59509,74131,,65925,0,0,2602,68527,20585,0,0,18888,39473,2% @ 55,http://www.sanmateocourt.org/,,08/06/2024,San Mateo,,True,
2023,Superior Court,San Mateo County Superior Court,Civil,Deputy Court Clerk II - Courts,False,True,,59509,74131,,65928,0,0,2363,68291,21021,0,0,18888,39909,2% @ 55,http://www.sanmateocourt.org/,,08/06/2024,San Mateo,,True,
2023,Superior Court,San Mateo County Superior Court,Courtroom Clerks,Courtroom Clerk I,False,True,,71032,88525,,65577,66,0,2638,68281,19885,0,0,8268,28153,2% @ 55,http://www.sanmateocourt.org/,,08/06/2024,San Mateo,,True,
2023,Superior Court,San Mateo County Superior Court,Business And Facilities,Court Custodian,False,True,,52312,65125,,62237,0,0,5610,67847,20772,0,0,18888,39660,2% @ 55,http://www.sanmateocourt.org/,,08/06/2024,San Mateo,,True,
2023,Superior Court,San Mateo County Superior Court,Courtroom Clerks,Courtroom Clerk I,False,True,,71032,88525,,64962,0,0,2685,67647,19896,0,0,9430,29326,2% @ 55,http://www.sanmateocourt.org/,,08/06/2024,San Mateo,,True,
2023,Superior Court,San Mateo County Superior Court,Family Court Services,Child Custody Recommending Counselor,False,True,,97718,121784,,67155,0,11,0,67166,22834,0,0,6645,29479,2% @ 55,http://www.sanmateocourt.org/,,08/06/2024,San Mateo,,True,
2023,Superior Court,San Mateo County Superior Court,Probate Investigators,Deputy Court Clerk II - Courts,False,True,,59509,74131,,64596,0,0,1997,66593,19490,0,0,662,20152,2% @ 55,http://www.sanmateocourt.org/,,08/06/2024,San Mateo,,True,
2023,Superior Court,San Mateo County Superior Court,Civil,Assistant Court Supervisor,False,True,,76648,95514,,63637,0,0,2524,66161,19174,0,0,662,19836,2% @ 55,http://www.sanmateocourt.org/,,08/06/2024,San Mateo,,True,
2023,Superior Court,San Mateo County Superior Court,Courtroom Clerks,Courtroom Clerk I,False,True,,71032,88525,,63806,271,0,1996,66073,19093,0,0,1377,20470,2% @ 55,http://www.sanmateocourt.org/,,08/06/2024,San Mateo,,True,
2023,Superior Court,San Mateo County Superior Court,Criminal,Deputy Court Clerk II - Courts,False,True,,59509,74131,,63482,0,9,2283,65774,21547,0,0,12873,34420,2% @ 55,http://www.sanmateocourt.org/,,08/06/2024,San Mateo,,True,
2023,Superior Court,San Mateo County Superior Court,Fiscal Services,Fiscal Office Specialist - Courts,False,True,,61256,76336,,63568,0,0,2159,65727,22249,0,0,34230,56479,2% @ 55,http://www.sanmateocourt.org/,,08/06/2024,San Mateo,,True,
2023,Superior Court,San Mateo County Superior Court,Fiscal Services,Court Management Analyst I,False,True,,91562,114046,,63285,0,0,1989,65274,17471,0,0,15670,33141,2% @ 55,http://www.sanmateocourt.org/,,08/06/2024,San Mateo,,True,
2023,Superior Court,San Mateo County Superior Court,Traffic,Deputy Court Clerk II - Courts,False,True,,59509,74131,,61717,86,0,3452,65255,19043,0,0,1377,20420,2% @ 55,http://www.sanmateocourt.org/,,08/06/2024,San Mateo,,True,
2023,Superior Court,San Mateo County Superior Court,Criminal,Deputy Court Clerk II - Courts,False,True,,59509,74131,,61792,37,1248,1998,65075,18601,0,0,662,19263,2% @ 55,http://www.sanmateocourt.org/,,08/06/2024,San Mateo,,True,
2023,Superior Court,San Mateo County Superior Court,Probate,Deputy Court Clerk II - Courts,False,True,,59509,74131,,62687,9,0,1764,64460,21606,0,0,34230,55836,2% @ 55,http://www.sanmateocourt.org/,,08/06/2024,San Mateo,,True,
2023,Superior Court,San Mateo County Superior Court,Civil,Deputy Court Clerk II - Courts,False,True,,59509,74131,,61503,610,0,2131,64244,18586,0,0,1377,19963,2% @ 55,http://www.sanmateocourt.org/,,08/06/2024,San Mateo,,True,
2023,Superior Court,San Mateo County Superior Court,Traffic,Deputy Court Clerk II - Courts,False,True,,59509,74131,,60610,313,0,3217,64140,19320,0,0,15280,34600,2% @ 55,http://www.sanmateocourt.org/,,08/06/2024,San Mateo,,True,
2023,Superior Court,San Mateo County Superior Court,Criminal,Deputy Court Clerk II - Courts,False,True,,59509,74131,,61115,490,0,2471,64076,18601,0,0,9430,28031,2% @ 55,http://www.sanmateocourt.org/,,08/06/2024,San Mateo,,True,
2023,Superior Court,San Mateo County Superior Court,Criminal,Deputy Court Clerk II - Courts,False,True,,59509,74131,,61927,14,0,1996,63937,18655,0,0,1377,20032,2% @ 55,http://www.sanmateocourt.org/,,08/06/2024,San Mateo,,True,
2023,Superior Court,San Mateo County Superior Court,Civil,Deputy Court Clerk II - Courts,False,True,,59509,74131,,61578,0,0,2344,63922,18657,0,0,662,19319,2% @ 55,http://www.sanmateocourt.org/,,08/06/2024,San Mateo,,True,
2023,Superior Court,San Mateo County Superior Court,Family Law,Deputy Court Clerk II - Courts,False,True,,59509,74131,,61714,150,0,1996,63860,18601,0,0,1377,19978,2% @ 55,http://www.sanmateocourt.org/,,08/06/2024,San Mateo,,True,
2023,Superior Court,San Mateo County Superior Court,ADR/Mediation,Deputy Court Clerk II - Courts,False,True,,59509,74131,,60452,0,0,3256,63708,18797,0,0,14420,33217,2% @ 55,http://www.sanmateocourt.org/,,08/06/2024,San Mateo,,True,
2023,Superior Court,San Mateo County Superior Court,Civil,Deputy Court Clerk II - Courts,False,True,,59509,74131,,61006,185,0,2471,63662,18574,0,0,9430,28004,2% @ 55,http://www.sanmateocourt.org/,,08/06/2024,San Mateo,,True,
2023,Superior Court,San Mateo County Superior Court,Fiscal Services,Senior Accountant - Courts Exempt,False,True,,95950,119558,,61335,0,0,1820,63155,20457,0,0,42951,63408,2% @ 55,http://www.sanmateocourt.org/,,08/06/2024,San Mateo,,True,
2023,Superior Court,San Mateo County Superior Court,Courtroom Clerks,Deputy Court Clerk II - Courts,False,True,,59509,74131,,60521,388,0,2073,62982,18637,0,0,12158,30795,2% @ 55,http://www.sanmateocourt.org/,,08/06/2024,San Mateo,,True,
2023,Superior Court,San Mateo County Superior Court,ADR/Mediation,Deputy Court Clerk II - Courts,False,True,,59509,74131,,60464,0,0,2449,62913,18574,0,0,15280,33854,2% @ 55,http://www.sanmateocourt.org/,,08/06/2024,San Mateo,,True,
2023,Superior Court,San Mateo County Superior Court,Courtroom Clerks,Deputy Court Clerk II - Courts,False,True,,59509,74131,,60630,20,0,2255,62905,18360,0,0,662,19022,2% @ 55,http://www.sanmateocourt.org/,,08/06/2024,San Mateo,,True,
2023,Superior Court,San Mateo County Superior Court,Civil,Deputy Court Clerk II - Courts,False,True,,59509,74131,,60342,52,0,2454,62848,17975,0,0,18888,36863,2% @ 55,http://www.sanmateocourt.org/,,08/06/2024,San Mateo,,True,
2023,Superior Court,San Mateo County Superior Court,Courtroom Clerks,Deputy Court Clerk II - Courts,False,True,,59509,74131,,60753,0,0,2076,62829,18379,0,0,1377,19756,2% @ 55,http://www.sanmateocourt.org/,,08/06/2024,San Mateo,,True,
2023,Superior Court,San Mateo County Superior Court,Probate,Deputy Court Clerk II - Courts,False,True,,59509,74131,,58804,0,0,3840,62644,18554,0,0,18173,36727,2% @ 55,http://www.sanmateocourt.org/,,08/06/2024,San Mateo,,True,
2023,Superior Court,San Mateo County Superior Court,Probate,Deputy Court Clerk II - Courts,False,True,,59509,74131,,59683,0,0,2819,62502,18211,0,0,1377,19588,2% @ 55,http://www.sanmateocourt.org/,,08/06/2024,San Mateo,,True,
2023,Superior Court,San Mateo County Superior Court,Probate,Deputy Court Clerk II - Courts,False,True,,59509,74131,,60475,0,0,1998,62473,18236,0,0,662,18898,2% @ 55,http://www.sanmateocourt.org/,,08/06/2024,San Mateo,,True,
2023,Superior Court,San Mateo County Superior Court,Probate,Deputy Court Clerk II - Courts,False,True,,59509,74131,,58763,315,0,3384,62462,18449,0,0,18888,37337,2% @ 55,http://www.sanmateocourt.org/,,08/06/2024,San Mateo,,True,
2023,Superior Court,San Mateo County Superior Court,Courtroom Clerks,Deputy Court Clerk II - Courts,False,True,,59509,74131,,59580,828,0,2040,62448,17936,0,0,662,18598,2% @ 55,http://www.sanmateocourt.org/,,08/06/2024,San Mateo,,True,
2023,Superior Court,San Mateo County Superior Court,Family Law,Deputy Court Clerk II - Courts,False,True,,59509,74131,,60041,396,0,1996,62433,18112,0,0,1377,19489,2% @ 55,http://www.sanmateocourt.org/,,08/06/2024,San Mateo,,True,
2023,Superior Court,San Mateo County Superior Court,Small Claims,Deputy Court Clerk II - Courts,False,True,,59509,74131,,59311,0,0,3028,62339,18821,0,0,26145,44966,2% @ 55,http://www.sanmateocourt.org/,,08/06/2024,San Mateo,,True,
2023,Superior Court,San Mateo County Superior Court,Criminal,Deputy Court Clerk II - Courts,False,True,,59509,74131,,60268,31,0,1973,62272,18212,0,0,10145,28357,2% @ 55,http://www.sanmateocourt.org/,,08/06/2024,San Mateo,,True,
2023,Superior Court,San Mateo County Superior Court,Fiscal Services,Senior Accountant - Courts Exempt,False,True,,95950,119558,,57334,0,2920,1999,62253,16428,0,0,386,16814,2% @ 55,http://www.sanmateocourt.org/,,08/06/2024,San Mateo,,True,
2023,Superior Court,San Mateo County Superior Court,Jury,Deputy Court Clerk II - Courts,False,True,,59509,74131,,59717,0,0,2374,62091,18356,0,0,10145,28501,2% @ 55,http://www.sanmateocourt.org/,,08/06/2024,San Mateo,,True,
2023,Superior Court,San Mateo County Superior Court,Traffic,Deputy Court Clerk II - Courts,False,True,,59509,74131,,58953,0,0,3089,62042,18284,0,0,10145,28429,2% @ 55,http://www.sanmateocourt.org/,,08/06/2024,San Mateo,,True,
2023,Superior Court,San Mateo County Superior Court,Civil,Deputy Court Clerk II - Courts,False,True,,59509,74131,,58554,351,0,2358,61263,18785,0,0,17195,35980,2% @ 55,http://www.sanmateocourt.org/,,08/06/2024,San Mateo,,True,
2023,Superior Court,San Mateo County Superior Court,Traffic,Deputy Court Clerk II - Courts,False,True,,59509,74131,,57692,0,0,3451,61143,21179,0,0,18888,40067,2% @ 55,http://www.sanmateocourt.org/,,08/06/2024,San Mateo,,True,
2023,Superior Court,San Mateo County Superior Court,Traffic,Deputy Court Clerk II - Courts,False,True,,59509,74131,,58780,0,0,1908,60688,18547,0,0,26145,44692,2% @ 55,http://www.sanmateocourt.org/,,08/06/2024,San Mateo,,True,
2023,Superior Court,San Mateo County Superior Court,Criminal,Assistant Court Supervisor,False,True,,76648,95514,,51118,342,7095,2055,60610,16934,0,0,6527,23461,2% @ 55,http://www.sanmateocourt.org/,,08/06/2024,San Mateo,,True,
2023,Superior Court,San Mateo County Superior Court,Criminal,Deputy Court Clerk II - Courts,False,True,,59509,74131,,58377,0,0,1903,60280,18952,0,0,29183,48135,2% @ 55,http://www.sanmateocourt.org/,,08/06/2024,San Mateo,,True,
2023,Superior Court,San Mateo County Superior Court,Criminal,Deputy Court Clerk II - Courts,False,True,,59509,74131,,42299,0,15816,1975,60090,16019,0,0,16084,32103,2% @ 55,http://www.sanmateocourt.org/,,08/06/2024,San Mateo,,True,
2023,Superior Court,San Mateo County Superior Court,Civil,Deputy Court Clerk II - Courts,False,True,,59509,74131,,55694,0,0,3769,59463,17638,0,0,9430,27068,2% @ 55,http://www.sanmateocourt.org/,,08/06/2024,San Mateo,,True,
2023,Superior Court,San Mateo County Superior Court,Jury,Deputy Court Clerk II - Courts,False,True,,59509,74131,,56762,0,0,2695,59457,18373,0,0,21111,39484,2% @ 55,http://www.sanmateocourt.org/,,08/06/2024,San Mateo,,True,
2023,Superior Court,San Mateo County Superior Court,Civil,Deputy Court Clerk II - Courts,False,True,,59509,74131,,56491,29,0,2825,59345,17903,0,0,26145,44048,2% @ 55,http://www.sanmateocourt.org/,,08/06/2024,San Mateo,,True,
2023,Superior Court,San Mateo County Superior Court,CCMS - HOJ,Senior Information Technology Technician - Courts,False,True,,86882,108264,,55166,0,835,2870,58871,18109,0,0,5570,23679,2% @ 55,http://www.sanmateocourt.org/,,08/06/2024,San Mateo,,True,
2023,Superior Court,San Mateo County Superior Court,Jury,Deputy Court Clerk II - Courts,False,True,,59509,74131,,56383,28,0,2444,58855,17235,0,0,9430,26665,2% @ 55,http://www.sanmateocourt.org/,,08/06/2024,San Mateo,,True,
2023,Superior Court,San Mateo County Superior Court,Business And Facilities,Court Custodian,False,True,,52312,65125,,57531,165,0,650,58346,17312,0,0,0,17312,2% @ 55,http://www.sanmateocourt.org/,,08/06/2024,San Mateo,,True,
2023,Superior Court,San Mateo County Superior Court,Court Reporters,Court Reporter,False,True,,134451,134451,,58294,0,0,0,58294,0,0,0,0,0,N/A,http://www.sanmateocourt.org/,,08/06/2024,San Mateo,,True,
2023,Superior Court,San Mateo County Superior Court,Criminal,Deputy Court Clerk II - Courts,False,True,,59509,74131,,55609,0,0,2495,58104,17039,0,0,10145,27184,2% @ 55,http://www.sanmateocourt.org/,,08/06/2024,San Mateo,,True,
2023,Superior Court,San Mateo County Superior Court,Business And Facilities,Court Custodian,False,True,,52312,65125,,52977,19,0,4996,57992,13460,0,0,9264,22724,2% @ 55,http://www.sanmateocourt.org/,,08/06/2024,San Mateo,,True,
2023,Superior Court,San Mateo County Superior Court,Business And Facilities,Court Custodian,False,True,,52312,65125,,57350,0,0,641,57991,19234,0,0,10145,29379,2% @ 55,http://www.sanmateocourt.org/,,08/06/2024,San Mateo,,True,
2023,Superior Court,San Mateo County Superior Court,Business And Facilities,Court Custodian,False,True,,52312,65125,,56544,0,0,1094,57638,17869,0,0,26145,44014,2% @ 55,http://www.sanmateocourt.org/,,08/06/2024,San Mateo,,True,
2023,Superior Court,San Mateo County Superior Court,Judge's Retire System Member,"Judge, Superior Court",True,True,,228979,238479,,57045,0,0,0,57045,0,0,0,267,267,Judicial Retirement System,http://www.sanmateocourt.org/,,08/06/2024,San Mateo,,True,
2023,Superior Court,San Mateo County Superior Court,Fiscal Services,Procurement Specialist - Courts,False,True,,86362,107619,,49831,0,3863,0,53694,15578,0,0,13464,29042,2% @ 55,http://www.sanmateocourt.org/,,08/06/2024,San Mateo,,True,
2023,Superior Court,San Mateo County Superior Court,Interpreter Pro Tempore,Court Interpreter,False,True,,83450,101442,,53485,0,0,0,53485,17747,0,0,8136,25883,2% @ 55,http://www.sanmateocourt.org/,,08/06/2024,San Mateo,,True,
2023,Superior Court,San Mateo County Superior Court,Collaborative Courts,Court Management Analyst I,False,True,,91562,114046,,51190,0,0,1999,53189,13554,0,0,5069,18623,2% @ 55,http://www.sanmateocourt.org/,,08/06/2024,San Mateo,,True,
2023,Superior Court,San Mateo County Superior Court,Criminal,Deputy Court Clerk I - Courts,False,True,,54850,68370,,48102,0,0,3401,51503,14594,0,0,7976,22570,2% @ 55,http://www.sanmateocourt.org/,,08/06/2024,San Mateo,,True,
2023,Superior Court,San Mateo County Superior Court,Legal Research,Court Staff Attorney II,False,True,,119829,149323,,41404,0,8667,0,50071,0,0,2099,221,2320,N/A,http://www.sanmateocourt.org/,,08/06/2024,San Mateo,,True,
2023,Superior Court,San Mateo County Superior Court,Probate,Deputy Court Clerk I - Courts,False,True,,54850,68370,,47465,0,0,2471,49936,14187,0,0,8572,22759,2% @ 55,http://www.sanmateocourt.org/,,08/06/2024,San Mateo,,True,
2023,Superior Court,San Mateo County Superior Court,Criminal,Deputy Court Clerk I - Courts,False,True,,54850,68370,,45768,0,0,2474,48242,13536,0,0,7976,21512,2% @ 55,http://www.sanmateocourt.org/,,08/06/2024,San Mateo,,True,
2023,Superior Court,San Mateo County Superior Court,Criminal,Deputy Court Clerk I - Courts,False,True,,54850,68370,,46132,0,0,1996,48128,13525,0,0,552,14077,2% @ 55,http://www.sanmateocourt.org/,,08/06/2024,San Mateo,,True,
2023,Superior Court,San Mateo County Superior Court,Court Reporters,Court Reporter,False,True,,134451,134451,,47086,0,0,0,47086,0,0,0,0,0,N/A,http://www.sanmateocourt.org/,,08/06/2024,San Mateo,,True,
2023,Superior Court,San Mateo County Superior Court,CCMS - HOJ,Information Technology Technician - Courts,False,True,,85134,106163,,44093,117,0,1999,46209,11099,0,0,4224,15323,2% @ 55,http://www.sanmateocourt.org/,,08/06/2024,San Mateo,,True,
2023,Superior Court,San Mateo County Superior Court,Courtroom Clerks,Courtroom Clerk I,False,True,,71032,88525,,43897,25,0,1939,45861,12428,0,0,10629,23057,2% @ 55,http://www.sanmateocourt.org/,,08/06/2024,San Mateo,,True,
2023,Superior Court,San Mateo County Superior Court,Traffic,Deputy Court Clerk I - Courts,False,True,,54850,68370,,42693,0,0,2770,45463,12775,0,0,7249,20024,2% @ 55,http://www.sanmateocourt.org/,,08/06/2024,San Mateo,,True,
2023,Superior Court,San Mateo County Superior Court,Traffic,Deputy Court Clerk II - Courts,False,True,,59509,74131,,40952,56,0,2717,43725,13286,0,0,14156,27442,2% @ 55,http://www.sanmateocourt.org/,,08/06/2024,San Mateo,,True,
2023,Superior Court,San Mateo County Superior Court,Family Law Facilitator,Court Staff Attorney II,False,True,,119829,149323,,43102,0,0,0,43102,0,0,2167,3380,5547,N/A,http://www.sanmateocourt.org/,,08/06/2024,San Mateo,,True,
2023,Superior Court,San Mateo County Superior Court,Interpreter Pro Tempore,Court Interpreter,False,True,,83450,101442,,23937,0,15904,0,39841,8827,0,0,4368,13195,2% @ 55,http://www.sanmateocourt.org/,,08/06/2024,San Mateo,,True,
2023,Superior Court,San Mateo County Superior Court,Family Law,Deputy Court Clerk II - Courts,False,True,,59509,74131,,35615,0,1168,2335,39118,12261,0,0,6527,18788,2% @ 55,http://www.sanmateocourt.org/,,08/06/2024,San Mateo,,True,
2023,Superior Court,San Mateo County Superior Court,Administration,Communications Officer - Superior Court Of Ca,False,True,,105893,132038,,38264,0,0,0,38264,9641,0,0,5287,14928,2% @ 55,http://www.sanmateocourt.org/,,08/06/2024,San Mateo,,True,
2023,Superior Court,San Mateo County Superior Court,Courtroom Clerks,Courtroom Clerk I,False,True,,71032,88525,,35473,422,0,1999,37894,9341,0,0,331,9672,2% @ 55,http://www.sanmateocourt.org/,,08/06/2024,San Mateo,,True,
2023,Superior Court,San Mateo County Superior Court,Civil,Deputy Court Clerk I - Courts,False,True,,54850,68370,,33173,0,0,2473,35646,9205,0,0,11609,20814,2% @ 55,http://www.sanmateocourt.org/,,08/06/2024,San Mateo,,True,
2023,Superior Court,San Mateo County Superior Court,Traffic,Deputy Court Clerk I - Courts,False,True,,54850,68370,,33465,0,0,1991,35456,9251,0,0,11192,20443,2% @ 55,http://www.sanmateocourt.org/,,08/06/2024,San Mateo,,True,
2023,Superior Court,San Mateo County Superior Court,Civil,Deputy Court Clerk I - Courts,False,True,,54850,68370,,31259,662,0,3256,35177,8658,0,0,5768,14426,2% @ 55,http://www.sanmateocourt.org/,,08/06/2024,San Mateo,,True,
2023,Superior Court,San Mateo County Superior Court,Jury,Deputy Court Clerk I - Courts,False,True,,54850,68370,,32478,0,0,2575,35053,9149,0,0,5796,14945,2% @ 55,http://www.sanmateocourt.org/,,08/06/2024,San Mateo,,True,
2023,Superior Court,San Mateo County Superior Court,Civil,Deputy Court Clerk I - Courts,False,True,,54850,68370,,31363,0,0,1998,33361,8454,0,0,359,8813,2% @ 55,http://www.sanmateocourt.org/,,08/06/2024,San Mateo,,True,
2023,Superior Court,San Mateo County Superior Court,Jury,Deputy Court Clerk I - Courts,False,True,,54850,68370,,30363,0,171,2175,32709,10129,0,0,4684,14813,2% @ 55,http://www.sanmateocourt.org/,,08/06/2024,San Mateo,,True,
2023,Superior Court,San Mateo County Superior Court,Courtroom Clerks,Courtroom Clerk II,False,True,,79643,99195,,31275,55,1209,0,32539,11894,0,0,18409,30303,2% @ 55,http://www.sanmateocourt.org/,,08/06/2024,San Mateo,,True,
2023,Superior Court,San Mateo County Superior Court,Court Reporters,Court Reporter,False,True,,134451,134451,,31126,0,0,850,31976,0,0,0,0,0,N/A,http://www.sanmateocourt.org/,,08/06/2024,San Mateo,,True,
2023,Superior Court,San Mateo County Superior Court,Civil,Deputy Court Clerk II - Courts,False,True,,59509,74131,,30991,22,176,0,31189,10979,0,0,4360,15339,2% @ 55,http://www.sanmateocourt.org/,,08/06/2024,San Mateo,,True,
2023,Superior Court,San Mateo County Superior Court,Business And Facilities,Court Custodian,False,True,,52312,65125,,27800,887,0,2341,31028,0,0,0,5410,5410,N/A,http://www.sanmateocourt.org/,,08/06/2024,San Mateo,,True,
2023,Superior Court,San Mateo County Superior Court,Courtroom Clerks,Courtroom Clerk II,False,True,,79643,99195,,27215,165,0,2468,29848,31765,0,0,25430,57195,2% @ 55,http://www.sanmateocourt.org/,,08/06/2024,San Mateo,,True,
2023,Superior Court,San Mateo County Superior Court,Family Law,Deputy Court Clerk I - Courts,False,True,,54850,68370,,26374,0,0,2000,28374,6655,0,0,0,6655,2% @ 55,http://www.sanmateocourt.org/,,08/06/2024,San Mateo,,True,
2023,Superior Court,San Mateo County Superior Court,Civil,Deputy Court Clerk I - Courts,False,True,,54850,68370,,24826,0,0,1998,26824,6251,0,0,8163,14414,2% @ 55,http://www.sanmateocourt.org/,,08/06/2024,San Mateo,,True,
2023,Superior Court,San Mateo County Superior Court,Commissioners,Court Commissioner,False,True,,202706,202706,,26734,0,0,0,26734,0,0,1345,2369,3714,N/A,http://www.sanmateocourt.org/,,08/06/2024,San Mateo,,True,
2023,Superior Court,San Mateo County Superior Court,Collaborative Courts,Court Management Analyst I,False,True,,91562,114046,,26280,0,0,0,26280,0,0,0,0,0,N/A,http://www.sanmateocourt.org/,,08/06/2024,San Mateo,,True,
2023,Superior Court,San Mateo County Superior Court,Courtroom Clerks,Courtroom Clerk II,False,True,,79643,99195,,25692,0,203,0,25895,10593,0,0,11063,21656,2% @ 55,http://www.sanmateocourt.org/,,08/06/2024,San Mateo,,True,
2023,Superior Court,San Mateo County Superior Court,Criminal,Deputy Court Clerk II - Courts,False,True,,59509,74131,,25603,0,0,14,25617,9090,0,0,3932,13022,2% @ 55,http://www.sanmateocourt.org/,,08/06/2024,San Mateo,,True,
2023,Superior Court,San Mateo County Superior Court,Civil,Deputy Court Clerk I - Courts,False,True,,54850,68370,,22973,0,0,150,23123,5786,0,0,4224,10010,2% @ 55,http://www.sanmateocourt.org/,,08/06/2024,San Mateo,,True,
2023,Superior Court,San Mateo County Superior Court,Fiscal Services,Procurement Specialist - Courts,False,True,,86362,107619,,22237,0,0,0,22237,5201,0,0,3265,8466,2% @ 55,http://www.sanmateocourt.org/,,08/06/2024,San Mateo,,True,
2023,Superior Court,San Mateo County Superior Court,Court Reporters,Court Reporter,False,True,,134451,134451,,6979,0,0,14996,21975,2022,0,0,684,2706,2% @ 55,http://www.sanmateocourt.org/,,08/06/2024,San Mateo,,True,
2023,Superior Court,San Mateo County Superior Court,Criminal,Lead Deputy Court Clerk - Courts,False,True,,69701,86819,,19831,0,156,0,19987,7080,0,0,3145,10225,2% @ 55,http://www.sanmateocourt.org/,,08/06/2024,San Mateo,,True,
2023,Superior Court,San Mateo County Superior Court,Court Reporters,Court Reporter,False,True,,134451,134451,,4654,0,0,15000,19654,1171,0,0,0,1171,2% @ 55,http://www.sanmateocourt.org/,,08/06/2024,San Mateo,,True,
2023,Superior Court,San Mateo County Superior Court,Judge's Retire System Member,"Judge, Superior Court",True,True,,228979,238479,,18787,0,0,0,18787,0,0,0,151,151,Judicial Retirement System,http://www.sanmateocourt.org/,,08/06/2024,San Mateo,,True,
2023,Superior Court,San Mateo County Superior Court,Courtroom Clerks,Courtroom Clerk II,False,True,,79643,99195,,16621,0,0,1833,18454,6911,0,0,10145,17056,2% @ 55,http://www.sanmateocourt.org/,,08/06/2024,San Mateo,,True,
2023,Superior Court,San Mateo County Superior Court,Court Reporters,Court Reporter,False,True,,134451,134451,,18198,0,0,0,18198,0,0,0,0,0,N/A,http://www.sanmateocourt.org/,,08/06/2024,San Mateo,,True,
2023,Superior Court,San Mateo County Superior Court,Probate Investigators,Court Investigator,False,True,,89170,111093,,0,0,17912,0,17912,0,0,0,0,0,N/A,http://www.sanmateocourt.org/,,08/06/2024,San Mateo,,True,
2023,Superior Court,San Mateo County Superior Court,Juvenile Delinquency,Deputy Court Clerk II - Courts,False,True,,59509,74131,,17375,0,291,11,17677,6184,0,0,2907,9091,2% @ 55,http://www.sanmateocourt.org/,,08/06/2024,San Mateo,,True,
2023,Superior Court,San Mateo County Superior Court,Civil,Deputy Court Clerk II - Courts,False,True,,59509,74131,,16038,0,0,0,16038,5927,0,0,4368,10295,2% @ 55,http://www.sanmateocourt.org/,,08/06/2024,San Mateo,,True,
2023,Superior Court,San Mateo County Superior Court,Court Reporters,Court Reporter,False,True,,134451,134451,,15140,0,0,0,15140,0,0,0,0,0,N/A,http://www.sanmateocourt.org/,,08/06/2024,San Mateo,,True,
2023,Superior Court,San Mateo County Superior Court,Business And Facilities,Court Custodian,False,True,,52312,65125,,14097,24,0,863,14984,0,0,0,0,0,N/A,http://www.sanmateocourt.org/,,08/06/2024,San Mateo,,True,
2023,Superior Court,San Mateo County Superior Court,Jury,Deputy Court Clerk I - Courts,False,True,,54850,68370,,14739,12,0,74,14825,3734,0,0,4898,8632,2% @ 55,http://www.sanmateocourt.org/,,08/06/2024,San Mateo,,True,
2023,Superior Court,San Mateo County Superior Court,CCMS - HOJ,Information Technology Manager - Courts Unclassified,False,True,,141627,176509,,12792,0,0,0,12792,0,0,0,0,0,N/A,http://www.sanmateocourt.org/,,08/06/2024,San Mateo,,True,
2023,Superior Court,San Mateo County Superior Court,Civil,Deputy Court Clerk II - Courts,False,True,,59509,74131,,11582,0,204,243,12029,4237,0,0,2359,6596,2% @ 55,http://www.sanmateocourt.org/,,08/06/2024,San Mateo,,True,
2023,Superior Court,San Mateo County Superior Court,Business And Facilities,Court Facilities Supervisor,False,True,,98010,122138,,6325,0,5691,0,12016,2384,0,0,18099,20483,2% @ 55,http://www.sanmateocourt.org/,,08/06/2024,San Mateo,,True,
2023,Superior Court,San Mateo County Superior Court,Human Resources,Court Intern I,False,True,,41600,41600,,11348,0,0,0,11348,0,0,0,0,0,N/A,http://www.sanmateocourt.org/,,08/06/2024,San Mateo,,True,
2023,Superior Court,San Mateo County Superior Court,Human Resources,Court Intern I,False,True,,41600,41600,,10900,0,0,0,10900,0,0,0,0,0,N/A,http://www.sanmateocourt.org/,,08/06/2024,San Mateo,,True,
2023,Superior Court,San Mateo County Superior Court,Human Resources,Court Intern I,False,True,,41600,41600,,10680,0,0,0,10680,0,0,0,0,0,N/A,http://www.sanmateocourt.org/,,08/06/2024,San Mateo,,True,
2023,Superior Court,San Mateo County Superior Court,Court Reporters,Court Reporter,False,True,,134451,134451,,10461,0,0,0,10461,0,0,0,0,0,N/A,http://www.sanmateocourt.org/,,08/06/2024,San Mateo,,True,
2023,Superior Court,San Mateo County Superior Court,Courtroom Clerks,Courtroom Clerk II,False,True,,79643,99195,,5062,0,4398,0,9460,1892,0,0,1456,3348,2% @ 55,http://www.sanmateocourt.org/,,08/06/2024,San Mateo,,True,
2023,Superior Court,San Mateo County Superior Court,Business And Facilities,Court Facilities Supervisor,False,True,,98010,122138,,8603,645,0,0,9248,0,0,0,0,0,N/A,http://www.sanmateocourt.org/,,08/06/2024,San Mateo,,True,
2023,Superior Court,San Mateo County Superior Court,CCMS - HOJ,Information Technology Analyst - Courts,False,True,,107515,133973,,8422,0,0,0,8422,0,0,0,0,0,N/A,http://www.sanmateocourt.org/,,08/06/2024,San Mateo,,True,
2023,Superior Court,San Mateo County Superior Court,Human Resources,Court Intern I,False,True,,41600,41600,,8080,0,0,0,8080,0,0,0,0,0,N/A,http://www.sanmateocourt.org/,,08/06/2024,San Mateo,,True,
2023,Superior Court,San Mateo County Superior Court,Family Law,Deputy Court Clerk II - Courts,False,True,,59509,74131,,6368,0,0,0,6368,0,0,0,5622,5622,N/A,http://www.sanmateocourt.org/,,08/06/2024,San Mateo,,True,
2023,Superior Court,San Mateo County Superior Court,Human Resources,Court Intern I,False,True,,41600,41600,,6102,0,0,0,6102,0,0,0,0,0,N/A,http://www.sanmateocourt.org/,,08/06/2024,San Mateo,,True,
2023,Superior Court,San Mateo County Superior Court,Human Resources,Court Intern I,False,True,,41600,41600,,5756,0,0,0,5756,0,0,0,0,0,N/A,http://www.sanmateocourt.org/,,08/06/2024,San Mateo,,True,
2023,Superior Court,San Mateo County Superior Court,Interpreter Pro Tempore,Court Interpreter,False,True,,83450,101442,,3585,0,1701,0,5286,1272,0,0,786,2058,2% @ 55,http://www.sanmateocourt.org/,,08/06/2024,San Mateo,,True,
2023,Superior Court,San Mateo County Superior Court,Court Reporters,Court Reporter,False,True,,134451,134451,,5252,0,0,0,5252,0,0,0,0,0,N/A,http://www.sanmateocourt.org/,,08/06/2024,San Mateo,,True,
2023,Superior Court,San Mateo County Superior Court,Human Resources,Court Intern I,False,True,,41600,41600,,4776,0,0,0,4776,0,0,0,0,0,N/A,http://www.sanmateocourt.org/,,08/06/2024,San Mateo,,True,
2023,Superior Court,San Mateo County Superior Court,Judge's Retire System Member,"Judge, Superior Court",True,True,,9506,9506,,4753,0,0,0,4753,0,0,0,0,0,Judicial Retirement System,http://www.sanmateocourt.org/,,08/06/2024,San Mateo,,True,
2023,Superior Court,San Mateo County Superior Court,Court Reporters,Court Reporter,False,True,,134451,134451,,2909,0,1764,0,4673,1053,0,0,0,1053,2% @ 55,http://www.sanmateocourt.org/,,08/06/2024,San Mateo,,True,
2023,Superior Court,San Mateo County Superior Court,Human Resources,Court Intern I,False,True,,41600,41600,,4644,0,0,0,4644,0,0,0,0,0,N/A,http://www.sanmateocourt.org/,,08/06/2024,San Mateo,,True,
2023,Superior Court,San Mateo County Superior Court,Criminal,Deputy Court Clerk II - Courts,False,True,,59509,74131,,1884,0,3,1789,3676,1291,0,0,5205,6496,2% @ 55,http://www.sanmateocourt.org/,,08/06/2024,San Mateo,,True,
2023,Superior Court,San Mateo County Superior Court,Court Reporters,Court Reporter,False,True,,134451,134451,,3030,0,0,0,3030,0,0,0,0,0,N/A,http://www.sanmateocourt.org/,,08/06/2024,San Mateo,,True,
2023,Superior Court,San Mateo County Superior Court,Human Resources,Court Intern I,False,True,,41600,41600,,2986,0,0,0,2986,0,0,0,0,0,N/A,http://www.sanmateocourt.org/,,08/06/2024,San Mateo,,True,
2023,Superior Court,San Mateo County Superior Court,Business And Facilities,Court Custodian,False,True,,52312,65125,,2213,0,0,0,2213,0,0,0,395,395,N/A,http://www.sanmateocourt.org/,,08/06/2024,San Mateo,,True,
2023,Superior Court,San Mateo County Superior Court,Criminal,Deputy Court Clerk II - Courts,False,True,,59509,74131,,739,0,813,0,1552,256,0,0,0,256,2% @ 55,http://www.sanmateocourt.org/,,08/06/2024,San Mateo,,True,
2023,Superior Court,San Mateo County Superior Court,Jury,Deputy Court Clerk I - Courts,False,True,,54850,68370,,812,0,0,0,812,281,0,0,0,281,2% @ 55,http://www.sanmateocourt.org/,,08/06/2024,San Mateo,,True,
2023,Superior Court,San Mateo County Superior Court,Courtroom Clerks,Court Services Supervisor - Exempt,False,True,,89107,111010,,600,0,0,0,600,0,0,0,0,0,N/A,http://www.sanmateocourt.org/,,08/06/2024,San Mateo,,True,
2023,Superior Court,San Mateo County Superior Court,Criminal,Deputy Court Clerk II - Courts,False,True,,59509,74131,,0,0,312,0,312,0,0,0,0,0,N/A,http://www.sanmateocourt.org/,,08/06/2024,San Mateo,,True,

