﻿Year,EmployerType,EmployerName,DepartmentOrSubdivision,Position,ElectedOfficial,Judicial,OtherPositions,MinPositionSalary,MaxPositionSalary,ReportedBaseWage,RegularPay,OvertimePay,LumpSumPay,OtherPay,TotalWages,DefinedBenefitPlanContribution,EmployeesRetirementCostCovered,DeferredCompensationPlan,HealthDentalVision,TotalRetirementAndHealthContribution,PensionFormula,EmployerURL,EmployerPopulation,LastUpdatedDate,EmployerCounty,SpecialDistrictActivities,IncludesUnfundedLiability,SpecialDistrictType
2023,Superior Court,Santa Barbara County Superior Court,Judge's Retire System Member,"Judge, Superior Court",True,True,,228979,238479,,241717,0,0,1212,242929,0,0,0,8614,8614,Judicial Retirement System,www.santabarbara.courts.ca.gov/general-informaion/human-resources,,08/06/2024,Santa Barbara,,True,
2023,Superior Court,Santa Barbara County Superior Court,Administration,Court Executive Officer,False,True,,193910,234325,,227762,0,2000,7492,237254,87713,0,0,23769,111482,2% @ 57,www.santabarbara.courts.ca.gov/general-informaion/human-resources,,08/06/2024,Santa Barbara,,True,
2023,Superior Court,Santa Barbara County Superior Court,Judge's Retire System Member,"Judge, Superior Court",True,True,,228979,238479,,233364,0,0,1212,234576,0,0,0,8826,8826,Judicial Retirement System,www.santabarbara.courts.ca.gov/general-informaion/human-resources,,08/06/2024,Santa Barbara,,True,
2023,Superior Court,Santa Barbara County Superior Court,Judge's Retire System Member,"Judge, Superior Court",True,True,,228979,238479,,233081,0,0,1212,234293,0,0,0,8649,8649,Judicial Retirement System,www.santabarbara.courts.ca.gov/general-informaion/human-resources,,08/06/2024,Santa Barbara,,True,
2023,Superior Court,Santa Barbara County Superior Court,Judge's Retire System Member,"Judge, Superior Court",True,True,,228979,238479,,230058,0,0,1212,231270,0,0,0,9168,9168,Judicial Retirement System,www.santabarbara.courts.ca.gov/general-informaion/human-resources,,08/06/2024,Santa Barbara,,True,
2023,Superior Court,Santa Barbara County Superior Court,Judge's Retire System Member,"Judge, Superior Court",True,True,,228979,238479,,228339,0,0,1212,229551,0,0,0,18097,18097,Judicial Retirement System,www.santabarbara.courts.ca.gov/general-informaion/human-resources,,08/06/2024,Santa Barbara,,True,
2023,Superior Court,Santa Barbara County Superior Court,Judge's Retire System Member,"Judge, Superior Court",True,True,,228979,238479,,227303,0,0,1212,228515,0,0,0,9396,9396,Judicial Retirement System,www.santabarbara.courts.ca.gov/general-informaion/human-resources,,08/06/2024,Santa Barbara,,True,
2023,Superior Court,Santa Barbara County Superior Court,Judge's Retire System Member,"Judge, Superior Court",True,True,,228979,238479,,227303,0,0,636,227939,0,0,0,9396,9396,Judicial Retirement System,www.santabarbara.courts.ca.gov/general-informaion/human-resources,,08/06/2024,Santa Barbara,,True,
2023,Superior Court,Santa Barbara County Superior Court,Judge's Retire System Member,"Judge, Superior Court",True,True,,228979,238479,,225898,0,0,1212,227110,0,0,0,18221,18221,Judicial Retirement System,www.santabarbara.courts.ca.gov/general-informaion/human-resources,,08/06/2024,Santa Barbara,,True,
2023,Superior Court,Santa Barbara County Superior Court,Judge's Retire System Member,"Judge, Superior Court",True,True,,228979,238479,,225912,0,0,0,225912,0,0,0,22590,22590,Judicial Retirement System,www.santabarbara.courts.ca.gov/general-informaion/human-resources,,08/06/2024,Santa Barbara,,True,
2023,Superior Court,Santa Barbara County Superior Court,Judge's Retire System Member,"Judge, Superior Court",True,True,,228979,238479,,222507,0,0,1212,223719,0,0,0,18221,18221,Judicial Retirement System,www.santabarbara.courts.ca.gov/general-informaion/human-resources,,08/06/2024,Santa Barbara,,True,
2023,Superior Court,Santa Barbara County Superior Court,Judge's Retire System Member,"Judge, Superior Court",True,True,,228979,238479,,222345,0,0,1212,223557,0,0,0,18097,18097,Judicial Retirement System,www.santabarbara.courts.ca.gov/general-informaion/human-resources,,08/06/2024,Santa Barbara,,True,
2023,Superior Court,Santa Barbara County Superior Court,Judge's Retire System Member,"Judge, Superior Court",True,True,,228979,238479,,221319,0,0,1212,222531,0,0,0,18097,18097,Judicial Retirement System,www.santabarbara.courts.ca.gov/general-informaion/human-resources,,08/06/2024,Santa Barbara,,True,
2023,Superior Court,Santa Barbara County Superior Court,Judge's Retire System Member,"Judge, Superior Court",True,True,,228979,238479,,221119,0,0,1212,222331,0,0,0,20590,20590,Judicial Retirement System,www.santabarbara.courts.ca.gov/general-informaion/human-resources,,08/06/2024,Santa Barbara,,True,
2023,Superior Court,Santa Barbara County Superior Court,Judge's Retire System Member,"Judge, Superior Court",True,True,,228979,238479,,222304,0,0,0,222304,0,0,0,18221,18221,Judicial Retirement System,www.santabarbara.courts.ca.gov/general-informaion/human-resources,,08/06/2024,Santa Barbara,,True,
2023,Superior Court,Santa Barbara County Superior Court,Judge's Retire System Member,"Judge, Superior Court",True,True,,228979,238479,,219353,0,0,1212,220565,0,0,0,23376,23376,Judicial Retirement System,www.santabarbara.courts.ca.gov/general-informaion/human-resources,,08/06/2024,Santa Barbara,,True,
2023,Superior Court,Santa Barbara County Superior Court,Judge's Retire System Member,"Judge, Superior Court",True,True,,228979,238479,,219353,0,0,1212,220565,0,0,0,23376,23376,Judicial Retirement System,www.santabarbara.courts.ca.gov/general-informaion/human-resources,,08/06/2024,Santa Barbara,,True,
2023,Superior Court,Santa Barbara County Superior Court,Judge's Retire System Member,"Judge, Superior Court",True,True,,228979,238479,,219353,0,0,0,219353,0,0,0,23376,23376,Judicial Retirement System,www.santabarbara.courts.ca.gov/general-informaion/human-resources,,08/06/2024,Santa Barbara,,True,
2023,Superior Court,Santa Barbara County Superior Court,Judge's Retire System Member,"Judge, Superior Court",True,True,,228979,238479,,219251,0,0,0,219251,0,0,0,23376,23376,Judicial Retirement System,www.santabarbara.courts.ca.gov/general-informaion/human-resources,,08/06/2024,Santa Barbara,,True,
2023,Superior Court,Santa Barbara County Superior Court,Judicial,Court Commissioner,False,True,,202707,202707,,196323,0,0,7555,203878,73241,0,0,0,73241,2% @ 62,www.santabarbara.courts.ca.gov/general-informaion/human-resources,,08/06/2024,Santa Barbara,,True,
2023,Superior Court,Santa Barbara County Superior Court,Administration,Chief Deputy Executive Officer,False,True,,150962,181156,,176083,0,8765,2756,187604,69182,0,0,15312,84494,2% @ 57,www.santabarbara.courts.ca.gov/general-informaion/human-resources,,08/06/2024,Santa Barbara,,True,
2023,Superior Court,Santa Barbara County Superior Court,Legal Research,Legal Research Attorney Supervisor,False,True,,150783,182238,,177134,0,8805,0,185939,68562,0,0,15312,83874,2% @ 57,www.santabarbara.courts.ca.gov/general-informaion/human-resources,,08/06/2024,Santa Barbara,,True,
2023,Superior Court,Santa Barbara County Superior Court,Legal Research,Legal Research Attorney Supervisor,False,True,,150783,182238,,177134,0,2000,0,179134,66043,0,0,10483,76526,2% @ 57,www.santabarbara.courts.ca.gov/general-informaion/human-resources,,08/06/2024,Santa Barbara,,True,
2023,Superior Court,Santa Barbara County Superior Court,Judge's Retire System Member,"Judge, Superior Court",True,True,,228979,238479,,168537,0,0,373,168910,0,0,0,6200,6200,Judicial Retirement System,www.santabarbara.courts.ca.gov/general-informaion/human-resources,,08/06/2024,Santa Barbara,,True,
2023,Superior Court,Santa Barbara County Superior Court,Information Technology,Information Technology Director,False,True,,140030,168921,,164190,0,2000,1020,167210,61597,0,0,23769,85366,2% @ 57,www.santabarbara.courts.ca.gov/general-informaion/human-resources,,08/06/2024,Santa Barbara,,True,
2023,Superior Court,Santa Barbara County Superior Court,Family Services,Family Law Facilitator,False,True,,133684,161306,,156788,0,8023,0,164811,60717,0,0,10032,70749,2% @ 57,www.santabarbara.courts.ca.gov/general-informaion/human-resources,,08/06/2024,Santa Barbara,,True,
2023,Superior Court,Santa Barbara County Superior Court,Finance,Chief Financial Officer,False,True,,136800,164980,,160359,0,2000,650,163009,47551,0,0,10032,57583,2% @ 62,www.santabarbara.courts.ca.gov/general-informaion/human-resources,,08/06/2024,Santa Barbara,,True,
2023,Superior Court,Santa Barbara County Superior Court,Legal Research,Legal Research Attorney,False,True,,129790,156607,,152221,0,7848,0,160069,47561,0,0,23769,71330,2% @ 62,www.santabarbara.courts.ca.gov/general-informaion/human-resources,,08/06/2024,Santa Barbara,,True,
2023,Superior Court,Santa Barbara County Superior Court,Legal Research,Legal Research Attorney Senior,False,True,,142769,173536,,157085,0,2000,0,159085,58560,0,0,23681,82241,2% @ 57,www.santabarbara.courts.ca.gov/general-informaion/human-resources,,08/06/2024,Santa Barbara,,True,
2023,Superior Court,Santa Barbara County Superior Court,Legal Research,Legal Research Attorney Senior,False,True,,142769,173536,,157085,0,2000,0,159085,58560,0,0,9307,67867,2% @ 57,www.santabarbara.courts.ca.gov/general-informaion/human-resources,,08/06/2024,Santa Barbara,,True,
2023,Superior Court,Santa Barbara County Superior Court,Family Services,Family Law Facilitator,False,True,,133684,161306,,156788,0,2000,0,158788,58457,0,0,10395,68852,2% @ 57,www.santabarbara.courts.ca.gov/general-informaion/human-resources,,08/06/2024,Santa Barbara,,True,
2023,Superior Court,Santa Barbara County Superior Court,Grant Funded,Housing Settlement Master,False,True,,129790,156607,,152221,0,2000,0,154221,47561,0,0,23769,71330,2% @ 62,www.santabarbara.courts.ca.gov/general-informaion/human-resources,,08/06/2024,Santa Barbara,,True,
2023,Superior Court,Santa Barbara County Superior Court,Grant Funded,Probate Facilitator,False,True,,129790,156607,,152221,0,2000,0,154221,47561,0,0,15312,62873,2% @ 62,www.santabarbara.courts.ca.gov/general-informaion/human-resources,,08/06/2024,Santa Barbara,,True,
2023,Superior Court,Santa Barbara County Superior Court,Human Resources,Human Resources Manager,False,True,,119891,144336,,140294,0,7390,650,148334,54545,0,0,10483,65028,2% @ 57,www.santabarbara.courts.ca.gov/general-informaion/human-resources,,08/06/2024,Santa Barbara,,True,
2023,Superior Court,Santa Barbara County Superior Court,Legal Research,Legal Research Attorney,False,True,,129790,156607,,141682,0,2000,0,143682,46154,0,0,10032,56186,2% @ 62,www.santabarbara.courts.ca.gov/general-informaion/human-resources,,08/06/2024,Santa Barbara,,True,
2023,Superior Court,Santa Barbara County Superior Court,Legal Research,Legal Research Attorney,False,True,,129790,156607,,140082,0,2000,0,142082,45629,0,0,14861,60490,2% @ 62,www.santabarbara.courts.ca.gov/general-informaion/human-resources,,08/06/2024,Santa Barbara,,True,
2023,Superior Court,Santa Barbara County Superior Court,Court Services,Judicial Services Manager Senior,False,True,,116399,140132,,136207,0,2000,650,138857,51131,0,0,10483,61614,2% @ 57,www.santabarbara.courts.ca.gov/general-informaion/human-resources,,08/06/2024,Santa Barbara,,True,
2023,Superior Court,Santa Barbara County Superior Court,Civil,Judicial Services Manager Senior,False,True,,116399,140132,,128410,0,6994,650,136054,50069,0,0,21567,71636,2% @ 57,www.santabarbara.courts.ca.gov/general-informaion/human-resources,,08/06/2024,Santa Barbara,,True,
2023,Superior Court,Santa Barbara County Superior Court,Information Technology,IT Administrator/Analyst Senior,False,True,,106682,128699,,123988,0,2000,9978,135966,49967,0,0,23769,73736,2% @ 57,www.santabarbara.courts.ca.gov/general-informaion/human-resources,,08/06/2024,Santa Barbara,,True,
2023,Superior Court,Santa Barbara County Superior Court,Courtroom Services,Supervising Court Reporter,False,True,,106854,128691,,120478,1010,7000,2410,130898,45815,0,0,22976,68791,2% @ 62,www.santabarbara.courts.ca.gov/general-informaion/human-resources,,08/06/2024,Santa Barbara,,True,
2023,Superior Court,Santa Barbara County Superior Court,Information Technology,IT Administrator/Analyst Senior,False,True,,106682,128699,,124430,0,2000,1020,127450,40862,0,0,23769,64631,2% @ 62,www.santabarbara.courts.ca.gov/general-informaion/human-resources,,08/06/2024,Santa Barbara,,True,
2023,Superior Court,Santa Barbara County Superior Court,Criminal,Judicial Services Manager Senior,False,True,,116399,140132,,123729,0,2000,0,125729,46117,0,0,10395,56512,2% @ 57,www.santabarbara.courts.ca.gov/general-informaion/human-resources,,08/06/2024,Santa Barbara,,True,
2023,Superior Court,Santa Barbara County Superior Court,Family Services,Family Custody Supervisor,False,True,,104752,126148,,122615,0,2000,0,124615,45716,0,0,10483,56199,2% @ 57,www.santabarbara.courts.ca.gov/general-informaion/human-resources,,08/06/2024,Santa Barbara,,True,
2023,Superior Court,Santa Barbara County Superior Court,Information Technology,IT Administrator/Analyst II,False,True,,101820,122764,,119326,0,2000,1020,122346,44870,0,0,23769,68639,2% @ 57,www.santabarbara.courts.ca.gov/general-informaion/human-resources,,08/06/2024,Santa Barbara,,True,
2023,Superior Court,Santa Barbara County Superior Court,Information Technology,IT Administrator/Analyst II,False,True,,101820,122764,,119326,0,2000,1020,122346,39199,0,0,10395,49594,2% @ 62,www.santabarbara.courts.ca.gov/general-informaion/human-resources,,08/06/2024,Santa Barbara,,True,
2023,Superior Court,Santa Barbara County Superior Court,Judge's Retire System Member,"Judge, Superior Court",True,True,,228979,238479,,120451,0,0,-47,120404,0,0,0,5470,5470,Judicial Retirement System,www.santabarbara.courts.ca.gov/general-informaion/human-resources,,08/06/2024,Santa Barbara,,True,
2023,Superior Court,Santa Barbara County Superior Court,Courtroom Services,Official Court Reporter,False,True,,89110,107187,,100466,2895,7000,9859,120220,42519,0,0,10483,53002,2% @ 57,www.santabarbara.courts.ca.gov/general-informaion/human-resources,,08/06/2024,Santa Barbara,,True,
2023,Superior Court,Santa Barbara County Superior Court,Finance,Financial Analyst II,False,True,,97389,116865,,113592,0,6364,0,119956,43967,0,0,23769,67736,2% @ 57,www.santabarbara.courts.ca.gov/general-informaion/human-resources,,08/06/2024,Santa Barbara,,True,
2023,Superior Court,Santa Barbara County Superior Court,Jury,Judicial Services Supervisor Senior,False,True,,78898,94635,,91985,24147,2000,0,118132,29961,0,0,15312,45273,2% @ 62,www.santabarbara.courts.ca.gov/general-informaion/human-resources,,08/06/2024,Santa Barbara,,True,
2023,Superior Court,Santa Barbara County Superior Court,Courtroom Services,Official Court Reporter,False,True,,89110,107187,,104185,0,7000,5251,116436,40802,0,0,10483,51285,2% @ 57,www.santabarbara.courts.ca.gov/general-informaion/human-resources,,08/06/2024,Santa Barbara,,True,
2023,Superior Court,Santa Barbara County Superior Court,Courtroom Services,Official Court Reporter,False,True,,89110,107187,,104185,0,7000,5251,116436,40802,0,0,9307,50109,2% @ 57,www.santabarbara.courts.ca.gov/general-informaion/human-resources,,08/06/2024,Santa Barbara,,True,
2023,Superior Court,Santa Barbara County Superior Court,Courtroom Services,Official Court Reporter,False,True,,89110,107187,,104185,0,7000,5251,116436,35645,0,0,10395,46040,2% @ 62,www.santabarbara.courts.ca.gov/general-informaion/human-resources,,08/06/2024,Santa Barbara,,True,
2023,Superior Court,Santa Barbara County Superior Court,Courtroom Services,Official Court Reporter,False,True,,89110,107187,,104185,0,7000,5251,116436,35645,0,0,0,35645,2% @ 62,www.santabarbara.courts.ca.gov/general-informaion/human-resources,,08/06/2024,Santa Barbara,,True,
2023,Superior Court,Santa Barbara County Superior Court,Courtroom Services,Official Court Reporter,False,True,,89110,107187,,104185,915,7000,2084,114184,39622,0,0,10483,50105,2% @ 57,www.santabarbara.courts.ca.gov/general-informaion/human-resources,,08/06/2024,Santa Barbara,,True,
2023,Superior Court,Santa Barbara County Superior Court,Information Technology,IT Administrator/Analyst I,False,True,,92840,111801,,108670,209,4087,1020,113986,41756,0,0,15312,57068,2% @ 57,www.santabarbara.courts.ca.gov/general-informaion/human-resources,,08/06/2024,Santa Barbara,,True,
2023,Superior Court,Santa Barbara County Superior Court,Judge's Retire System Member,"Judge, Superior Court",True,True,,228979,238479,,113698,0,0,0,113698,0,0,0,0,0,Judicial Retirement System,www.santabarbara.courts.ca.gov/general-informaion/human-resources,,08/06/2024,Santa Barbara,,True,
2023,Superior Court,Santa Barbara County Superior Court,Courtroom Services,Official Court Reporter,False,True,,89110,107187,,101259,0,7000,5066,113325,34635,0,0,23769,58404,2% @ 62,www.santabarbara.courts.ca.gov/general-informaion/human-resources,,08/06/2024,Santa Barbara,,True,
2023,Superior Court,Santa Barbara County Superior Court,Courtroom Services,Official Court Reporter,False,True,,89110,107187,,104185,0,7000,2084,113269,39622,0,0,10483,50105,2% @ 57,www.santabarbara.courts.ca.gov/general-informaion/human-resources,,08/06/2024,Santa Barbara,,True,
2023,Superior Court,Santa Barbara County Superior Court,Courtroom Services,Official Court Reporter,False,True,,89110,107187,,104185,0,7000,2084,113269,39622,0,0,10395,50017,2% @ 57,www.santabarbara.courts.ca.gov/general-informaion/human-resources,,08/06/2024,Santa Barbara,,True,
2023,Superior Court,Santa Barbara County Superior Court,Information Technology,IT Administrator/Analyst I,False,True,,92840,111801,,108670,0,2000,1020,111690,40897,0,0,15312,56209,2% @ 57,www.santabarbara.courts.ca.gov/general-informaion/human-resources,,08/06/2024,Santa Barbara,,True,
2023,Superior Court,Santa Barbara County Superior Court,Finance,Accountant Supervising,False,True,,89888,108197,,105167,0,6040,0,111207,40706,0,0,15312,56018,2% @ 57,www.santabarbara.courts.ca.gov/general-informaion/human-resources,,08/06/2024,Santa Barbara,,True,
2023,Superior Court,Santa Barbara County Superior Court,Finance,Accountant Supervising,False,True,,89888,108197,,105167,0,6040,0,111207,40791,0,0,10483,51274,2% @ 57,www.santabarbara.courts.ca.gov/general-informaion/human-resources,,08/06/2024,Santa Barbara,,True,
2023,Superior Court,Santa Barbara County Superior Court,Courtroom Services,Official Court Reporter,False,True,,89110,107187,,104185,0,7000,0,111185,38845,0,0,23681,62526,2% @ 57,www.santabarbara.courts.ca.gov/general-informaion/human-resources,,08/06/2024,Santa Barbara,,True,
2023,Superior Court,Santa Barbara County Superior Court,Civil,Judicial Services Supervisor Senior,False,True,,78898,94635,,91985,15071,3767,0,110823,34950,0,0,10483,45433,2% @ 57,www.santabarbara.courts.ca.gov/general-informaion/human-resources,,08/06/2024,Santa Barbara,,True,
2023,Superior Court,Santa Barbara County Superior Court,Family Services,Family Custody Mediator,False,True,,90990,109329,,106267,0,2000,1320,109587,35043,0,0,13555,48598,2% @ 62,www.santabarbara.courts.ca.gov/general-informaion/human-resources,,08/06/2024,Santa Barbara,,True,
2023,Superior Court,Santa Barbara County Superior Court,Information Technology,IT Administrator/Analyst II,False,True,,101820,122764,,104410,0,1750,1020,107180,39309,0,0,9173,48482,2% @ 57,www.santabarbara.courts.ca.gov/general-informaion/human-resources,,08/06/2024,Santa Barbara,,True,
2023,Superior Court,Santa Barbara County Superior Court,Courtroom Services,Official Court Reporter,False,True,,89110,107187,,95318,189,7000,4573,107080,32546,0,0,10483,43029,2% @ 62,www.santabarbara.courts.ca.gov/general-informaion/human-resources,,08/06/2024,Santa Barbara,,True,
2023,Superior Court,Santa Barbara County Superior Court,Criminal,Judicial Services Supervisor Senior,False,True,,78898,94635,,92435,11053,2000,1220,106708,34919,0,0,15312,50231,2% @ 57,www.santabarbara.courts.ca.gov/general-informaion/human-resources,,08/06/2024,Santa Barbara,,True,
2023,Superior Court,Santa Barbara County Superior Court,Family Services,Family Custody Mediator,False,True,,90990,109329,,100705,0,2000,1220,103925,33192,0,0,23318,56510,2% @ 62,www.santabarbara.courts.ca.gov/general-informaion/human-resources,,08/06/2024,Santa Barbara,,True,
2023,Superior Court,Santa Barbara County Superior Court,Records,Judicial Services Supervisor Senior,False,True,,78898,94635,,91985,6851,2000,1320,102156,34788,0,0,23681,58469,2% @ 57,www.santabarbara.courts.ca.gov/general-informaion/human-resources,,08/06/2024,Santa Barbara,,True,
2023,Superior Court,Santa Barbara County Superior Court,Grant Funded,CADRe Program Coordinator,False,True,,85061,102304,,99439,0,2000,0,101439,37075,0,0,11288,48363,2% @ 57,www.santabarbara.courts.ca.gov/general-informaion/human-resources,,08/06/2024,Santa Barbara,,True,
2023,Superior Court,Santa Barbara County Superior Court,Courtroom Services,Court Interpreter,False,True,,101213,101213,,92913,0,2000,6149,101062,32267,0,0,15312,47579,2% @ 62,www.santabarbara.courts.ca.gov/general-informaion/human-resources,,08/06/2024,Santa Barbara,,True,
2023,Superior Court,Santa Barbara County Superior Court,Courtroom Services,Court Interpreter,False,True,,101213,101213,,92913,0,2000,6149,101062,36932,0,0,10483,47415,2% @ 57,www.santabarbara.courts.ca.gov/general-informaion/human-resources,,08/06/2024,Santa Barbara,,True,
2023,Superior Court,Santa Barbara County Superior Court,Courtroom Services,Court Interpreter,False,True,,101213,101213,,92913,0,2000,6149,101062,36932,0,0,10483,47415,2% @ 57,www.santabarbara.courts.ca.gov/general-informaion/human-resources,,08/06/2024,Santa Barbara,,True,
2023,Superior Court,Santa Barbara County Superior Court,Courtroom Services,Court Interpreter,False,True,,101213,101213,,92913,0,2000,6149,101062,36932,0,0,10395,47327,2% @ 57,www.santabarbara.courts.ca.gov/general-informaion/human-resources,,08/06/2024,Santa Barbara,,True,
2023,Superior Court,Santa Barbara County Superior Court,Courtroom Services,Court Interpreter,False,True,,101213,101213,,92913,0,2000,6149,101062,36932,0,0,10239,47171,2% @ 57,www.santabarbara.courts.ca.gov/general-informaion/human-resources,,08/06/2024,Santa Barbara,,True,
2023,Superior Court,Santa Barbara County Superior Court,Courtroom Services,Court Interpreter,False,True,,101213,101213,,92913,0,2000,6149,101062,32267,0,0,10483,42750,2% @ 62,www.santabarbara.courts.ca.gov/general-informaion/human-resources,,08/06/2024,Santa Barbara,,True,
2023,Superior Court,Santa Barbara County Superior Court,Courtroom Services,Court Interpreter,False,True,,101213,101213,,92913,0,2000,6149,101062,32267,0,0,10483,42750,2% @ 62,www.santabarbara.courts.ca.gov/general-informaion/human-resources,,08/06/2024,Santa Barbara,,True,
2023,Superior Court,Santa Barbara County Superior Court,Human Resources,Human Resources Analyst,False,True,,82000,98567,,95806,0,3840,0,99646,36411,0,0,10032,46443,2% @ 57,www.santabarbara.courts.ca.gov/general-informaion/human-resources,,08/06/2024,Santa Barbara,,True,
2023,Superior Court,Santa Barbara County Superior Court,Courtroom Services,Court Interpreter,False,True,,101213,101213,,90382,0,2000,5962,98344,31385,0,0,15224,46609,2% @ 62,www.santabarbara.courts.ca.gov/general-informaion/human-resources,,08/06/2024,Santa Barbara,,True,
2023,Superior Court,Santa Barbara County Superior Court,Information Technology,IT Specialist II,False,True,,86869,104556,,94971,172,2000,1020,98163,31268,0,0,10483,41751,2% @ 62,www.santabarbara.courts.ca.gov/general-informaion/human-resources,,08/06/2024,Santa Barbara,,True,
2023,Superior Court,Santa Barbara County Superior Court,Information Technology,IT Specialist II,False,True,,86869,104556,,94971,0,2000,1020,97991,31268,0,0,10483,41751,2% @ 62,www.santabarbara.courts.ca.gov/general-informaion/human-resources,,08/06/2024,Santa Barbara,,True,
2023,Superior Court,Santa Barbara County Superior Court,Juvenile,Judicial Services Supervisor Senior,False,True,,78898,94635,,91985,2231,3767,0,97983,34959,0,0,10483,45442,2% @ 57,www.santabarbara.courts.ca.gov/general-informaion/human-resources,,08/06/2024,Santa Barbara,,True,
2023,Superior Court,Santa Barbara County Superior Court,Human Resources,Human Resources Analyst,False,True,,82000,98567,,95806,0,2000,0,97806,35721,0,0,13099,48820,2% @ 57,www.santabarbara.courts.ca.gov/general-informaion/human-resources,,08/06/2024,Santa Barbara,,True,
2023,Superior Court,Santa Barbara County Superior Court,Court Services,Court Investigator,False,True,,80477,96695,,93987,0,2000,1320,97307,35607,0,0,15312,50919,2% @ 57,www.santabarbara.courts.ca.gov/general-informaion/human-resources,,08/06/2024,Santa Barbara,,True,
2023,Superior Court,Santa Barbara County Superior Court,Information Technology,IT Specialist II,False,True,,86869,104556,,94971,0,2000,0,96971,30936,0,0,15312,46248,2% @ 62,www.santabarbara.courts.ca.gov/general-informaion/human-resources,,08/06/2024,Santa Barbara,,True,
2023,Superior Court,Santa Barbara County Superior Court,Courtroom Services,Court Interpreter,False,True,,101213,101213,,89003,0,2000,5878,96881,30904,0,0,23769,54673,2% @ 62,www.santabarbara.courts.ca.gov/general-informaion/human-resources,,08/06/2024,Santa Barbara,,True,
2023,Superior Court,Santa Barbara County Superior Court,Courtroom Services,Court Interpreter,False,True,,101213,101213,,88247,0,2000,5856,96103,35085,0,0,0,35085,2% @ 57,www.santabarbara.courts.ca.gov/general-informaion/human-resources,,08/06/2024,Santa Barbara,,True,
2023,Superior Court,Santa Barbara County Superior Court,Court Services,Court Investigator,False,True,,80477,96695,,93987,0,2000,0,95987,30613,0,0,15312,45925,2% @ 62,www.santabarbara.courts.ca.gov/general-informaion/human-resources,,08/06/2024,Santa Barbara,,True,
2023,Superior Court,Santa Barbara County Superior Court,Records,Judicial Services Supervisor Senior,False,True,,78898,94635,,91985,1756,2000,0,95741,34296,0,0,10483,44779,2% @ 57,www.santabarbara.courts.ca.gov/general-informaion/human-resources,,08/06/2024,Santa Barbara,,True,
2023,Superior Court,Santa Barbara County Superior Court,Civil,Judicial Services Supervisor Senior,False,True,,78898,94635,,91985,0,2000,1320,95305,34859,0,0,10483,45342,2% @ 57,www.santabarbara.courts.ca.gov/general-informaion/human-resources,,08/06/2024,Santa Barbara,,True,
2023,Superior Court,Santa Barbara County Superior Court,Criminal,Judicial Services Supervisor Senior,False,True,,78898,94635,,91985,464,2000,0,94449,34366,0,0,10483,44849,2% @ 57,www.santabarbara.courts.ca.gov/general-informaion/human-resources,,08/06/2024,Santa Barbara,,True,
2023,Superior Court,Santa Barbara County Superior Court,Finance,Procurement Specialist,False,True,,75272,90352,,86760,316,3687,0,90763,32978,0,0,10395,43373,2% @ 57,www.santabarbara.courts.ca.gov/general-informaion/human-resources,,08/06/2024,Santa Barbara,,True,
2023,Superior Court,Santa Barbara County Superior Court,Court Services,Court Investigator,False,True,,80477,96695,,87263,0,2000,1320,90583,32686,0,0,10483,43169,2% @ 62,www.santabarbara.courts.ca.gov/general-informaion/human-resources,,08/06/2024,Santa Barbara,,True,
2023,Superior Court,Santa Barbara County Superior Court,Courtroom Services,Court Interpreter,False,True,,101213,101213,,81107,0,2000,5347,88454,32202,0,0,10483,42685,2% @ 57,www.santabarbara.courts.ca.gov/general-informaion/human-resources,,08/06/2024,Santa Barbara,,True,
2023,Superior Court,Santa Barbara County Superior Court,Finance,Accountant I,False,True,,72437,86837,,84405,0,3621,0,88026,32070,0,0,10483,42553,2% @ 57,www.santabarbara.courts.ca.gov/general-informaion/human-resources,,08/06/2024,Santa Barbara,,True,
2023,Superior Court,Santa Barbara County Superior Court,Finance,Extra Help,False,True,,92841,112849,,84326,0,0,0,84326,0,0,1268,9173,10441,N/A,www.santabarbara.courts.ca.gov/general-informaion/human-resources,,08/06/2024,Santa Barbara,,True,
2023,Superior Court,Santa Barbara County Superior Court,Finance,Accountant I,False,True,,72437,86837,,80270,0,3480,0,83750,26630,0,0,9219,35849,2% @ 62,www.santabarbara.courts.ca.gov/general-informaion/human-resources,,08/06/2024,Santa Barbara,,True,
2023,Superior Court,Santa Barbara County Superior Court,Information Technology,IT Specialist II,False,True,,86869,104556,,80038,183,2000,1020,83241,30261,0,0,10483,40744,2% @ 57,www.santabarbara.courts.ca.gov/general-informaion/human-resources,,08/06/2024,Santa Barbara,,True,
2023,Superior Court,Santa Barbara County Superior Court,Fiscal-County Funded,Financial Services Supervisor,False,True,,69991,83905,,78194,0,3614,1320,83128,30554,0,0,23681,54235,2% @ 57,www.santabarbara.courts.ca.gov/general-informaion/human-resources,,08/06/2024,Santa Barbara,,True,
2023,Superior Court,Santa Barbara County Superior Court,Courtroom Services,Judicial Assistant III,False,True,,60639,72442,,71859,182,5900,4986,82927,28722,0,0,10483,39205,2% @ 57,www.santabarbara.courts.ca.gov/general-informaion/human-resources,,08/06/2024,Santa Barbara,,True,
2023,Superior Court,Santa Barbara County Superior Court,Administration,Executive Assistant,False,True,,67521,80889,,78758,0,2000,0,80758,25653,0,0,10032,35685,2% @ 62,www.santabarbara.courts.ca.gov/general-informaion/human-resources,,08/06/2024,Santa Barbara,,True,
2023,Superior Court,Santa Barbara County Superior Court,Court Services,Judicial Secretary,False,True,,60382,72055,,63768,4468,12071,0,80307,23793,0,0,9609,33402,2% @ 57,www.santabarbara.courts.ca.gov/general-informaion/human-resources,,08/06/2024,Santa Barbara,,True,
2023,Superior Court,Santa Barbara County Superior Court,Family Services,Family Custody Mediator,False,True,,90990,109329,,76861,0,1600,1056,79517,25380,0,0,8386,33766,2% @ 62,www.santabarbara.courts.ca.gov/general-informaion/human-resources,,08/06/2024,Santa Barbara,,True,
2023,Superior Court,Santa Barbara County Superior Court,Information Technology,IT Specialist I,False,True,,75715,98938,,76763,0,2000,0,78763,25003,0,0,15312,40315,2% @ 62,www.santabarbara.courts.ca.gov/general-informaion/human-resources,,08/06/2024,Santa Barbara,,True,
2023,Superior Court,Santa Barbara County Superior Court,Information Technology,IT Specialist I,False,True,,75715,98938,,76104,0,2000,0,78104,24789,0,0,10483,35272,2% @ 62,www.santabarbara.courts.ca.gov/general-informaion/human-resources,,08/06/2024,Santa Barbara,,True,
2023,Superior Court,Santa Barbara County Superior Court,Court Services,Judicial Assistant III,False,True,,58856,70311,,68342,5060,3352,1320,78074,26473,0,0,10483,36956,2% @ 57,www.santabarbara.courts.ca.gov/general-informaion/human-resources,,08/06/2024,Santa Barbara,,True,
2023,Superior Court,Santa Barbara County Superior Court,Civil,Judicial Services Supervisor,False,True,,69898,83649,,73488,430,2000,0,75918,23937,0,0,10483,34420,2% @ 57,www.santabarbara.courts.ca.gov/general-informaion/human-resources,,08/06/2024,Santa Barbara,,True,
2023,Superior Court,Santa Barbara County Superior Court,Courtroom Services,Judicial Assistant III,False,True,,60639,72442,,71404,585,2000,1725,75714,27260,0,0,23681,50941,2% @ 57,www.santabarbara.courts.ca.gov/general-informaion/human-resources,,08/06/2024,Santa Barbara,,True,
2023,Superior Court,Santa Barbara County Superior Court,Civil,Judicial Assistant III,False,True,,58856,70311,,68342,2602,3352,1320,75616,26528,0,0,15312,41840,2% @ 57,www.santabarbara.courts.ca.gov/general-informaion/human-resources,,08/06/2024,Santa Barbara,,True,
2023,Superior Court,Santa Barbara County Superior Court,Civil,Judicial Assistant III,False,True,,58856,70311,,68342,5230,2000,0,75572,25481,0,0,23769,49250,2% @ 57,www.santabarbara.courts.ca.gov/general-informaion/human-resources,,08/06/2024,Santa Barbara,,True,
2023,Superior Court,Santa Barbara County Superior Court,Court Services,Judicial Secretary,False,True,,60382,72055,,70037,0,2000,3502,75539,23953,0,0,15312,39265,2% @ 62,www.santabarbara.courts.ca.gov/general-informaion/human-resources,,08/06/2024,Santa Barbara,,True,
2023,Superior Court,Santa Barbara County Superior Court,Criminal,Judicial Services Supervisor,False,True,,69898,83649,,71957,140,2000,1070,75167,23789,0,0,10483,34272,2% @ 57,www.santabarbara.courts.ca.gov/general-informaion/human-resources,,08/06/2024,Santa Barbara,,True,
2023,Superior Court,Santa Barbara County Superior Court,Courtroom Services,Judicial Assistant III,False,True,,60639,72442,,69325,200,3393,1320,74238,26780,0,0,10395,37175,2% @ 57,www.santabarbara.courts.ca.gov/general-informaion/human-resources,,08/06/2024,Santa Barbara,,True,
2023,Superior Court,Santa Barbara County Superior Court,Courtroom Services,Judicial Assistant III,False,True,,60639,72442,,69525,299,4216,0,74040,25773,0,0,49090,74863,2% @ 57,www.santabarbara.courts.ca.gov/general-informaion/human-resources,,08/06/2024,Santa Barbara,,True,
2023,Superior Court,Santa Barbara County Superior Court,Courtroom Services,Judicial Services Supervisor,False,True,,69898,83649,,71624,241,2000,0,73865,27097,0,0,10483,37580,2% @ 57,www.santabarbara.courts.ca.gov/general-informaion/human-resources,,08/06/2024,Santa Barbara,,True,
2023,Superior Court,Santa Barbara County Superior Court,Courtroom Services,Judicial Assistant III,False,True,,60639,72442,,69725,648,2000,1320,73693,26318,0,0,10395,36713,2% @ 57,www.santabarbara.courts.ca.gov/general-informaion/human-resources,,08/06/2024,Santa Barbara,,True,
2023,Superior Court,Santa Barbara County Superior Court,Court Services,Judicial Secretary,False,True,,60382,72055,,68081,105,2000,3398,73584,23283,0,0,10032,33315,2% @ 62,www.santabarbara.courts.ca.gov/general-informaion/human-resources,,08/06/2024,Santa Barbara,,True,
2023,Superior Court,Santa Barbara County Superior Court,Court Services,Judicial Secretary,False,True,,60382,72055,,70037,0,2000,1320,73357,23242,0,0,10483,33725,2% @ 62,www.santabarbara.courts.ca.gov/general-informaion/human-resources,,08/06/2024,Santa Barbara,,True,
2023,Superior Court,Santa Barbara County Superior Court,Courtroom Services,Judicial Assistant III,False,True,,60639,72442,,69325,224,3327,0,72876,26270,0,0,10483,36753,2% @ 57,www.santabarbara.courts.ca.gov/general-informaion/human-resources,,08/06/2024,Santa Barbara,,True,
2023,Superior Court,Santa Barbara County Superior Court,Traffic,Judicial Assistant III,False,True,,58856,70311,,68542,792,2000,1320,72654,25973,0,0,10483,36456,2% @ 57,www.santabarbara.courts.ca.gov/general-informaion/human-resources,,08/06/2024,Santa Barbara,,True,
2023,Superior Court,Santa Barbara County Superior Court,Courtroom Services,Judicial Assistant III,False,True,,60639,72442,,69125,0,2000,1320,72445,26318,0,0,15312,41630,2% @ 57,www.santabarbara.courts.ca.gov/general-informaion/human-resources,,08/06/2024,Santa Barbara,,True,
2023,Superior Court,Santa Barbara County Superior Court,Courtroom Services,Official Court Reporter,False,True,,89110,107187,,63111,0,6600,2550,72261,24306,0,0,8386,32692,2% @ 57,www.santabarbara.courts.ca.gov/general-informaion/human-resources,,08/06/2024,Santa Barbara,,True,
2023,Superior Court,Santa Barbara County Superior Court,Records,Judicial Assistant II,False,True,,50769,60439,,58747,11152,2000,0,71899,21903,0,0,10483,32386,2% @ 57,www.santabarbara.courts.ca.gov/general-informaion/human-resources,,08/06/2024,Santa Barbara,,True,
2023,Superior Court,Santa Barbara County Superior Court,Court Services,Judicial Secretary,False,True,,60382,72055,,69768,0,2000,0,71768,26113,0,0,23769,49882,2% @ 57,www.santabarbara.courts.ca.gov/general-informaion/human-resources,,08/06/2024,Santa Barbara,,True,
2023,Superior Court,Santa Barbara County Superior Court,Criminal,Judicial Assistant III,False,True,,58856,70311,,68742,1009,2000,0,71751,25481,0,0,10483,35964,2% @ 57,www.santabarbara.courts.ca.gov/general-informaion/human-resources,,08/06/2024,Santa Barbara,,True,
2023,Superior Court,Santa Barbara County Superior Court,Courtroom Services,Judicial Assistant III,False,True,,60639,72442,,69125,498,2000,0,71623,25773,0,0,10483,36256,2% @ 57,www.santabarbara.courts.ca.gov/general-informaion/human-resources,,08/06/2024,Santa Barbara,,True,
2023,Superior Court,Santa Barbara County Superior Court,Courtroom Services,Judicial Assistant III,False,True,,60639,72442,,68859,418,2000,0,71277,22515,0,0,10483,32998,2% @ 62,www.santabarbara.courts.ca.gov/general-informaion/human-resources,,08/06/2024,Santa Barbara,,True,
2023,Superior Court,Santa Barbara County Superior Court,Courtroom Services,Judicial Assistant III,False,True,,60639,72442,,69125,149,2000,0,71274,17132,0,0,23769,40901,2% @ 57,www.santabarbara.courts.ca.gov/general-informaion/human-resources,,08/06/2024,Santa Barbara,,True,
2023,Superior Court,Santa Barbara County Superior Court,Courtroom Services,Judicial Assistant III,False,True,,60639,72442,,69125,50,2000,0,71175,25773,0,0,10483,36256,2% @ 57,www.santabarbara.courts.ca.gov/general-informaion/human-resources,,08/06/2024,Santa Barbara,,True,
2023,Superior Court,Santa Barbara County Superior Court,Courtroom Services,Judicial Assistant III,False,True,,60639,72442,,69125,25,2000,0,71150,25825,0,0,10395,36220,2% @ 57,www.santabarbara.courts.ca.gov/general-informaion/human-resources,,08/06/2024,Santa Barbara,,True,
2023,Superior Court,Santa Barbara County Superior Court,Courtroom Services,Judicial Assistant III,False,True,,60639,72442,,69125,0,2000,0,71125,25773,0,0,10395,36168,2% @ 57,www.santabarbara.courts.ca.gov/general-informaion/human-resources,,08/06/2024,Santa Barbara,,True,
2023,Superior Court,Santa Barbara County Superior Court,Courtroom Services,Judicial Assistant III,False,True,,60639,72442,,68378,209,2000,0,70587,22515,0,0,10483,32998,2% @ 62,www.santabarbara.courts.ca.gov/general-informaion/human-resources,,08/06/2024,Santa Barbara,,True,
2023,Superior Court,Santa Barbara County Superior Court,Records,Docuimaging Technician,False,True,,58856,70311,,68342,0,2000,0,70342,25481,0,0,12897,38378,2% @ 57,www.santabarbara.courts.ca.gov/general-informaion/human-resources,,08/06/2024,Santa Barbara,,True,
2023,Superior Court,Santa Barbara County Superior Court,Finance,Account Technician,False,True,,57576,68758,,66822,0,3284,0,70106,25389,0,0,10483,35872,2% @ 57,www.santabarbara.courts.ca.gov/general-informaion/human-resources,,08/06/2024,Santa Barbara,,True,
2023,Superior Court,Santa Barbara County Superior Court,Courtroom Services,Judicial Assistant III,False,True,,60639,72442,,66826,0,2000,0,68826,24922,0,0,10483,35405,2% @ 57,www.santabarbara.courts.ca.gov/general-informaion/human-resources,,08/06/2024,Santa Barbara,,True,
2023,Superior Court,Santa Barbara County Superior Court,Finance,Account Technician,False,True,,57576,68758,,66822,0,2000,0,68822,24914,0,0,23769,48683,2% @ 57,www.santabarbara.courts.ca.gov/general-informaion/human-resources,,08/06/2024,Santa Barbara,,True,
2023,Superior Court,Santa Barbara County Superior Court,Family Services,Judicial Assistant III,False,True,,58856,70311,,64250,0,3200,1320,68770,24895,0,0,10483,35378,2% @ 57,www.santabarbara.courts.ca.gov/general-informaion/human-resources,,08/06/2024,Santa Barbara,,True,
2023,Superior Court,Santa Barbara County Superior Court,Courtroom Services,Judicial Assistant III,False,True,,60639,72442,,66680,79,2000,0,68759,21719,0,0,10483,32202,2% @ 62,www.santabarbara.courts.ca.gov/general-informaion/human-resources,,08/06/2024,Santa Barbara,,True,
2023,Superior Court,Santa Barbara County Superior Court,Civil,Judicial Assistant III,False,True,,58856,70311,,64850,198,2000,1120,68168,24588,0,0,15312,39900,2% @ 57,www.santabarbara.courts.ca.gov/general-informaion/human-resources,,08/06/2024,Santa Barbara,,True,
2023,Superior Court,Santa Barbara County Superior Court,Courtroom Services,Judicial Assistant III,False,True,,60639,72442,,64851,153,2000,950,67954,24526,0,0,10395,34921,2% @ 62,www.santabarbara.courts.ca.gov/general-informaion/human-resources,,08/06/2024,Santa Barbara,,True,
2023,Superior Court,Santa Barbara County Superior Court,Human Resources,Human Resources Technician,False,True,,63148,75549,,65188,643,2000,0,67831,21346,0,0,10483,31829,2% @ 62,www.santabarbara.courts.ca.gov/general-informaion/human-resources,,08/06/2024,Santa Barbara,,True,
2023,Superior Court,Santa Barbara County Superior Court,Courtroom Services,Judicial Assistant III,False,True,,60639,72442,,65282,52,2000,0,67334,21245,0,0,15312,36557,2% @ 62,www.santabarbara.courts.ca.gov/general-informaion/human-resources,,08/06/2024,Santa Barbara,,True,
2023,Superior Court,Santa Barbara County Superior Court,Courtroom Services,Judicial Assistant III,False,True,,60639,72442,,63550,227,2000,0,65777,20700,0,0,10483,31183,2% @ 62,www.santabarbara.courts.ca.gov/general-informaion/human-resources,,08/06/2024,Santa Barbara,,True,
2023,Superior Court,Santa Barbara County Superior Court,Family Services,Judicial Assistant III,False,True,,58856,70311,,62112,78,2000,1320,65510,23645,0,0,10483,34128,2% @ 62,www.santabarbara.courts.ca.gov/general-informaion/human-resources,,08/06/2024,Santa Barbara,,True,
2023,Superior Court,Santa Barbara County Superior Court,Courtroom Services,Judicial Assistant III,False,True,,60639,72442,,63434,0,2000,0,65434,20661,0,0,10483,31144,2% @ 62,www.santabarbara.courts.ca.gov/general-informaion/human-resources,,08/06/2024,Santa Barbara,,True,
2023,Superior Court,Santa Barbara County Superior Court,Courtroom Services,Judicial Assistant III,False,True,,60639,72442,,62179,0,2000,1170,65349,23625,0,0,10483,34108,2% @ 57,www.santabarbara.courts.ca.gov/general-informaion/human-resources,,08/06/2024,Santa Barbara,,True,
2023,Superior Court,Santa Barbara County Superior Court,Courtroom Services,Judicial Services Supervisor,False,True,,69898,83649,,57945,5375,2000,0,65320,22308,0,0,10483,32791,2% @ 57,www.santabarbara.courts.ca.gov/general-informaion/human-resources,,08/06/2024,Santa Barbara,,True,
2023,Superior Court,Santa Barbara County Superior Court,Juvenile,Judicial Assistant II,False,True,,50769,60439,,58747,1937,3128,1320,65132,22819,0,0,23769,46588,2% @ 57,www.santabarbara.courts.ca.gov/general-informaion/human-resources,,08/06/2024,Santa Barbara,,True,
2023,Superior Court,Santa Barbara County Superior Court,Fiscal-County Funded,Collections Representative,False,True,,63432,83222,,61656,0,2000,1320,64976,20512,0,0,10483,30995,2% @ 62,www.santabarbara.courts.ca.gov/general-informaion/human-resources,,08/06/2024,Santa Barbara,,True,
2023,Superior Court,Santa Barbara County Superior Court,Courtroom Services,Judicial Assistant III,False,True,,60639,72442,,62965,0,2000,0,64965,20515,0,0,23318,43833,2% @ 62,www.santabarbara.courts.ca.gov/general-informaion/human-resources,,08/06/2024,Santa Barbara,,True,
2023,Superior Court,Santa Barbara County Superior Court,Family Services,Family Custody Mediator,False,True,,90990,109329,,63760,0,1200,0,64960,20768,0,0,271,21039,2% @ 62,www.santabarbara.courts.ca.gov/general-informaion/human-resources,,08/06/2024,Santa Barbara,,True,
2023,Superior Court,Santa Barbara County Superior Court,Courtroom Services,Judicial Assistant III,False,True,,60639,72442,,62897,0,2000,0,64897,20487,0,0,0,20487,2% @ 62,www.santabarbara.courts.ca.gov/general-informaion/human-resources,,08/06/2024,Santa Barbara,,True,
2023,Superior Court,Santa Barbara County Superior Court,Criminal,Judicial Assistant II,False,True,,50769,60439,,61261,0,2000,1320,64581,20478,0,0,9307,29785,2% @ 62,www.santabarbara.courts.ca.gov/general-informaion/human-resources,,08/06/2024,Santa Barbara,,True,
2023,Superior Court,Santa Barbara County Superior Court,Courtroom Services,Judicial Assistant III,False,True,,60639,72442,,61532,374,2000,0,63906,20043,0,0,23681,43724,2% @ 62,www.santabarbara.courts.ca.gov/general-informaion/human-resources,,08/06/2024,Santa Barbara,,True,
2023,Superior Court,Santa Barbara County Superior Court,Family Services,Family Court Services Assistant,False,True,,52123,62136,,60395,0,2000,1320,63715,20102,0,0,10483,30585,2% @ 62,www.santabarbara.courts.ca.gov/general-informaion/human-resources,,08/06/2024,Santa Barbara,,True,
2023,Superior Court,Santa Barbara County Superior Court,Court Services,Probate Examiner,False,True,,74259,90263,,58842,208,4141,0,63191,19147,0,0,7862,27009,2% @ 62,www.santabarbara.courts.ca.gov/general-informaion/human-resources,,08/06/2024,Santa Barbara,,True,
2023,Superior Court,Santa Barbara County Superior Court,Courtroom Services,Judicial Assistant III,False,True,,60639,72442,,61006,78,2000,0,63084,19872,0,0,10483,30355,2% @ 62,www.santabarbara.courts.ca.gov/general-informaion/human-resources,,08/06/2024,Santa Barbara,,True,
2023,Superior Court,Santa Barbara County Superior Court,Criminal,Judicial Assistant III,False,True,,58856,70311,,59577,0,2000,1320,62897,23037,0,0,23769,46806,2% @ 57,www.santabarbara.courts.ca.gov/general-informaion/human-resources,,08/06/2024,Santa Barbara,,True,
2023,Superior Court,Santa Barbara County Superior Court,Court Services,Judicial Secretary,False,True,,60382,72055,,60616,66,2000,0,62682,19744,0,0,15312,35056,2% @ 62,www.santabarbara.courts.ca.gov/general-informaion/human-resources,,08/06/2024,Santa Barbara,,True,
2023,Superior Court,Santa Barbara County Superior Court,Courtroom Services,Judicial Assistant III,False,True,,60639,72442,,60484,187,2000,0,62671,19698,0,0,10483,30181,2% @ 62,www.santabarbara.courts.ca.gov/general-informaion/human-resources,,08/06/2024,Santa Barbara,,True,
2023,Superior Court,Santa Barbara County Superior Court,Criminal,Judicial Assistant II,False,True,,50769,60439,,59147,128,2000,1320,62595,22395,0,0,23318,45713,2% @ 57,www.santabarbara.courts.ca.gov/general-informaion/human-resources,,08/06/2024,Santa Barbara,,True,
2023,Superior Court,Santa Barbara County Superior Court,Court Services,Judicial Assistant III,False,True,,58856,70311,,59248,25,2000,1320,62593,19729,0,0,10483,30212,2% @ 62,www.santabarbara.courts.ca.gov/general-informaion/human-resources,,08/06/2024,Santa Barbara,,True,
2023,Superior Court,Santa Barbara County Superior Court,Civil,Judicial Assistant II,False,True,,50769,60439,,58747,347,2000,1270,62364,22423,0,0,10395,32818,2% @ 57,www.santabarbara.courts.ca.gov/general-informaion/human-resources,,08/06/2024,Santa Barbara,,True,
2023,Superior Court,Santa Barbara County Superior Court,Fiscal-County Funded,Collections Representative,False,True,,63432,83222,,60099,0,2000,0,62099,22397,0,0,10395,32792,2% @ 57,www.santabarbara.courts.ca.gov/general-informaion/human-resources,,08/06/2024,Santa Barbara,,True,
2023,Superior Court,Santa Barbara County Superior Court,Courtroom Services,Judicial Assistant III,False,True,,60639,72442,,59774,312,2000,0,62086,19470,0,0,15312,34782,2% @ 62,www.santabarbara.courts.ca.gov/general-informaion/human-resources,,08/06/2024,Santa Barbara,,True,
2023,Superior Court,Santa Barbara County Superior Court,Civil,Judicial Assistant II,False,True,,50769,60439,,58747,0,2000,1320,62067,22395,0,0,10395,32790,2% @ 57,www.santabarbara.courts.ca.gov/general-informaion/human-resources,,08/06/2024,Santa Barbara,,True,
2023,Superior Court,Santa Barbara County Superior Court,Records,Judicial Assistant II,False,True,,50769,60439,,58747,0,2000,1320,62067,22395,0,0,10395,32790,2% @ 57,www.santabarbara.courts.ca.gov/general-informaion/human-resources,,08/06/2024,Santa Barbara,,True,
2023,Superior Court,Santa Barbara County Superior Court,Juvenile,Judicial Assistant II,False,True,,50769,60439,,58747,0,2000,1320,62067,19565,0,0,10483,30048,2% @ 62,www.santabarbara.courts.ca.gov/general-informaion/human-resources,,08/06/2024,Santa Barbara,,True,
2023,Superior Court,Santa Barbara County Superior Court,Courtroom Services,Judicial Assistant III,False,True,,60639,72442,,59573,482,2000,0,62055,19406,0,0,10032,29438,2% @ 62,www.santabarbara.courts.ca.gov/general-informaion/human-resources,,08/06/2024,Santa Barbara,,True,
2023,Superior Court,Santa Barbara County Superior Court,Criminal,Judicial Assistant II,False,True,,50769,60439,,59899,0,2000,0,61899,19509,0,0,10483,29992,2% @ 62,www.santabarbara.courts.ca.gov/general-informaion/human-resources,,08/06/2024,Santa Barbara,,True,
2023,Superior Court,Santa Barbara County Superior Court,Criminal,Judicial Assistant II,False,True,,50769,60439,,58521,0,2000,1320,61841,22395,0,0,23769,46164,2% @ 57,www.santabarbara.courts.ca.gov/general-informaion/human-resources,,08/06/2024,Santa Barbara,,True,
2023,Superior Court,Santa Barbara County Superior Court,Criminal,Judicial Assistant III,False,True,,58856,70311,,59004,781,2000,0,61785,19217,0,0,10483,29700,2% @ 57,www.santabarbara.courts.ca.gov/general-informaion/human-resources,,08/06/2024,Santa Barbara,,True,
2023,Superior Court,Santa Barbara County Superior Court,Court Services,Judicial Assistant II,False,True,,50769,60439,,59759,0,2000,0,61759,22278,0,0,10483,32761,2% @ 57,www.santabarbara.courts.ca.gov/general-informaion/human-resources,,08/06/2024,Santa Barbara,,True,
2023,Superior Court,Santa Barbara County Superior Court,Court Services,Judicial Assistant II,False,True,,50769,60439,,59147,0,2000,0,61147,21903,0,0,10395,32298,2% @ 57,www.santabarbara.courts.ca.gov/general-informaion/human-resources,,08/06/2024,Santa Barbara,,True,
2023,Superior Court,Santa Barbara County Superior Court,Criminal,Judicial Assistant II,False,True,,50769,60439,,58747,279,2000,0,61026,21903,0,0,15312,37215,2% @ 57,www.santabarbara.courts.ca.gov/general-informaion/human-resources,,08/06/2024,Santa Barbara,,True,
2023,Superior Court,Santa Barbara County Superior Court,Family Services,Family Court Services Assistant,False,True,,52123,62136,,57328,325,2000,1320,60973,19105,0,0,10395,29500,2% @ 57,www.santabarbara.courts.ca.gov/general-informaion/human-resources,,08/06/2024,Santa Barbara,,True,
2023,Superior Court,Santa Barbara County Superior Court,Criminal,Judicial Assistant II,False,True,,50769,60439,,58747,0,2000,0,60747,21948,0,0,10483,32431,2% @ 57,www.santabarbara.courts.ca.gov/general-informaion/human-resources,,08/06/2024,Santa Barbara,,True,
2023,Superior Court,Santa Barbara County Superior Court,Records,Judicial Assistant II,False,True,,50769,60439,,58747,0,2000,0,60747,21903,0,0,10032,31935,2% @ 57,www.santabarbara.courts.ca.gov/general-informaion/human-resources,,08/06/2024,Santa Barbara,,True,
2023,Superior Court,Santa Barbara County Superior Court,Criminal,Judicial Assistant II,False,True,,50769,60439,,58642,0,2000,0,60642,21909,0,0,10483,32392,2% @ 57,www.santabarbara.courts.ca.gov/general-informaion/human-resources,,08/06/2024,Santa Barbara,,True,
2023,Superior Court,Santa Barbara County Superior Court,Criminal,Judicial Assistant II,False,True,,50769,60439,,57240,0,2000,1320,60560,19074,0,0,10395,29469,2% @ 62,www.santabarbara.courts.ca.gov/general-informaion/human-resources,,08/06/2024,Santa Barbara,,True,
2023,Superior Court,Santa Barbara County Superior Court,Civil,Judicial Assistant II,False,True,,50769,60439,,58241,227,2000,0,60468,18984,0,0,10395,29379,2% @ 62,www.santabarbara.courts.ca.gov/general-informaion/human-resources,,08/06/2024,Santa Barbara,,True,
2023,Superior Court,Santa Barbara County Superior Court,Criminal,Judicial Assistant II,False,True,,50769,60439,,58242,85,2000,0,60327,21716,0,0,10483,32199,2% @ 57,www.santabarbara.courts.ca.gov/general-informaion/human-resources,,08/06/2024,Santa Barbara,,True,
2023,Superior Court,Santa Barbara County Superior Court,Juvenile,Judicial Assistant II,False,True,,50769,60439,,56315,755,2000,1020,60090,18613,0,0,10483,29096,2% @ 62,www.santabarbara.courts.ca.gov/general-informaion/human-resources,,08/06/2024,Santa Barbara,,True,
2023,Superior Court,Santa Barbara County Superior Court,Administration,Executive Assistant,False,True,,67521,80889,,57914,0,2000,0,59914,18842,0,0,15664,34506,2% @ 62,www.santabarbara.courts.ca.gov/general-informaion/human-resources,,08/06/2024,Santa Barbara,,True,
2023,Superior Court,Santa Barbara County Superior Court,Courtroom Services,Judicial Assistant III,False,True,,60639,72442,,57632,0,2000,250,59882,18855,0,0,10483,29338,2% @ 57,www.santabarbara.courts.ca.gov/general-informaion/human-resources,,08/06/2024,Santa Barbara,,True,
2023,Superior Court,Santa Barbara County Superior Court,Civil,Judicial Assistant III,False,True,,58856,70311,,56970,807,2000,0,59777,18557,0,0,10483,29040,2% @ 62,www.santabarbara.courts.ca.gov/general-informaion/human-resources,,08/06/2024,Santa Barbara,,True,
2023,Superior Court,Santa Barbara County Superior Court,Criminal,Judicial Assistant II,False,True,,50769,60439,,56787,0,2000,0,58787,18496,0,0,10483,28979,2% @ 62,www.santabarbara.courts.ca.gov/general-informaion/human-resources,,08/06/2024,Santa Barbara,,True,
2023,Superior Court,Santa Barbara County Superior Court,Court Services,Court Investigator,False,True,,80477,96695,,56715,0,2000,0,58715,18499,0,0,6552,25051,2% @ 62,www.santabarbara.courts.ca.gov/general-informaion/human-resources,,08/06/2024,Santa Barbara,,True,
2023,Superior Court,Santa Barbara County Superior Court,Civil,Judicial Assistant II,False,True,,50769,60439,,55569,1136,2000,0,58705,18100,0,0,10483,28583,2% @ 62,www.santabarbara.courts.ca.gov/general-informaion/human-resources,,08/06/2024,Santa Barbara,,True,
2023,Superior Court,Santa Barbara County Superior Court,Court Services,Judicial Secretary,False,True,,60382,72055,,56541,0,2000,0,58541,18424,0,0,9609,28033,2% @ 57,www.santabarbara.courts.ca.gov/general-informaion/human-resources,,08/06/2024,Santa Barbara,,True,
2023,Superior Court,Santa Barbara County Superior Court,Criminal,Judicial Assistant II,False,True,,50769,60439,,56329,0,2000,0,58329,18350,0,0,10483,28833,2% @ 62,www.santabarbara.courts.ca.gov/general-informaion/human-resources,,08/06/2024,Santa Barbara,,True,
2023,Superior Court,Santa Barbara County Superior Court,Criminal,Judicial Assistant II,False,True,,50769,60439,,55981,147,2000,0,58128,18235,0,0,451,18686,2% @ 62,www.santabarbara.courts.ca.gov/general-informaion/human-resources,,08/06/2024,Santa Barbara,,True,
2023,Superior Court,Santa Barbara County Superior Court,Criminal,Judicial Assistant II,False,True,,50769,60439,,56123,0,2000,0,58123,18280,0,0,10483,28763,2% @ 62,www.santabarbara.courts.ca.gov/general-informaion/human-resources,,08/06/2024,Santa Barbara,,True,
2023,Superior Court,Santa Barbara County Superior Court,Criminal,Judicial Assistant III,False,True,,58856,70311,,54095,462,2000,1120,57677,17981,0,0,15224,33205,2% @ 62,www.santabarbara.courts.ca.gov/general-informaion/human-resources,,08/06/2024,Santa Barbara,,True,
2023,Superior Court,Santa Barbara County Superior Court,Criminal,Judicial Assistant II,False,True,,50769,60439,,55107,0,2000,0,57107,17951,0,0,9307,27258,2% @ 62,www.santabarbara.courts.ca.gov/general-informaion/human-resources,,08/06/2024,Santa Barbara,,True,
2023,Superior Court,Santa Barbara County Superior Court,Fiscal-County Funded,Collections Representative,False,True,,63432,83222,,54931,0,2000,0,56931,17892,0,0,0,17892,2% @ 62,www.santabarbara.courts.ca.gov/general-informaion/human-resources,,08/06/2024,Santa Barbara,,True,
2023,Superior Court,Santa Barbara County Superior Court,Fiscal-County Funded,Collections Representative,False,True,,63432,83222,,53672,0,2000,1220,56892,17885,0,0,23769,41654,2% @ 62,www.santabarbara.courts.ca.gov/general-informaion/human-resources,,08/06/2024,Santa Barbara,,True,
2023,Superior Court,Santa Barbara County Superior Court,Fiscal-County Funded,Collections Representative,False,True,,63432,83222,,52938,0,2000,1220,56158,17643,0,0,15312,32955,2% @ 62,www.santabarbara.courts.ca.gov/general-informaion/human-resources,,08/06/2024,Santa Barbara,,True,
2023,Superior Court,Santa Barbara County Superior Court,Records,Judicial Assistant II,False,True,,50769,60439,,50695,2673,2000,0,55368,16515,0,0,10483,26998,2% @ 62,www.santabarbara.courts.ca.gov/general-informaion/human-resources,,08/06/2024,Santa Barbara,,True,
2023,Superior Court,Santa Barbara County Superior Court,Court Services,Judicial Assistant II,False,True,,50769,60439,,52585,0,2544,0,55129,17121,0,0,9609,26730,2% @ 62,www.santabarbara.courts.ca.gov/general-informaion/human-resources,,08/06/2024,Santa Barbara,,True,
2023,Superior Court,Santa Barbara County Superior Court,Civil,Judicial Assistant II,False,True,,50769,60439,,51731,0,2000,0,53731,16852,0,0,10483,27335,2% @ 62,www.santabarbara.courts.ca.gov/general-informaion/human-resources,,08/06/2024,Santa Barbara,,True,
2023,Superior Court,Santa Barbara County Superior Court,Civil,Judicial Assistant II,False,True,,50769,60439,,43081,618,8444,950,53093,16804,0,0,7796,24600,2% @ 57,www.santabarbara.courts.ca.gov/general-informaion/human-resources,,08/06/2024,Santa Barbara,,True,
2023,Superior Court,Santa Barbara County Superior Court,Civil,Judicial Assistant II,False,True,,50769,60439,,49514,157,2000,1200,52871,16517,0,0,10483,27000,2% @ 62,www.santabarbara.courts.ca.gov/general-informaion/human-resources,,08/06/2024,Santa Barbara,,True,
2023,Superior Court,Santa Barbara County Superior Court,Court Services,Court Investigator,False,True,,80477,96695,,28525,0,23919,0,52444,9262,0,0,2621,11883,2% @ 62,www.santabarbara.courts.ca.gov/general-informaion/human-resources,,08/06/2024,Santa Barbara,,True,
2023,Superior Court,Santa Barbara County Superior Court,Jury,Judicial Assistant I,False,True,,46406,55112,,46109,2148,2000,1220,51477,15411,0,0,10032,25443,2% @ 62,www.santabarbara.courts.ca.gov/general-informaion/human-resources,,08/06/2024,Santa Barbara,,True,
2023,Superior Court,Santa Barbara County Superior Court,Civil,Extra Help,False,True,,78898,94635,,51038,0,0,0,51038,0,0,0,0,0,N/A,www.santabarbara.courts.ca.gov/general-informaion/human-resources,,08/06/2024,Santa Barbara,,True,
2023,Superior Court,Santa Barbara County Superior Court,Criminal,Judicial Assistant I,False,True,,46406,55112,,47070,0,2000,1320,50390,15761,0,0,10483,26244,2% @ 62,www.santabarbara.courts.ca.gov/general-informaion/human-resources,,08/06/2024,Santa Barbara,,True,
2023,Superior Court,Santa Barbara County Superior Court,Civil,Judicial Assistant I,False,True,,46406,55112,,46255,1205,2000,0,49460,15111,0,0,10395,25506,2% @ 62,www.santabarbara.courts.ca.gov/general-informaion/human-resources,,08/06/2024,Santa Barbara,,True,
2023,Superior Court,Santa Barbara County Superior Court,Criminal,Judicial Assistant I,False,True,,46406,55112,,46724,715,2000,0,49439,15209,0,0,10483,25692,2% @ 62,www.santabarbara.courts.ca.gov/general-informaion/human-resources,,08/06/2024,Santa Barbara,,True,
2023,Superior Court,Santa Barbara County Superior Court,Criminal,Judicial Assistant I,False,True,,46406,55112,,46391,520,2000,0,48911,15111,0,0,10483,25594,2% @ 62,www.santabarbara.courts.ca.gov/general-informaion/human-resources,,08/06/2024,Santa Barbara,,True,
2023,Superior Court,Santa Barbara County Superior Court,Criminal,Judicial Assistant I,False,True,,46406,55112,,46291,552,2000,0,48843,15184,0,0,0,15184,2% @ 62,www.santabarbara.courts.ca.gov/general-informaion/human-resources,,08/06/2024,Santa Barbara,,True,
2023,Superior Court,Santa Barbara County Superior Court,Criminal,Judicial Assistant I,False,True,,46406,55112,,46703,0,2000,0,48703,15212,0,0,10483,25695,2% @ 62,www.santabarbara.courts.ca.gov/general-informaion/human-resources,,08/06/2024,Santa Barbara,,True,
2023,Superior Court,Santa Barbara County Superior Court,Courtroom Services,Judicial Services Supervisor Senior,False,True,,78898,94635,,27983,0,20253,0,48236,10483,0,0,3828,14311,2% @ 57,www.santabarbara.courts.ca.gov/general-informaion/human-resources,,08/06/2024,Santa Barbara,,True,
2023,Superior Court,Santa Barbara County Superior Court,Criminal,Judicial Assistant I,False,True,,46406,55112,,46089,136,2000,0,48225,15013,0,0,10483,25496,2% @ 62,www.santabarbara.courts.ca.gov/general-informaion/human-resources,,08/06/2024,Santa Barbara,,True,
2023,Superior Court,Santa Barbara County Superior Court,Courtroom Services,Judicial Assistant III,False,True,,60639,72442,,46726,0,1390,0,48116,15204,0,0,7796,23000,2% @ 62,www.santabarbara.courts.ca.gov/general-informaion/human-resources,,08/06/2024,Santa Barbara,,True,
2023,Superior Court,Santa Barbara County Superior Court,Records,Judicial Assistant I,False,True,,46406,55112,,46107,0,2000,0,48107,15018,0,0,9307,24325,2% @ 62,www.santabarbara.courts.ca.gov/general-informaion/human-resources,,08/06/2024,Santa Barbara,,True,
2023,Superior Court,Santa Barbara County Superior Court,Criminal,Judicial Assistant II,False,True,,50769,60439,,45455,0,2000,0,47455,14817,0,0,10395,25212,2% @ 62,www.santabarbara.courts.ca.gov/general-informaion/human-resources,,08/06/2024,Santa Barbara,,True,
2023,Superior Court,Santa Barbara County Superior Court,Criminal,Judicial Assistant I,False,True,,46406,55112,,43162,0,2000,0,45162,14054,0,0,10483,24537,2% @ 62,www.santabarbara.courts.ca.gov/general-informaion/human-resources,,08/06/2024,Santa Barbara,,True,
2023,Superior Court,Santa Barbara County Superior Court,Courtroom Services,Judicial Assistant III,False,True,,60639,72442,,42679,0,2397,0,45076,13884,0,0,7862,21746,2% @ 57,www.santabarbara.courts.ca.gov/general-informaion/human-resources,,08/06/2024,Santa Barbara,,True,
2023,Superior Court,Santa Barbara County Superior Court,Civil,Judicial Assistant I,False,True,,46406,55112,,42386,11,2000,0,44397,13810,0,0,9609,23419,2% @ 62,www.santabarbara.courts.ca.gov/general-informaion/human-resources,,08/06/2024,Santa Barbara,,True,
2023,Superior Court,Santa Barbara County Superior Court,Criminal,Judicial Services Supervisor Senior,False,True,,78898,94635,,27917,0,14229,350,42496,11269,0,0,2621,13890,2% @ 57,www.santabarbara.courts.ca.gov/general-informaion/human-resources,,08/06/2024,Santa Barbara,,True,
2023,Superior Court,Santa Barbara County Superior Court,Courtroom Services,Judicial Assistant III,False,True,,60639,72442,,41349,0,973,0,42322,13449,0,0,6930,20379,2% @ 62,www.santabarbara.courts.ca.gov/general-informaion/human-resources,,08/06/2024,Santa Barbara,,True,
2023,Superior Court,Santa Barbara County Superior Court,Courtroom Services,Extra Help,False,True,,106854,128694,,41906,0,0,0,41906,0,0,0,0,0,N/A,www.santabarbara.courts.ca.gov/general-informaion/human-resources,,08/06/2024,Santa Barbara,,True,
2023,Superior Court,Santa Barbara County Superior Court,Judge's Retire System Member,"Judge, Superior Court",True,True,,228979,238479,,40763,0,0,0,40763,0,0,0,1508,1508,Judicial Retirement System,www.santabarbara.courts.ca.gov/general-informaion/human-resources,,08/06/2024,Santa Barbara,,True,
2023,Superior Court,Santa Barbara County Superior Court,Courtroom Services,Judicial Services Supervisor Senior,False,True,,78898,94635,,27917,0,12206,350,40473,10606,0,0,3828,14434,2% @ 57,www.santabarbara.courts.ca.gov/general-informaion/human-resources,,08/06/2024,Santa Barbara,,True,
2023,Superior Court,Santa Barbara County Superior Court,Court Services,Judicial Assistant III,False,True,,58856,70311,,37092,0,3200,0,40292,13892,0,0,0,13892,2% @ 57,www.santabarbara.courts.ca.gov/general-informaion/human-resources,,08/06/2024,Santa Barbara,,True,
2023,Superior Court,Santa Barbara County Superior Court,Criminal,Judicial Assistant II,False,True,,50769,60439,,37230,0,2000,450,39680,12277,0,0,23769,36046,2% @ 62,www.santabarbara.courts.ca.gov/general-informaion/human-resources,,08/06/2024,Santa Barbara,,True,
2023,Superior Court,Santa Barbara County Superior Court,Human Resources,Human Resources Technician,False,True,,63148,75549,,36744,92,2049,700,39585,12188,0,0,8932,21120,2% @ 62,www.santabarbara.courts.ca.gov/general-informaion/human-resources,,08/06/2024,Santa Barbara,,True,
2023,Superior Court,Santa Barbara County Superior Court,Family Services,Judicial Assistant III,False,True,,58856,70311,,35374,0,3054,800,39228,11753,0,0,6115,17868,2% @ 62,www.santabarbara.courts.ca.gov/general-informaion/human-resources,,08/06/2024,Santa Barbara,,True,
2023,Superior Court,Santa Barbara County Superior Court,Courtroom Services,Judicial Assistant III,False,True,,60639,72442,,36454,0,2000,550,39004,12069,0,0,7862,19931,2% @ 62,www.santabarbara.courts.ca.gov/general-informaion/human-resources,,08/06/2024,Santa Barbara,,True,
2023,Superior Court,Santa Barbara County Superior Court,Juvenile,Judicial Assistant I,False,True,,46406,55112,,36955,0,2000,0,38955,12023,0,0,10483,22506,2% @ 62,www.santabarbara.courts.ca.gov/general-informaion/human-resources,,08/06/2024,Santa Barbara,,True,
2023,Superior Court,Santa Barbara County Superior Court,Criminal,Judicial Assistant II,False,True,,50769,60439,,33966,0,2000,870,36836,11367,0,0,0,11367,2% @ 57,www.santabarbara.courts.ca.gov/general-informaion/human-resources,,08/06/2024,Santa Barbara,,True,
2023,Superior Court,Santa Barbara County Superior Court,Jury,Judicial Assistant I,False,True,,46406,55112,,34165,150,2000,0,36315,11122,0,0,10483,21605,2% @ 62,www.santabarbara.courts.ca.gov/general-informaion/human-resources,,08/06/2024,Santa Barbara,,True,
2023,Superior Court,Santa Barbara County Superior Court,Civil,Judicial Assistant I,False,True,,46406,55112,,32760,0,2000,920,35680,10982,0,0,11484,22466,2% @ 62,www.santabarbara.courts.ca.gov/general-informaion/human-resources,,08/06/2024,Santa Barbara,,True,
2023,Superior Court,Santa Barbara County Superior Court,Criminal,Judicial Assistant III,False,True,,58856,70311,,33171,0,2000,0,35171,10814,0,0,23769,34583,2% @ 62,www.santabarbara.courts.ca.gov/general-informaion/human-resources,,08/06/2024,Santa Barbara,,True,
2023,Superior Court,Santa Barbara County Superior Court,Jury,Security Worker,False,True,,40036,47160,,32566,17,1500,0,34083,0,0,0,338,338,N/A,www.santabarbara.courts.ca.gov/general-informaion/human-resources,,08/06/2024,Santa Barbara,,True,
2023,Superior Court,Santa Barbara County Superior Court,Criminal,Judicial Assistant II,False,True,,50769,60439,,30891,0,2000,670,33561,11625,0,0,10395,22020,2% @ 57,www.santabarbara.courts.ca.gov/general-informaion/human-resources,,08/06/2024,Santa Barbara,,True,
2023,Superior Court,Santa Barbara County Superior Court,Judge's Retire System Member,"Judge, Superior Court",True,True,,228979,238479,,33563,0,0,-129,33434,0,0,0,3025,3025,Judicial Retirement System,www.santabarbara.courts.ca.gov/general-informaion/human-resources,,08/06/2024,Santa Barbara,,True,
2023,Superior Court,Santa Barbara County Superior Court,Courtroom Services,Judicial Assistant III,False,True,,60639,72442,,26535,0,6610,0,33145,9956,0,0,5104,15060,2% @ 57,www.santabarbara.courts.ca.gov/general-informaion/human-resources,,08/06/2024,Santa Barbara,,True,
2023,Superior Court,Santa Barbara County Superior Court,Criminal,Judicial Assistant I,False,True,,46406,55112,,29815,0,2000,0,31815,9727,0,0,9570,19297,2% @ 62,www.santabarbara.courts.ca.gov/general-informaion/human-resources,,08/06/2024,Santa Barbara,,True,
2023,Superior Court,Santa Barbara County Superior Court,Jury,Judicial Services Supervisor Senior,False,True,,78898,94635,,28414,245,2000,0,30659,9288,0,0,5104,14392,2% @ 62,www.santabarbara.courts.ca.gov/general-informaion/human-resources,,08/06/2024,Santa Barbara,,True,
2023,Superior Court,Santa Barbara County Superior Court,Civil,Judicial Assistant I,False,True,,46406,55112,,28551,0,2000,0,30551,9317,0,0,6552,15869,2% @ 62,www.santabarbara.courts.ca.gov/general-informaion/human-resources,,08/06/2024,Santa Barbara,,True,
2023,Superior Court,Santa Barbara County Superior Court,Courtroom Services,Judicial Assistant III,False,True,,60639,72442,,27096,632,2047,0,29775,8798,0,0,5197,13995,2% @ 62,www.santabarbara.courts.ca.gov/general-informaion/human-resources,,08/06/2024,Santa Barbara,,True,
2023,Superior Court,Santa Barbara County Superior Court,Courtroom Services,Official Court Reporter,False,True,,89110,107187,,6989,0,22350,349,29688,2756,0,0,3828,6584,2% @ 57,www.santabarbara.courts.ca.gov/general-informaion/human-resources,,08/06/2024,Santa Barbara,,True,
2023,Superior Court,Santa Barbara County Superior Court,Criminal,Judicial Assistant II,False,True,,50769,60439,,23709,0,2000,470,26179,9004,0,0,10483,19487,2% @ 57,www.santabarbara.courts.ca.gov/general-informaion/human-resources,,08/06/2024,Santa Barbara,,True,
2023,Superior Court,Santa Barbara County Superior Court,Courtroom Services,Judicial Assistant III,False,True,,60639,72442,,23796,160,2000,0,25956,7779,0,0,6380,14159,2% @ 62,www.santabarbara.courts.ca.gov/general-informaion/human-resources,,08/06/2024,Santa Barbara,,True,
2023,Superior Court,Santa Barbara County Superior Court,Courtroom Services,Judicial Assistant III,False,True,,60639,72442,,23099,22,2000,0,25121,7551,0,0,4368,11919,2% @ 57,www.santabarbara.courts.ca.gov/general-informaion/human-resources,,08/06/2024,Santa Barbara,,True,
2023,Superior Court,Santa Barbara County Superior Court,Courtroom Services,Extra Help,False,True,,89110,107187,,25116,0,0,0,25116,0,0,377,0,377,N/A,www.santabarbara.courts.ca.gov/general-informaion/human-resources,,08/06/2024,Santa Barbara,,True,
2023,Superior Court,Santa Barbara County Superior Court,Courtroom Services,Judicial Assistant III,False,True,,60639,72442,,22251,42,2000,0,24293,7274,0,0,4368,11642,2% @ 57,www.santabarbara.courts.ca.gov/general-informaion/human-resources,,08/06/2024,Santa Barbara,,True,
2023,Superior Court,Santa Barbara County Superior Court,Civil,Judicial Assistant I,False,True,,46406,55112,,20846,0,2000,0,22846,6815,0,0,5241,12056,2% @ 62,www.santabarbara.courts.ca.gov/general-informaion/human-resources,,08/06/2024,Santa Barbara,,True,
2023,Superior Court,Santa Barbara County Superior Court,Civil,Judicial Assistant I,False,True,,46406,55112,,20500,33,2000,0,22533,6701,0,0,5241,11942,2% @ 62,www.santabarbara.courts.ca.gov/general-informaion/human-resources,,08/06/2024,Santa Barbara,,True,
2023,Superior Court,Santa Barbara County Superior Court,Jury,Judicial Assistant I,False,True,,46406,55112,,20288,162,2000,0,22450,6632,0,0,5241,11873,2% @ 62,www.santabarbara.courts.ca.gov/general-informaion/human-resources,,08/06/2024,Santa Barbara,,True,
2023,Superior Court,Santa Barbara County Superior Court,Courtroom Services,Judicial Assistant III,False,True,,60639,72442,,16922,0,3758,531,21211,4182,0,0,1732,5914,2% @ 57,www.santabarbara.courts.ca.gov/general-informaion/human-resources,,08/06/2024,Santa Barbara,,True,
2023,Superior Court,Santa Barbara County Superior Court,Criminal,Judicial Assistant I,False,True,,46406,55112,,19059,455,1247,0,20761,6188,0,0,4368,10556,2% @ 62,www.santabarbara.courts.ca.gov/general-informaion/human-resources,,08/06/2024,Santa Barbara,,True,
2023,Superior Court,Santa Barbara County Superior Court,Legal Research,Extra Help,False,True,,129790,156607,,19975,0,0,0,19975,0,0,300,0,300,N/A,www.santabarbara.courts.ca.gov/general-informaion/human-resources,,08/06/2024,Santa Barbara,,True,
2023,Superior Court,Santa Barbara County Superior Court,Courtroom Services,Extra Help,False,True,,89110,107187,,18721,0,0,0,18721,0,0,281,0,281,N/A,www.santabarbara.courts.ca.gov/general-informaion/human-resources,,08/06/2024,Santa Barbara,,True,
2023,Superior Court,Santa Barbara County Superior Court,Criminal,Extra Help,False,True,,50769,60439,,18531,0,0,0,18531,0,0,0,0,0,N/A,www.santabarbara.courts.ca.gov/general-informaion/human-resources,,08/06/2024,Santa Barbara,,True,
2023,Superior Court,Santa Barbara County Superior Court,Jury,Judicial Assistant I,False,True,,46406,55112,,15635,72,2000,420,18127,5248,0,0,3494,8742,2% @ 62,www.santabarbara.courts.ca.gov/general-informaion/human-resources,,08/06/2024,Santa Barbara,,True,
2023,Superior Court,Santa Barbara County Superior Court,Civil,Judicial Assistant I,False,True,,46406,55112,,15648,0,2000,0,17648,5115,0,0,3494,8609,2% @ 62,www.santabarbara.courts.ca.gov/general-informaion/human-resources,,08/06/2024,Santa Barbara,,True,
2023,Superior Court,Santa Barbara County Superior Court,Criminal,Extra Help,False,True,,50769,60439,,17533,0,0,0,17533,0,0,0,0,0,N/A,www.santabarbara.courts.ca.gov/general-informaion/human-resources,,08/06/2024,Santa Barbara,,True,
2023,Superior Court,Santa Barbara County Superior Court,Human Resources,Human Resources Technician,False,True,,63148,75549,,15398,128,2000,0,17526,5034,0,0,2621,7655,2% @ 62,www.santabarbara.courts.ca.gov/general-informaion/human-resources,,08/06/2024,Santa Barbara,,True,
2023,Superior Court,Santa Barbara County Superior Court,Criminal,Judicial Assistant I,False,True,,46406,55112,,13915,0,2000,0,15915,4549,0,0,3465,8014,2% @ 62,www.santabarbara.courts.ca.gov/general-informaion/human-resources,,08/06/2024,Santa Barbara,,True,
2023,Superior Court,Santa Barbara County Superior Court,Jury,Judicial Assistant II,False,True,,50769,60439,,4514,0,11228,0,15742,1466,0,0,790,2256,2% @ 62,www.santabarbara.courts.ca.gov/general-informaion/human-resources,,08/06/2024,Santa Barbara,,True,
2023,Superior Court,Santa Barbara County Superior Court,Jury,Judicial Assistant I,False,True,,46406,55112,,14521,227,779,0,15527,4715,0,0,3494,8209,2% @ 62,www.santabarbara.courts.ca.gov/general-informaion/human-resources,,08/06/2024,Santa Barbara,,True,
2023,Superior Court,Santa Barbara County Superior Court,Courtroom Services,Judicial Assistant III,False,True,,60639,72442,,14221,0,800,0,15021,4617,0,0,0,4617,2% @ 62,www.santabarbara.courts.ca.gov/general-informaion/human-resources,,08/06/2024,Santa Barbara,,True,
2023,Superior Court,Santa Barbara County Superior Court,Courtroom Services,Extra Help,False,True,,101213,108298,,14913,0,0,0,14913,0,0,0,0,0,N/A,www.santabarbara.courts.ca.gov/general-informaion/human-resources,,08/06/2024,Santa Barbara,,True,
2023,Superior Court,Santa Barbara County Superior Court,Criminal,Judicial Assistant II,False,True,,50769,60439,,13541,0,678,0,14219,5081,0,0,2621,7702,2% @ 57,www.santabarbara.courts.ca.gov/general-informaion/human-resources,,08/06/2024,Santa Barbara,,True,
2023,Superior Court,Santa Barbara County Superior Court,Civil,Judicial Assistant I,False,True,,46406,55112,,12823,0,593,0,13416,4164,0,0,0,4164,2% @ 62,www.santabarbara.courts.ca.gov/general-informaion/human-resources,,08/06/2024,Santa Barbara,,True,
2023,Superior Court,Santa Barbara County Superior Court,Courtroom Services,Extra Help,False,True,,89110,107187,,13132,0,0,0,13132,0,0,0,0,0,N/A,www.santabarbara.courts.ca.gov/general-informaion/human-resources,,08/06/2024,Santa Barbara,,True,
2023,Superior Court,Santa Barbara County Superior Court,Jury,Judicial Assistant I,False,True,,46406,55112,,12472,0,577,0,13049,4050,0,0,2621,6671,2% @ 62,www.santabarbara.courts.ca.gov/general-informaion/human-resources,,08/06/2024,Santa Barbara,,True,
2023,Superior Court,Santa Barbara County Superior Court,Criminal,Judicial Assistant I,False,True,,46406,55112,,9531,0,468,0,9999,2602,0,0,2184,4786,2% @ 62,www.santabarbara.courts.ca.gov/general-informaion/human-resources,,08/06/2024,Santa Barbara,,True,
2023,Superior Court,Santa Barbara County Superior Court,Jury,Extra Help,False,True,,58856,70311,,8724,0,0,0,8724,0,0,0,0,0,N/A,www.santabarbara.courts.ca.gov/general-informaion/human-resources,,08/06/2024,Santa Barbara,,True,
2023,Superior Court,Santa Barbara County Superior Court,Criminal,Judicial Assistant I,False,True,,46406,55112,,7278,0,337,150,7765,2412,0,0,0,2412,2% @ 62,www.santabarbara.courts.ca.gov/general-informaion/human-resources,,08/06/2024,Santa Barbara,,True,
2023,Superior Court,Santa Barbara County Superior Court,Legal Research,Extra Help,False,True,,129790,156607,,7281,0,0,0,7281,0,0,109,0,109,N/A,www.santabarbara.courts.ca.gov/general-informaion/human-resources,,08/06/2024,Santa Barbara,,True,
2023,Superior Court,Santa Barbara County Superior Court,Civil,Judicial Assistant I,False,True,,46406,55112,,6956,0,0,0,6956,2274,0,0,2971,5245,2% @ 62,www.santabarbara.courts.ca.gov/general-informaion/human-resources,,08/06/2024,Santa Barbara,,True,
2023,Superior Court,Santa Barbara County Superior Court,Criminal,Extra Help,False,True,,46406,55112,,6944,0,0,0,6944,0,0,104,0,104,N/A,www.santabarbara.courts.ca.gov/general-informaion/human-resources,,08/06/2024,Santa Barbara,,True,
2023,Superior Court,Santa Barbara County Superior Court,Fiscal-County Funded,Collections Representative,False,True,,63432,83222,,6022,0,0,0,6022,1969,0,0,2915,4884,2% @ 62,www.santabarbara.courts.ca.gov/general-informaion/human-resources,,08/06/2024,Santa Barbara,,True,
2023,Superior Court,Santa Barbara County Superior Court,Courtroom Services,Judicial Assistant III,False,True,,60639,72442,,5664,0,0,0,5664,1852,0,0,437,2289,2% @ 62,www.santabarbara.courts.ca.gov/general-informaion/human-resources,,08/06/2024,Santa Barbara,,True,
2023,Superior Court,Santa Barbara County Superior Court,Civil,Judicial Assistant III,False,True,,58856,70311,,4802,0,521,100,5423,1592,0,0,1518,3110,2% @ 62,www.santabarbara.courts.ca.gov/general-informaion/human-resources,,08/06/2024,Santa Barbara,,True,
2023,Superior Court,Santa Barbara County Superior Court,Civil,Judicial Assistant I,False,True,,46406,55112,,4679,0,216,0,4895,1529,0,0,1482,3011,2% @ 62,www.santabarbara.courts.ca.gov/general-informaion/human-resources,,08/06/2024,Santa Barbara,,True,
2023,Superior Court,Santa Barbara County Superior Court,Traffic,Judicial Assistant III,False,True,,58856,70311,,3672,0,0,0,3672,1379,0,0,2621,4000,2% @ 57,www.santabarbara.courts.ca.gov/general-informaion/human-resources,,08/06/2024,Santa Barbara,,True,
2023,Superior Court,Santa Barbara County Superior Court,Civil,Judicial Assistant I,False,True,,46406,55112,,3145,0,0,0,3145,1028,0,0,638,1666,2% @ 62,www.santabarbara.courts.ca.gov/general-informaion/human-resources,,08/06/2024,Santa Barbara,,True,
2023,Superior Court,Santa Barbara County Superior Court,Civil,Judicial Assistant II,False,True,,50769,60439,,3091,0,16,0,3107,1004,0,0,4368,5372,2% @ 62,www.santabarbara.courts.ca.gov/general-informaion/human-resources,,08/06/2024,Santa Barbara,,True,
2023,Superior Court,Santa Barbara County Superior Court,Records,Extra Help,False,True,,58856,70311,,3094,0,0,0,3094,0,0,0,0,0,N/A,www.santabarbara.courts.ca.gov/general-informaion/human-resources,,08/06/2024,Santa Barbara,,True,
2023,Superior Court,Santa Barbara County Superior Court,Courtroom Services,Extra Help,False,True,,89110,107187,,2452,0,0,0,2452,0,0,0,0,0,N/A,www.santabarbara.courts.ca.gov/general-informaion/human-resources,,08/06/2024,Santa Barbara,,True,
2023,Superior Court,Santa Barbara County Superior Court,Records,Extra Help,False,True,,34278,34278,,1473,0,0,0,1473,0,0,22,0,22,N/A,www.santabarbara.courts.ca.gov/general-informaion/human-resources,,08/06/2024,Santa Barbara,,True,
2023,Superior Court,Santa Barbara County Superior Court,Criminal,Judicial Assistant I,False,True,,46406,55112,,892,0,0,0,892,292,0,0,0,292,2% @ 62,www.santabarbara.courts.ca.gov/general-informaion/human-resources,,08/06/2024,Santa Barbara,,True,
2023,Superior Court,Santa Barbara County Superior Court,Criminal,Judicial Assistant I,False,True,,46406,55112,,892,0,0,0,892,292,0,0,0,292,2% @ 62,www.santabarbara.courts.ca.gov/general-informaion/human-resources,,08/06/2024,Santa Barbara,,True,
2023,Superior Court,Santa Barbara County Superior Court,Legal Research,Extra Help,False,True,,129790,156607,,563,0,0,0,563,0,0,0,0,0,N/A,www.santabarbara.courts.ca.gov/general-informaion/human-resources,,08/06/2024,Santa Barbara,,True,
2023,Superior Court,Santa Barbara County Superior Court,Courtroom Services,Court Interpreter,False,True,,101213,101213,,359,0,17,27,403,125,0,0,0,125,2% @ 62,www.santabarbara.courts.ca.gov/general-informaion/human-resources,,08/06/2024,Santa Barbara,,True,
2023,Superior Court,Santa Barbara County Superior Court,Civil,Judicial Assistant I,False,True,,46406,55112,,206,0,12,0,218,67,0,0,3494,3561,2% @ 62,www.santabarbara.courts.ca.gov/general-informaion/human-resources,,08/06/2024,Santa Barbara,,True,
2023,Superior Court,Santa Barbara County Superior Court,Courtroom Services,Extra Help,False,True,,89110,107187,,200,0,0,0,200,0,0,3,0,3,N/A,www.santabarbara.courts.ca.gov/general-informaion/human-resources,,08/06/2024,Santa Barbara,,True,

