﻿Year,EmployerType,EmployerName,DepartmentOrSubdivision,Position,ElectedOfficial,Judicial,OtherPositions,MinPositionSalary,MaxPositionSalary,ReportedBaseWage,RegularPay,OvertimePay,LumpSumPay,OtherPay,TotalWages,DefinedBenefitPlanContribution,EmployeesRetirementCostCovered,DeferredCompensationPlan,HealthDentalVision,TotalRetirementAndHealthContribution,PensionFormula,EmployerURL,EmployerPopulation,LastUpdatedDate,EmployerCounty,SpecialDistrictActivities,IncludesUnfundedLiability,SpecialDistrictType
2023,Superior Court,Santa Cruz County Superior Court,Judge's Retire System Member,"Judge, Superior Court",True,True,,228979,238479,,232931,0,0,0,232931,0,,,18221,18221,Judicial Retirement System,www.santacruz.courts.ca.gov,,08/06/2024,Santa Cruz,,False,
2023,Superior Court,Santa Cruz County Superior Court,Judge's Retire System Member,"Judge, Superior Court",True,True,,228979,238479,,227997,0,0,0,227997,0,,,9396,9396,Judicial Retirement System,www.santacruz.courts.ca.gov,,08/06/2024,Santa Cruz,,False,
2023,Superior Court,Santa Cruz County Superior Court,Judge's Retire System Member,"Judge, Superior Court",True,True,,228979,238479,,227954,0,0,0,227954,0,,,18221,18221,Judicial Retirement System,www.santacruz.courts.ca.gov,,08/06/2024,Santa Cruz,,False,
2023,Superior Court,Santa Cruz County Superior Court,Judge's Retire System Member,"Judge, Superior Court",True,True,,228979,238479,,222946,0,0,4617,227563,0,,,8851,8851,Judicial Retirement System,www.santacruz.courts.ca.gov,,08/06/2024,Santa Cruz,,False,
2023,Superior Court,Santa Cruz County Superior Court,Judge's Retire System Member,"Judge, Superior Court",True,True,,228979,238479,,224643,0,0,0,224643,0,,,23376,23376,Judicial Retirement System,www.santacruz.courts.ca.gov,,08/06/2024,Santa Cruz,,False,
2023,Superior Court,Santa Cruz County Superior Court,Judge's Retire System Member,"Judge, Superior Court",True,True,,228979,238479,,222507,0,0,0,222507,0,,,18221,18221,Judicial Retirement System,www.santacruz.courts.ca.gov,,08/06/2024,Santa Cruz,,False,
2023,Superior Court,Santa Cruz County Superior Court,Judge's Retire System Member,"Judge, Superior Court",True,True,,228979,238479,,219026,0,0,0,219026,0,,,23376,23376,Judicial Retirement System,www.santacruz.courts.ca.gov,,08/06/2024,Santa Cruz,,False,
2023,Superior Court,Santa Cruz County Superior Court,Executive Office,Executive Officer,False,True,,216636,216636,,208426,0,0,8966,217392,19450,0,0,11536,30986,2% @ 55,www.santacruz.courts.ca.gov,,08/06/2024,Santa Cruz,,False,
2023,Superior Court,Santa Cruz County Superior Court,Judge's Retire System Member,"Judge, Superior Court",True,True,,228979,238479,,216657,0,0,0,216657,0,,,23283,23283,Judicial Retirement System,www.santacruz.courts.ca.gov,,08/06/2024,Santa Cruz,,False,
2023,Superior Court,Santa Cruz County Superior Court,Judge's Retire System Member,"Judge, Superior Court",True,True,,228979,238479,,215479,0,0,-37,215442,0,,,21548,21548,Judicial Retirement System,www.santacruz.courts.ca.gov,,08/06/2024,Santa Cruz,,False,
2023,Superior Court,Santa Cruz County Superior Court,Santa Cruz Operations,Director Operations,False,True,,142930,180851,,168561,0,26955,3635,199151,16416,0,0,27071,43487,2% @ 55,www.santacruz.courts.ca.gov,,08/06/2024,Santa Cruz,,False,
2023,Superior Court,Santa Cruz County Superior Court,Technology,Director It & Infrastructure,False,True,,142930,180851,,175938,0,6819,12037,194794,16416,0,0,1996,18412,2% @ 55,www.santacruz.courts.ca.gov,,08/06/2024,Santa Cruz,,False,
2023,Superior Court,Santa Cruz County Superior Court,Human Resources,Assistant Executive Officer,False,True,,190846,190846,,179883,0,3576,3860,187319,13190,0,0,27071,40261,2% @ 62,www.santacruz.courts.ca.gov,,08/06/2024,Santa Cruz,,False,
2023,Superior Court,Santa Cruz County Superior Court,Judge's Retire System Member,"Judge, Superior Court",True,True,,228979,238479,,181668,0,0,-12,181656,0,,,7038,7038,Judicial Retirement System,www.santacruz.courts.ca.gov,,08/06/2024,Santa Cruz,,False,
2023,Superior Court,Santa Cruz County Superior Court,Finance,Director Of Finance & HR,False,True,,142930,180851,,166155,0,11968,1860,179983,13223,0,0,20641,33864,2% @ 62,www.santacruz.courts.ca.gov,,08/06/2024,Santa Cruz,,False,
2023,Superior Court,Santa Cruz County Superior Court,Self Help,Judicial Attorney III,False,True,,129605,163992,,150683,0,5946,5260,161889,13343,0,0,1996,15339,2% @ 62,www.santacruz.courts.ca.gov,,08/06/2024,Santa Cruz,,False,
2023,Superior Court,Santa Cruz County Superior Court,Executive Office,Court Commissioner,False,True,,202707,202707,,157206,0,0,2595,159801,14724,0,0,4212,18936,2% @ 55,www.santacruz.courts.ca.gov,,08/06/2024,Santa Cruz,,False,
2023,Superior Court,Santa Cruz County Superior Court,Director Services,Director Of Self Help Services,False,True,,142930,180851,,141756,0,8057,5530,155343,13581,0,0,26957,40538,2% @ 55,www.santacruz.courts.ca.gov,,08/06/2024,Santa Cruz,,False,
2023,Superior Court,Santa Cruz County Superior Court,Attorneys,Judicial Attorney III,False,True,,129605,163992,,145571,0,5831,1860,153262,13716,0,0,27071,40787,2% @ 55,www.santacruz.courts.ca.gov,,08/06/2024,Santa Cruz,,False,
2023,Superior Court,Santa Cruz County Superior Court,Judge's Retire System Member,"Judge, Superior Court",True,True,,228979,238479,,141938,0,0,9081,151019,0,,,12147,12147,Judicial Retirement System,www.santacruz.courts.ca.gov,,08/06/2024,Santa Cruz,,False,
2023,Superior Court,Santa Cruz County Superior Court,Watsonville Operations,Director Operations,False,True,,142930,180851,,139913,0,0,9073,148986,13059,0,0,1996,15055,2% @ 55,www.santacruz.courts.ca.gov,,08/06/2024,Santa Cruz,,False,
2023,Superior Court,Santa Cruz County Superior Court,Attorneys,Judicial Attorney II,False,True,,112415,142242,,121939,0,18074,5205,145218,11239,0,0,1996,13235,2% @ 62,www.santacruz.courts.ca.gov,,08/06/2024,Santa Cruz,,False,
2023,Superior Court,Santa Cruz County Superior Court,Technology Administration,Information Technology Manager,False,True,,112438,142276,,138038,0,0,3058,141096,12915,0,0,12069,24984,2% @ 55,www.santacruz.courts.ca.gov,,08/06/2024,Santa Cruz,,False,
2023,Superior Court,Santa Cruz County Superior Court,Family Law Services,Family Court Services Director,False,True,,102959,130276,,126736,0,0,5260,131996,11708,0,0,1353,13061,2% @ 55,www.santacruz.courts.ca.gov,,08/06/2024,Santa Cruz,,False,
2023,Superior Court,Santa Cruz County Superior Court,Court Reporters,Court Reporter,False,True,,111155,124987,,119990,0,0,11000,130990,11125,0,0,11536,22661,2% @ 62,www.santacruz.courts.ca.gov,,08/06/2024,Santa Cruz,,False,
2023,Superior Court,Santa Cruz County Superior Court,Technology,Senior Business Applications Analyst,False,True,,112438,142276,,127445,0,1935,1393,130773,12129,0,0,27071,39200,2% @ 62,www.santacruz.courts.ca.gov,,08/06/2024,Santa Cruz,,False,
2023,Superior Court,Santa Cruz County Superior Court,Finance,Accounting Operations Manager,False,True,,102959,130255,,120873,0,4553,1660,127086,11438,0,0,27071,38509,2% @ 62,www.santacruz.courts.ca.gov,,08/06/2024,Santa Cruz,,False,
2023,Superior Court,Santa Cruz County Superior Court,Court Reporters,Court Reporter,False,True,,111155,124987,,110022,0,0,16702,126724,10956,0,0,20641,31597,2% @ 55,www.santacruz.courts.ca.gov,,08/06/2024,Santa Cruz,,False,
2023,Superior Court,Santa Cruz County Superior Court,Santa Cruz Operations Services,Operations Manager,False,True,,102959,130255,,116915,0,3689,5227,125831,11202,0,0,13092,24294,2% @ 55,www.santacruz.courts.ca.gov,,08/06/2024,Santa Cruz,,False,
2023,Superior Court,Santa Cruz County Superior Court,Court Reporters,Court Reporter,False,True,,111155,124987,,113184,0,0,11000,124184,10823,0,0,27071,37894,2% @ 62,www.santacruz.courts.ca.gov,,08/06/2024,Santa Cruz,,False,
2023,Superior Court,Santa Cruz County Superior Court,Attorneys,Judicial Attorney II,False,True,,112415,142242,,117200,0,0,1605,118805,11189,0,0,12712,23901,2% @ 62,www.santacruz.courts.ca.gov,,08/06/2024,Santa Cruz,,False,
2023,Superior Court,Santa Cruz County Superior Court,Collaborative Justice Program,Collaborative Courts Manager,False,True,,93303,118058,,114478,0,0,1660,116138,10610,0,0,11536,22146,2% @ 55,www.santacruz.courts.ca.gov,,08/06/2024,Santa Cruz,,False,
2023,Superior Court,Santa Cruz County Superior Court,Attorneys,Judicial Attorney II,False,True,,112415,142242,,113733,0,0,1605,115338,10528,0,0,10749,21277,2% @ 62,www.santacruz.courts.ca.gov,,08/06/2024,Santa Cruz,,False,
2023,Superior Court,Santa Cruz County Superior Court,Technology,Court Applications System Analyst,False,True,,85845,108604,,105281,0,5995,2267,113543,9858,0,0,12069,21927,2% @ 55,www.santacruz.courts.ca.gov,,08/06/2024,Santa Cruz,,False,
2023,Superior Court,Santa Cruz County Superior Court,Family Law Services,Child Custody Recommending Counselor,False,True,,93574,118401,,111625,0,0,1000,112625,10641,0,0,27071,37712,2% @ 55,www.santacruz.courts.ca.gov,,08/06/2024,Santa Cruz,,False,
2023,Superior Court,Santa Cruz County Superior Court,Family Law Services,Child Custody Recommending Counselor,False,True,,93574,118401,,111431,0,0,1000,112431,10641,0,0,27071,37712,2% @ 55,www.santacruz.courts.ca.gov,,08/06/2024,Santa Cruz,,False,
2023,Superior Court,Santa Cruz County Superior Court,Technology,Infrastructure Administrator,False,True,,85845,108604,,102766,0,6143,2727,111636,9858,0,0,20641,30499,2% @ 55,www.santacruz.courts.ca.gov,,08/06/2024,Santa Cruz,,False,
2023,Superior Court,Santa Cruz County Superior Court,Self Help,Judicial Attorney II,False,True,,112415,142242,,106987,0,424,1805,109216,10153,0,0,20641,30794,2% @ 62,www.santacruz.courts.ca.gov,,08/06/2024,Santa Cruz,,False,
2023,Superior Court,Santa Cruz County Superior Court,Technology Administration,Systems Administrator,False,True,,85845,108604,,101900,0,4095,2563,108558,9844,0,0,27071,36915,2% @ 55,www.santacruz.courts.ca.gov,,08/06/2024,Santa Cruz,,False,
2023,Superior Court,Santa Cruz County Superior Court,Technology,Court Applications System Analyst,False,True,,85845,108604,,101433,0,4095,2922,108450,9817,0,0,25895,35712,2% @ 55,www.santacruz.courts.ca.gov,,08/06/2024,Santa Cruz,,False,
2023,Superior Court,Santa Cruz County Superior Court,Judge's Retire System Member,"Judge, Superior Court",True,True,,228979,238479,,105414,0,0,0,105414,0,,,757,757,Judicial Retirement System,www.santacruz.courts.ca.gov,,08/06/2024,Santa Cruz,,False,
2023,Superior Court,Santa Cruz County Superior Court,Court Reporters,Court Reporter,False,True,,111155,124987,,91077,0,0,11000,102077,8660,0,0,17575,26235,2% @ 62,www.santacruz.courts.ca.gov,,08/06/2024,Santa Cruz,,False,
2023,Superior Court,Santa Cruz County Superior Court,Watsonville Operations Services,Operations Manager,False,True,,102959,130255,,97274,0,0,1660,98934,9253,0,0,20641,29894,2% @ 55,www.santacruz.courts.ca.gov,,08/06/2024,Santa Cruz,,False,
2023,Superior Court,Santa Cruz County Superior Court,Interpreters,Interpreter,False,True,,83450,101442,,96681,0,0,1986,98667,8934,0,0,11536,20470,2% @ 55,www.santacruz.courts.ca.gov,,08/06/2024,Santa Cruz,,False,
2023,Superior Court,Santa Cruz County Superior Court,Courtroom Services,Court Supervisor,False,True,,102959,130255,,88593,0,7091,2557,98241,8536,0,0,20641,29177,2% @ 55,www.santacruz.courts.ca.gov,,08/06/2024,Santa Cruz,,False,
2023,Superior Court,Santa Cruz County Superior Court,Court User Services,Court Supervisor,False,True,,74318,94035,,91480,0,0,6157,97637,8536,0,0,1996,10532,2% @ 55,www.santacruz.courts.ca.gov,,08/06/2024,Santa Cruz,,False,
2023,Superior Court,Santa Cruz County Superior Court,Administrative Services,Human Resources Analyst II,False,True,,83082,105126,,81732,0,11498,1805,95035,7539,0,0,10530,18069,2% @ 62,www.santacruz.courts.ca.gov,,08/06/2024,Santa Cruz,,False,
2023,Superior Court,Santa Cruz County Superior Court,Criminal Calendars,Court Supervisor,False,True,,74318,94035,,87727,0,2216,4405,94348,8705,0,0,27071,35776,2% @ 55,www.santacruz.courts.ca.gov,,08/06/2024,Santa Cruz,,False,
2023,Superior Court,Santa Cruz County Superior Court,Family/Juvenile/Civil/Watsonville,Court Supervisor,False,True,,74318,94035,,87368,0,0,6962,94330,8222,0,0,1996,10218,2% @ 55,www.santacruz.courts.ca.gov,,08/06/2024,Santa Cruz,,False,
2023,Superior Court,Santa Cruz County Superior Court,Collaborative Justice Program,Court Case Manager,False,True,,77476,98057,,85187,0,0,6160,91347,7872,0,0,1353,9225,2% @ 62,www.santacruz.courts.ca.gov,,08/06/2024,Santa Cruz,,False,
2023,Superior Court,Santa Cruz County Superior Court,Finance,Senior Financial Analyst,False,True,,89510,113258,,86942,0,0,1200,88142,8064,0,0,10749,18813,2% @ 62,www.santacruz.courts.ca.gov,,08/06/2024,Santa Cruz,,False,
2023,Superior Court,Santa Cruz County Superior Court,Interpreters,Interpreter,False,True,,83450,101442,,86030,0,0,1986,88016,7943,0,0,11536,19479,2% @ 62,www.santacruz.courts.ca.gov,,08/06/2024,Santa Cruz,,False,
2023,Superior Court,Santa Cruz County Superior Court,Accounting Operations,Financial Analyst,False,True,,82742,104696,,85875,0,0,1200,87075,7940,0,0,12015,19955,2% @ 62,www.santacruz.courts.ca.gov,,08/06/2024,Santa Cruz,,False,
2023,Superior Court,Santa Cruz County Superior Court,Civil/Probate/Courtroom,Lead Court Clerk,False,True,,65624,83013,,80524,0,0,6227,86751,7589,0,0,1353,8942,2% @ 55,www.santacruz.courts.ca.gov,,08/06/2024,Santa Cruz,,False,
2023,Superior Court,Santa Cruz County Superior Court,Probate,Court Investigator,False,True,,70429,89128,,82954,0,0,2680,85634,8010,0,0,27071,35081,2% @ 55,www.santacruz.courts.ca.gov,,08/06/2024,Santa Cruz,,False,
2023,Superior Court,Santa Cruz County Superior Court,Collaborative Justice Program,Court Case Manager,False,True,,77476,98057,,81529,0,0,1860,83389,7568,0,0,11536,19104,2% @ 62,www.santacruz.courts.ca.gov,,08/06/2024,Santa Cruz,,False,
2023,Superior Court,Santa Cruz County Superior Court,Courtroom/Traffic/Criminal/Watsonville,Courtroom Clerk II,False,True,,59550,75358,,73312,0,0,10005,83317,7065,0,0,1353,8418,2% @ 55,www.santacruz.courts.ca.gov,,08/06/2024,Santa Cruz,,False,
2023,Superior Court,Santa Cruz County Superior Court,Finance,Accounting Technician,False,True,,66518,84136,,75520,0,0,4935,80455,7601,0,0,27071,34672,2% @ 55,www.santacruz.courts.ca.gov,,08/06/2024,Santa Cruz,,False,
2023,Superior Court,Santa Cruz County Superior Court,Criminal Calendars,Lead Court Clerk,False,True,,65624,83013,,77416,0,0,2560,79976,7329,0,0,11536,18865,2% @ 62,www.santacruz.courts.ca.gov,,08/06/2024,Santa Cruz,,False,
2023,Superior Court,Santa Cruz County Superior Court,Jury Services,Legal Process Clerk III,False,True,,56493,71490,,69554,0,0,8928,78482,6618,0,0,1353,7971,2% @ 55,www.santacruz.courts.ca.gov,,08/06/2024,Santa Cruz,,False,
2023,Superior Court,Santa Cruz County Superior Court,Probate,Court Investigator,False,True,,70429,89128,,74995,0,0,2680,77675,7281,0,0,27071,34352,2% @ 62,www.santacruz.courts.ca.gov,,08/06/2024,Santa Cruz,,False,
2023,Superior Court,Santa Cruz County Superior Court,Courtroom Services,Courtroom Clerk II,False,True,,59550,75358,,72483,0,0,4600,77083,6700,0,0,329,7029,2% @ 62,www.santacruz.courts.ca.gov,,08/06/2024,Santa Cruz,,False,
2023,Superior Court,Santa Cruz County Superior Court,Courtroom Services,Courtroom Clerk III,False,True,,65624,83013,,74901,0,0,1000,75901,7125,0,0,21284,28409,2% @ 62,www.santacruz.courts.ca.gov,,08/06/2024,Santa Cruz,,False,
2023,Superior Court,Santa Cruz County Superior Court,Civil/Probate/Courtroom,Court Supervisor,False,True,,74318,94035,,73589,0,0,1633,75222,7481,0,0,27071,34552,2% @ 62,www.santacruz.courts.ca.gov,,08/06/2024,Santa Cruz,,False,
2023,Superior Court,Santa Cruz County Superior Court,Court Reporters,Court Reporter,False,True,,108971,122533,,62329,0,1779,11000,75108,5622,0,0,7083,12705,2% @ 62,www.santacruz.courts.ca.gov,,08/06/2024,Santa Cruz,,False,
2023,Superior Court,Santa Cruz County Superior Court,Courtroom/Traffic/Criminal/Watsonville,Court Supervisor,False,True,,74318,94035,,72679,0,0,1695,74374,7069,0,0,27071,34140,2% @ 62,www.santacruz.courts.ca.gov,,08/06/2024,Santa Cruz,,False,
2023,Superior Court,Santa Cruz County Superior Court,Courtroom/Traffic/Criminal/Watsonville,Lead Court Clerk,False,True,,65624,83013,,71718,0,0,2244,73962,7111,0,0,27071,34182,2% @ 55,www.santacruz.courts.ca.gov,,08/06/2024,Santa Cruz,,False,
2023,Superior Court,Santa Cruz County Superior Court,Finance,Procurement Specialist,False,True,,75977,96135,,70863,0,0,1495,72358,6767,0,0,19180,25947,2% @ 62,www.santacruz.courts.ca.gov,,08/06/2024,Santa Cruz,,False,
2023,Superior Court,Santa Cruz County Superior Court,Courtroom/Traffic/Criminal/Watsonville,Courtroom Clerk II,False,True,,59550,75358,,70592,0,0,1741,72333,6841,0,0,20641,27482,2% @ 55,www.santacruz.courts.ca.gov,,08/06/2024,Santa Cruz,,False,
2023,Superior Court,Santa Cruz County Superior Court,Courtroom/Traffic/Criminal/Watsonville,Courtroom Clerk II,False,True,,59550,75358,,70424,0,0,1741,72165,6841,0,0,21284,28125,2% @ 55,www.santacruz.courts.ca.gov,,08/06/2024,Santa Cruz,,False,
2023,Superior Court,Santa Cruz County Superior Court,Family Law Services,Family Court Services Clerk,False,True,,56493,71490,,66574,0,0,4420,70994,6718,0,0,20641,27359,2% @ 55,www.santacruz.courts.ca.gov,,08/06/2024,Santa Cruz,,False,
2023,Superior Court,Santa Cruz County Superior Court,Courtroom/Traffic/Criminal/Watsonville,Courtroom Clerk II,False,True,,59550,75358,,69421,0,0,1000,70421,6451,0,0,11536,17987,2% @ 62,www.santacruz.courts.ca.gov,,08/06/2024,Santa Cruz,,False,
2023,Superior Court,Santa Cruz County Superior Court,Courtroom Services,Courtroom Clerk II,False,True,,59550,75358,,67587,27,0,2677,70291,6752,0,0,27071,33823,2% @ 55,www.santacruz.courts.ca.gov,,08/06/2024,Santa Cruz,,False,
2023,Superior Court,Santa Cruz County Superior Court,Family/Juvenile/Civil/Watsonville,Legal Process Clerk II,False,True,,51376,65000,,63240,0,0,6774,70014,6041,0,0,820,6861,2% @ 55,www.santacruz.courts.ca.gov,,08/06/2024,Santa Cruz,,False,
2023,Superior Court,Santa Cruz County Superior Court,Civil/Probate/Courtroom,Legal Process Clerk II,False,True,,51376,65000,,62943,0,2511,3837,69291,6102,0,0,11536,17638,2% @ 55,www.santacruz.courts.ca.gov,,08/06/2024,Santa Cruz,,False,
2023,Superior Court,Santa Cruz County Superior Court,Court User Services,Lead Court Clerk,False,True,,65624,83013,,64805,0,0,2976,67781,7113,0,0,27071,34184,2% @ 62,www.santacruz.courts.ca.gov,,08/06/2024,Santa Cruz,,False,
2023,Superior Court,Santa Cruz County Superior Court,Courtroom Services,Courtroom Clerk II,False,True,,59550,75358,,66753,0,0,1000,67753,6191,0,0,11536,17727,2% @ 62,www.santacruz.courts.ca.gov,,08/06/2024,Santa Cruz,,False,
2023,Superior Court,Santa Cruz County Superior Court,Family/Juvenile/Civil/Watsonville,Legal Process Clerk II,False,True,,51376,65000,,63225,0,0,4476,67701,6160,0,0,11536,17696,2% @ 55,www.santacruz.courts.ca.gov,,08/06/2024,Santa Cruz,,False,
2023,Superior Court,Santa Cruz County Superior Court,Self Help,Self Help Program Clerk,False,True,,51376,65000,,62868,0,0,4688,67556,5994,0,0,11536,17530,2% @ 62,www.santacruz.courts.ca.gov,,08/06/2024,Santa Cruz,,False,
2023,Superior Court,Santa Cruz County Superior Court,Santa Cruz Operations Services,Calendar Coordinator,False,True,,65624,83013,,64793,0,0,1660,66453,5992,0,0,11536,17528,2% @ 62,www.santacruz.courts.ca.gov,,08/06/2024,Santa Cruz,,False,
2023,Superior Court,Santa Cruz County Superior Court,Civil/Probate/Courtroom,Appellate Clerk,False,True,,65624,83013,,64524,0,0,1655,66179,6062,0,0,12069,18131,2% @ 55,www.santacruz.courts.ca.gov,,08/06/2024,Santa Cruz,,False,
2023,Superior Court,Santa Cruz County Superior Court,Criminal Calendars,Legal Process Clerk II,False,True,,51376,65000,,62867,0,0,2560,65427,5985,0,0,11536,17521,2% @ 55,www.santacruz.courts.ca.gov,,08/06/2024,Santa Cruz,,False,
2023,Superior Court,Santa Cruz County Superior Court,Courtroom Services,Courtroom Clerk II,False,True,,59550,75358,,63982,0,0,1000,64982,6264,0,0,12712,18976,2% @ 55,www.santacruz.courts.ca.gov,,08/06/2024,Santa Cruz,,False,
2023,Superior Court,Santa Cruz County Superior Court,Civil Courtroom -Sc,Courtroom Clerk II,False,True,,59550,75358,,59926,0,0,4600,64526,5511,0,0,820,6331,2% @ 62,www.santacruz.courts.ca.gov,,08/06/2024,Santa Cruz,,False,
2023,Superior Court,Santa Cruz County Superior Court,Self Help,Self Help Program Clerk,False,True,,51376,65000,,59486,0,0,4770,64256,5994,0,0,27071,33065,2% @ 55,www.santacruz.courts.ca.gov,,08/06/2024,Santa Cruz,,False,
2023,Superior Court,Santa Cruz County Superior Court,Court User Services,Legal Process Clerk II,False,True,,51376,65000,,59087,0,0,4746,63833,5953,0,0,11536,17489,2% @ 55,www.santacruz.courts.ca.gov,,08/06/2024,Santa Cruz,,False,
2023,Superior Court,Santa Cruz County Superior Court,Courtroom/Traffic/Criminal/Watsonville,Courtroom Clerk II,False,True,,59550,75358,,62805,0,0,1000,63805,6160,0,0,11536,17696,2% @ 62,www.santacruz.courts.ca.gov,,08/06/2024,Santa Cruz,,False,
2023,Superior Court,Santa Cruz County Superior Court,Court User Services,Legal Process Clerk II,False,True,,51376,65000,,60746,0,0,2894,63640,5951,0,0,11536,17487,2% @ 55,www.santacruz.courts.ca.gov,,08/06/2024,Santa Cruz,,False,
2023,Superior Court,Santa Cruz County Superior Court,Interpreters,Language Services Coordinator,False,True,,59550,75358,,58026,0,0,5095,63121,5361,0,0,0,5361,2% @ 62,www.santacruz.courts.ca.gov,,08/06/2024,Santa Cruz,,False,
2023,Superior Court,Santa Cruz County Superior Court,Technology,Support Services Technician,False,True,,48755,61693,,59648,0,2326,1000,62974,5545,0,0,11536,17081,2% @ 62,www.santacruz.courts.ca.gov,,08/06/2024,Santa Cruz,,False,
2023,Superior Court,Santa Cruz County Superior Court,Juvenile Delinquency,Legal Process Clerk II,False,True,,51376,65000,,59704,0,0,2758,62462,6004,0,0,27071,33075,2% @ 55,www.santacruz.courts.ca.gov,,08/06/2024,Santa Cruz,,False,
2023,Superior Court,Santa Cruz County Superior Court,Court User Services,Legal Process Clerk II,False,True,,51376,65000,,61251,0,0,1000,62251,5686,0,0,11536,17222,2% @ 55,www.santacruz.courts.ca.gov,,08/06/2024,Santa Cruz,,False,
2023,Superior Court,Santa Cruz County Superior Court,Court User Services,Legal Process Clerk II,False,True,,51376,65000,,60380,0,0,1639,62019,5901,0,0,11536,17437,2% @ 55,www.santacruz.courts.ca.gov,,08/06/2024,Santa Cruz,,False,
2023,Superior Court,Santa Cruz County Superior Court,Courtroom Services,Courtroom Clerk I,False,True,,59550,75358,,56996,0,0,4600,61596,5266,0,0,1996,7262,2% @ 62,www.santacruz.courts.ca.gov,,08/06/2024,Santa Cruz,,False,
2023,Superior Court,Santa Cruz County Superior Court,Courtroom Services,Legal Process Clerk II,False,True,,51376,65000,,60352,0,0,1000,61352,5842,0,0,20641,26483,2% @ 55,www.santacruz.courts.ca.gov,,08/06/2024,Santa Cruz,,False,
2023,Superior Court,Santa Cruz County Superior Court,Family/Juvenile/Civil/Watsonville,Legal Process Clerk II,False,True,,51376,65000,,56845,0,2267,1000,60112,5342,0,0,27071,32413,2% @ 62,www.santacruz.courts.ca.gov,,08/06/2024,Santa Cruz,,False,
2023,Superior Court,Santa Cruz County Superior Court,Civil/Probate/Courtroom,Legal Process Clerk II,False,True,,51376,65000,,56394,0,0,1000,57394,5655,0,0,13491,19146,2% @ 62,www.santacruz.courts.ca.gov,,08/06/2024,Santa Cruz,,False,
2023,Superior Court,Santa Cruz County Superior Court,Courtroom Services,Courtroom Clerk II,False,True,,59550,75358,,56169,19,0,1000,57188,5229,0,0,11536,16765,2% @ 62,www.santacruz.courts.ca.gov,,08/06/2024,Santa Cruz,,False,
2023,Superior Court,Santa Cruz County Superior Court,Courtroom Services,Courtroom Clerk II,False,True,,59550,75358,,54624,0,0,2500,57124,5781,0,0,18750,24531,2% @ 62,www.santacruz.courts.ca.gov,,08/06/2024,Santa Cruz,,False,
2023,Superior Court,Santa Cruz County Superior Court,Juvenile Delinquency,Legal Process Clerk II,False,True,,51376,65000,,55875,0,0,1000,56875,5165,0,0,10817,15982,2% @ 62,www.santacruz.courts.ca.gov,,08/06/2024,Santa Cruz,,False,
2023,Superior Court,Santa Cruz County Superior Court,Criminal Calendars,Legal Process Clerk II,False,True,,51376,65000,,55705,0,0,1000,56705,5148,0,0,11536,16684,2% @ 62,www.santacruz.courts.ca.gov,,08/06/2024,Santa Cruz,,False,
2023,Superior Court,Santa Cruz County Superior Court,Courtroom Services,Courtroom Clerk II,False,True,,59550,75358,,55353,0,0,1000,56353,5287,0,0,11536,16823,2% @ 62,www.santacruz.courts.ca.gov,,08/06/2024,Santa Cruz,,False,
2023,Superior Court,Santa Cruz County Superior Court,Family/Juvenile/Civil/Watsonville,Legal Process Clerk II,False,True,,51376,65000,,50084,0,0,6160,56244,4783,0,0,1758,6541,2% @ 62,www.santacruz.courts.ca.gov,,08/06/2024,Santa Cruz,,False,
2023,Superior Court,Santa Cruz County Superior Court,Courtroom/Traffic/Criminal/Watsonville,Courtroom Clerk II,False,True,,59550,75358,,54014,0,0,1000,55014,5005,0,0,12069,17074,2% @ 62,www.santacruz.courts.ca.gov,,08/06/2024,Santa Cruz,,False,
2023,Superior Court,Santa Cruz County Superior Court,Courtroom Services,Courtroom Clerk I,False,True,,54163,68557,,53319,0,0,1000,54319,4965,0,0,11536,16501,2% @ 62,www.santacruz.courts.ca.gov,,08/06/2024,Santa Cruz,,False,
2023,Superior Court,Santa Cruz County Superior Court,Courtroom Services,Courtroom Clerk II,False,True,,59550,75358,,52749,0,0,1000,53749,5044,0,0,12712,17756,2% @ 62,www.santacruz.courts.ca.gov,,08/06/2024,Santa Cruz,,False,
2023,Superior Court,Santa Cruz County Superior Court,Judge's Retire System Member,"Judge, Superior Court",True,True,,228979,238479,,51354,0,0,1651,53005,0,,,3994,3994,Judicial Retirement System,www.santacruz.courts.ca.gov,,08/06/2024,Santa Cruz,,False,
2023,Superior Court,Santa Cruz County Superior Court,Family/Juvenile/Civil/Watsonville,Legal Process Clerk II,False,True,,51376,65000,,50389,0,0,2560,52949,4835,0,0,11536,16371,2% @ 62,www.santacruz.courts.ca.gov,,08/06/2024,Santa Cruz,,False,
2023,Superior Court,Santa Cruz County Superior Court,Law Library,Law Library Assistant,False,True,,51376,65000,,51516,0,0,1000,52516,4762,0,0,10817,15579,2% @ 62,www.santacruz.courts.ca.gov,,08/06/2024,Santa Cruz,,False,
2023,Superior Court,Santa Cruz County Superior Court,Criminal Calendars,Legal Process Clerk II,False,True,,51376,65000,,50893,0,0,1000,51893,4905,0,0,20641,25546,2% @ 62,www.santacruz.courts.ca.gov,,08/06/2024,Santa Cruz,,False,
2023,Superior Court,Santa Cruz County Superior Court,Criminal Calendars,Legal Process Clerk II,False,True,,51376,65000,,45064,0,0,6096,51160,4307,0,0,820,5127,2% @ 62,www.santacruz.courts.ca.gov,,08/06/2024,Santa Cruz,,False,
2023,Superior Court,Santa Cruz County Superior Court,Family/Juvenile/Civil/Watsonville,Legal Process Clerk II,False,True,,51376,65000,,45799,0,0,5208,51007,4298,0,0,1996,6294,2% @ 62,www.santacruz.courts.ca.gov,,08/06/2024,Santa Cruz,,False,
2023,Superior Court,Santa Cruz County Superior Court,Family/Juvenile/Civil/Watsonville,Legal Process Clerk II,False,True,,51376,65000,,47283,0,0,2560,49843,4525,0,0,11536,16061,2% @ 62,www.santacruz.courts.ca.gov,,08/06/2024,Santa Cruz,,False,
2023,Superior Court,Santa Cruz County Superior Court,Civil/Probate/Courtroom,Legal Process Clerk II,False,True,,51376,65000,,44819,0,0,4600,49419,4146,0,0,820,4966,2% @ 62,www.santacruz.courts.ca.gov,,08/06/2024,Santa Cruz,,False,
2023,Superior Court,Santa Cruz County Superior Court,Courtroom Services,Courtroom Clerk I,False,True,,54163,68557,,47906,0,0,1000,48906,4468,0,0,12425,16893,2% @ 62,www.santacruz.courts.ca.gov,,08/06/2024,Santa Cruz,,False,
2023,Superior Court,Santa Cruz County Superior Court,Court Reporters,Court Reporter,False,True,,55578,62494,,48099,0,0,0,48099,0,0,0,0,0,N/A,www.santacruz.courts.ca.gov,,08/06/2024,Santa Cruz,,False,
2023,Superior Court,Santa Cruz County Superior Court,Family/Juvenile/Civil/Watsonville,Legal Process Clerk II,False,True,,51376,65000,,46936,0,0,1000,47936,4382,0,0,11536,15918,2% @ 62,www.santacruz.courts.ca.gov,,08/06/2024,Santa Cruz,,False,
2023,Superior Court,Santa Cruz County Superior Court,Collaborative Justice Program,Court Case Manager,False,True,,77476,98057,,42229,0,0,5380,47609,3733,0,0,1403,5136,2% @ 62,www.santacruz.courts.ca.gov,,08/06/2024,Santa Cruz,,False,
2023,Superior Court,Santa Cruz County Superior Court,Court User Services,Legal Process Clerk II,False,True,,51376,65000,,44404,0,0,2416,46820,4604,0,0,27071,31675,2% @ 62,www.santacruz.courts.ca.gov,,08/06/2024,Santa Cruz,,False,
2023,Superior Court,Santa Cruz County Superior Court,Family/Juvenile/Civil/Watsonville,Legal Process Clerk II,False,True,,50378,63731,,38748,0,1073,5212,45033,3641,0,0,1127,4768,2% @ 62,www.santacruz.courts.ca.gov,,08/06/2024,Santa Cruz,,False,
2023,Superior Court,Santa Cruz County Superior Court,Courtroom Services,Courtroom Clerk II,False,True,,58386,73882,,35650,0,8495,248,44393,3155,0,0,5744,8899,2% @ 62,www.santacruz.courts.ca.gov,,08/06/2024,Santa Cruz,,False,
2023,Superior Court,Santa Cruz County Superior Court,Civil/Probate/Courtroom,Legal Process Clerk II,False,True,,51376,65000,,43042,0,0,1000,44042,4331,0,0,27071,31402,2% @ 62,www.santacruz.courts.ca.gov,,08/06/2024,Santa Cruz,,False,
2023,Superior Court,Santa Cruz County Superior Court,Technology Administration,Information Technology  Administrator,False,True,,72264,91438,,39630,0,0,2800,42430,3831,0,0,998,4829,2% @ 62,www.santacruz.courts.ca.gov,,08/06/2024,Santa Cruz,,False,
2023,Superior Court,Santa Cruz County Superior Court,Executive Office,Court Commissioner,False,True,,196498,196498,,29923,0,12285,110,42318,2636,0,0,1788,4424,2% @ 62,www.santacruz.courts.ca.gov,,08/06/2024,Santa Cruz,,False,
2023,Superior Court,Santa Cruz County Superior Court,Court Reporters,Court Reporter,False,True,,108971,122533,,40064,0,1167,1021,42252,3721,0,0,8564,12285,2% @ 55,www.santacruz.courts.ca.gov,,08/06/2024,Santa Cruz,,False,
2023,Superior Court,Santa Cruz County Superior Court,Courtroom Services,Courtroom Clerk I,False,True,,54163,68557,,41168,0,0,1000,42168,4130,0,0,22578,26708,2% @ 62,www.santacruz.courts.ca.gov,,08/06/2024,Santa Cruz,,False,
2023,Superior Court,Santa Cruz County Superior Court,Criminal Calendars,Legal Process Clerk II,False,True,,51376,65000,,41023,0,0,1000,42023,4907,0,0,27071,31978,2% @ 62,www.santacruz.courts.ca.gov,,08/06/2024,Santa Cruz,,False,
2023,Superior Court,Santa Cruz County Superior Court,Court User Services,Legal Process Clerk I,False,True,,45406,57450,,35429,0,0,4951,40380,3425,0,0,1015,4440,2% @ 62,www.santacruz.courts.ca.gov,,08/06/2024,Santa Cruz,,False,
2023,Superior Court,Santa Cruz County Superior Court,Court Reporters,Court Reporter,False,True,,111155,124987,,24152,0,0,15000,39152,2512,0,0,6686,9198,2% @ 62,www.santacruz.courts.ca.gov,,08/06/2024,Santa Cruz,,False,
2023,Superior Court,Santa Cruz County Superior Court,Court User Services,Legal Process Clerk I,False,True,,44512,56326,,29973,0,2177,3700,35850,2770,0,0,547,3317,2% @ 62,www.santacruz.courts.ca.gov,,08/06/2024,Santa Cruz,,False,
2023,Superior Court,Santa Cruz County Superior Court,Court Reporters,Court Reporter,False,True,,105726,118955,,31245,0,4344,0,35589,2753,0,0,2682,5435,2% @ 62,www.santacruz.courts.ca.gov,,08/06/2024,Santa Cruz,,False,
2023,Superior Court,Santa Cruz County Superior Court,Records,Legal Process Clerk I,False,True,,45406,57450,,32533,0,0,1000,33533,3060,0,0,10510,13570,2% @ 62,www.santacruz.courts.ca.gov,,08/06/2024,Santa Cruz,,False,
2023,Superior Court,Santa Cruz County Superior Court,Court User Services,Legal Process Clerk II,False,True,,25688,32500,,31624,0,0,1851,33475,3262,0,0,27071,30333,2% @ 55,www.santacruz.courts.ca.gov,,08/06/2024,Santa Cruz,,False,
2023,Superior Court,Santa Cruz County Superior Court,Watsonville Operations Services,Court Supervisor,False,True,,72860,92191,,28557,0,2525,1414,32496,2752,0,0,10277,13029,2% @ 55,www.santacruz.courts.ca.gov,,08/06/2024,Santa Cruz,,False,
2023,Superior Court,Santa Cruz County Superior Court,Criminal Calendars,Legal Process Clerk II,False,True,,51376,65000,,25258,0,0,4600,29858,2253,0,0,1996,4249,2% @ 62,www.santacruz.courts.ca.gov,,08/06/2024,Santa Cruz,,False,
2023,Superior Court,Santa Cruz County Superior Court,Civil/Probate/Courtroom,Legal Process Clerk I,False,True,,44512,56326,,24386,0,2084,2800,29270,2213,0,0,410,2623,2% @ 62,www.santacruz.courts.ca.gov,,08/06/2024,Santa Cruz,,False,
2023,Superior Court,Santa Cruz County Superior Court,Self Help,Self Help Program Clerk,False,True,,51376,65000,,24550,0,0,3384,27934,2616,0,0,14477,17093,2% @ 62,www.santacruz.courts.ca.gov,,08/06/2024,Santa Cruz,,False,
2023,Superior Court,Santa Cruz County Superior Court,Court User Services,Legal Process Clerk I,False,True,,44512,56326,,22542,0,2476,1800,26818,1986,0,0,410,2396,2% @ 62,www.santacruz.courts.ca.gov,,08/06/2024,Santa Cruz,,False,
2023,Superior Court,Santa Cruz County Superior Court,Court User Services,Legal Process Clerk II,False,True,,51376,65000,,25428,0,0,1000,26428,2546,0,0,22802,25348,2% @ 62,www.santacruz.courts.ca.gov,,08/06/2024,Santa Cruz,,False,
2023,Superior Court,Santa Cruz County Superior Court,Court User Services,Legal Process Clerk I,False,True,,45406,57450,,25274,0,0,1000,26274,2417,0,0,7636,10053,2% @ 62,www.santacruz.courts.ca.gov,,08/06/2024,Santa Cruz,,False,
2023,Superior Court,Santa Cruz County Superior Court,Court User Services,Legal Process Clerk I,False,True,,45406,57450,,25183,0,0,1000,26183,2417,0,0,7639,10056,2% @ 62,www.santacruz.courts.ca.gov,,08/06/2024,Santa Cruz,,False,
2023,Superior Court,Santa Cruz County Superior Court,Self Help,Self Help Program Clerk,False,True,,51376,65000,,24296,0,0,1841,26137,2443,0,0,6681,9124,2% @ 62,www.santacruz.courts.ca.gov,,08/06/2024,Santa Cruz,,False,
2023,Superior Court,Santa Cruz County Superior Court,Civil/Probate/Courtroom,Legal Process Clerk I,False,True,,45406,57450,,22479,0,0,1935,24414,2234,0,0,7636,9870,2% @ 62,www.santacruz.courts.ca.gov,,08/06/2024,Santa Cruz,,False,
2023,Superior Court,Santa Cruz County Superior Court,Self Help,Self Help Program Clerk,False,True,,51376,65000,,21470,0,0,1789,23259,2303,0,0,11964,14267,2% @ 62,www.santacruz.courts.ca.gov,,08/06/2024,Santa Cruz,,False,
2023,Superior Court,Santa Cruz County Superior Court,Self Help,Self Help Program Clerk,False,True,,50378,63731,,19084,0,2410,1740,23234,1728,0,0,665,2393,2% @ 55,www.santacruz.courts.ca.gov,,08/06/2024,Santa Cruz,,False,
2023,Superior Court,Santa Cruz County Superior Court,Records,Legal Process Clerk I,False,True,,45406,57450,,20256,0,0,1000,21256,2185,0,0,17919,20104,2% @ 62,www.santacruz.courts.ca.gov,,08/06/2024,Santa Cruz,,False,
2023,Superior Court,Santa Cruz County Superior Court,Finance,Senior Financial Analyst,False,True,,113256,113256,,19956,0,0,0,19956,0,0,0,0,0,N/A,www.santacruz.courts.ca.gov,,08/06/2024,Santa Cruz,,False,
2023,Superior Court,Santa Cruz County Superior Court,Technology Administration,Information Technology  Administrator,False,True,,70847,89645,,13655,0,2414,1200,17269,1320,0,0,2804,4124,2% @ 62,www.santacruz.courts.ca.gov,,08/06/2024,Santa Cruz,,False,
2023,Superior Court,Santa Cruz County Superior Court,Attorneys,Annuitant Attorney,False,True,,164008,164008,,16559,0,-464,0,16095,0,0,0,0,0,N/A,www.santacruz.courts.ca.gov,,08/06/2024,Santa Cruz,,False,
2023,Superior Court,Santa Cruz County Superior Court,Technology Administration,Information Technology  Administrator,False,True,,72264,91438,,13650,0,0,758,14408,1320,0,0,333,1653,2% @ 62,www.santacruz.courts.ca.gov,,08/06/2024,Santa Cruz,,False,
2023,Superior Court,Santa Cruz County Superior Court,Interpreters,Interpreter,False,True,,16690,20288,,13902,0,0,0,13902,0,0,0,0,0,N/A,www.santacruz.courts.ca.gov,,08/06/2024,Santa Cruz,,False,
2023,Superior Court,Santa Cruz County Superior Court,Court User Services,Legal Process Clerk I,False,True,,44512,56326,,8872,0,1125,330,10327,850,0,0,2872,3722,2% @ 62,www.santacruz.courts.ca.gov,,08/06/2024,Santa Cruz,,False,
2023,Superior Court,Santa Cruz County Superior Court,Criminal Calendars,Legal Process Clerk I,False,True,,45406,57450,,7697,0,0,239,7936,768,0,0,2852,3620,2% @ 62,www.santacruz.courts.ca.gov,,08/06/2024,Santa Cruz,,False,
2023,Superior Court,Santa Cruz County Superior Court,Criminal Calendars,Legal Process Clerk I,False,True,,44512,56326,,6614,0,1014,0,7628,746,0,0,6739,7485,2% @ 62,www.santacruz.courts.ca.gov,,08/06/2024,Santa Cruz,,False,
2023,Superior Court,Santa Cruz County Superior Court,Court Reporters,Court Reporter,False,True,,111155,124987,,0,0,775,6514,7289,0,0,0,20641,20641,2% @ 62,www.santacruz.courts.ca.gov,,08/06/2024,Santa Cruz,,False,
2023,Superior Court,Santa Cruz County Superior Court,Criminal Calendars,Legal Process Clerk I,False,True,,45406,57450,,6450,0,0,0,6450,665,0,0,2852,3517,2% @ 62,www.santacruz.courts.ca.gov,,08/06/2024,Santa Cruz,,False,
2023,Superior Court,Santa Cruz County Superior Court,Civil Courtroom -Sc,Courtroom Clerk I,False,True,,54163,68557,,5980,0,0,300,6280,578,0,0,68,646,2% @ 62,www.santacruz.courts.ca.gov,,08/06/2024,Santa Cruz,,False,
2023,Superior Court,Santa Cruz County Superior Court,Courtroom/Traffic/Criminal/Watsonville,File Assistant,False,True,,32240,32240,,5313,0,0,0,5313,0,0,0,0,0,N/A,www.santacruz.courts.ca.gov,,08/06/2024,Santa Cruz,,False,
2023,Superior Court,Santa Cruz County Superior Court,Criminal Calendars,Legal Process Clerk I,False,True,,45406,57450,,4429,0,0,0,4429,501,0,0,4440,4941,2% @ 62,www.santacruz.courts.ca.gov,,08/06/2024,Santa Cruz,,False,
2023,Superior Court,Santa Cruz County Superior Court,Civil/Probate/Courtroom,File Assistant,False,True,,32240,32240,,3546,0,0,0,3546,0,0,0,0,0,N/A,www.santacruz.courts.ca.gov,,08/06/2024,Santa Cruz,,False,
2023,Superior Court,Santa Cruz County Superior Court,Records,Legal Process Clerk I,False,True,,44512,56326,,0,0,1,0,1,0,0,0,1002,1002,2% @ 62,www.santacruz.courts.ca.gov,,08/06/2024,Santa Cruz,,False,

