﻿Year,EmployerType,EmployerName,DepartmentOrSubdivision,Position,ElectedOfficial,Judicial,OtherPositions,MinPositionSalary,MaxPositionSalary,ReportedBaseWage,RegularPay,OvertimePay,LumpSumPay,OtherPay,TotalWages,DefinedBenefitPlanContribution,EmployeesRetirementCostCovered,DeferredCompensationPlan,HealthDentalVision,TotalRetirementAndHealthContribution,PensionFormula,EmployerURL,EmployerPopulation,LastUpdatedDate,EmployerCounty,SpecialDistrictActivities,IncludesUnfundedLiability,SpecialDistrictType
2023,Superior Court,Shasta County Superior Court,Judge's Retire System Member,"Judge, Superior Court",True,True,,228979,238479,,233750,0,0,325,234075,0,0,0,1816,1816,Judicial Retirement System,www.shasta.courts.ca.gov,,08/06/2024,Shasta,,True,
2023,Superior Court,Shasta County Superior Court,Judge's Retire System Member,"Judge, Superior Court",True,True,,228979,238479,,232649,0,0,325,232974,0,0,0,23376,23376,Judicial Retirement System,www.shasta.courts.ca.gov,,08/06/2024,Shasta,,True,
2023,Superior Court,Shasta County Superior Court,Judge's Retire System Member,"Judge, Superior Court",True,True,,228979,238479,,232464,0,0,325,232789,0,0,0,1998,1998,Judicial Retirement System,www.shasta.courts.ca.gov,,08/06/2024,Shasta,,True,
2023,Superior Court,Shasta County Superior Court,Judge's Retire System Member,"Judge, Superior Court",True,True,,228979,238479,,230134,0,0,325,230459,0,0,0,18403,18403,Judicial Retirement System,www.shasta.courts.ca.gov,,08/06/2024,Shasta,,True,
2023,Superior Court,Shasta County Superior Court,Judge's Retire System Member,"Judge, Superior Court",True,True,,228979,238479,,229931,0,0,325,230256,0,0,0,18403,18403,Judicial Retirement System,www.shasta.courts.ca.gov,,08/06/2024,Shasta,,True,
2023,Superior Court,Shasta County Superior Court,Judge's Retire System Member,"Judge, Superior Court",True,True,,228979,238479,,229394,0,0,325,229719,0,0,0,23179,23179,Judicial Retirement System,www.shasta.courts.ca.gov,,08/06/2024,Shasta,,True,
2023,Superior Court,Shasta County Superior Court,Judge's Retire System Member,"Judge, Superior Court",True,True,,228979,238479,,229267,0,0,336,229603,0,0,0,23526,23526,Judicial Retirement System,www.shasta.courts.ca.gov,,08/06/2024,Shasta,,True,
2023,Superior Court,Shasta County Superior Court,Judge's Retire System Member,"Judge, Superior Court",True,True,,228979,238479,,228971,0,0,325,229296,0,0,0,23465,23465,Judicial Retirement System,www.shasta.courts.ca.gov,,08/06/2024,Shasta,,True,
2023,Superior Court,Shasta County Superior Court,Judge's Retire System Member,"Judge, Superior Court",True,True,,228979,238479,,219353,0,0,325,219678,0,0,0,23376,23376,Judicial Retirement System,www.shasta.courts.ca.gov,,08/06/2024,Shasta,,True,
2023,Superior Court,Shasta County Superior Court,Administration,Court Executive Officer/Clerk Of The Court,False,True,,198168,198168,,198169,0,4027,3390,205586,35120,0,11250,10500,56870,2% @ 55,www.shasta.courts.ca.gov,,08/06/2024,Shasta,,True,
2023,Superior Court,Shasta County Superior Court,Administration,Court Commissioner,False,True,,197544,197544,,197544,0,3799,200,201543,35083,0,0,20272,55355,2% @ 55,www.shasta.courts.ca.gov,,08/06/2024,Shasta,,True,
2023,Superior Court,Shasta County Superior Court,Administration,Court Commissioner,False,True,,197544,197544,,197544,0,3799,200,201543,28860,0,0,15744,44604,2% @ 62,www.shasta.courts.ca.gov,,08/06/2024,Shasta,,True,
2023,Superior Court,Shasta County Superior Court,Security - Courtroom,Marshal,False,True,,94308,139356,,136290,0,2680,29481,168451,64654,0,11250,20206,96110,3% @ 50,www.shasta.courts.ca.gov,,08/06/2024,Shasta,,True,
2023,Superior Court,Shasta County Superior Court,Administration,Assistant Ceo/Clerk Of The Court,False,True,,140040,178740,,149074,0,3118,2740,154932,26304,0,11250,10654,48208,2% @ 55,www.shasta.courts.ca.gov,,08/06/2024,Shasta,,True,
2023,Superior Court,Shasta County Superior Court,Information Technology,Court Information Technology Manager,False,True,,108660,138672,,126304,0,2667,15375,144346,24093,0,5625,10500,40218,2% @ 62,www.shasta.courts.ca.gov,,08/06/2024,Shasta,,True,
2023,Superior Court,Shasta County Superior Court,Criminal - Traffic,Court Services Manager,False,True,,99516,127020,,124061,0,2443,15390,141894,24294,0,11250,16156,51700,2% @ 55,www.shasta.courts.ca.gov,,08/06/2024,Shasta,,True,
2023,Superior Court,Shasta County Superior Court,Civil,Court Services Manager,False,True,,99516,127020,,124061,0,2443,12228,138732,23737,0,11250,10500,45487,2% @ 55,www.shasta.courts.ca.gov,,08/06/2024,Shasta,,True,
2023,Superior Court,Shasta County Superior Court,Finance,Chief Financial Officer,False,True,,102480,130788,,127735,0,2515,2090,132340,22717,0,0,20272,42989,2% @ 60,www.shasta.courts.ca.gov,,08/06/2024,Shasta,,True,
2023,Superior Court,Shasta County Superior Court,Administration,Legal Research Attorney III,False,True,,106560,135996,,126765,0,2615,1540,130920,22427,0,0,20272,42699,2% @ 62,www.shasta.courts.ca.gov,,08/06/2024,Shasta,,True,
2023,Superior Court,Shasta County Superior Court,Self Help Center,Family Law Facilitator,False,True,,106560,135996,,126765,0,0,2740,129505,22427,0,1300,15890,39617,2% @ 62,www.shasta.courts.ca.gov,,08/06/2024,Shasta,,True,
2023,Superior Court,Shasta County Superior Court,Administration,Court Services Manager,False,True,,99516,127020,,124061,0,2443,2740,129244,22064,0,5625,9558,37247,2% @ 55,www.shasta.courts.ca.gov,,08/06/2024,Shasta,,True,
2023,Superior Court,Shasta County Superior Court,Administration,Legal Research Attorney III,False,True,,106560,135996,,126765,0,0,1540,128305,22427,0,0,20272,42699,2% @ 55,www.shasta.courts.ca.gov,,08/06/2024,Shasta,,True,
2023,Superior Court,Shasta County Superior Court,Human Resources,Court Human Resources Manager,False,True,,103475,132072,,121375,0,2540,2740,126655,21215,0,5100,10654,36969,2% @ 55,www.shasta.courts.ca.gov,,08/06/2024,Shasta,,True,
2023,Superior Court,Shasta County Superior Court,Security - Perimeter,Marshal's Lieutenant,False,True,,79512,117480,,114883,0,0,11269,126152,49231,0,0,5385,54616,3% @ 50,www.shasta.courts.ca.gov,,08/06/2024,Shasta,,True,
2023,Superior Court,Shasta County Superior Court,Security - Courtroom,Marshal's Sergeant,False,True,,72120,106560,,104021,3840,1025,9035,117921,45061,0,0,15800,60861,3% @ 50,www.shasta.courts.ca.gov,,08/06/2024,Shasta,,True,
2023,Superior Court,Shasta County Superior Court,Information Technology,Court Technology Analyst,False,True,,79896,101964,,99593,767,1128,15129,116617,20384,0,0,10500,30884,2% @ 60,www.shasta.courts.ca.gov,,08/06/2024,Shasta,,True,
2023,Superior Court,Shasta County Superior Court,Security - Courtroom,Marshal's Sergeant,False,True,,72120,106560,,104041,2135,0,9035,115211,45061,0,0,19769,64830,3% @ 50,www.shasta.courts.ca.gov,,08/06/2024,Shasta,,True,
2023,Superior Court,Shasta County Superior Court,Judge's Retire System Member,"Judge, Superior Court",True,True,,228979,238479,,104825,0,2804,617,108246,12437,0,0,11627,24064,Judicial Retirement System,www.shasta.courts.ca.gov,,08/06/2024,Shasta,,True,
2023,Superior Court,Shasta County Superior Court,Family Court Services,Probate/Family Court Service,False,True,,99516,127020,,102863,0,2110,2090,107063,18230,0,0,6719,24949,2% @ 62,www.shasta.courts.ca.gov,,08/06/2024,Shasta,,True,
2023,Superior Court,Shasta County Superior Court,Administration,General Counsel,False,True,,139356,177852,,104645,0,0,2090,106735,29596,0,4274,4404,38274,2% @ 60,www.shasta.courts.ca.gov,,08/06/2024,Shasta,,True,
2023,Superior Court,Shasta County Superior Court,Security - Perimeter,Marshal Corporal,False,True,,67020,99024,,94135,1447,0,8446,104028,41498,0,0,20207,61705,2.7% @ 57,www.shasta.courts.ca.gov,,08/06/2024,Shasta,,True,
2023,Superior Court,Shasta County Superior Court,Administration,Legal Research Attorney III,False,True,,106560,135996,,102407,0,0,1540,103947,17965,0,0,15744,33709,2% @ 62,www.shasta.courts.ca.gov,,08/06/2024,Shasta,,True,
2023,Superior Court,Shasta County Superior Court,Security - Perimeter,Deputy Marshal,False,True,,63828,94308,,90696,1574,0,8077,100347,39930,0,0,20040,59970,3% @ 55,www.shasta.courts.ca.gov,,08/06/2024,Shasta,,True,
2023,Superior Court,Shasta County Superior Court,Information Technology,Court Technology Analyst,False,True,,79896,101964,,99593,25,0,0,99618,17712,0,0,20433,38145,2% @ 55,www.shasta.courts.ca.gov,,08/06/2024,Shasta,,True,
2023,Superior Court,Shasta County Superior Court,Security - Courtroom,Deputy Marshal,False,True,,63828,94308,,89359,2187,0,8021,99567,39473,0,0,3767,43240,3% @ 55,www.shasta.courts.ca.gov,,08/06/2024,Shasta,,True,
2023,Superior Court,Shasta County Superior Court,Security - Perimeter,Deputy Marshal,False,True,,63828,94308,,92173,64,0,4850,97087,38649,0,0,10341,48990,3% @ 50,www.shasta.courts.ca.gov,,08/06/2024,Shasta,,True,
2023,Superior Court,Shasta County Superior Court,Security - Perimeter,Deputy Marshal,False,True,,63828,94308,,91392,825,0,4850,97067,38240,0,0,20207,58447,2.7% @ 57,www.shasta.courts.ca.gov,,08/06/2024,Shasta,,True,
2023,Superior Court,Shasta County Superior Court,Security - Courtroom,Deputy Marshal,False,True,,63828,94308,,85639,361,907,8389,95296,40051,0,0,15789,55840,3% @ 50,www.shasta.courts.ca.gov,,08/06/2024,Shasta,,True,
2023,Superior Court,Shasta County Superior Court,Security - Perimeter,Deputy Marshal,False,True,,63828,94308,,86549,130,907,5129,92715,38309,0,0,20207,58516,2.7% @ 57,www.shasta.courts.ca.gov,,08/06/2024,Shasta,,True,
2023,Superior Court,Shasta County Superior Court,Juvenile,Court Services Supervisor,False,True,,67680,86376,,80162,9787,831,0,90780,14244,0,0,4404,18648,2% @ 55,www.shasta.courts.ca.gov,,08/06/2024,Shasta,,True,
2023,Superior Court,Shasta County Superior Court,Criminal - Traffic,Court Services Supervisor,False,True,,67680,86376,,77190,2682,6649,3901,90422,14617,0,0,15744,30361,2% @ 55,www.shasta.courts.ca.gov,,08/06/2024,Shasta,,True,
2023,Superior Court,Shasta County Superior Court,Security - Perimeter,Deputy Marshal,False,True,,63828,94308,,77795,3594,0,8283,89672,37344,0,0,20040,57384,2.7% @ 67,www.shasta.courts.ca.gov,,08/06/2024,Shasta,,True,
2023,Superior Court,Shasta County Superior Court,Family Court Services,Child Custody Recommending Counselor,False,True,,74988,95700,,88395,0,0,0,88395,15628,0,0,20272,35900,2% @ 62,www.shasta.courts.ca.gov,,08/06/2024,Shasta,,True,
2023,Superior Court,Shasta County Superior Court,Information Technology,Court Systems Support Analyst,False,True,,69348,88512,,82773,277,4976,0,88026,14497,0,0,3782,18279,2% @ 55,www.shasta.courts.ca.gov,,08/06/2024,Shasta,,True,
2023,Superior Court,Shasta County Superior Court,Information Technology,Court Systems Support Analyst,False,True,,69348,88512,,86455,0,851,0,87306,15376,0,0,20272,35648,2% @ 55,www.shasta.courts.ca.gov,,08/06/2024,Shasta,,True,
2023,Superior Court,Shasta County Superior Court,Information Technology,Court Technology Analyst,False,True,,79896,101964,,79382,6375,0,1440,87197,14784,0,0,3782,18566,2% @ 62,www.shasta.courts.ca.gov,,08/06/2024,Shasta,,True,
2023,Superior Court,Shasta County Superior Court,Information Technology,Court Technology Analyst,False,True,,79896,101964,,82218,3058,0,1440,86716,14666,0,0,4179,18845,2% @ 62,www.shasta.courts.ca.gov,,08/06/2024,Shasta,,True,
2023,Superior Court,Shasta County Superior Court,Security - Courtroom,Deputy Marshal,False,True,,63828,94308,,77520,3229,0,5428,86177,38769,0,0,19933,58702,3% @ 55,www.shasta.courts.ca.gov,,08/06/2024,Shasta,,True,
2023,Superior Court,Shasta County Superior Court,Collections,Court Services Supervisor,False,True,,67680,86376,,79682,5143,0,0,84825,14244,0,0,10800,25044,2% @ 55,www.shasta.courts.ca.gov,,08/06/2024,Shasta,,True,
2023,Superior Court,Shasta County Superior Court,Security - Courtroom,Deputy Marshal,False,True,,63828,94308,,74210,3415,768,6389,84782,31475,0,0,20207,51682,2.7% @ 57,www.shasta.courts.ca.gov,,08/06/2024,Shasta,,True,
2023,Superior Court,Shasta County Superior Court,Information Technology,Court Information Technology Manager,False,True,,108660,138672,,81840,1324,0,1440,84604,14666,0,0,10446,25112,2% @ 62,www.shasta.courts.ca.gov,,08/06/2024,Shasta,,True,
2023,Superior Court,Shasta County Superior Court,Information Technology,Court Technology Technician III,False,True,,71412,91140,,78528,0,3939,1320,83787,14866,0,0,16746,31612,2% @ 60,www.shasta.courts.ca.gov,,08/06/2024,Shasta,,True,
2023,Superior Court,Shasta County Superior Court,Security - Courtroom,Deputy Marshal,False,True,,63828,94308,,76447,1089,0,5584,83120,38516,0,0,4338,42854,2.7% @ 57,www.shasta.courts.ca.gov,,08/06/2024,Shasta,,True,
2023,Superior Court,Shasta County Superior Court,Administration,Court Services Supervisor,False,True,,67680,86376,,80292,220,0,2013,82525,14600,0,0,15744,30344,2% @ 55,www.shasta.courts.ca.gov,,08/06/2024,Shasta,,True,
2023,Superior Court,Shasta County Superior Court,Information Technology,Court Technology Analyst,False,True,,79896,101964,,79207,420,0,1440,81067,14331,0,0,20272,34603,2% @ 62,www.shasta.courts.ca.gov,,08/06/2024,Shasta,,True,
2023,Superior Court,Shasta County Superior Court,Family Court Services,Court Investigator,False,True,,69012,88080,,80558,0,508,0,81066,14154,0,0,10654,24808,2% @ 55,www.shasta.courts.ca.gov,,08/06/2024,Shasta,,True,
2023,Superior Court,Shasta County Superior Court,Security - Perimeter,Deputy Marshal,False,True,,63828,94308,,75561,214,0,4788,80563,34860,0,0,20207,55067,2.7% @ 57,www.shasta.courts.ca.gov,,08/06/2024,Shasta,,True,
2023,Superior Court,Shasta County Superior Court,Civil,Court Services Supervisor,False,True,,67680,86376,,80512,0,0,0,80512,14244,0,0,10500,24744,2% @ 55,www.shasta.courts.ca.gov,,08/06/2024,Shasta,,True,
2023,Superior Court,Shasta County Superior Court,Finance,Court Accounting Manager,False,True,,71760,91584,,76709,0,1521,2090,80320,13597,0,0,10500,24097,2% @ 55,www.shasta.courts.ca.gov,,08/06/2024,Shasta,,True,
2023,Superior Court,Shasta County Superior Court,Courtroom Clerk,Court Services Supervisor,False,True,,67680,86376,,79212,793,0,0,80005,14200,0,0,15744,29944,2% @ 55,www.shasta.courts.ca.gov,,08/06/2024,Shasta,,True,
2023,Superior Court,Shasta County Superior Court,Security - Perimeter,Deputy Marshal,False,True,,63828,94308,,72810,2102,768,4020,79700,30421,0,0,10341,40762,2.7% @ 57,www.shasta.courts.ca.gov,,08/06/2024,Shasta,,True,
2023,Superior Court,Shasta County Superior Court,Security - Perimeter,Deputy Marshal,False,True,,63828,94308,,70336,3974,717,3940,78967,29658,0,0,10341,39999,2.7% @ 57,www.shasta.courts.ca.gov,,08/06/2024,Shasta,,True,
2023,Superior Court,Shasta County Superior Court,Civil,Court Services Supervisor,False,True,,67680,86376,,78078,51,0,0,78129,14244,0,0,15744,29988,2% @ 55,www.shasta.courts.ca.gov,,08/06/2024,Shasta,,True,
2023,Superior Court,Shasta County Superior Court,Criminal - Traffic,Court Services Supervisor,False,True,,67680,86376,,72105,4088,0,0,76193,12682,0,0,20272,32954,2% @ 55,www.shasta.courts.ca.gov,,08/06/2024,Shasta,,True,
2023,Superior Court,Shasta County Superior Court,Security - Perimeter,Deputy Marshal,False,True,,63828,94308,,69725,579,0,3862,74166,28832,0,0,4327,33159,2.7% @ 57,www.shasta.courts.ca.gov,,08/06/2024,Shasta,,True,
2023,Superior Court,Shasta County Superior Court,Security - Courtroom,Deputy Marshal,False,True,,63828,94308,,69462,1484,0,867,71813,27509,0,0,20056,47565,2.7% @ 57,www.shasta.courts.ca.gov,,08/06/2024,Shasta,,True,
2023,Superior Court,Shasta County Superior Court,Human Resources,Human Resources Analyst,False,True,,71760,91584,,71782,0,0,0,71782,12707,0,0,10500,23207,2% @ 62,www.shasta.courts.ca.gov,,08/06/2024,Shasta,,True,
2023,Superior Court,Shasta County Superior Court,Administration,Court Calendar Coordinator,False,True,,67680,86376,,61826,57,6758,3091,71732,12743,0,0,13018,25761,2% @ 55,www.shasta.courts.ca.gov,,08/06/2024,Shasta,,True,
2023,Superior Court,Shasta County Superior Court,Information Technology,Court Technology Technician II,False,True,,69684,88944,,70430,100,0,720,71250,12208,0,0,15744,27952,2% @ 62,www.shasta.courts.ca.gov,,08/06/2024,Shasta,,True,
2023,Superior Court,Shasta County Superior Court,Judge's Retire System Member,"Judge, Superior Court",True,True,,228979,238479,,71032,0,0,78,71110,0,0,0,5984,5984,Judicial Retirement System,www.shasta.courts.ca.gov,,08/06/2024,Shasta,,True,
2023,Superior Court,Shasta County Superior Court,Family Court Services,Court Investigator,False,True,,69012,88080,,70677,0,0,0,70677,12362,0,0,10473,22835,2% @ 55,www.shasta.courts.ca.gov,,08/06/2024,Shasta,,True,
2023,Superior Court,Shasta County Superior Court,Courtroom Clerk,Courtroom Clerk II,False,True,,54600,69684,,68064,2580,0,0,70644,12105,0,0,10654,22759,2% @ 62,www.shasta.courts.ca.gov,,08/06/2024,Shasta,,True,
2023,Superior Court,Shasta County Superior Court,Jury Services,Jury Coordinator,False,True,,50256,64140,,61925,6698,0,1037,69660,11262,0,0,10654,21916,2% @ 55,www.shasta.courts.ca.gov,,08/06/2024,Shasta,,True,
2023,Superior Court,Shasta County Superior Court,Information Technology,Court Systems Support Analyst,False,True,,69348,88512,,64831,4488,0,238,69557,11641,0,0,3782,15423,2% @ 62,www.shasta.courts.ca.gov,,08/06/2024,Shasta,,True,
2023,Superior Court,Shasta County Superior Court,Courtroom Clerk,Courtroom Clerk II,False,True,,54600,69684,,68064,127,670,0,68861,12105,0,0,10500,22605,2% @ 55,www.shasta.courts.ca.gov,,08/06/2024,Shasta,,True,
2023,Superior Court,Shasta County Superior Court,Administration,Court Calendar Coordinator,False,True,,67680,86376,,68172,286,0,0,68458,11938,0,0,4075,16013,2% @ 55,www.shasta.courts.ca.gov,,08/06/2024,Shasta,,True,
2023,Superior Court,Shasta County Superior Court,Courtroom Clerk,Courtroom Clerk II,False,True,,54600,69684,,68064,369,0,0,68433,12105,0,0,20272,32377,2% @ 55,www.shasta.courts.ca.gov,,08/06/2024,Shasta,,True,
2023,Superior Court,Shasta County Superior Court,Courtroom Clerk,Courtroom Clerk II,False,True,,54600,69684,,67977,87,0,0,68064,12105,0,0,10500,22605,2% @ 55,www.shasta.courts.ca.gov,,08/06/2024,Shasta,,True,
2023,Superior Court,Shasta County Superior Court,Courtroom Clerk,Courtroom Clerk II,False,True,,54600,69684,,67743,23,0,0,67766,12105,0,0,15744,27849,2% @ 55,www.shasta.courts.ca.gov,,08/06/2024,Shasta,,True,
2023,Superior Court,Shasta County Superior Court,Security - Courtroom,Deputy Marshal,False,True,,63828,94308,,63913,1935,0,924,66772,28007,0,0,4380,32387,2.7% @ 57,www.shasta.courts.ca.gov,,08/06/2024,Shasta,,True,
2023,Superior Court,Shasta County Superior Court,Courtroom Clerk,Courtroom Clerk II,False,True,,54600,69684,,64675,1338,670,0,66683,11269,0,0,10800,22069,2% @ 62,www.shasta.courts.ca.gov,,08/06/2024,Shasta,,True,
2023,Superior Court,Shasta County Superior Court,Courtroom Clerk,Courtroom Clerk II,False,True,,54600,69684,,66452,6,0,0,66458,11689,0,0,9060,20749,2% @ 62,www.shasta.courts.ca.gov,,08/06/2024,Shasta,,True,
2023,Superior Court,Shasta County Superior Court,Jury Services,Court Services Assistant IV,False,True,,52512,67020,,62772,3488,0,0,66260,11641,0,0,10654,22295,2% @ 55,www.shasta.courts.ca.gov,,08/06/2024,Shasta,,True,
2023,Superior Court,Shasta County Superior Court,Family Court Services,Court Investigator,False,True,,69012,88080,,66164,0,0,0,66164,11438,0,0,10500,21938,2% @ 62,www.shasta.courts.ca.gov,,08/06/2024,Shasta,,True,
2023,Superior Court,Shasta County Superior Court,Security - Perimeter,Deputy Marshal,False,True,,63828,94308,,63939,772,644,700,66055,25432,0,0,10341,35773,2.7% @ 57,www.shasta.courts.ca.gov,,08/06/2024,Shasta,,True,
2023,Superior Court,Shasta County Superior Court,Civil,Court Services Assistant IV,False,True,,52512,67020,,65457,0,516,0,65973,11641,0,0,10654,22295,2% @ 55,www.shasta.courts.ca.gov,,08/06/2024,Shasta,,True,
2023,Superior Court,Shasta County Superior Court,Finance,Purchasing Coordinator,False,True,,54600,69684,,65584,0,0,0,65584,11603,0,0,15744,27347,2% @ 62,www.shasta.courts.ca.gov,,08/06/2024,Shasta,,True,
2023,Superior Court,Shasta County Superior Court,Juvenile,Court Services Assistant IV,False,True,,52512,67020,,65457,0,0,0,65457,11641,0,0,20272,31913,2% @ 55,www.shasta.courts.ca.gov,,08/06/2024,Shasta,,True,
2023,Superior Court,Shasta County Superior Court,Criminal - Traffic,Court Services Assistant IV,False,True,,52512,67020,,65457,0,0,0,65457,11641,0,0,10641,22282,2% @ 62,www.shasta.courts.ca.gov,,08/06/2024,Shasta,,True,
2023,Superior Court,Shasta County Superior Court,Family Court Services,Court Services Assistant IV,False,True,,52512,67020,,64748,0,0,0,64748,11641,0,0,15744,27385,2% @ 55,www.shasta.courts.ca.gov,,08/06/2024,Shasta,,True,
2023,Superior Court,Shasta County Superior Court,Courtroom Clerk,Courtroom Clerk II,False,True,,54600,69684,,64183,57,0,0,64240,11437,0,0,17024,28461,2% @ 62,www.shasta.courts.ca.gov,,08/06/2024,Shasta,,True,
2023,Superior Court,Shasta County Superior Court,Finance,Court Services Accounting Technician,False,True,,51252,65400,,63892,0,0,0,63892,11362,0,0,10500,21862,2% @ 62,www.shasta.courts.ca.gov,,08/06/2024,Shasta,,True,
2023,Superior Court,Shasta County Superior Court,Courtroom Clerk,Courtroom Clerk II,False,True,,54600,69684,,63468,367,0,0,63835,11177,0,0,4104,15281,2% @ 62,www.shasta.courts.ca.gov,,08/06/2024,Shasta,,True,
2023,Superior Court,Shasta County Superior Court,Courtroom Clerk,Courtroom Clerk II,False,True,,54600,69684,,63522,22,0,0,63544,11193,0,0,5019,16212,2% @ 62,www.shasta.courts.ca.gov,,08/06/2024,Shasta,,True,
2023,Superior Court,Shasta County Superior Court,Finance,Court Services Accounting Technician,False,True,,51252,65400,,63525,0,0,0,63525,11287,0,0,4404,15691,2% @ 55,www.shasta.courts.ca.gov,,08/06/2024,Shasta,,True,
2023,Superior Court,Shasta County Superior Court,Courtroom Clerk,Courtroom Clerk II,False,True,,54600,69684,,63057,151,0,0,63208,11112,0,0,4221,15333,2% @ 62,www.shasta.courts.ca.gov,,08/06/2024,Shasta,,True,
2023,Superior Court,Shasta County Superior Court,Security - Perimeter,Psso Dispatcher,False,True,,49524,63204,,61734,1266,0,0,63000,10979,0,0,20497,31476,2% @ 60,www.shasta.courts.ca.gov,,08/06/2024,Shasta,,True,
2023,Superior Court,Shasta County Superior Court,Administration,Judicial Assistant,False,True,,50256,64140,,62457,381,0,0,62838,11142,0,0,504,11646,2% @ 62,www.shasta.courts.ca.gov,,08/06/2024,Shasta,,True,
2023,Superior Court,Shasta County Superior Court,Finance,Court Services Accounting Technician - Confidential,False,True,,53808,68676,,54063,337,8392,0,62792,10681,0,0,13018,23699,2% @ 55,www.shasta.courts.ca.gov,,08/06/2024,Shasta,,True,
2023,Superior Court,Shasta County Superior Court,Collections,Court Services Assistant III,False,True,,46248,59028,,55237,6321,0,0,61558,9798,0,0,10500,20298,2% @ 62,www.shasta.courts.ca.gov,,08/06/2024,Shasta,,True,
2023,Superior Court,Shasta County Superior Court,Courtroom Clerk,Courtroom Clerk II,False,True,,54600,69684,,61424,12,0,0,61436,10899,0,0,10393,21292,2% @ 62,www.shasta.courts.ca.gov,,08/06/2024,Shasta,,True,
2023,Superior Court,Shasta County Superior Court,Criminal - Traffic,Court Services Supervisor,False,True,,67680,86376,,57705,3603,0,0,61308,10483,0,0,3782,14265,2% @ 62,www.shasta.courts.ca.gov,,08/06/2024,Shasta,,True,
2023,Superior Court,Shasta County Superior Court,Criminal - Traffic,Court Services Assistant III,False,True,,46248,59028,,57659,3514,0,0,61173,10254,0,0,10500,20754,2% @ 62,www.shasta.courts.ca.gov,,08/06/2024,Shasta,,True,
2023,Superior Court,Shasta County Superior Court,Courtroom Clerk,Courtroom Clerk II,False,True,,54600,69684,,60982,0,0,0,60982,10537,0,0,3782,14319,2% @ 62,www.shasta.courts.ca.gov,,08/06/2024,Shasta,,True,
2023,Superior Court,Shasta County Superior Court,Administration,Judicial Assistant - Confidential,False,True,,52764,67344,,59055,674,0,0,59729,10265,0,0,10500,20765,2% @ 60,www.shasta.courts.ca.gov,,08/06/2024,Shasta,,True,
2023,Superior Court,Shasta County Superior Court,Family Law Facilitator,Self-Help Legal Assistant,False,True,,47400,60492,,59667,0,0,0,59667,10508,0,0,11835,22343,2% @ 62,www.shasta.courts.ca.gov,,08/06/2024,Shasta,,True,
2023,Superior Court,Shasta County Superior Court,Collections,Court Services Assistant III,False,True,,46248,59028,,57452,681,568,0,58701,10254,0,0,19848,30102,2% @ 60,www.shasta.courts.ca.gov,,08/06/2024,Shasta,,True,
2023,Superior Court,Shasta County Superior Court,Courtroom Clerk,Courtroom Clerk II,False,True,,54600,69684,,58496,178,0,0,58674,10300,0,0,15590,25890,2% @ 62,www.shasta.courts.ca.gov,,08/06/2024,Shasta,,True,
2023,Superior Court,Shasta County Superior Court,Courtroom Clerk,Courtroom Clerk I,False,True,,51996,66372,,58617,46,0,0,58663,10349,0,0,10641,20990,2% @ 62,www.shasta.courts.ca.gov,,08/06/2024,Shasta,,True,
2023,Superior Court,Shasta County Superior Court,Family Court Services,Court Services Assistant III,False,True,,46248,59028,,57659,0,568,0,58227,10254,0,0,10654,20908,2% @ 62,www.shasta.courts.ca.gov,,08/06/2024,Shasta,,True,
2023,Superior Court,Shasta County Superior Court,Courtroom Clerk,Courtroom Clerk II,False,True,,54600,69684,,56475,1584,0,0,58059,10113,0,0,13563,23676,2% @ 62,www.shasta.courts.ca.gov,,08/06/2024,Shasta,,True,
2023,Superior Court,Shasta County Superior Court,Security - Courtroom,Grant Project Manager,False,True,,187439,187439,,57953,0,0,0,57953,0,0,0,0,0,N/A,www.shasta.courts.ca.gov,,08/06/2024,Shasta,,True,
2023,Superior Court,Shasta County Superior Court,Appeals,Court Services Assistant III,False,True,,46248,59028,,56428,1437,0,0,57865,10254,0,0,20272,30526,2% @ 60,www.shasta.courts.ca.gov,,08/06/2024,Shasta,,True,
2023,Superior Court,Shasta County Superior Court,Finance,Payroll Auditor - Confidential,False,True,,55404,70716,,57709,0,0,0,57709,10193,0,0,10800,20993,2% @ 62,www.shasta.courts.ca.gov,,08/06/2024,Shasta,,True,
2023,Superior Court,Shasta County Superior Court,Family Court Services,Child Custody Recommending Counselor,False,True,,74988,95700,,36727,0,20965,0,57692,9479,0,0,6519,15998,2% @ 55,www.shasta.courts.ca.gov,,08/06/2024,Shasta,,True,
2023,Superior Court,Shasta County Superior Court,Family Court Services,Court Services Assistant III,False,True,,46248,59028,,57659,0,0,0,57659,10254,0,0,20272,30526,2% @ 55,www.shasta.courts.ca.gov,,08/06/2024,Shasta,,True,
2023,Superior Court,Shasta County Superior Court,Jury Services,Jury Coordinator,False,True,,50256,64140,,57659,0,0,0,57659,10254,0,0,15890,26144,2% @ 62,www.shasta.courts.ca.gov,,08/06/2024,Shasta,,True,
2023,Superior Court,Shasta County Superior Court,Collections,Court Services Assistant III,False,True,,46248,59028,,57659,0,0,0,57659,10254,0,0,10641,20895,2% @ 55,www.shasta.courts.ca.gov,,08/06/2024,Shasta,,True,
2023,Superior Court,Shasta County Superior Court,Appeals,Court Services Assistant III,False,True,,46248,59028,,57659,0,0,0,57659,10254,0,0,10500,20754,2% @ 55,www.shasta.courts.ca.gov,,08/06/2024,Shasta,,True,
2023,Superior Court,Shasta County Superior Court,Criminal - Traffic,Court Services Assistant III,False,True,,46248,59028,,57659,0,0,0,57659,10254,0,0,3782,14036,2% @ 62,www.shasta.courts.ca.gov,,08/06/2024,Shasta,,True,
2023,Superior Court,Shasta County Superior Court,Court Reporter,Court Reporter,False,True,,75720,96648,,54636,0,0,2983,57619,7802,0,0,14937,22739,2% @ 62,www.shasta.courts.ca.gov,,08/06/2024,Shasta,,True,
2023,Superior Court,Shasta County Superior Court,Civil,Court Services Assistant III,False,True,,46248,59028,,57034,156,0,0,57190,10238,0,0,20272,30510,2% @ 62,www.shasta.courts.ca.gov,,08/06/2024,Shasta,,True,
2023,Superior Court,Shasta County Superior Court,Collections,Court Services Assistant III,False,True,,46248,59028,,56965,0,0,0,56965,10146,0,0,10472,20618,2% @ 60,www.shasta.courts.ca.gov,,08/06/2024,Shasta,,True,
2023,Superior Court,Shasta County Superior Court,Civil,Court Services Assistant III,False,True,,46248,59028,,56675,0,0,0,56675,10001,0,0,10500,20501,2% @ 55,www.shasta.courts.ca.gov,,08/06/2024,Shasta,,True,
2023,Superior Court,Shasta County Superior Court,Administration,Judicial Assistant,False,True,,50256,64140,,56474,0,0,0,56474,9840,0,0,15744,25584,2% @ 62,www.shasta.courts.ca.gov,,08/06/2024,Shasta,,True,
2023,Superior Court,Shasta County Superior Court,Administration,Judicial Assistant,False,True,,50256,64140,,55542,408,0,0,55950,10476,0,0,15744,26220,2% @ 62,www.shasta.courts.ca.gov,,08/06/2024,Shasta,,True,
2023,Superior Court,Shasta County Superior Court,Civil,Interpreter Coordinator,False,True,,55956,71412,,55634,0,0,0,55634,11014,0,0,4258,15272,2% @ 62,www.shasta.courts.ca.gov,,08/06/2024,Shasta,,True,
2023,Superior Court,Shasta County Superior Court,Security - Perimeter,Psso II,False,True,,45360,57888,,55133,19,0,0,55152,10056,0,0,10500,20556,2% @ 62,www.shasta.courts.ca.gov,,08/06/2024,Shasta,,True,
2023,Superior Court,Shasta County Superior Court,Civil,Court Services Assistant III,False,True,,46248,59028,,54012,0,0,1096,55108,9712,0,0,10500,20212,2% @ 62,www.shasta.courts.ca.gov,,08/06/2024,Shasta,,True,
2023,Superior Court,Shasta County Superior Court,Security - Perimeter,Records Specialist - Confidential,False,True,,48096,61380,,54724,258,0,0,54982,9713,0,0,10535,20248,2% @ 55,www.shasta.courts.ca.gov,,08/06/2024,Shasta,,True,
2023,Superior Court,Shasta County Superior Court,Security - Perimeter,Psso II,False,True,,45360,57888,,53663,364,0,0,54027,9577,0,0,4104,13681,2% @ 62,www.shasta.courts.ca.gov,,08/06/2024,Shasta,,True,
2023,Superior Court,Shasta County Superior Court,Security - Perimeter,Psso II,False,True,,45360,57888,,53780,14,0,0,53794,9659,0,0,15744,25403,2% @ 62,www.shasta.courts.ca.gov,,08/06/2024,Shasta,,True,
2023,Superior Court,Shasta County Superior Court,Civil,Court Services Assistant III,False,True,,46248,59028,,52709,0,0,0,52709,9341,0,0,10500,19841,2% @ 62,www.shasta.courts.ca.gov,,08/06/2024,Shasta,,True,
2023,Superior Court,Shasta County Superior Court,Courtroom Clerk,Courtroom Clerk II,False,True,,54600,69684,,51810,574,0,0,52384,9115,0,0,10500,19615,2% @ 62,www.shasta.courts.ca.gov,,08/06/2024,Shasta,,True,
2023,Superior Court,Shasta County Superior Court,Courtroom Clerk,Courtroom Clerk I,False,True,,51996,66372,,51806,0,0,0,51806,9331,0,0,4258,13589,2% @ 62,www.shasta.courts.ca.gov,,08/06/2024,Shasta,,True,
2023,Superior Court,Shasta County Superior Court,Family Court Services,Child Custody Recommending Counselor,False,True,,74988,95700,,50682,0,0,0,50682,9343,0,0,20220,29563,2% @ 62,www.shasta.courts.ca.gov,,08/06/2024,Shasta,,True,
2023,Superior Court,Shasta County Superior Court,Criminal - Traffic,Court Services Assistant III,False,True,,46248,59028,,48577,918,0,0,49495,8548,0,0,4404,12952,2% @ 62,www.shasta.courts.ca.gov,,08/06/2024,Shasta,,True,
2023,Superior Court,Shasta County Superior Court,Family Law Facilitator,Self-Help Legal Assistant,False,True,,47400,60492,,48896,0,0,0,48896,8673,0,0,10500,19173,2% @ 62,www.shasta.courts.ca.gov,,08/06/2024,Shasta,,True,
2023,Superior Court,Shasta County Superior Court,Civil,Court Services Assistant IV,False,True,,52512,67020,,48733,0,0,0,48733,9994,0,0,20272,30266,2% @ 55,www.shasta.courts.ca.gov,,08/06/2024,Shasta,,True,
2023,Superior Court,Shasta County Superior Court,Criminal - Traffic,Court Services Assistant III,False,True,,46248,59028,,47436,1258,0,0,48694,8436,0,0,10500,18936,2% @ 62,www.shasta.courts.ca.gov,,08/06/2024,Shasta,,True,
2023,Superior Court,Shasta County Superior Court,Civil,Court Services Assistant III,False,True,,46248,59028,,42778,0,5697,0,48475,8789,0,0,15072,23861,2% @ 60,www.shasta.courts.ca.gov,,08/06/2024,Shasta,,True,
2023,Superior Court,Shasta County Superior Court,Collections,Court Services Assistant III,False,True,,46248,59028,,46585,1801,0,0,48386,8710,0,0,20272,28982,2% @ 62,www.shasta.courts.ca.gov,,08/06/2024,Shasta,,True,
2023,Superior Court,Shasta County Superior Court,Criminal - Traffic,Court Services Assistant II,False,True,,48576,48576,,45470,2802,0,0,48272,7998,0,0,3600,11598,2% @ 62,www.shasta.courts.ca.gov,,08/06/2024,Shasta,,True,
2023,Superior Court,Shasta County Superior Court,Criminal - Traffic,Court Services Assistant III,False,True,,46248,59028,,47436,0,0,0,47436,8436,0,0,10500,18936,2% @ 62,www.shasta.courts.ca.gov,,08/06/2024,Shasta,,True,
2023,Superior Court,Shasta County Superior Court,Juvenile,Court Services Assistant II,False,True,,48576,48576,,45976,0,0,0,45976,8087,0,0,10500,18587,2% @ 62,www.shasta.courts.ca.gov,,08/06/2024,Shasta,,True,
2023,Superior Court,Shasta County Superior Court,Jury Services,Jury Coordinator,False,True,,50256,64140,,44437,1469,0,0,45906,7104,0,0,3600,10704,2% @ 62,www.shasta.courts.ca.gov,,08/06/2024,Shasta,,True,
2023,Superior Court,Shasta County Superior Court,Family Court Services,Court Services Assistant III,False,True,,46248,59028,,45121,0,743,0,45864,9019,0,0,7924,16943,2% @ 55,www.shasta.courts.ca.gov,,08/06/2024,Shasta,,True,
2023,Superior Court,Shasta County Superior Court,Civil,Court Services Assistant II,False,True,,48576,48576,,45416,104,0,0,45520,8116,0,0,10500,18616,2% @ 62,www.shasta.courts.ca.gov,,08/06/2024,Shasta,,True,
2023,Superior Court,Shasta County Superior Court,Collections,Court Services Assistant II,False,True,,48576,48576,,45470,0,0,0,45470,7998,0,0,10473,18471,2% @ 62,www.shasta.courts.ca.gov,,08/06/2024,Shasta,,True,
2023,Superior Court,Shasta County Superior Court,Civil,Court Services Assistant II,False,True,,48576,48576,,45049,301,0,0,45350,7968,0,0,13412,21380,2% @ 62,www.shasta.courts.ca.gov,,08/06/2024,Shasta,,True,
2023,Superior Court,Shasta County Superior Court,Criminal - Traffic,Court Services Assistant II,False,True,,48576,48576,,45244,0,0,0,45244,7953,0,0,12094,20047,2% @ 62,www.shasta.courts.ca.gov,,08/06/2024,Shasta,,True,
2023,Superior Court,Shasta County Superior Court,Civil,Court Services Assistant II,False,True,,48576,48576,,44299,0,0,0,44299,7751,0,0,10420,18171,2% @ 62,www.shasta.courts.ca.gov,,08/06/2024,Shasta,,True,
2023,Superior Court,Shasta County Superior Court,Civil,Court Services Assistant II,False,True,,48576,48576,,43743,170,0,0,43913,7694,0,0,10366,18060,2% @ 62,www.shasta.courts.ca.gov,,08/06/2024,Shasta,,True,
2023,Superior Court,Shasta County Superior Court,Security - Perimeter,Psso II,False,True,,45360,57888,,43550,245,0,0,43795,7655,0,0,10446,18101,2% @ 62,www.shasta.courts.ca.gov,,08/06/2024,Shasta,,True,
2023,Superior Court,Shasta County Superior Court,Criminal - Traffic,Court Services Assistant II,False,True,,48576,48576,,43785,0,0,0,43785,7661,0,0,10379,18040,2% @ 62,www.shasta.courts.ca.gov,,08/06/2024,Shasta,,True,
2023,Superior Court,Shasta County Superior Court,Civil,Court Services Assistant II,False,True,,48576,48576,,43734,0,0,0,43734,7775,0,0,20013,27788,2% @ 62,www.shasta.courts.ca.gov,,08/06/2024,Shasta,,True,
2023,Superior Court,Shasta County Superior Court,Criminal - Traffic,Court Services Assistant II,False,True,,48576,48576,,43645,0,0,0,43645,7731,0,0,3600,11331,2% @ 62,www.shasta.courts.ca.gov,,08/06/2024,Shasta,,True,
2023,Superior Court,Shasta County Superior Court,Courtroom Clerk,Courtroom Clerk II,False,True,,54600,69684,,43105,58,0,0,43163,6632,0,0,16612,23244,2% @ 62,www.shasta.courts.ca.gov,,08/06/2024,Shasta,,True,
2023,Superior Court,Shasta County Superior Court,Criminal - Traffic,Court Services Assistant II,False,True,,48576,48576,,41557,0,0,0,41557,7113,0,0,19961,27074,2% @ 62,www.shasta.courts.ca.gov,,08/06/2024,Shasta,,True,
2023,Superior Court,Shasta County Superior Court,Security - Courtroom,Deputy Marshal,False,True,,63828,94308,,40096,592,0,131,40819,11639,0,0,4410,16049,2.7% @ 57,www.shasta.courts.ca.gov,,08/06/2024,Shasta,,True,
2023,Superior Court,Shasta County Superior Court,Courtroom Clerk,Courtroom Clerk II,False,True,,54600,69684,,38635,0,0,0,38635,0,0,0,0,0,N/A,www.shasta.courts.ca.gov,,08/06/2024,Shasta,,True,
2023,Superior Court,Shasta County Superior Court,Court Reporter,Court Reporter,False,True,,75720,96648,,34208,0,2245,1613,38066,7676,0,0,3161,10837,2% @ 62,www.shasta.courts.ca.gov,,08/06/2024,Shasta,,True,
2023,Superior Court,Shasta County Superior Court,Collections,Court Services Supervisor,False,True,,67680,86376,,37591,0,0,0,37591,0,0,0,0,0,N/A,www.shasta.courts.ca.gov,,08/06/2024,Shasta,,True,
2023,Superior Court,Shasta County Superior Court,Security - Courtroom,Deputy Marshal,False,True,,63828,94308,,29868,3003,1995,2630,37496,21318,0,0,66,21384,3% @ 50,www.shasta.courts.ca.gov,,08/06/2024,Shasta,,True,
2023,Superior Court,Shasta County Superior Court,Criminal - Traffic,Court Services Assistant II,False,True,,48576,48576,,35470,0,0,0,35470,5595,0,0,8557,14152,2% @ 62,www.shasta.courts.ca.gov,,08/06/2024,Shasta,,True,
2023,Superior Court,Shasta County Superior Court,Family Court Services,Court Investigator,False,True,,69012,88080,,34839,0,0,0,34839,0,0,0,0,0,N/A,www.shasta.courts.ca.gov,,08/06/2024,Shasta,,True,
2023,Superior Court,Shasta County Superior Court,Criminal - Traffic,Court Services Assistant III,False,True,,46248,59028,,34390,0,0,0,34390,4920,0,0,3371,8291,2% @ 62,www.shasta.courts.ca.gov,,08/06/2024,Shasta,,True,
2023,Superior Court,Shasta County Superior Court,Family Law Facilitator,Self-Help Legal Specialist,False,True,,53544,68340,,34155,0,0,0,34155,6250,0,0,3691,9941,2% @ 62,www.shasta.courts.ca.gov,,08/06/2024,Shasta,,True,
2023,Superior Court,Shasta County Superior Court,Criminal - Traffic,Court Services Assistant III,False,True,,46248,59028,,30871,0,2590,0,33461,7968,0,0,5205,13173,2% @ 62,www.shasta.courts.ca.gov,,08/06/2024,Shasta,,True,
2023,Superior Court,Shasta County Superior Court,Security - Perimeter,Deputy Marshal,False,True,,63828,94308,,33195,0,0,0,33195,0,0,0,0,0,N/A,www.shasta.courts.ca.gov,,08/06/2024,Shasta,,True,
2023,Superior Court,Shasta County Superior Court,Family Court Services,Court Services Assistant II,False,True,,48576,48576,,31953,0,0,0,31953,4710,0,0,8656,13366,2% @ 62,www.shasta.courts.ca.gov,,08/06/2024,Shasta,,True,
2023,Superior Court,Shasta County Superior Court,Security - Perimeter,Psso II,False,True,,45360,57888,,30961,27,0,0,30988,4594,0,0,8604,13198,2% @ 62,www.shasta.courts.ca.gov,,08/06/2024,Shasta,,True,
2023,Superior Court,Shasta County Superior Court,Family Court Services,Child Custody Recommending Counselor,False,True,,74988,95700,,29672,0,0,0,29672,0,0,0,0,0,N/A,www.shasta.courts.ca.gov,,08/06/2024,Shasta,,True,
2023,Superior Court,Shasta County Superior Court,Criminal - Traffic,Court Services Assistant III,False,True,,46248,59028,,29362,0,0,0,29362,5112,0,0,20272,25384,2% @ 62,www.shasta.courts.ca.gov,,08/06/2024,Shasta,,True,
2023,Superior Court,Shasta County Superior Court,Security - Perimeter,Psso II,False,True,,45360,57888,,29016,116,0,0,29132,4136,0,0,7737,11873,2% @ 62,www.shasta.courts.ca.gov,,08/06/2024,Shasta,,True,
2023,Superior Court,Shasta County Superior Court,Criminal - Traffic,Court Services Assistant III,False,True,,46248,59028,,27680,0,0,0,27680,0,0,0,0,0,N/A,www.shasta.courts.ca.gov,,08/06/2024,Shasta,,True,
2023,Superior Court,Shasta County Superior Court,Criminal - Traffic,Court Services Assistant II,False,True,,48576,48576,,27185,0,0,0,27185,3697,0,0,14937,18634,2% @ 62,www.shasta.courts.ca.gov,,08/06/2024,Shasta,,True,
2023,Superior Court,Shasta County Superior Court,Courtroom Clerk,Courtroom Clerk II,False,True,,54600,69684,,26157,16,54,0,26227,6388,0,0,5219,11607,2% @ 55,www.shasta.courts.ca.gov,,08/06/2024,Shasta,,True,
2023,Superior Court,Shasta County Superior Court,Security - Perimeter,Deputy Marshal,False,True,,63828,94308,,25044,0,0,0,25044,0,0,0,0,0,N/A,www.shasta.courts.ca.gov,,08/06/2024,Shasta,,True,
2023,Superior Court,Shasta County Superior Court,Security - Perimeter,Psso II,False,True,,45360,57888,,22753,125,699,0,23577,4619,0,0,5806,10425,2% @ 62,www.shasta.courts.ca.gov,,08/06/2024,Shasta,,True,
2023,Superior Court,Shasta County Superior Court,Security - Courtroom,Deputy Marshal,False,True,,63828,94308,,23160,0,0,0,23160,4537,0,0,946,5483,2.7% @ 57,www.shasta.courts.ca.gov,,08/06/2024,Shasta,,True,
2023,Superior Court,Shasta County Superior Court,Courtroom Clerk,Courtroom Clerk I,False,True,,51996,66372,,21936,0,845,0,22781,4508,0,0,9737,14245,2% @ 62,www.shasta.courts.ca.gov,,08/06/2024,Shasta,,True,
2023,Superior Court,Shasta County Superior Court,Civil,Court Services Assistant III,False,True,,46248,59028,,20860,0,0,0,20860,0,0,0,0,0,N/A,www.shasta.courts.ca.gov,,08/06/2024,Shasta,,True,
2023,Superior Court,Shasta County Superior Court,Civil,Court Services Supervisor,False,True,,67680,86376,,20692,0,0,0,20692,0,0,0,0,0,N/A,www.shasta.courts.ca.gov,,08/06/2024,Shasta,,True,
2023,Superior Court,Shasta County Superior Court,Security - Courtroom,Deputy Marshal,False,True,,63828,94308,,20344,99,0,0,20443,3988,0,0,6684,10672,2% @ 62,www.shasta.courts.ca.gov,,08/06/2024,Shasta,,True,
2023,Superior Court,Shasta County Superior Court,Security - Perimeter,Deputy Marshal,False,True,,63828,94308,,19267,0,0,0,19267,0,0,0,0,0,N/A,www.shasta.courts.ca.gov,,08/06/2024,Shasta,,True,
2023,Superior Court,Shasta County Superior Court,Criminal - Traffic,Court Services Assistant I,False,True,,44064,46260,,16412,0,1524,0,17936,4459,0,0,4338,8797,2% @ 62,www.shasta.courts.ca.gov,,08/06/2024,Shasta,,True,
2023,Superior Court,Shasta County Superior Court,Criminal - Traffic,Court Services Assistant III,False,True,,46248,59028,,16569,0,0,0,16569,0,0,0,0,0,N/A,www.shasta.courts.ca.gov,,08/06/2024,Shasta,,True,
2023,Superior Court,Shasta County Superior Court,Criminal - Traffic,Court Services Assistant I,False,True,,44064,46260,,16536,0,0,0,16536,1629,0,0,1350,2979,2% @ 62,www.shasta.courts.ca.gov,,08/06/2024,Shasta,,True,
2023,Superior Court,Shasta County Superior Court,Civil,Court Services Assistant I,False,True,,44064,46260,,15533,0,0,0,15533,1530,0,0,1434,2964,2% @ 62,www.shasta.courts.ca.gov,,08/06/2024,Shasta,,True,
2023,Superior Court,Shasta County Superior Court,Collections Family Court,Court Services Assistant III,False,True,,46248,59028,,11466,0,3035,0,14501,2959,0,0,1761,4720,2% @ 60,www.shasta.courts.ca.gov,,08/06/2024,Shasta,,True,
2023,Superior Court,Shasta County Superior Court,Civil,Court Services Assistant I,False,True,,44064,46260,,11511,0,507,0,12018,2971,0,0,946,3917,2% @ 62,www.shasta.courts.ca.gov,,08/06/2024,Shasta,,True,
2023,Superior Court,Shasta County Superior Court,Civil,Court Services Assistant I,False,True,,44064,46260,,11518,0,443,0,11961,2185,0,0,3363,5548,2% @ 62,www.shasta.courts.ca.gov,,08/06/2024,Shasta,,True,
2023,Superior Court,Shasta County Superior Court,Criminal - Traffic,Court Services Assistant I,False,True,,44064,46260,,10119,0,730,0,10849,2697,0,0,2576,5273,2% @ 62,www.shasta.courts.ca.gov,,08/06/2024,Shasta,,True,
2023,Superior Court,Shasta County Superior Court,Civil,Court Services Assistant I,False,True,,44064,46260,,6047,0,803,0,6850,1561,0,0,1735,3296,2% @ 62,www.shasta.courts.ca.gov,,08/06/2024,Shasta,,True,
2023,Superior Court,Shasta County Superior Court,Courtroom Clerk,Courtroom Clerk II,False,True,,54600,69684,,6758,0,0,0,6758,1744,0,0,5861,7605,2% @ 55,www.shasta.courts.ca.gov,,08/06/2024,Shasta,,True,
2023,Superior Court,Shasta County Superior Court,Civil,Court Services Assistant I,False,True,,44064,46260,,6270,0,0,0,6270,618,0,0,2612,3230,2% @ 62,www.shasta.courts.ca.gov,,08/06/2024,Shasta,,True,
2023,Superior Court,Shasta County Superior Court,Collections,Court Services Assistant III,False,True,,46248,59028,,6088,0,0,0,6088,0,0,0,0,0,N/A,www.shasta.courts.ca.gov,,08/06/2024,Shasta,,True,
2023,Superior Court,Shasta County Superior Court,Collections,Court Services Assistant I,False,True,,44064,46260,,6068,0,0,0,6068,0,0,0,0,0,N/A,www.shasta.courts.ca.gov,,08/06/2024,Shasta,,True,
2023,Superior Court,Shasta County Superior Court,Security - Perimeter,Deputy Marshal,False,True,,63828,94308,,5839,0,0,0,5839,0,0,0,0,0,N/A,www.shasta.courts.ca.gov,,08/06/2024,Shasta,,True,
2023,Superior Court,Shasta County Superior Court,Criminal - Traffic,Court Services Assistant I,False,True,,44064,46260,,5084,0,0,0,5084,501,0,0,3392,3893,2% @ 62,www.shasta.courts.ca.gov,,08/06/2024,Shasta,,True,
2023,Superior Court,Shasta County Superior Court,Criminal - Traffic,Court Services Assistant I,False,True,,44064,46260,,5084,0,0,0,5084,501,0,0,2640,3141,2% @ 62,www.shasta.courts.ca.gov,,08/06/2024,Shasta,,True,
2023,Superior Court,Shasta County Superior Court,Civil,Court Services Assistant I,False,True,,44064,46260,,5084,0,0,0,5084,501,0,0,1771,2272,2% @ 62,www.shasta.courts.ca.gov,,08/06/2024,Shasta,,True,
2023,Superior Court,Shasta County Superior Court,Criminal - Traffic,Court Services Assistant I,False,True,,44064,46260,,5084,0,0,0,5084,501,0,0,945,1446,2% @ 62,www.shasta.courts.ca.gov,,08/06/2024,Shasta,,True,
2023,Superior Court,Shasta County Superior Court,Civil,Court Services Assistant I,False,True,,44064,46260,,5084,0,0,0,5084,501,0,0,300,801,2% @ 62,www.shasta.courts.ca.gov,,08/06/2024,Shasta,,True,
2023,Superior Court,Shasta County Superior Court,Civil,Court Services Assistant I,False,True,,44064,46260,,5084,0,0,0,5084,334,0,0,330,664,2% @ 62,www.shasta.courts.ca.gov,,08/06/2024,Shasta,,True,
2023,Superior Court,Shasta County Superior Court,Criminal - Traffic,Court Services Assistant I,False,True,,44064,46260,,3208,0,745,0,3953,828,0,0,841,1669,2% @ 62,www.shasta.courts.ca.gov,,08/06/2024,Shasta,,True,
2023,Superior Court,Shasta County Superior Court,Security - Perimeter,Psso II,False,True,,45360,57888,,3238,0,0,0,3238,836,0,0,0,836,2% @ 62,www.shasta.courts.ca.gov,,08/06/2024,Shasta,,True,
2023,Superior Court,Shasta County Superior Court,Collections,Court Services Assistant I,False,True,,44064,46260,,2705,0,104,0,2809,698,0,0,1623,2321,2% @ 62,www.shasta.courts.ca.gov,,08/06/2024,Shasta,,True,
2023,Superior Court,Shasta County Superior Court,Civil,Court Services Assistant I,False,True,,44064,46260,,2530,0,97,0,2627,653,0,0,856,1509,2% @ 62,www.shasta.courts.ca.gov,,08/06/2024,Shasta,,True,
2023,Superior Court,Shasta County Superior Court,Civil,Court Services Assistant I,False,True,,44064,46260,,2519,0,97,0,2616,650,0,0,1623,2273,2% @ 62,www.shasta.courts.ca.gov,,08/06/2024,Shasta,,True,
2023,Superior Court,Shasta County Superior Court,Security - Perimeter,Deputy Marshal,False,True,,63828,94308,,2300,0,0,0,2300,0,0,0,0,0,N/A,www.shasta.courts.ca.gov,,08/06/2024,Shasta,,True,
2023,Superior Court,Shasta County Superior Court,Finance,Court Services Accounting Technician,False,True,,51252,65400,,2282,0,0,0,2282,225,0,0,930,1155,2% @ 62,www.shasta.courts.ca.gov,,08/06/2024,Shasta,,True,
2023,Superior Court,Shasta County Superior Court,Administration,Judicial Assistant,False,True,,50256,64140,,1933,0,0,0,1933,190,0,0,930,1120,2% @ 62,www.shasta.courts.ca.gov,,08/06/2024,Shasta,,True,

