﻿Year,EmployerType,EmployerName,DepartmentOrSubdivision,Position,ElectedOfficial,Judicial,OtherPositions,MinPositionSalary,MaxPositionSalary,ReportedBaseWage,RegularPay,OvertimePay,LumpSumPay,OtherPay,TotalWages,DefinedBenefitPlanContribution,EmployeesRetirementCostCovered,DeferredCompensationPlan,HealthDentalVision,TotalRetirementAndHealthContribution,PensionFormula,EmployerURL,EmployerPopulation,LastUpdatedDate,EmployerCounty,SpecialDistrictActivities,IncludesUnfundedLiability,SpecialDistrictType
2023,Superior Court,Sierra County Superior Court,Judge's Retirement System Member,"Judge, Superior Court",True,True,,228979,238479,,224290,0,0,0,224290,0,,,18221,18221,Judicial Retirement System,https://www.sierra.courts.ca.gov/general-information/employment,,08/06/2024,Sierra,,False,
2023,Superior Court,Sierra County Superior Court,Administration,Court Executive Officer,False,True,,128800,156558,,156558,,,6293,162851,22291,,,13757,36048,2.7% @ 55,https://www.sierra.courts.ca.gov/general-information/employment,,08/06/2024,Sierra,,False,
2023,Superior Court,Sierra County Superior Court,Court Service,Accountant II,False,True,,69019,83893,,83893,,,7440,91333,1383,,,11464,12847,2% @ 62,https://www.sierra.courts.ca.gov/general-information/employment,,08/06/2024,Sierra,,False,
2023,Superior Court,Sierra County Superior Court,Court Service,Supervising Court Clerk,False,True,,60309,73306,,66491,,,13172,79663,4901,,,0,4901,2% @ 62,https://www.sierra.courts.ca.gov/general-information/employment,,08/06/2024,Sierra,,False,
2023,Superior Court,Sierra County Superior Court,Court Service,Court Clerk I,False,True,,36120,43905,,47795,,,3194,50989,2862,,,19954,22816,2% @ 62,https://www.sierra.courts.ca.gov/general-information/employment,,08/06/2024,Sierra,,False,
2023,Superior Court,Sierra County Superior Court,Court Service,Court Clerk II,False,True,,43352,52695,,37926,,,0,37926,3607,,,26343,29950,2% @ 62,https://www.sierra.courts.ca.gov/general-information/employment,,08/06/2024,Sierra,,False,

