﻿Year,EmployerType,EmployerName,DepartmentOrSubdivision,Position,ElectedOfficial,Judicial,OtherPositions,MinPositionSalary,MaxPositionSalary,ReportedBaseWage,RegularPay,OvertimePay,LumpSumPay,OtherPay,TotalWages,DefinedBenefitPlanContribution,EmployeesRetirementCostCovered,DeferredCompensationPlan,HealthDentalVision,TotalRetirementAndHealthContribution,PensionFormula,EmployerURL,EmployerPopulation,LastUpdatedDate,EmployerCounty,SpecialDistrictActivities,IncludesUnfundedLiability,SpecialDistrictType
2023,Superior Court,Siskiyou County Superior Court,Judge's Retire System Member,"Judge, Superior Court",True,True,,228979,238479,,231625,0,0,1080,232705,0,0,0,18221,18221,Judicial Retirement System,https://www.siskiyou.courts.ca.gov/general-information/employment,,08/06/2024,Siskiyou,,False,
2023,Superior Court,Siskiyou County Superior Court,Judge's Retire System Member,"Judge, Superior Court",True,True,,228979,238479,,228940,0,0,1080,230020,0,0,0,23376,23376,Judicial Retirement System,https://www.siskiyou.courts.ca.gov/general-information/employment,,08/06/2024,Siskiyou,,False,
2023,Superior Court,Siskiyou County Superior Court,Judge's Retire System Member,"Judge, Superior Court",True,True,,228979,238479,,221507,0,0,1080,222587,0,0,0,18221,18221,Judicial Retirement System,https://www.siskiyou.courts.ca.gov/general-information/employment,,08/06/2024,Siskiyou,,False,
2023,Superior Court,Siskiyou County Superior Court,Judge's Retire System Member,"Judge, Superior Court",True,True,,228979,238479,,219253,0,0,1080,220333,0,0,0,23283,23283,Judicial Retirement System,https://www.siskiyou.courts.ca.gov/general-information/employment,,08/06/2024,Siskiyou,,False,
2023,Superior Court,Siskiyou County Superior Court,Executive,Court Executive Officer,False,True,,202707,202707,,173350,0,3442,1380,178172,25336,0,2100,27484,54920,2% @ 55,https://www.siskiyou.courts.ca.gov/general-information/employment,,08/06/2024,Siskiyou,,False,
2023,Superior Court,Siskiyou County Superior Court,Executive,Commissioner,False,True,,202707,202707,,169731,0,0,5580,175311,24217,0,2100,1356,27673,2% @ 55,https://www.siskiyou.courts.ca.gov/general-information/employment,,08/06/2024,Siskiyou,,False,
2023,Superior Court,Siskiyou County Superior Court,Fl Facilitator,Family Law Facilitator,False,True,,109488,133103,,123218,0,0,0,123218,18060,0,360,35322,53742,2% @ 55,https://www.siskiyou.courts.ca.gov/general-information/employment,,08/06/2024,Siskiyou,,False,
2023,Superior Court,Siskiyou County Superior Court,Information Technology,Court Information Officer,False,True,,97645,118688,,113163,0,0,200,113363,16313,0,1200,14998,32511,2% @ 62,https://www.siskiyou.courts.ca.gov/general-information/employment,,08/06/2024,Siskiyou,,False,
2023,Superior Court,Siskiyou County Superior Court,Finance,Court Fiscal Manager,False,True,,78697,95654,,87963,0,0,9453,97416,14462,0,1200,35322,50984,2% @ 55,https://www.siskiyou.courts.ca.gov/general-information/employment,,08/06/2024,Siskiyou,,False,
2023,Superior Court,Siskiyou County Superior Court,Criminal,Operations Manager,False,True,,78697,95654,,88048,0,1840,6639,96527,13046,0,1200,1260,15506,2% @ 55,https://www.siskiyou.courts.ca.gov/general-information/employment,,08/06/2024,Siskiyou,,False,
2023,Superior Court,Siskiyou County Superior Court,Civil,Operations Manager,False,True,,78697,95654,,86161,0,0,5838,91999,13952,0,1200,35322,50474,2% @ 55,https://www.siskiyou.courts.ca.gov/general-information/employment,,08/06/2024,Siskiyou,,False,
2023,Superior Court,Siskiyou County Superior Court,Fl Facilitator,Child Custody Recommending Counselor,False,True,,74812,90950,,84783,0,0,4200,88983,12341,0,360,1356,14057,2% @ 55,https://www.siskiyou.courts.ca.gov/general-information/employment,,08/06/2024,Siskiyou,,False,
2023,Superior Court,Siskiyou County Superior Court,Family Law,Senior Court Reporter,False,True,,75420,91674,,84599,0,0,275,84874,12439,0,360,26186,38985,2% @ 62,https://www.siskiyou.courts.ca.gov/general-information/employment,,08/06/2024,Siskiyou,,False,
2023,Superior Court,Siskiyou County Superior Court,Information Technology,Administrative Fiscal Technician,False,True,,56390,68526,,62175,0,791,3514,66480,9889,0,1200,27484,38573,2% @ 55,https://www.siskiyou.courts.ca.gov/general-information/employment,,08/06/2024,Siskiyou,,False,
2023,Superior Court,Siskiyou County Superior Court,Finance,Administrative Fiscal Technician,False,True,,56390,68526,,60265,0,0,4700,64965,8564,0,1200,0,9764,2% @ 62,https://www.siskiyou.courts.ca.gov/general-information/employment,,08/06/2024,Siskiyou,,False,
2023,Superior Court,Siskiyou County Superior Court,Criminal,Senior Court Clerk,False,True,,54349,66061,,60053,232,0,4500,64785,8678,0,0,0,8678,2% @ 62,https://www.siskiyou.courts.ca.gov/general-information/employment,,08/06/2024,Siskiyou,,False,
2023,Superior Court,Siskiyou County Superior Court,Criminal,Senior Court Clerk,False,True,,54349,66061,,57891,0,0,6613,64504,9589,0,0,27484,37073,2% @ 55,https://www.siskiyou.courts.ca.gov/general-information/employment,,08/06/2024,Siskiyou,,False,
2023,Superior Court,Siskiyou County Superior Court,Family Law,Senior Court Clerk,False,True,,54349,66061,,57837,0,0,4729,62566,9636,0,0,27484,37120,2% @ 55,https://www.siskiyou.courts.ca.gov/general-information/employment,,08/06/2024,Siskiyou,,False,
2023,Superior Court,Siskiyou County Superior Court,Civil,Senior Court Clerk,False,True,,54349,66061,,58632,0,0,3153,61785,9412,0,0,27484,36896,2% @ 55,https://www.siskiyou.courts.ca.gov/general-information/employment,,08/06/2024,Siskiyou,,False,
2023,Superior Court,Siskiyou County Superior Court,Family Law,Court Clerk III,False,True,,48577,59046,,52528,0,0,4227,56755,8613,0,0,35322,43935,2% @ 55,https://www.siskiyou.courts.ca.gov/general-information/employment,,08/06/2024,Siskiyou,,False,
2023,Superior Court,Siskiyou County Superior Court,Civil,Court Clerk III,False,True,,48577,59046,,52300,0,0,2250,54550,8334,0,0,27484,35818,2% @ 55,https://www.siskiyou.courts.ca.gov/general-information/employment,,08/06/2024,Siskiyou,,False,
2023,Superior Court,Siskiyou County Superior Court,Family Law,Court Clerk III,False,True,,48577,59046,,50074,0,0,4227,54301,8613,0,0,35322,43935,2% @ 55,https://www.siskiyou.courts.ca.gov/general-information/employment,,08/06/2024,Siskiyou,,False,
2023,Superior Court,Siskiyou County Superior Court,Criminal,Court Clerk II,False,True,,43855,53306,,46153,439,0,0,46592,6863,0,0,13760,20623,2% @ 62,https://www.siskiyou.courts.ca.gov/general-information/employment,,08/06/2024,Siskiyou,,False,
2023,Superior Court,Siskiyou County Superior Court,Criminal,Court Clerk II,False,True,,43855,53306,,45391,0,0,0,45391,6907,0,0,19670,26577,2% @ 62,https://www.siskiyou.courts.ca.gov/general-information/employment,,08/06/2024,Siskiyou,,False,
2023,Superior Court,Siskiyou County Superior Court,Criminal,Court Clerk III,False,True,,48577,59046,,44824,221,0,0,45045,6989,0,0,34613,41602,2% @ 62,https://www.siskiyou.courts.ca.gov/general-information/employment,,08/06/2024,Siskiyou,,False,
2023,Superior Court,Siskiyou County Superior Court,Civil,Court Clerk II,False,True,,43855,53306,,37353,0,0,0,37353,5859,0,0,35322,41181,2% @ 62,https://www.siskiyou.courts.ca.gov/general-information/employment,,08/06/2024,Siskiyou,,False,
2023,Superior Court,Siskiyou County Superior Court,Criminal,Court Clerk I,False,True,,39469,47975,,25061,0,319,3000,28380,3610,0,0,64,3674,2% @ 62,https://www.siskiyou.courts.ca.gov/general-information/employment,,08/06/2024,Siskiyou,,False,
2023,Superior Court,Siskiyou County Superior Court,Criminal,Court Clerk II,False,True,,43855,53306,,22690,0,2300,0,24990,3465,0,0,15800,19265,2% @ 62,https://www.siskiyou.courts.ca.gov/general-information/employment,,08/06/2024,Siskiyou,,False,
2023,Superior Court,Siskiyou County Superior Court,Family Law,Court Clerk I,False,True,,39469,47975,,19735,0,0,2100,21835,2883,0,0,630,3513,2% @ 62,https://www.siskiyou.courts.ca.gov/general-information/employment,,08/06/2024,Siskiyou,,False,
2023,Superior Court,Siskiyou County Superior Court,Criminal,Court Clerk II,False,True,,43855,53306,,19313,0,453,0,19766,2863,0,0,13526,16389,2% @ 62,https://www.siskiyou.courts.ca.gov/general-information/employment,,08/06/2024,Siskiyou,,False,
2023,Superior Court,Siskiyou County Superior Court,Civil,Court Clerk III,False,True,,44161,53678,,15794,0,687,2138,18619,2390,0,0,24,2414,2% @ 55,https://www.siskiyou.courts.ca.gov/general-information/employment,,08/06/2024,Siskiyou,,False,
2023,Superior Court,Siskiyou County Superior Court,Civil,Court Clerk II,False,True,,43855,53306,,17803,0,0,0,17803,2883,0,0,17795,20678,2% @ 62,https://www.siskiyou.courts.ca.gov/general-information/employment,,08/06/2024,Siskiyou,,False,
2023,Superior Court,Siskiyou County Superior Court,Criminal,Court Clerk I,False,True,,39469,47975,,13566,0,0,0,13566,2218,0,0,14874,17092,2% @ 62,https://www.siskiyou.courts.ca.gov/general-information/employment,,08/06/2024,Siskiyou,,False,
2023,Superior Court,Siskiyou County Superior Court,Family Law,Court Clerk I,False,True,,35881,43614,,10617,0,602,0,11219,1597,0,0,8980,10577,2% @ 62,https://www.siskiyou.courts.ca.gov/general-information/employment,,08/06/2024,Siskiyou,,False,
2023,Superior Court,Siskiyou County Superior Court,Criminal,Court Clerk I,False,True,,39469,47975,,8722,0,0,0,8722,1331,0,0,3517,4848,2% @ 62,https://www.siskiyou.courts.ca.gov/general-information/employment,,08/06/2024,Siskiyou,,False,
2023,Superior Court,Siskiyou County Superior Court,Criminal,Court Clerk I,False,True,,39469,47975,,5157,0,170,525,5852,754,0,0,58,812,2% @ 62,https://www.siskiyou.courts.ca.gov/general-information/employment,,08/06/2024,Siskiyou,,False,
2023,Superior Court,Siskiyou County Superior Court,Criminal,Court Clerk III,False,True,,44161,53678,,4766,0,80,730,5576,905,0,0,6973,7878,2% @ 55,https://www.siskiyou.courts.ca.gov/general-information/employment,,08/06/2024,Siskiyou,,False,
2023,Superior Court,Siskiyou County Superior Court,Criminal,Court Clerk I,False,True,,35881,43614,,4682,0,112,700,5494,647,0,0,226,873,2% @ 62,https://www.siskiyou.courts.ca.gov/general-information/employment,,08/06/2024,Siskiyou,,False,
2023,Superior Court,Siskiyou County Superior Court,Criminal,Court Clerk I,False,True,,39469,47975,,5031,0,106,0,5137,798,0,0,3977,4775,2% @ 62,https://www.siskiyou.courts.ca.gov/general-information/employment,,08/06/2024,Siskiyou,,False,
2023,Superior Court,Siskiyou County Superior Court,Criminal,Court Clerk I,False,True,,39469,47975,,4554,0,58,525,5137,665,0,0,105,770,2% @ 62,https://www.siskiyou.courts.ca.gov/general-information/employment,,08/06/2024,Siskiyou,,False,
2023,Superior Court,Siskiyou County Superior Court,Family Law,Court Clerk I,False,True,,35881,43614,,4886,0,213,0,5099,761,0,0,5843,6604,2% @ 62,https://www.siskiyou.courts.ca.gov/general-information/employment,,08/06/2024,Siskiyou,,False,

