﻿Year,EmployerType,EmployerName,DepartmentOrSubdivision,Position,ElectedOfficial,Judicial,OtherPositions,MinPositionSalary,MaxPositionSalary,ReportedBaseWage,RegularPay,OvertimePay,LumpSumPay,OtherPay,TotalWages,DefinedBenefitPlanContribution,EmployeesRetirementCostCovered,DeferredCompensationPlan,HealthDentalVision,TotalRetirementAndHealthContribution,PensionFormula,EmployerURL,EmployerPopulation,LastUpdatedDate,EmployerCounty,SpecialDistrictActivities,IncludesUnfundedLiability,SpecialDistrictType
2023,Superior Court,Solano County Superior Court,Executive Office,Court Executive Officer,False,True,,230351,230351,,233249,0,0,22606,255855,97062,,,22210,119272,PERS 2.7% @ 55 8% Cont,www.solano.courts.ca.gov/employment/,,08/06/2024,Solano,,False,
2023,Superior Court,Solano County Superior Court,Judge's Retire System Member,"Judge, Superior Court",True,True,,228979,238479,,242780,0,0,9750,252530,0,0,0,6409,6409,Judicial Retirement System,www.solano.courts.ca.gov/employment/,,08/06/2024,Solano,,False,
2023,Superior Court,Solano County Superior Court,Judge's Retire System Member,"Judge, Superior Court",True,True,,228979,238479,,229107,0,0,10134,239241,0,0,0,11803,11803,Judicial Retirement System,www.solano.courts.ca.gov/employment/,,08/06/2024,Solano,,False,
2023,Superior Court,Solano County Superior Court,Judge's Retire System Member,"Judge, Superior Court",True,True,,228979,238479,,229412,0,0,9750,239162,0,0,0,10884,10884,Judicial Retirement System,www.solano.courts.ca.gov/employment/,,08/06/2024,Solano,,False,
2023,Superior Court,Solano County Superior Court,Judge's Retire System Member,"Judge, Superior Court",True,True,,228979,238479,,228056,0,0,9750,237806,0,0,0,18221,18221,Judicial Retirement System,www.solano.courts.ca.gov/employment/,,08/06/2024,Solano,,False,
2023,Superior Court,Solano County Superior Court,Judge's Retire System Member,"Judge, Superior Court",True,True,,228979,238479,,227341,0,0,10134,237475,0,0,0,19248,19248,Judicial Retirement System,www.solano.courts.ca.gov/employment/,,08/06/2024,Solano,,False,
2023,Superior Court,Solano County Superior Court,Judge's Retire System Member,"Judge, Superior Court",True,True,,228979,238479,,227215,0,0,10134,237349,0,0,0,19627,19627,Judicial Retirement System,www.solano.courts.ca.gov/employment/,,08/06/2024,Solano,,False,
2023,Superior Court,Solano County Superior Court,Judge's Retire System Member,"Judge, Superior Court",True,True,,228979,238479,,227544,0,0,9750,237294,0,0,0,19248,19248,Judicial Retirement System,www.solano.courts.ca.gov/employment/,,08/06/2024,Solano,,False,
2023,Superior Court,Solano County Superior Court,Judge's Retire System Member,"Judge, Superior Court",True,True,,228979,238479,,227122,0,0,10134,237256,0,0,0,19534,19534,Judicial Retirement System,www.solano.courts.ca.gov/employment/,,08/06/2024,Solano,,False,
2023,Superior Court,Solano County Superior Court,Judge's Retire System Member,"Judge, Superior Court",True,True,,228979,238479,,226854,0,0,10134,236988,0,0,0,4311,4311,Judicial Retirement System,www.solano.courts.ca.gov/employment/,,08/06/2024,Solano,,False,
2023,Superior Court,Solano County Superior Court,Judge's Retire System Member,"Judge, Superior Court",True,True,,228979,238479,,227124,0,0,9750,236874,0,0,0,23283,23283,Judicial Retirement System,www.solano.courts.ca.gov/employment/,,08/06/2024,Solano,,False,
2023,Superior Court,Solano County Superior Court,Judge's Retire System Member,"Judge, Superior Court",True,True,,228979,238479,,226534,0,0,10214,236748,0,0,0,23527,23527,Judicial Retirement System,www.solano.courts.ca.gov/employment/,,08/06/2024,Solano,,False,
2023,Superior Court,Solano County Superior Court,Judge's Retire System Member,"Judge, Superior Court",True,True,,228979,238479,,226864,0,0,9750,236614,0,0,0,10039,10039,Judicial Retirement System,www.solano.courts.ca.gov/employment/,,08/06/2024,Solano,,False,
2023,Superior Court,Solano County Superior Court,Judge's Retire System Member,"Judge, Superior Court",True,True,,228979,238479,,226566,0,0,9750,236316,0,0,0,23376,23376,Judicial Retirement System,www.solano.courts.ca.gov/employment/,,08/06/2024,Solano,,False,
2023,Superior Court,Solano County Superior Court,Judge's Retire System Member,"Judge, Superior Court",True,True,,228979,238479,,225906,0,0,9750,235656,0,0,0,24850,24850,Judicial Retirement System,www.solano.courts.ca.gov/employment/,,08/06/2024,Solano,,False,
2023,Superior Court,Solano County Superior Court,Judge's Retire System Member,"Judge, Superior Court",True,True,,228979,238479,,222763,0,0,10134,232897,0,0,0,24686,24686,Judicial Retirement System,www.solano.courts.ca.gov/employment/,,08/06/2024,Solano,,False,
2023,Superior Court,Solano County Superior Court,Judges And Courtroom Support,Commissioner II,False,True,,209392,209392,,211303,0,0,21529,232832,98966,,,22678,121644,PERS 2.7% @ 55 8% Cont,www.solano.courts.ca.gov/employment/,,08/06/2024,Solano,,False,
2023,Superior Court,Solano County Superior Court,Judge's Retire System Member,"Judge, Superior Court",True,True,,228979,238479,,222698,0,0,9750,232448,0,0,0,24943,24943,Judicial Retirement System,www.solano.courts.ca.gov/employment/,,08/06/2024,Solano,,False,
2023,Superior Court,Solano County Superior Court,Judge's Retire System Member,"Judge, Superior Court",True,True,,228979,238479,,218390,0,0,10134,228524,0,0,0,23376,23376,Judicial Retirement System,www.solano.courts.ca.gov/employment/,,08/06/2024,Solano,,False,
2023,Superior Court,Solano County Superior Court,Judge's Retire System Member,"Judge, Superior Court",True,True,,228979,238479,,218335,0,0,9750,228085,0,0,0,24943,24943,Judicial Retirement System,www.solano.courts.ca.gov/employment/,,08/06/2024,Solano,,False,
2023,Superior Court,Solano County Superior Court,Judges And Courtroom Support,Commissioner I,False,True,,197539,197539,,191974,0,0,0,191974,84877,,,28502,113379,PERS 2.7% @ 55 8% Cont,www.solano.courts.ca.gov/employment/,,08/06/2024,Solano,,False,
2023,Superior Court,Solano County Superior Court,Executive Office,Assistant CEO,False,True,,156191,172201,,153912,0,0,23457,177369,70392,,,28502,98894,PERS 2.7% @ 55 8% Cont,www.solano.courts.ca.gov/employment/,,08/06/2024,Solano,,False,
2023,Superior Court,Solano County Superior Court,Judges And Courtroom Support,Supervising Attorney,False,True,,130579,158719,,151113,0,0,22123,173236,70141,,,28502,98643,PERS 2.7% @ 55 8% Cont,www.solano.courts.ca.gov/employment/,,08/06/2024,Solano,,False,
2023,Superior Court,Solano County Superior Court,Families And Children Services,Family Law Facilitator,False,True,,137108,166655,,158698,0,0,11686,170384,70745,,,28502,99247,PERS 2.7% @ 55 8% Cont,www.solano.courts.ca.gov/employment/,,08/06/2024,Solano,,False,
2023,Superior Court,Solano County Superior Court,Judges And Courtroom Support,Court Reporter,False,True,,103918,126314,,143353,0,0,26905,170258,66283,,,11939,78222,PERS 2.7% @ 55 8% Cont,www.solano.courts.ca.gov/employment/,,08/06/2024,Solano,,False,
2023,Superior Court,Solano County Superior Court,Judges And Courtroom Support,Senior Staff Attorney,False,True,,124360,151161,,146012,0,0,13769,159781,63694,,,11939,75633,PERS 2.7% @ 55 8% Cont,www.solano.courts.ca.gov/employment/,,08/06/2024,Solano,,False,
2023,Superior Court,Solano County Superior Court,Judge's Retire System Member,"Judge, Superior Court",True,True,,228979,238479,,154419,0,0,5207,159626,0,0,0,12848,12848,Judicial Retirement System,www.solano.courts.ca.gov/employment/,,08/06/2024,Solano,,False,
2023,Superior Court,Solano County Superior Court,Judges And Courtroom Support,Commissioner I,False,True,,197539,197539,,153878,0,0,0,153878,62316,,,18933,81249,PEPRA 2% @ 62 7.50%,www.solano.courts.ca.gov/employment/,,08/06/2024,Solano,,False,
2023,Superior Court,Solano County Superior Court,Judges And Courtroom Support,Senior Staff Attorney,False,True,,124360,151161,,141311,0,0,8444,149755,60417,,,11939,72356,PEPRA 2% @ 62 7.50%,www.solano.courts.ca.gov/employment/,,08/06/2024,Solano,,False,
2023,Superior Court,Solano County Superior Court,Fiscal Services,Chief Financial Officer,False,True,,112079,136232,,127908,0,0,19293,147201,57403,,,28502,85905,PERS 2.7% @ 55 8% Cont,www.solano.courts.ca.gov/employment/,,08/06/2024,Solano,,False,
2023,Superior Court,Solano County Superior Court,Judge's Retire System Member,"Judge, Superior Court",True,True,,228979,238479,,143791,0,0,3089,146880,0,0,0,7849,7849,Judicial Retirement System,www.solano.courts.ca.gov/employment/,,08/06/2024,Solano,,False,
2023,Superior Court,Solano County Superior Court,Judges And Courtroom Support,Court Reporter,False,True,,103918,126314,,128009,0,0,17060,145069,57119,,,26414,83533,PERS 2.7% @ 55 8% Cont,www.solano.courts.ca.gov/employment/,,08/06/2024,Solano,,False,
2023,Superior Court,Solano County Superior Court,Information Technology,Chief Information Officer,False,True,,112079,136232,,126244,0,0,17649,143893,57403,,,28502,85905,PERS 2.7% @ 55 8% Cont,www.solano.courts.ca.gov/employment/,,08/06/2024,Solano,,False,
2023,Superior Court,Solano County Superior Court,Judges And Courtroom Support,Senior Staff Attorney,False,True,,124360,151161,,137804,0,0,5537,143341,59071,,,22678,81749,PEPRA 2% @ 62 7.50%,www.solano.courts.ca.gov/employment/,,08/06/2024,Solano,,False,
2023,Superior Court,Solano County Superior Court,Judges And Courtroom Support,Court Reporter,False,True,,103918,126314,,127471,0,0,14009,141480,55820,,,28502,84322,PERS 2.7% @ 55 8% Cont,www.solano.courts.ca.gov/employment/,,08/06/2024,Solano,,False,
2023,Superior Court,Solano County Superior Court,Judges And Courtroom Support,Court Reporter,False,True,,103918,126314,,131157,0,0,7909,139066,53224,,,3399,56623,PERS 2.7% @ 55 8% Cont,www.solano.courts.ca.gov/employment/,,08/06/2024,Solano,,False,
2023,Superior Court,Solano County Superior Court,Judges And Courtroom Support,Court Reporter Coordinator,False,True,,114310,138945,,126074,0,0,10847,136921,53523,,,19673,73196,PEPRA 2% @ 62 7.50%,www.solano.courts.ca.gov/employment/,,08/06/2024,Solano,,False,
2023,Superior Court,Solano County Superior Court,Judges And Courtroom Support,Court Reporter,False,True,,103918,126314,,126755,0,0,7909,134664,53224,,,12236,65460,PERS 2.7% @ 55 8% Cont,www.solano.courts.ca.gov/employment/,,08/06/2024,Solano,,False,
2023,Superior Court,Solano County Superior Court,Judges And Courtroom Support,Court Reporter,False,True,,103918,126314,,125234,0,0,4858,130092,50975,,,28502,79477,PEPRA 2% @ 62 7.50%,www.solano.courts.ca.gov/employment/,,08/06/2024,Solano,,False,
2023,Superior Court,Solano County Superior Court,Judges And Courtroom Support,Court Reporter,False,True,,103918,126314,,125038,0,0,4858,129896,50204,,,22678,72882,PEPRA 2% @ 62 7.50%,www.solano.courts.ca.gov/employment/,,08/06/2024,Solano,,False,
2023,Superior Court,Solano County Superior Court,Judges And Courtroom Support,Court Reporter,False,True,,103918,126314,,112740,0,0,10207,122947,47929,,,27469,75398,PEPRA 2% @ 62 7.50%,www.solano.courts.ca.gov/employment/,,08/06/2024,Solano,,False,
2023,Superior Court,Solano County Superior Court,Civil,Operations Manager,False,True,,92879,112895,,106762,0,0,15076,121838,49891,,,28502,78393,PERS 2.7% @ 55 8% Cont,www.solano.courts.ca.gov/employment/,,08/06/2024,Solano,,False,
2023,Superior Court,Solano County Superior Court,Criminal And Traffic,Operations Manager,False,True,,92879,112895,,107937,0,0,13394,121331,48731,,,22320,71051,PERS 2.7% @ 55 8% Cont,www.solano.courts.ca.gov/employment/,,08/06/2024,Solano,,False,
2023,Superior Court,Solano County Superior Court,Human Resources,Human Resources Director,False,True,,112079,136232,,104309,0,0,16800,121109,46752,,,22678,69430,PERS 2.7% @ 55 8% Cont,www.solano.courts.ca.gov/employment/,,08/06/2024,Solano,,False,
2023,Superior Court,Solano County Superior Court,Families And Children Services,Assistant Family Law Facilitator,False,True,,97035,117947,,108423,0,0,12433,120856,50418,,,28502,78920,PERS 2.7% @ 55 8% Cont,www.solano.courts.ca.gov/employment/,,08/06/2024,Solano,,False,
2023,Superior Court,Solano County Superior Court,Information Technology,Operations Analyst,False,True,,81659,99257,,91482,18397,0,8949,118828,40969,,,28502,69471,PERS 2.7% @ 55 8% Cont,www.solano.courts.ca.gov/employment/,,08/06/2024,Solano,,False,
2023,Superior Court,Solano County Superior Court,Judges And Courtroom Support,Staff Attorney,False,True,,97035,117947,,112158,0,0,4536,116694,47766,,,11939,59705,PEPRA 2% @ 62 7.50%,www.solano.courts.ca.gov/employment/,,08/06/2024,Solano,,False,
2023,Superior Court,Solano County Superior Court,Court Interpreters,Senior Interpreter,False,True,,97138,97138,,112044,0,0,4541,116585,47623,,,3399,51022,PEPRA 2% @ 62 7.50%,www.solano.courts.ca.gov/employment/,,08/06/2024,Solano,,False,
2023,Superior Court,Solano County Superior Court,Jury Services,Operations Manager,False,True,,92879,112895,,110560,0,0,4726,115286,46410,,,2787,49197,PEPRA 2% @ 62 7.50%,www.solano.courts.ca.gov/employment/,,08/06/2024,Solano,,False,
2023,Superior Court,Solano County Superior Court,Judges And Courtroom Support,Court Reporter,False,True,,103918,126314,,107136,0,0,7696,114832,49563,,,28502,78065,PERS 2.7% @ 55 8% Cont,www.solano.courts.ca.gov/employment/,,08/06/2024,Solano,,False,
2023,Superior Court,Solano County Superior Court,Information Technology,Assistant Chief Information Officer,False,True,,110181,133926,,109556,0,0,4550,114106,48296,,,28502,76798,PEPRA 2% @ 62 7.50%,www.solano.courts.ca.gov/employment/,,08/06/2024,Solano,,False,
2023,Superior Court,Solano County Superior Court,Family Law,Operations Manager,False,True,,92879,112895,,101939,0,0,12033,113972,47005,,,22678,69683,PERS 2.7% @ 55 8% Cont,www.solano.courts.ca.gov/employment/,,08/06/2024,Solano,,False,
2023,Superior Court,Solano County Superior Court,Fiscal Services,Accountant,False,True,,89391,108655,,103669,452,0,7808,111929,45784,,,11939,57723,PERS 2.7% @ 55 8% Cont,www.solano.courts.ca.gov/employment/,,08/06/2024,Solano,,False,
2023,Superior Court,Solano County Superior Court,Judges And Courtroom Support,Commissioner I,False,True,Commissioner Annuitant - Temporary Help,197539,197539,,61032,0,50589,0,111621,16390,0,0,242,16632,PERS 2.7% @ 55 8% Cont,www.solano.courts.ca.gov/employment/,,08/06/2024,Solano,,False,
2023,Superior Court,Solano County Superior Court,Court Interpreters,Interpreter,False,True,,91571,111305,,106630,0,0,4281,110911,44893,,,3399,48292,PEPRA 2% @ 62 7.50%,www.solano.courts.ca.gov/employment/,,08/06/2024,Solano,,False,
2023,Superior Court,Solano County Superior Court,Fiscal Services,Accountant,False,True,,89391,108655,,102413,0,0,8493,110906,46503,,,28502,75005,PERS 2.7% @ 55 8% Cont,www.solano.courts.ca.gov/employment/,,08/06/2024,Solano,,False,
2023,Superior Court,Solano County Superior Court,Judges And Courtroom Support,Senior Staff Attorney,False,True,,124360,151161,,104966,0,0,4783,109749,45552,,,25885,71437,PEPRA 2% @ 62 7.50%,www.solano.courts.ca.gov/employment/,,08/06/2024,Solano,,False,
2023,Superior Court,Solano County Superior Court,Probate,Supervising Investigator,False,True,,85968,104495,,102392,0,0,6927,109319,44030,,,1635,45665,PERS 2.7% @ 55 8% Cont,www.solano.courts.ca.gov/employment/,,08/06/2024,Solano,,False,
2023,Superior Court,Solano County Superior Court,Probate,Investigator,False,True,,80344,97659,,95662,0,0,11077,106739,39923,,,27890,67813,PERS 2.7% @ 55 8% Cont,www.solano.courts.ca.gov/employment/,,08/06/2024,Solano,,False,
2023,Superior Court,Solano County Superior Court,Criminal And Traffic,Assistant Operations Manager,False,True,,84492,102701,,93967,0,0,11090,105057,43021,,,22678,65699,PERS 2.7% @ 55 8% Cont,www.solano.courts.ca.gov/employment/,,08/06/2024,Solano,,False,
2023,Superior Court,Solano County Superior Court,Families And Children Services,Self-Help Attorney,False,True,,85093,103432,,99798,0,0,4934,104732,42519,,,11939,54458,PEPRA 2% @ 62 7.50%,www.solano.courts.ca.gov/employment/,,08/06/2024,Solano,,False,
2023,Superior Court,Solano County Superior Court,Judges And Courtroom Support,Courtroom Clerk Coordinator,False,True,,80021,97266,,93626,1451,0,9166,104243,41257,,,2787,44044,PERS 2.7% @ 55 8% Cont,www.solano.courts.ca.gov/employment/,,08/06/2024,Solano,,False,
2023,Superior Court,Solano County Superior Court,Information Technology,Information Systems Specialist II,False,True,,81659,99257,,95880,298,0,5726,101904,40804,,,11554,52358,PEPRA 2% @ 62 7.50%,www.solano.courts.ca.gov/employment/,,08/06/2024,Solano,,False,
2023,Superior Court,Solano County Superior Court,Probate,Investigator,False,True,,80344,97659,,94154,0,0,7401,101555,41150,,,21328,62478,PERS 2.7% @ 55 8% Cont,www.solano.courts.ca.gov/employment/,,08/06/2024,Solano,,False,
2023,Superior Court,Solano County Superior Court,Information Technology,Information Systems Specialist II,False,True,,81659,99257,,94855,546,0,4020,99421,39818,,,2787,42605,PEPRA 2% @ 62 7.50%,www.solano.courts.ca.gov/employment/,,08/06/2024,Solano,,False,
2023,Superior Court,Solano County Superior Court,Probate,Investigator,False,True,,80344,97659,,93223,0,0,5830,99053,40866,,,23290,64156,CLASSIC 2% @ 60 7.0%,www.solano.courts.ca.gov/employment/,,08/06/2024,Solano,,False,
2023,Superior Court,Solano County Superior Court,Judges And Courtroom Support,Paralegal,False,True,,80344,97659,,92102,0,0,6537,98639,40146,,,27469,67615,PEPRA 2% @ 62 7.50%,www.solano.courts.ca.gov/employment/,,08/06/2024,Solano,,False,
2023,Superior Court,Solano County Superior Court,Information Technology,Network Analyst,False,True,,81659,99257,,93335,379,0,4202,97916,40804,,,28502,69306,CLASSIC 2% @ 60 7.0%,www.solano.courts.ca.gov/employment/,,08/06/2024,Solano,,False,
2023,Superior Court,Solano County Superior Court,Judges And Courtroom Support,Judicial Assistant Coordinator,False,True,,72283,87860,,81711,3128,0,10046,94885,37593,,,28502,66095,PERS 2.7% @ 55 8% Cont,www.solano.courts.ca.gov/employment/,,08/06/2024,Solano,,False,
2023,Superior Court,Solano County Superior Court,Families And Children Services,Paralegal,False,True,,80344,97659,,88571,0,0,6033,94604,39705,,,11939,51644,PERS 2.7% @ 55 8% Cont,www.solano.courts.ca.gov/employment/,,08/06/2024,Solano,,False,
2023,Superior Court,Solano County Superior Court,Judges And Courtroom Support,Judicial Assistant II,False,True,,64538,78446,,83373,1048,0,8621,93042,34364,,,24828,59192,PERS 2.7% @ 55 8% Cont,www.solano.courts.ca.gov/employment/,,08/06/2024,Solano,,False,
2023,Superior Court,Solano County Superior Court,Probate,Investigator,False,True,,80344,97659,,88426,0,0,3961,92387,37965,,,22019,59984,PEPRA 2% @ 62 7.50%,www.solano.courts.ca.gov/employment/,,08/06/2024,Solano,,False,
2023,Superior Court,Solano County Superior Court,Judges And Courtroom Support,Assistant Judicial Assistant Coordinator,False,True,,68410,83153,,79509,1132,0,9138,89779,36426,,,11939,48365,PERS 2.7% @ 55 8% Cont,www.solano.courts.ca.gov/employment/,,08/06/2024,Solano,,False,
2023,Superior Court,Solano County Superior Court,Criminal And Traffic,Supervising Legal Process Clerk,False,True,,68660,83456,,78111,1566,0,9473,89150,36242,,,23290,59532,PERS 2.7% @ 55 8% Cont,www.solano.courts.ca.gov/employment/,,08/06/2024,Solano,,False,
2023,Superior Court,Solano County Superior Court,Juvenile Delinquency,Supervising Legal Process Clerk,False,True,,68660,83456,,77788,0,0,11069,88857,37085,,,14598,51683,PERS 2.7% @ 55 8% Cont,www.solano.courts.ca.gov/employment/,,08/06/2024,Solano,,False,
2023,Superior Court,Solano County Superior Court,Families And Children Services,Paralegal,False,True,,80344,97659,,82841,0,0,5715,88556,35472,,,3399,38871,PEPRA 2% @ 62 7.50%,www.solano.courts.ca.gov/employment/,,08/06/2024,Solano,,False,
2023,Superior Court,Solano County Superior Court,Judges And Courtroom Support,Supervising Courtroom Clerk,False,True,,71447,86844,,80685,1344,0,5461,87490,35352,,,12407,47759,PERS 2.7% @ 55 8% Cont,www.solano.courts.ca.gov/employment/,,08/06/2024,Solano,,False,
2023,Superior Court,Solano County Superior Court,Criminal And Traffic,Supervising Legal Process Clerk,False,True,,68660,83456,,78218,1227,0,7108,86553,35399,,,22678,58077,PERS 2.7% @ 55 8% Cont,www.solano.courts.ca.gov/employment/,,08/06/2024,Solano,,False,
2023,Superior Court,Solano County Superior Court,Specialty Courts,Senior Case Manager,False,True,,74970,82655,,79768,0,0,6765,86533,34828,,,11939,46767,PERS 2.7% @ 55 8% Cont,www.solano.courts.ca.gov/employment/,,08/06/2024,Solano,,False,
2023,Superior Court,Solano County Superior Court,Civil,Supervising Legal Process Clerk,False,True,,68660,83456,,79631,910,0,5109,85650,34230,,,3399,37629,PERS 2.7% @ 55 8% Cont,www.solano.courts.ca.gov/employment/,,08/06/2024,Solano,,False,
2023,Superior Court,Solano County Superior Court,Specialty Courts,Specialty Courts Manager,False,True,,111870,135979,,75157,0,10033,272,85462,32776,,,15189,47965,PERS 2.7% @ 55 8% Cont,www.solano.courts.ca.gov/employment/,,08/06/2024,Solano,,False,
2023,Superior Court,Solano County Superior Court,Human Resources,Human Resources Director Annuitant - Temporary Help,False,True,Human Resources Director,112079,136232,,61072,0,23513,196,84781,1120,0,0,0,1120,N/A,www.solano.courts.ca.gov/employment/,,08/06/2024,Solano,,False,
2023,Superior Court,Solano County Superior Court,Jury Services,Supervising Legal Process Clerk,False,True,,68660,83456,,78218,0,0,5456,83674,34692,,,22678,57370,PEPRA 2% @ 62 7.50%,www.solano.courts.ca.gov/employment/,,08/06/2024,Solano,,False,
2023,Superior Court,Solano County Superior Court,Specialty Courts,Mental Health Court Coordinator/Case Manager,False,True,,74970,82655,,76574,0,0,6746,83320,34501,,,28502,63003,PERS 2.7% @ 55 8% Cont,www.solano.courts.ca.gov/employment/,,08/06/2024,Solano,,False,
2023,Superior Court,Solano County Superior Court,Court Interpreters,Interpreter Service Coordinator,False,True,,61268,74471,,75605,0,0,7124,82729,32955,,,11554,44509,PERS 2.7% @ 55 8% Cont,www.solano.courts.ca.gov/employment/,,08/06/2024,Solano,,False,
2023,Superior Court,Solano County Superior Court,Executive Office,Executive Assistant,False,True,,67733,82330,,76984,1123,0,3551,81658,33845,,,28502,62347,PEPRA 2% @ 62 7.50%,www.solano.courts.ca.gov/employment/,,08/06/2024,Solano,,False,
2023,Superior Court,Solano County Superior Court,Judges And Courtroom Support,Judicial Assistant II,False,True,,64538,78446,,74153,0,0,7220,81373,32559,,,3399,35958,PERS 2.7% @ 55 8% Cont,www.solano.courts.ca.gov/employment/,,08/06/2024,Solano,,False,
2023,Superior Court,Solano County Superior Court,Judges And Courtroom Support,Judicial Assistant II,False,True,,64538,78446,,74110,0,0,6743,80853,33565,,,22678,56243,PERS 2.7% @ 55 8% Cont,www.solano.courts.ca.gov/employment/,,08/06/2024,Solano,,False,
2023,Superior Court,Solano County Superior Court,Specialty Courts,Senior Case Manager,False,True,,74970,82655,,77254,0,0,3560,80814,32519,,,2319,34838,PEPRA 2% @ 62 7.50%,www.solano.courts.ca.gov/employment/,,08/06/2024,Solano,,False,
2023,Superior Court,Solano County Superior Court,Judges And Courtroom Support,Lead Courtroom Clerk,False,True,,66563,80908,,76692,683,0,3051,80426,32685,,,11939,44624,PEPRA 2% @ 62 7.50%,www.solano.courts.ca.gov/employment/,,08/06/2024,Solano,,False,
2023,Superior Court,Solano County Superior Court,Judges And Courtroom Support,Judicial Assistant II,False,True,,64538,78446,,75003,162,0,5214,80379,31967,,,11939,43906,PEPRA 2% @ 62 7.50%,www.solano.courts.ca.gov/employment/,,08/06/2024,Solano,,False,
2023,Superior Court,Solano County Superior Court,Judges And Courtroom Support,Judicial Assistant II,False,True,,64538,78446,,75003,0,0,5214,80217,31967,,,11939,43906,PEPRA 2% @ 62 7.50%,www.solano.courts.ca.gov/employment/,,08/06/2024,Solano,,False,
2023,Superior Court,Solano County Superior Court,Judges And Courtroom Support,Lead Courtroom Clerk,False,True,,66563,80908,,76960,80,0,3051,80091,32223,,,2838,35061,PERS 2.7% @ 55 8% Cont,www.solano.courts.ca.gov/employment/,,08/06/2024,Solano,,False,
2023,Superior Court,Solano County Superior Court,Judges And Courtroom Support,Judicial Assistant II,False,True,,64538,78446,,74110,917,0,4865,79892,32766,,,22678,55444,PERS 2.7% @ 55 8% Cont,www.solano.courts.ca.gov/employment/,,08/06/2024,Solano,,False,
2023,Superior Court,Solano County Superior Court,Family Law,Supervising Legal Process Clerk,False,True,,68660,83456,,72745,1639,0,4883,79267,32911,,,22678,55589,PERS 2.7% @ 55 8% Cont,www.solano.courts.ca.gov/employment/,,08/06/2024,Solano,,False,
2023,Superior Court,Solano County Superior Court,Criminal And Traffic,Supervising Legal Process Clerk,False,True,,68660,83456,,71487,1770,0,5604,78861,32911,,,12236,45147,PERS 2.7% @ 55 8% Cont,www.solano.courts.ca.gov/employment/,,08/06/2024,Solano,,False,
2023,Superior Court,Solano County Superior Court,Judges And Courtroom Support,Judicial Assistant II,False,True,,64538,78446,,74110,215,0,2987,77312,31967,,,22678,54645,PEPRA 2% @ 62 7.50%,www.solano.courts.ca.gov/employment/,,08/06/2024,Solano,,False,
2023,Superior Court,Solano County Superior Court,Judges And Courtroom Support,Judicial Assistant II,False,True,,64538,78446,,73587,161,0,2987,76735,31364,,,11939,43303,PERS 2.7% @ 55 8% Cont,www.solano.courts.ca.gov/employment/,,08/06/2024,Solano,,False,
2023,Superior Court,Solano County Superior Court,Family Law,Supervising Legal Process Clerk,False,True,,68660,83456,,71923,1207,0,3130,76260,30817,,,12407,43224,PEPRA 2% @ 62 7.50%,www.solano.courts.ca.gov/employment/,,08/06/2024,Solano,,False,
2023,Superior Court,Solano County Superior Court,Judges And Courtroom Support,Courtroom Clerk,False,True,,61199,74388,,69502,0,0,6336,75838,31553,,,11939,43492,PERS 2.7% @ 55 8% Cont,www.solano.courts.ca.gov/employment/,,08/06/2024,Solano,,False,
2023,Superior Court,Solano County Superior Court,Judges And Courtroom Support,Courtroom Clerk,False,True,,61199,74388,,67647,0,0,7383,75030,30864,,,25786,56650,PERS 2.7% @ 55 8% Cont,www.solano.courts.ca.gov/employment/,,08/06/2024,Solano,,False,
2023,Superior Court,Solano County Superior Court,Judges And Courtroom Support,Judicial Assistant II,False,True,,64538,78446,,69968,0,0,4821,74789,31995,,,28020,60015,PERS 2.7% @ 55 8% Cont,www.solano.courts.ca.gov/employment/,,08/06/2024,Solano,,False,
2023,Superior Court,Solano County Superior Court,Judges And Courtroom Support,Courtroom Clerk,False,True,,61199,74388,,70382,1134,0,2805,74321,30051,,,11939,41990,PEPRA 2% @ 62 7.50%,www.solano.courts.ca.gov/employment/,,08/06/2024,Solano,,False,
2023,Superior Court,Solano County Superior Court,Judges And Courtroom Support,Judicial Assistant II,False,True,,64538,78446,,70670,222,0,2845,73737,30967,,,23290,54257,PEPRA 2% @ 62 7.50%,www.solano.courts.ca.gov/employment/,,08/06/2024,Solano,,False,
2023,Superior Court,Solano County Superior Court,Judges And Courtroom Support,Courtroom Clerk,False,True,,61199,74388,,70502,0,0,2805,73307,30051,,,11939,41990,PEPRA 2% @ 62 7.50%,www.solano.courts.ca.gov/employment/,,08/06/2024,Solano,,False,
2023,Superior Court,Solano County Superior Court,Judges And Courtroom Support,Courtroom Clerk,False,True,,61199,74388,,70305,0,0,2805,73110,30051,,,25786,55837,PEPRA 2% @ 62 7.50%,www.solano.courts.ca.gov/employment/,,08/06/2024,Solano,,False,
2023,Superior Court,Solano County Superior Court,Judges And Courtroom Support,Courtroom Clerk,False,True,,61199,74388,,68273,67,0,4570,72910,30802,,,28146,58948,PERS 2.7% @ 55 8% Cont,www.solano.courts.ca.gov/employment/,,08/06/2024,Solano,,False,
2023,Superior Court,Solano County Superior Court,Judges And Courtroom Support,Courtroom Clerk,False,True,,61199,74388,,68280,0,0,4537,72817,30222,,,22678,52900,PERS 2.7% @ 55 8% Cont,www.solano.courts.ca.gov/employment/,,08/06/2024,Solano,,False,
2023,Superior Court,Solano County Superior Court,Judges And Courtroom Support,Courtroom Clerk,False,True,,61199,74388,,68071,89,0,4570,72730,30802,,,28502,59304,PERS 2.7% @ 55 8% Cont,www.solano.courts.ca.gov/employment/,,08/06/2024,Solano,,False,
2023,Superior Court,Solano County Superior Court,Judges And Courtroom Support,Courtroom Clerk,False,True,,61199,74388,,69846,0,0,2805,72651,29716,,,11554,41270,PEPRA 2% @ 62 7.50%,www.solano.courts.ca.gov/employment/,,08/06/2024,Solano,,False,
2023,Superior Court,Solano County Superior Court,Judges And Courtroom Support,Courtroom Clerk,False,True,,61199,74388,,69828,0,0,2805,72633,29769,,,11939,41708,PEPRA 2% @ 62 7.50%,www.solano.courts.ca.gov/employment/,,08/06/2024,Solano,,False,
2023,Superior Court,Solano County Superior Court,Judges And Courtroom Support,Courtroom Clerk,False,True,,61199,74388,,67951,0,0,4570,72521,30802,,,28502,59304,PERS 2.7% @ 55 8% Cont,www.solano.courts.ca.gov/employment/,,08/06/2024,Solano,,False,
2023,Superior Court,Solano County Superior Court,Specialty Courts,Adult Drug Court Case Manager,False,True,,71400,78719,,69696,0,0,2746,72442,30075,,,22678,52753,PEPRA 2% @ 62 7.50%,www.solano.courts.ca.gov/employment/,,08/06/2024,Solano,,False,
2023,Superior Court,Solano County Superior Court,Judges And Courtroom Support,Court Reporter,False,True,,103918,126314,,69305,0,0,2429,71734,30845,,,6443,37288,PEPRA 2% @ 62 7.50%,www.solano.courts.ca.gov/employment/,,08/06/2024,Solano,,False,
2023,Superior Court,Solano County Superior Court,Judges And Courtroom Support,Courtroom Clerk,False,True,,61199,74388,,68447,530,0,2671,71648,29166,,,11939,41105,PEPRA 2% @ 62 7.50%,www.solano.courts.ca.gov/employment/,,08/06/2024,Solano,,False,
2023,Superior Court,Solano County Superior Court,Judges And Courtroom Support,Courtroom Clerk,False,True,,61199,74388,,64953,17,0,6305,71275,31282,,,28502,59784,PERS 2.7% @ 55 8% Cont,www.solano.courts.ca.gov/employment/,,08/06/2024,Solano,,False,
2023,Superior Court,Solano County Superior Court,Judges And Courtroom Support,Courtroom Clerk,False,True,,61199,74388,,65904,948,0,4322,71174,28796,,,11939,40735,PERS 2.7% @ 55 8% Cont,www.solano.courts.ca.gov/employment/,,08/06/2024,Solano,,False,
2023,Superior Court,Solano County Superior Court,Judges And Courtroom Support,Courtroom Clerk,False,True,,61199,74388,,62818,0,0,8288,71106,30297,,,28502,58799,PERS 2.7% @ 55 8% Cont,www.solano.courts.ca.gov/employment/,,08/06/2024,Solano,,False,
2023,Superior Court,Solano County Superior Court,Judges And Courtroom Support,Courtroom Clerk,False,True,,61199,74388,,66018,0,0,4519,70537,29900,,,28502,58402,PERS 2.7% @ 55 8% Cont,www.solano.courts.ca.gov/employment/,,08/06/2024,Solano,,False,
2023,Superior Court,Solano County Superior Court,Judges And Courtroom Support,Courtroom Clerk,False,True,,61199,74388,,63759,0,0,6642,70401,30228,,,28502,58730,PERS 2.7% @ 55 8% Cont,www.solano.courts.ca.gov/employment/,,08/06/2024,Solano,,False,
2023,Superior Court,Solano County Superior Court,Specialty Courts,Adult Drug Court Case Manager,False,True,,71400,78719,,66805,0,0,3028,69833,29185,,,11939,41124,PEPRA 2% @ 62 7.50%,www.solano.courts.ca.gov/employment/,,08/06/2024,Solano,,False,
2023,Superior Court,Solano County Superior Court,Judges And Courtroom Support,Courtroom Clerk,False,True,,61199,74388,,63346,0,0,6052,69398,27886,,,12056,39942,PERS 2.7% @ 55 8% Cont,www.solano.courts.ca.gov/employment/,,08/06/2024,Solano,,False,
2023,Superior Court,Solano County Superior Court,Judges And Courtroom Support,Courtroom Clerk,False,True,,61199,74388,,64440,872,0,3156,68468,27419,,,11554,38973,PEPRA 2% @ 62 7.50%,www.solano.courts.ca.gov/employment/,,08/06/2024,Solano,,False,
2023,Superior Court,Solano County Superior Court,Judges And Courtroom Support,Court Reporter,False,True,,103918,126314,,65984,0,0,2429,68413,25963,,,726,26689,PEPRA 2% @ 62 7.50%,www.solano.courts.ca.gov/employment/,,08/06/2024,Solano,,False,
2023,Superior Court,Solano County Superior Court,Judges And Courtroom Support,Judicial Assistant II,False,True,,64538,78446,,65053,0,0,3310,68363,27868,,,28502,56370,PEPRA 2% @ 62 7.50%,www.solano.courts.ca.gov/employment/,,08/06/2024,Solano,,False,
2023,Superior Court,Solano County Superior Court,Family Law,Lead Legal Process Clerk,False,True,,54092,65749,,62750,1313,0,4093,68156,28186,,,3399,31585,PERS 2.7% @ 55 8% Cont,www.solano.courts.ca.gov/employment/,,08/06/2024,Solano,,False,
2023,Superior Court,Solano County Superior Court,Jury Services,Lead Legal Process Clerk,False,True,,54092,65749,,62332,367,0,5268,67967,27225,,,11939,39164,PERS 2.7% @ 55 8% Cont,www.solano.courts.ca.gov/employment/,,08/06/2024,Solano,,False,
2023,Superior Court,Solano County Superior Court,Judges And Courtroom Support,Courtroom Clerk,False,True,,61199,74388,,61425,387,0,5997,67809,27201,,,22678,49879,PERS 2.7% @ 55 8% Cont,www.solano.courts.ca.gov/employment/,,08/06/2024,Solano,,False,
2023,Superior Court,Solano County Superior Court,Probate,Investigator Office Assistant,False,True,,54575,66337,,63600,0,0,4144,67744,27789,,,11939,39728,PERS 2.7% @ 55 8% Cont,www.solano.courts.ca.gov/employment/,,08/06/2024,Solano,,False,
2023,Superior Court,Solano County Superior Court,Information Technology,Information Systems Specialist I,False,True,,63982,77771,,64691,0,0,2968,67659,27618,,,12407,40025,PEPRA 2% @ 62 7.50%,www.solano.courts.ca.gov/employment/,,08/06/2024,Solano,,False,
2023,Superior Court,Solano County Superior Court,Fiscal Services,Accounting Technician II,False,True,,63867,77631,,61995,186,0,4336,66517,26801,,,22678,49479,PEPRA 2% @ 62 7.50%,www.solano.courts.ca.gov/employment/,,08/06/2024,Solano,,False,
2023,Superior Court,Solano County Superior Court,Information Technology,Information Systems Specialist I,False,True,,63982,77771,,61599,799,0,4059,66457,26213,,,11554,37767,PEPRA 2% @ 62 7.50%,www.solano.courts.ca.gov/employment/,,08/06/2024,Solano,,False,
2023,Superior Court,Solano County Superior Court,Judges And Courtroom Support,Judicial Assistant II,False,True,,64538,78446,,59371,139,911,5961,66382,26493,,,11867,38360,PERS 2.7% @ 55 8% Cont,www.solano.courts.ca.gov/employment/,,08/06/2024,Solano,,False,
2023,Superior Court,Solano County Superior Court,Judges And Courtroom Support,Courtroom Clerk,False,True,,61199,74388,,61288,532,0,4472,66292,29065,,,28146,57211,PERS 2.7% @ 55 8% Cont,www.solano.courts.ca.gov/employment/,,08/06/2024,Solano,,False,
2023,Superior Court,Solano County Superior Court,Judges And Courtroom Support,Judicial Assistant II,False,True,,64538,78446,,61728,181,0,4018,65927,26311,,,1452,27763,PEPRA 2% @ 62 7.50%,www.solano.courts.ca.gov/employment/,,08/06/2024,Solano,,False,
2023,Superior Court,Solano County Superior Court,Judges And Courtroom Support,Judicial Assistant II,False,True,,64538,78446,,62439,233,0,2581,65253,28088,,,22019,50107,PEPRA 2% @ 62 7.50%,www.solano.courts.ca.gov/employment/,,08/06/2024,Solano,,False,
2023,Superior Court,Solano County Superior Court,Civil,Legal Process Clerk II,False,True,,48524,59574,,56493,0,0,8442,64935,26473,,,11939,38412,PERS 2.7% @ 55 8% Cont,www.solano.courts.ca.gov/employment/,,08/06/2024,Solano,,False,
2023,Superior Court,Solano County Superior Court,Judges And Courtroom Support,Courtroom Clerk,False,True,,61199,74388,,62047,0,0,2458,64505,26488,,,19673,46161,CLASSIC 2% @ 60 7.0%,www.solano.courts.ca.gov/employment/,,08/06/2024,Solano,,False,
2023,Superior Court,Solano County Superior Court,Civil,Legal Process Clerk II,False,True,,48524,59574,,55600,0,0,8442,64042,26473,,,22678,49151,PERS 2.7% @ 55 8% Cont,www.solano.courts.ca.gov/employment/,,08/06/2024,Solano,,False,
2023,Superior Court,Solano County Superior Court,Family Law,Legal Process Clerk II,False,True,,48524,59574,,53721,3489,0,6488,63698,25871,,,12704,38575,PERS 2.7% @ 55 8% Cont,www.solano.courts.ca.gov/employment/,,08/06/2024,Solano,,False,
2023,Superior Court,Solano County Superior Court,Criminal And Traffic,Legal Process Clerk II,False,True,,48524,59574,,56439,0,0,6764,63203,25989,,,11939,37928,PERS 2.7% @ 55 8% Cont,www.solano.courts.ca.gov/employment/,,08/06/2024,Solano,,False,
2023,Superior Court,Solano County Superior Court,Judges And Courtroom Support,Courtroom Clerk,False,True,,61199,74388,,59444,131,0,3543,63118,25333,,,11939,37272,PEPRA 2% @ 62 7.50%,www.solano.courts.ca.gov/employment/,,08/06/2024,Solano,,False,
2023,Superior Court,Solano County Superior Court,Human Resources,Human Resources Technician,False,True,,63867,77631,,60245,0,0,2579,62824,25158,,,3131,28289,PEPRA 2% @ 62 7.50%,www.solano.courts.ca.gov/employment/,,08/06/2024,Solano,,False,
2023,Superior Court,Solano County Superior Court,Fiscal Services,Accounting Technician II,False,True,,63867,77631,,59632,277,0,2456,62365,26171,,,26045,52216,PEPRA 2% @ 62 7.50%,www.solano.courts.ca.gov/employment/,,08/06/2024,Solano,,False,
2023,Superior Court,Solano County Superior Court,Human Resources,Human Resources Technician,False,True,,63867,77631,,59705,0,0,2579,62284,25416,,,11939,37355,PEPRA 2% @ 62 7.50%,www.solano.courts.ca.gov/employment/,,08/06/2024,Solano,,False,
2023,Superior Court,Solano County Superior Court,Judges And Courtroom Support,Courtroom Clerk,False,True,,61199,74388,,59358,0,0,2308,61666,24721,,,2604,27325,PEPRA 2% @ 62 7.50%,www.solano.courts.ca.gov/employment/,,08/06/2024,Solano,,False,
2023,Superior Court,Solano County Superior Court,Criminal And Traffic,Lead Legal Process Clerk,False,True,,54092,65749,,59113,0,0,2361,61474,25202,,,11939,37141,PEPRA 2% @ 62 7.50%,www.solano.courts.ca.gov/employment/,,08/06/2024,Solano,,False,
2023,Superior Court,Solano County Superior Court,Civil,Lead Legal Process Clerk,False,True,,54092,65749,,56669,686,0,3833,61188,25685,,,22678,48363,PERS 2.7% @ 55 8% Cont,www.solano.courts.ca.gov/employment/,,08/06/2024,Solano,,False,
2023,Superior Court,Solano County Superior Court,Judges And Courtroom Support,Courtroom Clerk,False,True,,61199,74388,,58695,0,0,2308,61003,25381,,,12251,37632,PEPRA 2% @ 62 7.50%,www.solano.courts.ca.gov/employment/,,08/06/2024,Solano,,False,
2023,Superior Court,Solano County Superior Court,Family Law,Lead Legal Process Clerk,False,True,,54092,65749,,56167,2460,0,2246,60873,23944,,,11939,35883,PEPRA 2% @ 62 7.50%,www.solano.courts.ca.gov/employment/,,08/06/2024,Solano,,False,
2023,Superior Court,Solano County Superior Court,Judges And Courtroom Support,Courtroom Clerk,False,True,,61199,74388,,58096,0,0,2308,60404,24916,,,11939,36855,PEPRA 2% @ 62 7.50%,www.solano.courts.ca.gov/employment/,,08/06/2024,Solano,,False,
2023,Superior Court,Solano County Superior Court,Criminal And Traffic,Lead Legal Process Clerk,False,True,,54092,65749,,56287,0,0,3954,60241,24717,,,11939,36656,PEPRA 2% @ 62 7.50%,www.solano.courts.ca.gov/employment/,,08/06/2024,Solano,,False,
2023,Superior Court,Solano County Superior Court,Criminal And Traffic,Legal Process Clerk II,False,True,,48524,59574,,56553,0,0,3660,60213,24668,,,11554,36222,PERS 2.7% @ 55 8% Cont,www.solano.courts.ca.gov/employment/,,08/06/2024,Solano,,False,
2023,Superior Court,Solano County Superior Court,Family Law,Lead Legal Process Clerk,False,True,,54092,65749,,55493,753,0,3939,60185,25406,,,28502,53908,PEPRA 2% @ 62 7.50%,www.solano.courts.ca.gov/employment/,,08/06/2024,Solano,,False,
2023,Superior Court,Solano County Superior Court,Judges And Courtroom Support,Judicial Assistant II,False,True,,64538,78446,,57512,179,0,2458,60149,24499,,,11939,36438,PEPRA 2% @ 62 7.50%,www.solano.courts.ca.gov/employment/,,08/06/2024,Solano,,False,
2023,Superior Court,Solano County Superior Court,Criminal And Traffic,Legal Process Clerk II,False,True,,48524,59574,,56439,0,0,3660,60099,24668,,,11939,36607,PERS 2.7% @ 55 8% Cont,www.solano.courts.ca.gov/employment/,,08/06/2024,Solano,,False,
2023,Superior Court,Solano County Superior Court,Criminal And Traffic,Legal Process Clerk II,False,True,,48524,59574,,56349,0,0,3660,60009,24668,,,19673,44341,PERS 2.7% @ 55 8% Cont,www.solano.courts.ca.gov/employment/,,08/06/2024,Solano,,False,
2023,Superior Court,Solano County Superior Court,Fiscal Services,Accounting Technician II,False,True,,63867,77631,,57148,264,0,2228,59640,24349,,,11939,36288,PEPRA 2% @ 62 7.50%,www.solano.courts.ca.gov/employment/,,08/06/2024,Solano,,False,
2023,Superior Court,Solano County Superior Court,Judges And Courtroom Support,Court Reporter,False,True,,103918,126314,,49087,0,947,9524,59558,21759,,,8047,29806,CLASSIC 2% @ 60 7.0%,www.solano.courts.ca.gov/employment/,,08/06/2024,Solano,,False,
2023,Superior Court,Solano County Superior Court,Civil,Legal Process Clerk II,False,True,,48524,59574,,53857,325,0,5319,59501,24204,,,11939,36143,PERS 2.7% @ 55 8% Cont,www.solano.courts.ca.gov/employment/,,08/06/2024,Solano,,False,
2023,Superior Court,Solano County Superior Court,Criminal And Traffic,Legal Process Clerk II,False,True,,48524,59574,,55546,0,0,3936,59482,24785,,,22678,47463,PEPRA 2% @ 62 7.50%,www.solano.courts.ca.gov/employment/,,08/06/2024,Solano,,False,
2023,Superior Court,Solano County Superior Court,Judges And Courtroom Support,Judicial Assistant II,False,True,,64538,78446,,56076,1067,0,2246,59389,24181,,,22019,46200,PEPRA 2% @ 62 7.50%,www.solano.courts.ca.gov/employment/,,08/06/2024,Solano,,False,
2023,Superior Court,Solano County Superior Court,Jury Services,Legal Process Clerk II,False,True,,48524,59574,,56609,0,0,2246,58855,24137,,,11939,36076,PEPRA 2% @ 62 7.50%,www.solano.courts.ca.gov/employment/,,08/06/2024,Solano,,False,
2023,Superior Court,Solano County Superior Court,Criminal And Traffic,Legal Process Clerk II,False,True,,48524,59574,,54574,0,0,3936,58510,24372,,,22678,47050,PEPRA 2% @ 62 7.50%,www.solano.courts.ca.gov/employment/,,08/06/2024,Solano,,False,
2023,Superior Court,Solano County Superior Court,Judges And Courtroom Support,Judicial Assistant II,False,True,,64538,78446,,55775,174,0,2458,58407,24081,,,25786,49867,PEPRA 2% @ 62 7.50%,www.solano.courts.ca.gov/employment/,,08/06/2024,Solano,,False,
2023,Superior Court,Solano County Superior Court,Criminal And Traffic,Legal Process Clerk II,False,True,,48524,59574,,53008,0,0,5350,58358,25387,,,28502,53889,PERS 2.7% @ 55 8% Cont,www.solano.courts.ca.gov/employment/,,08/06/2024,Solano,,False,
2023,Superior Court,Solano County Superior Court,Fiscal Services,Accounting Technician II,False,True,,63867,77631,,55877,266,0,2122,58265,23792,,,11939,35731,PEPRA 2% @ 62 7.50%,www.solano.courts.ca.gov/employment/,,08/06/2024,Solano,,False,
2023,Superior Court,Solano County Superior Court,Information Technology,Information Systems Specialist II,False,True,,81659,99257,,54636,0,0,3365,58001,23090,,,8068,31158,PEPRA 2% @ 62 7.50%,www.solano.courts.ca.gov/employment/,,08/06/2024,Solano,,False,
2023,Superior Court,Solano County Superior Court,Judges And Courtroom Support,Courtroom Clerk,False,True,,61199,74388,,55624,41,0,2308,57973,23659,,,9845,33504,PEPRA 2% @ 62 7.50%,www.solano.courts.ca.gov/employment/,,08/06/2024,Solano,,False,
2023,Superior Court,Solano County Superior Court,Criminal And Traffic,Legal Process Clerk II,False,True,,48524,59574,,55546,0,0,2246,57792,24066,,,22678,46744,PEPRA 2% @ 62 7.50%,www.solano.courts.ca.gov/employment/,,08/06/2024,Solano,,False,
2023,Superior Court,Solano County Superior Court,Criminal And Traffic,Legal Process Clerk II,False,True,,48524,59574,,55272,0,0,2423,57695,24605,,,28502,53107,PEPRA 2% @ 62 7.50%,www.solano.courts.ca.gov/employment/,,08/06/2024,Solano,,False,
2023,Superior Court,Solano County Superior Court,Judges And Courtroom Support,Staff Attorney - Lt,False,True,,97305,117947,,50811,0,2861,3919,57591,22033,,,5916,27949,PEPRA 2% @ 62 7.50%,www.solano.courts.ca.gov/employment/,,08/06/2024,Solano,,False,
2023,Superior Court,Solano County Superior Court,Civil,Legal Process Clerk II,False,True,,48524,59574,,52696,653,0,3660,57009,24668,,,22678,47346,PERS 2.7% @ 55 8% Cont,www.solano.courts.ca.gov/employment/,,08/06/2024,Solano,,False,
2023,Superior Court,Solano County Superior Court,Juvenile Delinquency,Legal Process Clerk II,False,True,,48524,59574,,52242,2079,0,2246,56567,24066,,,12704,36770,PEPRA 2% @ 62 7.50%,www.solano.courts.ca.gov/employment/,,08/06/2024,Solano,,False,
2023,Superior Court,Solano County Superior Court,Civil,Legal Process Clerk II,False,True,,48524,59574,,53998,162,0,2246,56406,23841,,,22678,46519,PEPRA 2% @ 62 7.50%,www.solano.courts.ca.gov/employment/,,08/06/2024,Solano,,False,
2023,Superior Court,Solano County Superior Court,Judges And Courtroom Support,Courtroom Clerk,False,True,,61199,74388,,49970,0,1944,4073,55987,22282,,,16739,39021,PERS 2.7% @ 55 8% Cont,www.solano.courts.ca.gov/employment/,,08/06/2024,Solano,,False,
2023,Superior Court,Solano County Superior Court,Criminal And Traffic,Legal Process Clerk II,False,True,,48524,59574,,53517,0,0,2134,55651,22861,,,19673,42534,PEPRA 2% @ 62 7.50%,www.solano.courts.ca.gov/employment/,,08/06/2024,Solano,,False,
2023,Superior Court,Solano County Superior Court,Judges And Courtroom Support,Judicial Assistant II,False,True,,64538,78446,,51719,1882,0,2027,55628,23274,,,28502,51776,PEPRA 2% @ 62 7.50%,www.solano.courts.ca.gov/employment/,,08/06/2024,Solano,,False,
2023,Superior Court,Solano County Superior Court,Family Law,Legal Process Clerk II,False,True,,48524,59574,,51340,146,0,3197,54683,21718,,,2546,24264,PEPRA 2% @ 62 7.50%,www.solano.courts.ca.gov/employment/,,08/06/2024,Solano,,False,
2023,Superior Court,Solano County Superior Court,Criminal And Traffic,Legal Process Clerk II,False,True,,48524,59574,,52580,0,0,2027,54607,21756,,,1452,23208,PEPRA 2% @ 62 7.50%,www.solano.courts.ca.gov/employment/,,08/06/2024,Solano,,False,
2023,Superior Court,Solano County Superior Court,Jury Services,Legal Process Clerk II,False,True,,48524,59574,,50626,0,0,3717,54343,22317,,,11939,34256,PEPRA 2% @ 62 7.50%,www.solano.courts.ca.gov/employment/,,08/06/2024,Solano,,False,
2023,Superior Court,Solano County Superior Court,Juvenile Dependency,Legal Process Clerk II,False,True,,48524,59574,,52184,0,0,2027,54211,22198,,,11554,33752,PEPRA 2% @ 62 7.50%,www.solano.courts.ca.gov/employment/,,08/06/2024,Solano,,False,
2023,Superior Court,Solano County Superior Court,Family Law,Legal Process Clerk II,False,True,,48524,59574,,50241,0,0,3717,53958,22142,,,11939,34081,PEPRA 2% @ 62 7.50%,www.solano.courts.ca.gov/employment/,,08/06/2024,Solano,,False,
2023,Superior Court,Solano County Superior Court,Criminal And Traffic,Legal Process Clerk II,False,True,,48524,59574,,51468,311,0,2027,53806,22099,,,11554,33653,PEPRA 2% @ 62 7.50%,www.solano.courts.ca.gov/employment/,,08/06/2024,Solano,,False,
2023,Superior Court,Solano County Superior Court,Judges And Courtroom Support,Courtroom Clerk,False,True,,61199,74388,,51530,0,0,2027,53557,21951,,,10036,31987,PEPRA 2% @ 62 7.50%,www.solano.courts.ca.gov/employment/,,08/06/2024,Solano,,False,
2023,Superior Court,Solano County Superior Court,Civil,Legal Process Clerk II,False,True,,48524,59574,,51385,0,0,2027,53412,21248,,,1452,22700,PEPRA 2% @ 62 7.50%,www.solano.courts.ca.gov/employment/,,08/06/2024,Solano,,False,
2023,Superior Court,Solano County Superior Court,Criminal And Traffic,Legal Process Clerk II,False,True,,48524,59574,,50191,0,0,2246,52437,21365,,,11939,33304,PEPRA 2% @ 62 7.50%,www.solano.courts.ca.gov/employment/,,08/06/2024,Solano,,False,
2023,Superior Court,Solano County Superior Court,Criminal And Traffic,Lead Legal Process Clerk,False,True,,54092,65749,,50382,0,0,2027,52409,21568,,,11116,32684,PEPRA 2% @ 62 7.50%,www.solano.courts.ca.gov/employment/,,08/06/2024,Solano,,False,
2023,Superior Court,Solano County Superior Court,Judges And Courtroom Support,Court Reporter Annuitant - Temporary Help,False,True,,103918,126314,,52142,0,0,0,52142,0,,,0,0,N/A,www.solano.courts.ca.gov/employment/,,08/06/2024,Solano,,False,
2023,Superior Court,Solano County Superior Court,Criminal And Traffic,Legal Process Clerk II,False,True,,48524,59574,,48636,203,0,3096,51935,21187,,,20669,41856,PEPRA 2% @ 62 7.50%,www.solano.courts.ca.gov/employment/,,08/06/2024,Solano,,False,
2023,Superior Court,Solano County Superior Court,Criminal And Traffic,Legal Process Clerk II,False,True,,48524,59574,,47616,0,0,3717,51333,22066,,,28502,50568,PEPRA 2% @ 62 7.50%,www.solano.courts.ca.gov/employment/,,08/06/2024,Solano,,False,
2023,Superior Court,Solano County Superior Court,Civil,Legal Process Clerk II,False,True,,48524,59574,,48751,234,0,1926,50911,20789,,,11939,32728,PEPRA 2% @ 62 7.50%,www.solano.courts.ca.gov/employment/,,08/06/2024,Solano,,False,
2023,Superior Court,Solano County Superior Court,Families And Children Services,Self-Help Clerk,False,True,,48524,59574,,46520,0,0,4385,50905,21610,,,2974,24584,PERS 2.7% @ 55 8% Cont,www.solano.courts.ca.gov/employment/,,08/06/2024,Solano,,False,
2023,Superior Court,Solano County Superior Court,Family Law,Legal Process Clerk II,False,True,,48524,59574,,48410,0,0,1926,50336,20643,,,11939,32582,PEPRA 2% @ 62 7.50%,www.solano.courts.ca.gov/employment/,,08/06/2024,Solano,,False,
2023,Superior Court,Solano County Superior Court,Civil,Legal Process Clerk II,False,True,,48524,59574,,48156,0,0,1830,49986,20527,,,11939,32466,PEPRA 2% @ 62 7.50%,www.solano.courts.ca.gov/employment/,,08/06/2024,Solano,,False,
2023,Superior Court,Solano County Superior Court,Civil,Legal Process Clerk II,False,True,,48524,59574,,48014,0,0,1926,49940,20518,,,1335,21853,PEPRA 2% @ 62 7.50%,www.solano.courts.ca.gov/employment/,,08/06/2024,Solano,,False,
2023,Superior Court,Solano County Superior Court,Civil,Legal Process Clerk II,False,True,,48524,59574,,47873,0,0,2027,49900,21568,,,22073,43641,PEPRA 2% @ 62 7.50%,www.solano.courts.ca.gov/employment/,,08/06/2024,Solano,,False,
2023,Superior Court,Solano County Superior Court,Criminal And Traffic,Legal Process Clerk II,False,True,,48524,59574,,47731,0,0,2027,49758,20341,,,11939,32280,PEPRA 2% @ 62 7.50%,www.solano.courts.ca.gov/employment/,,08/06/2024,Solano,,False,
2023,Superior Court,Solano County Superior Court,Judges And Courtroom Support,Courtroom Clerk,False,True,,61199,74388,,40649,0,4172,2805,47626,17176,,,847,18023,PEPRA 2% @ 62 7.50%,www.solano.courts.ca.gov/employment/,,08/06/2024,Solano,,False,
2023,Superior Court,Solano County Superior Court,Criminal And Traffic,Support Service Assistant,False,True,,48524,59574,,33638,332,10136,3322,47428,14887,,,6830,21717,PERS 2.7% @ 55 8% Cont,www.solano.courts.ca.gov/employment/,,08/06/2024,Solano,,False,
2023,Superior Court,Solano County Superior Court,Criminal And Traffic,Legal Process Clerk II,False,True,,48524,59574,,43472,0,0,3588,47060,23395,,,22678,46073,PERS 2.7% @ 55 8% Cont,www.solano.courts.ca.gov/employment/,,08/06/2024,Solano,,False,
2023,Superior Court,Solano County Superior Court,Criminal And Traffic,Legal Process Clerk II,False,True,,48524,59574,,41670,0,0,3416,45086,19409,,,28502,47911,PEPRA 2% @ 62 7.50%,www.solano.courts.ca.gov/employment/,,08/06/2024,Solano,,False,
2023,Superior Court,Solano County Superior Court,Family Law,Legal Process Clerk II,False,True,,48524,59574,,40569,251,0,3486,44306,18456,,,23290,41746,PEPRA 2% @ 62 7.50%,www.solano.courts.ca.gov/employment/,,08/06/2024,Solano,,False,
2023,Superior Court,Solano County Superior Court,Judges And Courtroom Support,Judicial Assistant II,False,True,,64538,78446,,32496,0,5100,3694,41290,15000,,,16310,31310,PERS 2.7% @ 55 8% Cont,www.solano.courts.ca.gov/employment/,,08/06/2024,Solano,,False,
2023,Superior Court,Solano County Superior Court,Civil,Legal Process Clerk II,False,True,,48524,59574,,37449,556,1291,1926,41222,16057,,,7766,23823,PEPRA 2% @ 62 7.50%,www.solano.courts.ca.gov/employment/,,08/06/2024,Solano,,False,
2023,Superior Court,Solano County Superior Court,Criminal And Traffic,Legal Process Clerk II,False,True,,48524,59574,,36073,0,0,2641,38714,15919,,,18933,34852,PEPRA 2% @ 62 7.50%,www.solano.courts.ca.gov/employment/,,08/06/2024,Solano,,False,
2023,Superior Court,Solano County Superior Court,Judges And Courtroom Support,Court Reporter Annuitant - Temporary Help,False,True,,103918,126314,,38015,0,0,0,38015,0,,,0,0,N/A,www.solano.courts.ca.gov/employment/,,08/06/2024,Solano,,False,
2023,Superior Court,Solano County Superior Court,Judges And Courtroom Support,Judicial Assistant II,False,True,,64538,78446,,30657,79,4535,2329,37600,14481,,,9250,23731,PERS 2.7% @ 55 8% Cont,www.solano.courts.ca.gov/employment/,,08/06/2024,Solano,,False,
2023,Superior Court,Solano County Superior Court,Criminal And Traffic,Legal Process Clerk II,False,True,,48524,59574,,34789,0,0,2641,37430,15919,,,23795,39714,PEPRA 2% @ 62 7.50%,www.solano.courts.ca.gov/employment/,,08/06/2024,Solano,,False,
2023,Superior Court,Solano County Superior Court,Criminal And Traffic,Pretrial Service Coordinator,False,True,,77254,93903,,33504,0,3656,0,37160,14286,,,894,15180,PEPRA 2% @ 62 7.50%,www.solano.courts.ca.gov/employment/,,08/06/2024,Solano,,False,
2023,Superior Court,Solano County Superior Court,Civil,Legal Process Clerk II,False,True,,48524,59574,,34975,0,0,1926,36901,14818,,,8981,23799,PEPRA 2% @ 62 7.50%,www.solano.courts.ca.gov/employment/,,08/06/2024,Solano,,False,
2023,Superior Court,Solano County Superior Court,Criminal And Traffic,Legal Process Clerk II,False,True,,48524,59574,,32973,278,741,2576,36568,14489,,,8544,23033,PEPRA 2% @ 62 7.50%,www.solano.courts.ca.gov/employment/,,08/06/2024,Solano,,False,
2023,Superior Court,Solano County Superior Court,Criminal And Traffic,Legal Process Clerk II,False,True,,48524,59574,,30567,431,1005,2927,34930,13257,,,2359,15616,PEPRA 2% @ 62 7.50%,www.solano.courts.ca.gov/employment/,,08/06/2024,Solano,,False,
2023,Superior Court,Solano County Superior Court,Criminal And Traffic,Legal Process Clerk II,False,True,,48524,59574,,32872,0,0,1926,34798,13903,,,8693,22596,PEPRA 2% @ 62 7.50%,www.solano.courts.ca.gov/employment/,,08/06/2024,Solano,,False,
2023,Superior Court,Solano County Superior Court,Judges And Courtroom Support,Courtroom Clerk,False,True,,61199,74388,,29955,0,1623,2308,33886,12975,,,5683,18658,PEPRA 2% @ 62 7.50%,www.solano.courts.ca.gov/employment/,,08/06/2024,Solano,,False,
2023,Superior Court,Solano County Superior Court,Family Law,Legal Process Clerk II,False,True,,48524,59574,,27541,0,0,1926,29467,11683,,,7009,18692,PEPRA 2% @ 62 7.50%,www.solano.courts.ca.gov/employment/,,08/06/2024,Solano,,False,
2023,Superior Court,Solano County Superior Court,Judges And Courtroom Support,Court Reporter,False,True,,103918,126314,,26879,0,0,2364,29243,10855,,,242,11097,PEPRA 2% @ 62 7.50%,www.solano.courts.ca.gov/employment/,,08/06/2024,Solano,,False,
2023,Superior Court,Solano County Superior Court,Criminal And Traffic,Legal Process Clerk II,False,True,,48524,59574,,26240,0,295,1926,28461,11370,,,5755,17125,PEPRA 2% @ 62 7.50%,www.solano.courts.ca.gov/employment/,,08/06/2024,Solano,,False,
2023,Superior Court,Solano County Superior Court,Criminal And Traffic,Legal Process Clerk II,False,True,,48524,59574,,24060,0,359,1926,26345,10121,,,726,10847,PEPRA 2% @ 62 7.50%,www.solano.courts.ca.gov/employment/,,08/06/2024,Solano,,False,
2023,Superior Court,Solano County Superior Court,Family Law,Legal Process Clerk II,False,True,,48524,59574,,23344,694,688,0,24726,10146,,,4162,14308,PEPRA 2% @ 62 7.50%,www.solano.courts.ca.gov/employment/,,08/06/2024,Solano,,False,
2023,Superior Court,Solano County Superior Court,Grand Jury Services,Grand Jury Assistant,False,True,,48372,58796,,22769,0,0,1674,24443,12085,,,5925,18010,PERS 2.7% @ 55 8% Cont,www.solano.courts.ca.gov/employment/,,08/06/2024,Solano,,False,
2023,Superior Court,Solano County Superior Court,Family Law,Legal Process Clerk II,False,True,,48524,59574,,23709,519,0,0,24228,9926,,,7009,16935,PEPRA 2% @ 62 7.50%,www.solano.courts.ca.gov/employment/,,08/06/2024,Solano,,False,
2023,Superior Court,Solano County Superior Court,Criminal And Traffic,Legal Process Clerk II,False,True,,48524,59574,,24135,0,0,0,24135,10075,,,14491,24566,PEPRA 2% @ 62 7.50%,www.solano.courts.ca.gov/employment/,,08/06/2024,Solano,,False,
2023,Superior Court,Solano County Superior Court,Family Law,Legal Process Clerk II,False,True,,48524,59574,,23582,0,0,0,23582,10091,,,13317,23408,PEPRA 2% @ 62 7.50%,www.solano.courts.ca.gov/employment/,,08/06/2024,Solano,,False,
2023,Superior Court,Solano County Superior Court,Criminal And Traffic,Legal Process Clerk II,False,True,,48524,59574,,22386,0,602,0,22988,9636,,,13511,23147,PEPRA 2% @ 62 7.50%,www.solano.courts.ca.gov/employment/,,08/06/2024,Solano,,False,
2023,Superior Court,Solano County Superior Court,Probate,Investigator Annuitant - Temporary Help,False,True,,80344,97659,,22633,0,0,0,22633,0,,,0,0,N/A,www.solano.courts.ca.gov/employment/,,08/06/2024,Solano,,False,
2023,Superior Court,Solano County Superior Court,Judges And Courtroom Support,Senior Staff Attorney Annuitant - Temporary Help,False,True,,124360,151161,,22571,0,0,0,22571,0,,,0,0,N/A,www.solano.courts.ca.gov/employment/,,08/06/2024,Solano,,False,
2023,Superior Court,Solano County Superior Court,Fiscal Services,A/R Technician,False,True,,63867,77631,,21710,0,790,0,22500,9219,,,701,9920,PEPRA 2% @ 62 7.50%,www.solano.courts.ca.gov/employment/,,08/06/2024,Solano,,False,
2023,Superior Court,Solano County Superior Court,Juvenile Delinquency,Legal Process Clerk II,False,True,,48524,59574,,19143,0,579,1926,21648,8218,,,4930,13148,PEPRA 2% @ 62 7.50%,www.solano.courts.ca.gov/employment/,,08/06/2024,Solano,,False,
2023,Superior Court,Solano County Superior Court,Judges And Courtroom Support,Court Reporter,False,True,,103918,126314,,20179,0,0,1182,21361,10361,,,4786,15147,PEPRA 2% @ 62 7.50%,www.solano.courts.ca.gov/employment/,,08/06/2024,Solano,,False,
2023,Superior Court,Solano County Superior Court,Judges And Courtroom Support,Court Reporter,False,True,,103918,126314,,16556,0,1255,3401,21212,6843,,,1414,8257,PEPRA 2% @ 62 7.50%,www.solano.courts.ca.gov/employment/,,08/06/2024,Solano,,False,
2023,Superior Court,Solano County Superior Court,Family Law,Legal Process Clerk II,False,True,,48524,59574,,18414,0,712,1926,21052,7917,,,5844,13761,PEPRA 2% @ 62 7.50%,www.solano.courts.ca.gov/employment/,,08/06/2024,Solano,,False,
2023,Superior Court,Solano County Superior Court,Criminal And Traffic,Legal Process Clerk II,False,True,,48524,59574,,18713,0,1651,0,20364,7925,,,1193,9118,PEPRA 2% @ 62 7.50%,www.solano.courts.ca.gov/employment/,,08/06/2024,Solano,,False,
2023,Superior Court,Solano County Superior Court,Judges And Courtroom Support,Courtroom Clerk,False,True,,61199,74388,,19880,0,0,0,19880,8746,,,12029,20775,PEPRA 2% @ 62 7.50%,www.solano.courts.ca.gov/employment/,,08/06/2024,Solano,,False,
2023,Superior Court,Solano County Superior Court,Criminal And Traffic,Legal Process Clerk II,False,True,,48524,59574,,17107,0,2396,0,19503,7442,,,3989,11431,PEPRA 2% @ 62 7.50%,www.solano.courts.ca.gov/employment/,,08/06/2024,Solano,,False,
2023,Superior Court,Solano County Superior Court,Criminal And Traffic,Legal Process Clerk II,False,True,,48524,59574,,18695,0,0,0,18695,7779,,,61,7840,PEPRA 2% @ 62 7.50%,www.solano.courts.ca.gov/employment/,,08/06/2024,Solano,,False,
2023,Superior Court,Solano County Superior Court,Judges And Courtroom Support,Commissioner Annuitant - Temporary Help,False,True,,197539,197539,,18162,0,0,0,18162,0,,,0,0,N/A,www.solano.courts.ca.gov/employment/,,08/06/2024,Solano,,False,
2023,Superior Court,Solano County Superior Court,Family Law,Legal Process Clerk II,False,True,,48524,59574,,17441,556,0,0,17997,7099,,,845,7944,PEPRA 2% @ 62 7.50%,www.solano.courts.ca.gov/employment/,,08/06/2024,Solano,,False,
2023,Superior Court,Solano County Superior Court,Criminal And Traffic,Support Service Assistant,False,True,,48524,59574,,17136,0,0,128,17264,6952,,,560,7512,PEPRA 2% @ 62 7.50%,www.solano.courts.ca.gov/employment/,,08/06/2024,Solano,,False,
2023,Superior Court,Solano County Superior Court,Juvenile Delinquency,Legal Process Clerk II,False,True,,48524,59574,,17262,0,0,0,17262,7004,,,484,7488,PEPRA 2% @ 62 7.50%,www.solano.courts.ca.gov/employment/,,08/06/2024,Solano,,False,
2023,Superior Court,Solano County Superior Court,Information Technology,Information Systems Specialist II,False,True,,81659,99257,,12452,0,4543,56,17051,5573,,,4544,10117,PEPRA 2% @ 62 7.50%,www.solano.courts.ca.gov/employment/,,08/06/2024,Solano,,False,
2023,Superior Court,Solano County Superior Court,Criminal And Traffic,Legal Process Clerk II,False,True,,48524,59574,,16899,0,0,0,16899,7075,,,5037,12112,PEPRA 2% @ 62 7.50%,www.solano.courts.ca.gov/employment/,,08/06/2024,Solano,,False,
2023,Superior Court,Solano County Superior Court,Judges And Courtroom Support,Judicial Assistant - Temporary Help,False,True,,64538,78446,,15874,0,0,0,15874,0,,,0,0,N/A,www.solano.courts.ca.gov/employment/,,08/06/2024,Solano,,False,
2023,Superior Court,Solano County Superior Court,Family Law,Legal Process Clerk II,False,True,,48524,59574,,15024,0,0,0,15024,6121,,,424,6545,PEPRA 2% @ 62 7.50%,www.solano.courts.ca.gov/employment/,,08/06/2024,Solano,,False,
2023,Superior Court,Solano County Superior Court,Criminal And Traffic,Legal Process Clerk II,False,True,,48524,59574,,14430,0,0,0,14430,6024,,,3824,9848,PEPRA 2% @ 62 7.50%,www.solano.courts.ca.gov/employment/,,08/06/2024,Solano,,False,
2023,Superior Court,Solano County Superior Court,Family Law,Legal Process Clerk II,False,True,,48524,59574,,11455,0,631,0,12086,4819,,,507,5326,PEPRA 2% @ 62 7.50%,www.solano.courts.ca.gov/employment/,,08/06/2024,Solano,,False,
2023,Superior Court,Solano County Superior Court,Criminal And Traffic,LPC II Annuitant - Temporary Help,False,True,,48524,59574,,10638,0,0,0,10638,0,,,0,0,N/A,www.solano.courts.ca.gov/employment/,,08/06/2024,Solano,,False,
2023,Superior Court,Solano County Superior Court,Family Law,Legal Process Clerk II,False,True,,48524,59574,,7834,0,255,1926,10015,3554,,,4544,8098,PEPRA 2% @ 62 7.50%,www.solano.courts.ca.gov/employment/,,08/06/2024,Solano,,False,
2023,Superior Court,Solano County Superior Court,Civil,Legal Process Clerk II,False,True,,48524,59574,,8731,0,712,0,9443,3795,,,2886,6681,PEPRA 2% @ 62 7.50%,www.solano.courts.ca.gov/employment/,,08/06/2024,Solano,,False,
2023,Superior Court,Solano County Superior Court,Family Law,Legal Process Clerk II,False,True,,48524,59574,,9159,0,0,0,9159,4007,,,4969,8976,PEPRA 2% @ 62 7.50%,www.solano.courts.ca.gov/employment/,,08/06/2024,Solano,,False,
2023,Superior Court,Solano County Superior Court,Family Law,Legal Process Clerk II,False,True,,48524,59574,,8020,0,284,0,8304,3374,,,242,3616,PEPRA 2% @ 62 7.50%,www.solano.courts.ca.gov/employment/,,08/06/2024,Solano,,False,
2023,Superior Court,Solano County Superior Court,Civil,Legal Process Clerk II,False,True,,48524,59574,,7478,0,0,0,7478,3228,,,5828,9056,PEPRA 2% @ 62 7.50%,www.solano.courts.ca.gov/employment/,,08/06/2024,Solano,,False,
2023,Superior Court,Solano County Superior Court,Judges And Courtroom Support,Judicial Assistant II,False,True,,64538,78446,,574,0,6082,14,6670,255,,,0,255,PERS 2.7% @ 55 8% Cont,www.solano.courts.ca.gov/employment/,,08/06/2024,Solano,,False,
2023,Superior Court,Solano County Superior Court,Judges And Courtroom Support,Court Reporter Annuitant - Temporary Help,False,True,,103918,126314,,6652,0,0,0,6652,0,,,0,0,N/A,www.solano.courts.ca.gov/employment/,,08/06/2024,Solano,,False,
2023,Superior Court,Solano County Superior Court,Family Law,Legal Process Clerk II,False,True,,48524,59574,,6533,0,99,0,6632,2838,,,1900,4738,PEPRA 2% @ 62 7.50%,www.solano.courts.ca.gov/employment/,,08/06/2024,Solano,,False,
2023,Superior Court,Solano County Superior Court,Judges And Courtroom Support,Courtroom Clerk,False,True,,61199,74388,,6235,0,236,0,6471,2705,,,914,3619,PEPRA 2% @ 62 7.50%,www.solano.courts.ca.gov/employment/,,08/06/2024,Solano,,False,
2023,Superior Court,Solano County Superior Court,Judges And Courtroom Support,Judicial Assistant - Temporary Help,False,True,,64538,78446,,5727,0,0,0,5727,0,,,0,0,N/A,www.solano.courts.ca.gov/employment/,,08/06/2024,Solano,,False,
2023,Superior Court,Solano County Superior Court,Family Law,Legal Process Clerk II,False,True,,48524,59574,,3929,0,0,0,3929,1640,,,0,1640,PEPRA 2% @ 62 7.50%,www.solano.courts.ca.gov/employment/,,08/06/2024,Solano,,False,
2023,Superior Court,Solano County Superior Court,Judges And Courtroom Support,Court Reporter,False,True,,103918,126314,,3679,0,0,243,3922,1115,,,0,1115,CLASSIC 2% @ 60 7.0%,www.solano.courts.ca.gov/employment/,,08/06/2024,Solano,,False,
2023,Superior Court,Solano County Superior Court,Criminal And Traffic,Legal Process Clerk II,False,True,,48524,59574,,3910,0,0,0,3910,1640,,,1885,3525,PEPRA 2% @ 62 7.50%,www.solano.courts.ca.gov/employment/,,08/06/2024,Solano,,False,
2023,Superior Court,Solano County Superior Court,Family Law,Legal Process Clerk II,False,True,,48524,59574,,3519,0,145,0,3664,1469,,,0,1469,PEPRA 2% @ 62 7.50%,www.solano.courts.ca.gov/employment/,,08/06/2024,Solano,,False,
2023,Superior Court,Solano County Superior Court,Judges And Courtroom Support,Judicial Assistant II,False,True,,64538,78446,,3370,0,98,0,3468,1469,,,1939,3408,PEPRA 2% @ 62 7.50%,www.solano.courts.ca.gov/employment/,,08/06/2024,Solano,,False,
2023,Superior Court,Solano County Superior Court,Family Law,Legal Process Clerk II,False,True,,48524,59574,,2732,0,712,0,3444,1185,,,914,2099,PEPRA 2% @ 62 7.50%,www.solano.courts.ca.gov/employment/,,08/06/2024,Solano,,False,
2023,Superior Court,Solano County Superior Court,Criminal And Traffic,LPC II Annuitant - Temporary Help,False,True,,48524,59574,,3190,0,0,0,3190,0,,,0,0,N/A,www.solano.courts.ca.gov/employment/,,08/06/2024,Solano,,False,
2023,Superior Court,Solano County Superior Court,Judges And Courtroom Support,Courtroom Clerk,False,True,,61199,74388,,1104,0,82,83,1269,515,,,0,515,PERS 2.7% @ 55 8% Cont,www.solano.courts.ca.gov/employment/,,08/06/2024,Solano,,False,
2023,Superior Court,Solano County Superior Court,Family Law,Legal Process Clerk II,False,True,,48524,59574,,567,0,0,0,567,237,,,0,237,PEPRA 2% @ 62 7.50%,www.solano.courts.ca.gov/employment/,,08/06/2024,Solano,,False,

