﻿Year,EmployerType,EmployerName,DepartmentOrSubdivision,Position,ElectedOfficial,Judicial,OtherPositions,MinPositionSalary,MaxPositionSalary,ReportedBaseWage,RegularPay,OvertimePay,LumpSumPay,OtherPay,TotalWages,DefinedBenefitPlanContribution,EmployeesRetirementCostCovered,DeferredCompensationPlan,HealthDentalVision,TotalRetirementAndHealthContribution,PensionFormula,EmployerURL,EmployerPopulation,LastUpdatedDate,EmployerCounty,SpecialDistrictActivities,IncludesUnfundedLiability,SpecialDistrictType
2023,Superior Court,Sonoma County Superior Court,Judge's Retire System Member,"Judge, Superior Court",True,True,,228979,238479,,233364,0,0,0,233364,0,,,1816,1816,Judicial Retirement System,https://sonoma.courts.ca.gov/general-information/careers,,08/06/2024,Sonoma,,False,
2023,Superior Court,Sonoma County Superior Court,Judge's Retire System Member,"Judge, Superior Court",True,True,,228979,238479,,233084,0,0,0,233084,0,,,1524,1524,Judicial Retirement System,https://sonoma.courts.ca.gov/general-information/careers,,08/06/2024,Sonoma,,False,
2023,Superior Court,Sonoma County Superior Court,Judge's Retire System Member,"Judge, Superior Court",True,True,,228979,238479,,231546,0,0,0,231546,0,,,18600,18600,Judicial Retirement System,https://sonoma.courts.ca.gov/general-information/careers,,08/06/2024,Sonoma,,False,
2023,Superior Court,Sonoma County Superior Court,Judge's Retire System Member,"Judge, Superior Court",True,True,,228979,238479,,230134,0,0,0,230134,0,,,18221,18221,Judicial Retirement System,https://sonoma.courts.ca.gov/general-information/careers,,08/06/2024,Sonoma,,False,
2023,Superior Court,Sonoma County Superior Court,Judge's Retire System Member,"Judge, Superior Court",True,True,,228979,238479,,229976,0,0,0,229976,0,,,9396,9396,Judicial Retirement System,https://sonoma.courts.ca.gov/general-information/careers,,08/06/2024,Sonoma,,False,
2023,Superior Court,Sonoma County Superior Court,Judge's Retire System Member,"Judge, Superior Court",True,True,,228979,238479,,229829,0,0,0,229829,0,,,10143,10143,Judicial Retirement System,https://sonoma.courts.ca.gov/general-information/careers,,08/06/2024,Sonoma,,False,
2023,Superior Court,Sonoma County Superior Court,Judge's Retire System Member,"Judge, Superior Court",True,True,,228979,238479,,228284,0,0,0,228284,0,,,17760,17760,Judicial Retirement System,https://sonoma.courts.ca.gov/general-information/careers,,08/06/2024,Sonoma,,False,
2023,Superior Court,Sonoma County Superior Court,Judge's Retire System Member,"Judge, Superior Court",True,True,,228979,238479,,228056,0,0,0,228056,0,,,18221,18221,Judicial Retirement System,https://sonoma.courts.ca.gov/general-information/careers,,08/06/2024,Sonoma,,False,
2023,Superior Court,Sonoma County Superior Court,Judge's Retire System Member,"Judge, Superior Court",True,True,,228979,238479,,228056,0,0,0,228056,0,,,18221,18221,Judicial Retirement System,https://sonoma.courts.ca.gov/general-information/careers,,08/06/2024,Sonoma,,False,
2023,Superior Court,Sonoma County Superior Court,Judge's Retire System Member,"Judge, Superior Court",True,True,,228979,238479,,227930,0,0,0,227930,0,,,18600,18600,Judicial Retirement System,https://sonoma.courts.ca.gov/general-information/careers,,08/06/2024,Sonoma,,False,
2023,Superior Court,Sonoma County Superior Court,Judge's Retire System Member,"Judge, Superior Court",True,True,,228979,238479,,227303,0,0,0,227303,0,,,9396,9396,Judicial Retirement System,https://sonoma.courts.ca.gov/general-information/careers,,08/06/2024,Sonoma,,False,
2023,Superior Court,Sonoma County Superior Court,Judge's Retire System Member,"Judge, Superior Court",True,True,,228979,238479,,226597,0,0,0,226597,0,,,23283,23283,Judicial Retirement System,https://sonoma.courts.ca.gov/general-information/careers,,08/06/2024,Sonoma,,False,
2023,Superior Court,Sonoma County Superior Court,Judge's Retire System Member,"Judge, Superior Court",True,True,,228979,238479,,226270,0,0,0,226270,0,,,23283,23283,Judicial Retirement System,https://sonoma.courts.ca.gov/general-information/careers,,08/06/2024,Sonoma,,False,
2023,Superior Court,Sonoma County Superior Court,Judge's Retire System Member,"Judge, Superior Court",True,True,,228979,238479,,225482,0,0,0,225482,0,,,23376,23376,Judicial Retirement System,https://sonoma.courts.ca.gov/general-information/careers,,08/06/2024,Sonoma,,False,
2023,Superior Court,Sonoma County Superior Court,Judge's Retire System Member,"Judge, Superior Court",True,True,,228979,238479,,222548,0,0,0,222548,0,,,18097,18097,Judicial Retirement System,https://sonoma.courts.ca.gov/general-information/careers,,08/06/2024,Sonoma,,False,
2023,Superior Court,Sonoma County Superior Court,Executive Office,Court Executive Officer,False,True,,224720,224720,,216158,0,3500,1080,220738,72626,,9738,30746,113110,3% @ 60,https://sonoma.courts.ca.gov/general-information/careers,,08/06/2024,Sonoma,,False,
2023,Superior Court,Sonoma County Superior Court,Judge's Retire System Member,"Judge, Superior Court",True,True,,228979,238479,,220147,0,0,0,220147,0,,,23283,23283,Judicial Retirement System,https://sonoma.courts.ca.gov/general-information/careers,,08/06/2024,Sonoma,,False,
2023,Superior Court,Sonoma County Superior Court,Judges & Courtroom Support,Court Commissioner,False,True,,197539,197539,,197003,0,0,0,197003,64768,,0,30746,95514,3% @ 60,https://sonoma.courts.ca.gov/general-information/careers,,08/06/2024,Sonoma,,False,
2023,Superior Court,Sonoma County Superior Court,Judges & Courtroom Support,Court Commissioner,False,True,,197539,197539,,197003,0,0,0,197003,64768,,0,22123,86891,3% @ 60,https://sonoma.courts.ca.gov/general-information/careers,,08/06/2024,Sonoma,,False,
2023,Superior Court,Sonoma County Superior Court,Child Support Commissioner,Court Commissioner,False,True,,197539,197539,,197003,0,0,0,197003,39193,,0,1344,40537,2.5% @ 67,https://sonoma.courts.ca.gov/general-information/careers,,08/06/2024,Sonoma,,False,
2023,Superior Court,Sonoma County Superior Court,Executive Office,Assistant Court Executive Officer,False,True,,159690,194566,,188522,0,2000,0,190522,62660,,0,1344,64004,3% @ 60,https://sonoma.courts.ca.gov/general-information/careers,,08/06/2024,Sonoma,,False,
2023,Superior Court,Sonoma County Superior Court,Fiscal Services,Chief Financial Officer,False,True,,144790,172324,,166971,0,9887,0,176858,58136,,7800,53142,119078,3% @ 60,https://sonoma.courts.ca.gov/general-information/careers,,08/06/2024,Sonoma,,False,
2023,Superior Court,Sonoma County Superior Court,Judges & Courtroom Support,Court Commissioner,False,True,,197539,197539,,125456,0,47925,0,173381,43127,,0,19954,63081,3% @ 60,https://sonoma.courts.ca.gov/general-information/careers,,08/06/2024,Sonoma,,False,
2023,Superior Court,Sonoma County Superior Court,Information Technology,Chief Information Officer,False,True,,159690,194566,,162562,0,2000,0,164562,39411,,0,1344,40755,2.5% @ 67,https://sonoma.courts.ca.gov/general-information/careers,,08/06/2024,Sonoma,,False,
2023,Superior Court,Sonoma County Superior Court,Families & Children Services,Unified Family Law Division Director,False,True,,144790,172324,,161833,0,2000,0,163833,39424,,0,1344,40768,2.5% @ 67,https://sonoma.courts.ca.gov/general-information/careers,,08/06/2024,Sonoma,,False,
2023,Superior Court,Sonoma County Superior Court,Family Law Facilitator,Family Law Facilitator,False,True,,125086,152405,,139391,0,2000,10389,151780,37719,,0,11733,49452,2.5% @ 67,https://sonoma.courts.ca.gov/general-information/careers,,08/06/2024,Sonoma,,False,
2023,Superior Court,Sonoma County Superior Court,Self-Help Center,Managing Attorney - Self-Help Center,False,True,,125086,152405,,147671,0,2000,0,149671,39502,,0,22123,61625,2.5% @ 67,https://sonoma.courts.ca.gov/general-information/careers,,08/06/2024,Sonoma,,False,
2023,Superior Court,Sonoma County Superior Court,Criminal,Criminal/Traffic Division Director,False,True,,144790,172324,,141848,0,2000,0,143848,47323,,0,53142,100465,3% @ 60,https://sonoma.courts.ca.gov/general-information/careers,,08/06/2024,Sonoma,,False,
2023,Superior Court,Sonoma County Superior Court,Judges & Courtroom Support,Court Research Attorney,False,True,,118151,143956,,131498,0,2000,1315,134813,43925,,0,53142,97067,3% @ 60,https://sonoma.courts.ca.gov/general-information/careers,,08/06/2024,Sonoma,,False,
2023,Superior Court,Sonoma County Superior Court,Judges & Courtroom Support,Court Research Attorney,False,True,,118151,143956,,131498,0,2000,1315,134813,43925,,0,53142,97067,3% @ 60,https://sonoma.courts.ca.gov/general-information/careers,,08/06/2024,Sonoma,,False,
2023,Superior Court,Sonoma County Superior Court,Judges & Courtroom Support,Court Research Attorney,False,True,,118151,143956,,131498,0,2000,1315,134813,43925,,0,50393,94318,3% @ 60,https://sonoma.courts.ca.gov/general-information/careers,,08/06/2024,Sonoma,,False,
2023,Superior Court,Sonoma County Superior Court,Court Reporters,Court Reporter Real Time 3%,False,True,,123126,123126,,118391,0,15292,0,133683,43904,,0,22123,66027,3% @ 60,https://sonoma.courts.ca.gov/general-information/careers,,08/06/2024,Sonoma,,False,
2023,Superior Court,Sonoma County Superior Court,Court Reporters,Court Reporter Real Time 8%,False,True,,125330,125330,,121455,0,12000,0,133455,35512,,0,37092,72604,2.5% @ 67,https://sonoma.courts.ca.gov/general-information/careers,,08/06/2024,Sonoma,,False,
2023,Superior Court,Sonoma County Superior Court,Human Resources,Court Human Resources Manager,False,True,,109312,133186,,129048,0,3537,0,132585,34915,,0,18902,53817,2.5% @ 67,https://sonoma.courts.ca.gov/general-information/careers,,08/06/2024,Sonoma,,False,
2023,Superior Court,Sonoma County Superior Court,Court Reporters,Court Reporter Real Time 3%,False,True,,123126,123126,,118391,0,12000,0,130391,42828,,0,37092,79920,3% @ 60,https://sonoma.courts.ca.gov/general-information/careers,,08/06/2024,Sonoma,,False,
2023,Superior Court,Sonoma County Superior Court,Court Reporters,Court Reporter Real Time 3%,False,True,,123126,123126,,118391,0,12000,0,130391,42828,,0,30746,73574,3% @ 60,https://sonoma.courts.ca.gov/general-information/careers,,08/06/2024,Sonoma,,False,
2023,Superior Court,Sonoma County Superior Court,Court Reporters,Court Reporter Real Time 3%,False,True,,123126,123126,,118391,0,12000,0,130391,42828,,0,30746,73574,3% @ 60,https://sonoma.courts.ca.gov/general-information/careers,,08/06/2024,Sonoma,,False,
2023,Superior Court,Sonoma County Superior Court,Court Reporters,Court Reporter Real Time 3%,False,True,,123126,123126,,118391,0,12000,0,130391,42828,,0,30746,73574,3% @ 60,https://sonoma.courts.ca.gov/general-information/careers,,08/06/2024,Sonoma,,False,
2023,Superior Court,Sonoma County Superior Court,Court Reporters,Court Reporter Real Time 3%,False,True,,123126,123126,,118391,0,12000,0,130391,34688,,0,11733,46421,2.5% @ 67,https://sonoma.courts.ca.gov/general-information/careers,,08/06/2024,Sonoma,,False,
2023,Superior Court,Sonoma County Superior Court,Court Reporters,Court Reporter Real Time 3%,False,True,,123126,123126,,118391,0,12000,0,130391,34688,,0,11733,46421,2.5% @ 67,https://sonoma.courts.ca.gov/general-information/careers,,08/06/2024,Sonoma,,False,
2023,Superior Court,Sonoma County Superior Court,Court Reporters,Court Reporter Real Time 3%,False,True,,123126,123126,,117175,0,12000,0,129175,42436,,0,50393,92829,3% @ 60,https://sonoma.courts.ca.gov/general-information/careers,,08/06/2024,Sonoma,,False,
2023,Superior Court,Sonoma County Superior Court,Information Technology,Court Software Analyst,False,True,,105382,128398,,124428,0,3128,0,127556,41965,,0,22123,64088,3% @ 60,https://sonoma.courts.ca.gov/general-information/careers,,08/06/2024,Sonoma,,False,
2023,Superior Court,Sonoma County Superior Court,Judges & Courtroom Support,Court Research Attorney,False,True,,118151,143956,,120351,0,2000,0,122351,32580,,0,53142,85722,2.5% @ 67,https://sonoma.courts.ca.gov/general-information/careers,,08/06/2024,Sonoma,,False,
2023,Superior Court,Sonoma County Superior Court,Information Technology,Information Technology Network Manager,False,True,,115550,140787,,119368,0,2000,0,121368,32302,,0,17971,50273,2.5% @ 67,https://sonoma.courts.ca.gov/general-information/careers,,08/06/2024,Sonoma,,False,
2023,Superior Court,Sonoma County Superior Court,Family Court Services,Child Custody Rec Counselor/Investigator,False,True,,94459,115089,,111514,0,2000,6052,119566,38967,,0,11733,50700,3% @ 60,https://sonoma.courts.ca.gov/general-information/careers,,08/06/2024,Sonoma,,False,
2023,Superior Court,Sonoma County Superior Court,Judges & Courtroom Support,Court Research Attorney,False,True,,118151,143956,,113498,0,2000,0,115498,30718,,0,11733,42451,2.5% @ 67,https://sonoma.courts.ca.gov/general-information/careers,,08/06/2024,Sonoma,,False,
2023,Superior Court,Sonoma County Superior Court,Judges & Courtroom Support,Court Operations Manager,False,True,,102390,124752,,111163,0,2000,0,113163,30081,,0,11733,41814,2.5% @ 67,https://sonoma.courts.ca.gov/general-information/careers,,08/06/2024,Sonoma,,False,
2023,Superior Court,Sonoma County Superior Court,Information Technology,Application Developer,False,True,,104013,126729,,110856,0,2000,0,112856,29998,,0,30746,60744,2.5% @ 67,https://sonoma.courts.ca.gov/general-information/careers,,08/06/2024,Sonoma,,False,
2023,Superior Court,Sonoma County Superior Court,Judges & Courtroom Support,Court Research Attorney,False,True,,118151,143956,,107731,0,2000,0,109731,29156,,0,23638,52794,2.5% @ 67,https://sonoma.courts.ca.gov/general-information/careers,,08/06/2024,Sonoma,,False,
2023,Superior Court,Sonoma County Superior Court,Judge's Retire System Member,"Judge, Superior Court",True,True,,228979,238479,,107835,0,0,-427,107408,0,,,11676,11676,Judicial Retirement System,https://sonoma.courts.ca.gov/general-information/careers,,08/06/2024,Sonoma,,False,
2023,Superior Court,Sonoma County Superior Court,Family Court Services,Child Custody Rec Counselor/Investigator,False,True,,94459,115089,,102707,0,2000,1784,106491,28292,,0,11733,40025,2.5% @ 67,https://sonoma.courts.ca.gov/general-information/careers,,08/06/2024,Sonoma,,False,
2023,Superior Court,Sonoma County Superior Court,Judge's Retire System Member,"Judge, Superior Court",True,True,,228979,238479,,105741,0,0,-364,105377,0,,,11283,11283,Judicial Retirement System,https://sonoma.courts.ca.gov/general-information/careers,,08/06/2024,Sonoma,,False,
2023,Superior Court,Sonoma County Superior Court,Civil,Civil Division Director,False,True,,144790,172324,,97455,0,7355,0,104810,34806,,0,959,35765,3% @ 60,https://sonoma.courts.ca.gov/general-information/careers,,08/06/2024,Sonoma,,False,
2023,Superior Court,Sonoma County Superior Court,Probate Investigators,Court Investigator,False,True,,86285,105130,,100110,0,2000,404,102514,33731,,0,11733,45464,3% @ 60,https://sonoma.courts.ca.gov/general-information/careers,,08/06/2024,Sonoma,,False,
2023,Superior Court,Sonoma County Superior Court,Court Interpreters,Court Interpreter Represented,False,True,,83450,101442,,97531,0,0,0,97531,32063,,0,30746,62809,3% @ 60,https://sonoma.courts.ca.gov/general-information/careers,,08/06/2024,Sonoma,,False,
2023,Superior Court,Sonoma County Superior Court,Fiscal Services,Court Procurement Specialist,False,True,,77042,93868,,90966,694,2000,0,93660,30583,,0,30746,61329,3% @ 60,https://sonoma.courts.ca.gov/general-information/careers,,08/06/2024,Sonoma,,False,
2023,Superior Court,Sonoma County Superior Court,Criminal,Court Services Supervisor,False,True,,74439,90697,,87879,2012,2639,0,92530,29783,,0,30746,60529,3% @ 60,https://sonoma.courts.ca.gov/general-information/careers,,08/06/2024,Sonoma,,False,
2023,Superior Court,Sonoma County Superior Court,Information Technology,Senior Business Systems Analyst,False,True,,90957,110823,,89488,0,2819,0,92307,30379,,0,37092,67471,3% @ 60,https://sonoma.courts.ca.gov/general-information/careers,,08/06/2024,Sonoma,,False,
2023,Superior Court,Sonoma County Superior Court,Judges & Courtroom Support,Supervising Judicial Assistant,False,True,,74268,90489,,89109,0,2795,0,91904,30251,,3698,30746,64695,3% @ 60,https://sonoma.courts.ca.gov/general-information/careers,,08/06/2024,Sonoma,,False,
2023,Superior Court,Sonoma County Superior Court,Family Court Services,Child Custody Rec Counselor/Investigator,False,True,,94459,115089,,74059,0,13467,4356,91882,26153,,0,19954,46107,3% @ 60,https://sonoma.courts.ca.gov/general-information/careers,,08/06/2024,Sonoma,,False,
2023,Superior Court,Sonoma County Superior Court,Self Represented Services,Court Legal Assistant II,False,True,,69062,84146,,81546,1175,2000,6281,91002,29551,,0,22123,51674,3% @ 60,https://sonoma.courts.ca.gov/general-information/careers,,08/06/2024,Sonoma,,False,
2023,Superior Court,Sonoma County Superior Court,Courtroom Clerks,Business Systems Analyst,False,True,,86626,105545,,83695,958,2000,3706,90359,23654,,0,30746,54400,2.5% @ 67,https://sonoma.courts.ca.gov/general-information/careers,,08/06/2024,Sonoma,,False,
2023,Superior Court,Sonoma County Superior Court,Judge's Retire System Member,"Judge, Superior Court",True,True,,228979,238479,,90654,0,0,-424,90230,0,,,9690,9690,Judicial Retirement System,https://sonoma.courts.ca.gov/general-information/careers,,08/06/2024,Sonoma,,False,
2023,Superior Court,Sonoma County Superior Court,Information Technology,Court Information Specialist I,False,True,,79790,97217,,87710,0,2000,0,89710,29514,,0,22123,51637,3% @ 60,https://sonoma.courts.ca.gov/general-information/careers,,08/06/2024,Sonoma,,False,
2023,Superior Court,Sonoma County Superior Court,Judges & Courtroom Support,Court Research Attorney,False,True,,118151,143956,,87640,0,2000,0,89640,23830,,0,9876,33706,2.5% @ 67,https://sonoma.courts.ca.gov/general-information/careers,,08/06/2024,Sonoma,,False,
2023,Superior Court,Sonoma County Superior Court,Executive Office,Management Analyst,False,True,,85101,103688,,87502,0,2000,0,89502,23679,,0,11733,35412,2.5% @ 67,https://sonoma.courts.ca.gov/general-information/careers,,08/06/2024,Sonoma,,False,
2023,Superior Court,Sonoma County Superior Court,Traffic & Other Criminal,Court Services Supervisor,False,True,,74439,90697,,84095,2873,2000,0,88968,28327,,0,22123,50450,3% @ 60,https://sonoma.courts.ca.gov/general-information/careers,,08/06/2024,Sonoma,,False,
2023,Superior Court,Sonoma County Superior Court,Judges & Courtroom Support,Judicial Assistant (C),False,True,,69087,84176,,82558,1794,2718,1743,88813,28641,,0,1344,29985,3% @ 60,https://sonoma.courts.ca.gov/general-information/careers,,08/06/2024,Sonoma,,False,
2023,Superior Court,Sonoma County Superior Court,Judges & Courtroom Support,Judicial Assistant (C),False,True,,69087,84176,,83641,3123,2000,0,88764,28174,,3473,30746,62393,3% @ 60,https://sonoma.courts.ca.gov/general-information/careers,,08/06/2024,Sonoma,,False,
2023,Superior Court,Sonoma County Superior Court,Judges & Courtroom Support,Judicial Assistant (C),False,True,,69087,84176,,83641,1078,2000,1991,88710,28830,,3473,30746,63049,3% @ 60,https://sonoma.courts.ca.gov/general-information/careers,,08/06/2024,Sonoma,,False,
2023,Superior Court,Sonoma County Superior Court,Probate Investigators,Court Investigator,False,True,,86285,105130,,85193,0,2000,0,87193,23052,,0,30746,53798,2.5% @ 67,https://sonoma.courts.ca.gov/general-information/careers,,08/06/2024,Sonoma,,False,
2023,Superior Court,Sonoma County Superior Court,Judges & Courtroom Support,Probate Examiner,False,True,,74603,90897,,81740,1091,2000,1096,85927,22407,,0,14598,37005,2.5% @ 67,https://sonoma.courts.ca.gov/general-information/careers,,08/06/2024,Sonoma,,False,
2023,Superior Court,Sonoma County Superior Court,Information Technology,Court Information Specialist I,False,True,,79790,97217,,83417,414,2000,0,85831,22571,,0,11733,34304,2.5% @ 67,https://sonoma.courts.ca.gov/general-information/careers,,08/06/2024,Sonoma,,False,
2023,Superior Court,Sonoma County Superior Court,Courtroom Clerks,Courtroom Clerk,False,True,,66192,80649,,78155,4772,2708,0,85635,26609,,0,39094,65703,3% @ 60,https://sonoma.courts.ca.gov/general-information/careers,,08/06/2024,Sonoma,,False,
2023,Superior Court,Sonoma County Superior Court,Civil,Legal Process Clerk III,False,True,,58310,71045,,68849,7581,4872,3345,84647,25362,,0,11733,37095,3% @ 60,https://sonoma.courts.ca.gov/general-information/careers,,08/06/2024,Sonoma,,False,
2023,Superior Court,Sonoma County Superior Court,Judges & Courtroom Support,Judicial Assistant (C),False,True,,69087,84176,,82098,385,2000,156,84639,27717,,0,50393,78110,3% @ 60,https://sonoma.courts.ca.gov/general-information/careers,,08/06/2024,Sonoma,,False,
2023,Superior Court,Sonoma County Superior Court,Judges & Courtroom Support,Judicial Assistant (C),False,True,,69087,84176,,81561,895,2000,0,84456,27491,,0,30746,58237,3% @ 60,https://sonoma.courts.ca.gov/general-information/careers,,08/06/2024,Sonoma,,False,
2023,Superior Court,Sonoma County Superior Court,Juvenile Dependency,Court Services Supervisor,False,True,,74439,90697,,81170,0,2000,0,83170,27407,,0,28319,55726,3% @ 60,https://sonoma.courts.ca.gov/general-information/careers,,08/06/2024,Sonoma,,False,
2023,Superior Court,Sonoma County Superior Court,Courtroom Clerks,Courtroom Clerk,False,True,,66192,80649,,76366,429,2000,3908,82703,27079,,0,37092,64171,3% @ 60,https://sonoma.courts.ca.gov/general-information/careers,,08/06/2024,Sonoma,,False,
2023,Superior Court,Sonoma County Superior Court,Probate,Probate Examiner,False,True,,74603,90897,,80429,0,2000,0,82429,21764,,0,22123,43887,2.5% @ 67,https://sonoma.courts.ca.gov/general-information/careers,,08/06/2024,Sonoma,,False,
2023,Superior Court,Sonoma County Superior Court,Courtroom Clerks,Courtroom Clerk,False,True,,66192,80649,,78155,756,2000,0,80911,26371,,0,19405,45776,3% @ 60,https://sonoma.courts.ca.gov/general-information/careers,,08/06/2024,Sonoma,,False,
2023,Superior Court,Sonoma County Superior Court,Courtroom Clerks,Courtroom Clerk,False,True,,66192,80649,,78155,298,2000,0,80453,26371,,0,18902,45273,3% @ 60,https://sonoma.courts.ca.gov/general-information/careers,,08/06/2024,Sonoma,,False,
2023,Superior Court,Sonoma County Superior Court,Courtroom Clerks,Courtroom Clerk,False,True,,66192,80649,,78155,0,2000,0,80155,26371,,0,30746,57117,3% @ 60,https://sonoma.courts.ca.gov/general-information/careers,,08/06/2024,Sonoma,,False,
2023,Superior Court,Sonoma County Superior Court,Traffic & Other Criminal,Legal Process Clerk III,False,True,,58310,71045,,68849,2365,2000,5702,78916,25186,,0,11733,36919,3% @ 60,https://sonoma.courts.ca.gov/general-information/careers,,08/06/2024,Sonoma,,False,
2023,Superior Court,Sonoma County Superior Court,Families & Children Services,Family Law Examiner,False,True,,74603,90897,,76086,0,2779,0,78865,26019,,0,16307,42326,3% @ 60,https://sonoma.courts.ca.gov/general-information/careers,,08/06/2024,Sonoma,,False,
2023,Superior Court,Sonoma County Superior Court,Courtroom Clerks,Courtroom Clerk,False,True,,66192,80649,,76559,0,2000,0,78559,25848,,0,11733,37581,3% @ 60,https://sonoma.courts.ca.gov/general-information/careers,,08/06/2024,Sonoma,,False,
2023,Superior Court,Sonoma County Superior Court,Courtroom Clerks,Court Services Supervisor,False,True,,74439,90697,,74331,2152,2000,0,78483,20113,,0,37092,57205,2.5% @ 67,https://sonoma.courts.ca.gov/general-information/careers,,08/06/2024,Sonoma,,False,
2023,Superior Court,Sonoma County Superior Court,Probate,Legal Process Clerk III,False,True,,58310,71045,,68850,2226,2000,5205,78281,25017,,0,22123,47140,3% @ 60,https://sonoma.courts.ca.gov/general-information/careers,,08/06/2024,Sonoma,,False,
2023,Superior Court,Sonoma County Superior Court,Families & Children Services,Court Services Supervisor,False,True,,74439,90697,,69249,2886,2000,2235,76370,19363,,0,30746,50109,2.5% @ 67,https://sonoma.courts.ca.gov/general-information/careers,,08/06/2024,Sonoma,,False,
2023,Superior Court,Sonoma County Superior Court,Criminal,Legal Process Clerk III,False,True,,58310,71045,,68849,0,2000,5433,76282,25098,,0,53142,78240,3% @ 60,https://sonoma.courts.ca.gov/general-information/careers,,08/06/2024,Sonoma,,False,
2023,Superior Court,Sonoma County Superior Court,Courtroom Clerks,Courtroom Clerk,False,True,,66192,80649,,62336,1361,8849,3141,75687,22066,,0,16302,38368,3% @ 60,https://sonoma.courts.ca.gov/general-information/careers,,08/06/2024,Sonoma,,False,
2023,Superior Court,Sonoma County Superior Court,Courtroom Clerks,Courtroom Clerk,False,True,,66192,80649,,70371,2786,2000,0,75157,19028,,0,30746,49774,2.5% @ 67,https://sonoma.courts.ca.gov/general-information/careers,,08/06/2024,Sonoma,,False,
2023,Superior Court,Sonoma County Superior Court,Information Technology,Court Information Specialist I,False,True,,79790,97217,,72796,115,2000,0,74911,19720,,0,10142,29862,2.5% @ 67,https://sonoma.courts.ca.gov/general-information/careers,,08/06/2024,Sonoma,,False,
2023,Superior Court,Sonoma County Superior Court,Courtroom Clerks,Courtroom Clerk,False,True,,66192,80649,,71427,270,2000,0,73697,19329,,0,11733,31062,2.5% @ 67,https://sonoma.courts.ca.gov/general-information/careers,,08/06/2024,Sonoma,,False,
2023,Superior Court,Sonoma County Superior Court,Courtroom Clerks,Courtroom Clerk,False,True,,66192,80649,,67837,0,2000,3759,73596,24229,,0,14748,38977,3% @ 60,https://sonoma.courts.ca.gov/general-information/careers,,08/06/2024,Sonoma,,False,
2023,Superior Court,Sonoma County Superior Court,Courtroom Clerks,Courtroom Clerk,False,True,,66192,80649,,71427,0,2000,0,73427,19329,,0,11733,31062,2.5% @ 67,https://sonoma.courts.ca.gov/general-information/careers,,08/06/2024,Sonoma,,False,
2023,Superior Court,Sonoma County Superior Court,Self-Help Center,Court Legal Assistant II,False,True,,69062,84146,,67706,0,4910,0,72616,18332,,0,9879,28211,2.5% @ 67,https://sonoma.courts.ca.gov/general-information/careers,,08/06/2024,Sonoma,,False,
2023,Superior Court,Sonoma County Superior Court,Civil,Legal Process Clerk III,False,True,,58310,71045,,68849,1576,2000,0,72425,23311,,0,11733,35044,3% @ 60,https://sonoma.courts.ca.gov/general-information/careers,,08/06/2024,Sonoma,,False,
2023,Superior Court,Sonoma County Superior Court,Courtroom Clerks,Courtroom Clerk,False,True,,66192,80649,,68849,298,2591,0,71738,23240,,0,1115,24355,3% @ 60,https://sonoma.courts.ca.gov/general-information/careers,,08/06/2024,Sonoma,,False,
2023,Superior Court,Sonoma County Superior Court,Juvenile Dependency,Legal Process Clerk III,False,True,,58310,71045,,66019,3501,2000,0,71520,22384,,0,11733,34117,3% @ 60,https://sonoma.courts.ca.gov/general-information/careers,,08/06/2024,Sonoma,,False,
2023,Superior Court,Sonoma County Superior Court,Civil,Legal Process Clerk III,False,True,,58310,71045,,67260,525,2000,1712,71497,23340,,0,53142,76482,3% @ 60,https://sonoma.courts.ca.gov/general-information/careers,,08/06/2024,Sonoma,,False,
2023,Superior Court,Sonoma County Superior Court,Judges & Courtroom Support,Judicial Assistant (C),False,True,,69087,84176,,67337,1597,2000,545,71479,18371,,0,22123,40494,2.5% @ 67,https://sonoma.courts.ca.gov/general-information/careers,,08/06/2024,Sonoma,,False,
2023,Superior Court,Sonoma County Superior Court,Juvenile Delinquency,Legal Secretary II Courts,False,True,,60889,74187,,66406,2601,2000,0,71007,22605,,0,48851,71456,3% @ 60,https://sonoma.courts.ca.gov/general-information/careers,,08/06/2024,Sonoma,,False,
2023,Superior Court,Sonoma County Superior Court,Families & Children Services,Legal Process Clerk III,False,True,,58310,71045,,64109,4170,2594,0,70873,17353,,0,11733,29086,2.5% @ 67,https://sonoma.courts.ca.gov/general-information/careers,,08/06/2024,Sonoma,,False,
2023,Superior Court,Sonoma County Superior Court,Criminal,Legal Process Clerk III,False,True,,58310,71045,,68849,0,2000,0,70849,23311,,0,39094,62405,3% @ 60,https://sonoma.courts.ca.gov/general-information/careers,,08/06/2024,Sonoma,,False,
2023,Superior Court,Sonoma County Superior Court,Fiscal Services,Procurement Technician,False,True,,58310,71045,,68849,0,2000,0,70849,23311,,0,18902,42213,3% @ 60,https://sonoma.courts.ca.gov/general-information/careers,,08/06/2024,Sonoma,,False,
2023,Superior Court,Sonoma County Superior Court,Records,Legal Process Clerk III,False,True,,58310,71045,,68849,0,2000,0,70849,23311,,0,17971,41282,3% @ 60,https://sonoma.courts.ca.gov/general-information/careers,,08/06/2024,Sonoma,,False,
2023,Superior Court,Sonoma County Superior Court,Civil,Civil Division Director,False,True,,144790,172324,,38307,0,32525,0,70832,12339,,0,9470,21809,3% @ 60,https://sonoma.courts.ca.gov/general-information/careers,,08/06/2024,Sonoma,,False,
2023,Superior Court,Sonoma County Superior Court,Courtroom Clerks,Court Services Supervisor,False,True,,74439,90697,,65019,0,2000,3299,70318,18479,,0,30746,49225,2.5% @ 67,https://sonoma.courts.ca.gov/general-information/careers,,08/06/2024,Sonoma,,False,
2023,Superior Court,Sonoma County Superior Court,Courtroom Clerks,Courtroom Clerk,False,True,,66192,80649,,65880,2258,2000,0,70138,17825,,0,11733,29558,2.5% @ 67,https://sonoma.courts.ca.gov/general-information/careers,,08/06/2024,Sonoma,,False,
2023,Superior Court,Sonoma County Superior Court,Courtroom Clerks,Courtroom Clerk,False,True,,66192,80649,,65657,2330,2000,0,69987,17764,,0,15325,33089,2.5% @ 67,https://sonoma.courts.ca.gov/general-information/careers,,08/06/2024,Sonoma,,False,
2023,Superior Court,Sonoma County Superior Court,Courtroom Clerks,Courtroom Clerk,False,True,,66192,80649,,66502,1406,2000,0,69908,22545,,0,11733,34278,3% @ 60,https://sonoma.courts.ca.gov/general-information/careers,,08/06/2024,Sonoma,,False,
2023,Superior Court,Sonoma County Superior Court,Fiscal Services,Court Account Clerk III,False,True,,58529,71312,,64030,0,2000,3202,69232,18191,,0,11733,29924,2.5% @ 67,https://sonoma.courts.ca.gov/general-information/careers,,08/06/2024,Sonoma,,False,
2023,Superior Court,Sonoma County Superior Court,Criminal,Legal Process Clerk III,False,True,,58310,71045,,65328,1593,2000,0,68921,22177,,0,53142,75319,3% @ 60,https://sonoma.courts.ca.gov/general-information/careers,,08/06/2024,Sonoma,,False,
2023,Superior Court,Sonoma County Superior Court,Courtroom Clerks,Courtroom Clerk,False,True,,66192,80649,,65679,502,2000,600,68781,17936,,0,11733,29669,2.5% @ 67,https://sonoma.courts.ca.gov/general-information/careers,,08/06/2024,Sonoma,,False,
2023,Superior Court,Sonoma County Superior Court,Courtroom Clerks,Courtroom Clerk,False,True,,66192,80649,,64892,1048,2000,0,67940,17562,,0,17971,35533,2.5% @ 67,https://sonoma.courts.ca.gov/general-information/careers,,08/06/2024,Sonoma,,False,
2023,Superior Court,Sonoma County Superior Court,Courtroom Clerks,Courtroom Clerk,False,True,,66192,80649,,65172,758,2000,0,67930,17636,,0,11733,29369,2.5% @ 67,https://sonoma.courts.ca.gov/general-information/careers,,08/06/2024,Sonoma,,False,
2023,Superior Court,Sonoma County Superior Court,Courtroom Clerks,Courtroom Clerk,False,True,,66192,80649,,65880,0,2000,0,67880,22336,,0,11733,34069,3% @ 60,https://sonoma.courts.ca.gov/general-information/careers,,08/06/2024,Sonoma,,False,
2023,Superior Court,Sonoma County Superior Court,Courtroom Clerks,Courtroom Clerk,False,True,,66192,80649,,65657,0,2000,0,67657,17764,,0,11733,29497,2.5% @ 67,https://sonoma.courts.ca.gov/general-information/careers,,08/06/2024,Sonoma,,False,
2023,Superior Court,Sonoma County Superior Court,Courtroom Clerks,Courtroom Clerk,False,True,,66192,80649,,65235,92,2000,0,67327,17653,,0,11551,29204,2.5% @ 67,https://sonoma.courts.ca.gov/general-information/careers,,08/06/2024,Sonoma,,False,
2023,Superior Court,Sonoma County Superior Court,Courtroom Clerks,Courtroom Clerk,False,True,,66192,80649,,64146,979,2000,0,67125,17355,,0,30746,48101,2.5% @ 67,https://sonoma.courts.ca.gov/general-information/careers,,08/06/2024,Sonoma,,False,
2023,Superior Court,Sonoma County Superior Court,Juvenile Delinquency,Legal Process Clerk III,False,True,,58310,71045,,57919,263,8695,0,66877,19633,,0,32376,52009,3% @ 60,https://sonoma.courts.ca.gov/general-information/careers,,08/06/2024,Sonoma,,False,
2023,Superior Court,Sonoma County Superior Court,Criminal,Legal Process Clerk III,False,True,,58310,71045,,61140,0,2000,2108,65248,17118,,0,30746,47864,2.5% @ 67,https://sonoma.courts.ca.gov/general-information/careers,,08/06/2024,Sonoma,,False,
2023,Superior Court,Sonoma County Superior Court,Families & Children Services,Legal Process Clerk II,False,True,,53104,64703,,62702,0,2060,0,64762,21310,,0,17971,39281,3% @ 60,https://sonoma.courts.ca.gov/general-information/careers,,08/06/2024,Sonoma,,False,
2023,Superior Court,Sonoma County Superior Court,Judges & Courtroom Support,Judicial Assistant (C),False,True,,69087,84176,,62027,0,2000,0,64027,21185,,0,33106,54291,3% @ 60,https://sonoma.courts.ca.gov/general-information/careers,,08/06/2024,Sonoma,,False,
2023,Superior Court,Sonoma County Superior Court,Families & Children Services,Legal Process Clerk III,False,True,,58310,71045,,56229,3861,2890,875,63855,15447,,0,11733,27180,2.5% @ 67,https://sonoma.courts.ca.gov/general-information/careers,,08/06/2024,Sonoma,,False,
2023,Superior Court,Sonoma County Superior Court,Traffic & Other Criminal,Legal Process Clerk II,False,True,,53104,64703,,59221,1649,2788,0,63658,16011,,0,11219,27230,2.5% @ 67,https://sonoma.courts.ca.gov/general-information/careers,,08/06/2024,Sonoma,,False,
2023,Superior Court,Sonoma County Superior Court,Civil,Legal Process Clerk III,False,True,,58310,71045,,53086,5173,2000,1556,61815,18748,,0,23466,42214,3% @ 60,https://sonoma.courts.ca.gov/general-information/careers,,08/06/2024,Sonoma,,False,
2023,Superior Court,Sonoma County Superior Court,Families & Children Services,Legal Process Clerk III,False,True,,58310,71045,,58257,1538,2000,0,61795,15764,,0,11733,27497,2.5% @ 67,https://sonoma.courts.ca.gov/general-information/careers,,08/06/2024,Sonoma,,False,
2023,Superior Court,Sonoma County Superior Court,Juvenile Dependency,Legal Process Clerk III,False,True,,58310,71045,,54340,4911,2538,0,61789,14729,,0,10805,25534,2.5% @ 67,https://sonoma.courts.ca.gov/general-information/careers,,08/06/2024,Sonoma,,False,
2023,Superior Court,Sonoma County Superior Court,Judges & Courtroom Support,Court Commissioner,False,True,,197539,197539,,61541,0,0,0,61541,17028,,0,457,17485,2.5% @ 67,https://sonoma.courts.ca.gov/general-information/careers,,08/06/2024,Sonoma,,False,
2023,Superior Court,Sonoma County Superior Court,Civil,Legal Process Clerk III,False,True,,58310,71045,,55761,903,2000,2268,60932,15696,,0,22123,37819,2.5% @ 67,https://sonoma.courts.ca.gov/general-information/careers,,08/06/2024,Sonoma,,False,
2023,Superior Court,Sonoma County Superior Court,Fiscal Services,Court Accountant,False,True,,82247,100210,,58161,0,2000,0,60161,15873,,0,15135,31008,2.5% @ 67,https://sonoma.courts.ca.gov/general-information/careers,,08/06/2024,Sonoma,,False,
2023,Superior Court,Sonoma County Superior Court,Families & Children Services,Legal Process Clerk III,False,True,,58310,71045,,52440,3517,2000,0,57957,14207,,0,11733,25940,2.5% @ 67,https://sonoma.courts.ca.gov/general-information/careers,,08/06/2024,Sonoma,,False,
2023,Superior Court,Sonoma County Superior Court,Judges & Courtroom Support,Judicial Assistant (C),False,True,,69087,84176,,55275,43,2000,0,57318,15085,,0,8019,23104,2.5% @ 67,https://sonoma.courts.ca.gov/general-information/careers,,08/06/2024,Sonoma,,False,
2023,Superior Court,Sonoma County Superior Court,Self Represented Services,Court Legal Assistant I,False,True,,65827,80204,,54712,328,2000,0,57040,14881,,0,17755,32636,2.5% @ 67,https://sonoma.courts.ca.gov/general-information/careers,,08/06/2024,Sonoma,,False,
2023,Superior Court,Sonoma County Superior Court,Families & Children Services,Legal Process Clerk III,False,True,,58310,71045,,53906,1064,2000,0,56970,14516,,0,11733,26249,2.5% @ 67,https://sonoma.courts.ca.gov/general-information/careers,,08/06/2024,Sonoma,,False,
2023,Superior Court,Sonoma County Superior Court,Traffic & Other Criminal,Legal Process Clerk II,False,True,,53104,64703,,51412,1178,2000,2273,56863,14524,,0,30746,45270,2.5% @ 67,https://sonoma.courts.ca.gov/general-information/careers,,08/06/2024,Sonoma,,False,
2023,Superior Court,Sonoma County Superior Court,Business And Facilities,Facilities Support Services Technician,False,True,,48045,58538,,51820,458,2000,2571,56849,14719,,0,11733,26452,2.5% @ 67,https://sonoma.courts.ca.gov/general-information/careers,,08/06/2024,Sonoma,,False,
2023,Superior Court,Sonoma County Superior Court,Traffic & Other Criminal,Legal Process Clerk II,False,True,,53104,64703,,50691,1428,2000,2189,56308,14312,,0,22123,36435,2.5% @ 67,https://sonoma.courts.ca.gov/general-information/careers,,08/06/2024,Sonoma,,False,
2023,Superior Court,Sonoma County Superior Court,Criminal,Legal Process Clerk III,False,True,,58310,71045,,54197,0,2000,0,56197,14676,,0,37092,51768,2.5% @ 67,https://sonoma.courts.ca.gov/general-information/careers,,08/06/2024,Sonoma,,False,
2023,Superior Court,Sonoma County Superior Court,Judges & Courtroom Support,Judicial Assistant (C),False,True,,69087,84176,,52611,0,2000,0,54611,14358,,0,0,14358,2.5% @ 67,https://sonoma.courts.ca.gov/general-information/careers,,08/06/2024,Sonoma,,False,
2023,Superior Court,Sonoma County Superior Court,Courtroom Clerks,Judicial Assistant (C),False,True,,69087,84176,,51345,1121,2000,0,54466,13785,,0,8138,21923,2.5% @ 67,https://sonoma.courts.ca.gov/general-information/careers,,08/06/2024,Sonoma,,False,
2023,Superior Court,Sonoma County Superior Court,Civil,Legal Process Clerk II,False,True,,53104,64703,,52199,9,2000,0,54208,14126,,0,10621,24747,2.5% @ 67,https://sonoma.courts.ca.gov/general-information/careers,,08/06/2024,Sonoma,,False,
2023,Superior Court,Sonoma County Superior Court,Families & Children Services,Legal Process Clerk III,False,True,,58310,71045,,49848,1732,2000,0,53580,13495,,0,11733,25228,2.5% @ 67,https://sonoma.courts.ca.gov/general-information/careers,,08/06/2024,Sonoma,,False,
2023,Superior Court,Sonoma County Superior Court,Criminal,Legal Process Clerk II,False,True,,53104,64703,,51391,0,2000,0,53391,13904,,0,22123,36027,2.5% @ 67,https://sonoma.courts.ca.gov/general-information/careers,,08/06/2024,Sonoma,,False,
2023,Superior Court,Sonoma County Superior Court,Criminal,Legal Process Clerk II,False,True,,53104,64703,,51391,0,2000,0,53391,17571,,0,11733,29304,3% @ 60,https://sonoma.courts.ca.gov/general-information/careers,,08/06/2024,Sonoma,,False,
2023,Superior Court,Sonoma County Superior Court,Probate,Court Investigator,False,True,,86285,105130,,49315,1725,2000,0,53040,13318,,0,17279,30597,2.5% @ 67,https://sonoma.courts.ca.gov/general-information/careers,,08/06/2024,Sonoma,,False,
2023,Superior Court,Sonoma County Superior Court,Court Interpreters,Court Interpreter Represented,False,True,,83450,101442,,48766,0,3698,0,52464,15707,,0,5570,21277,3% @ 60,https://sonoma.courts.ca.gov/general-information/careers,,08/06/2024,Sonoma,,False,
2023,Superior Court,Sonoma County Superior Court,Records,Court Records Clerk,False,True,,45004,54833,,49441,0,2000,0,51441,13377,,0,11733,25110,2.5% @ 67,https://sonoma.courts.ca.gov/general-information/careers,,08/06/2024,Sonoma,,False,
2023,Superior Court,Sonoma County Superior Court,Courtroom Clerks,Courtroom Clerk,False,True,,66192,80649,,48479,734,2000,0,51213,13200,,0,7522,20722,2.5% @ 67,https://sonoma.courts.ca.gov/general-information/careers,,08/06/2024,Sonoma,,False,
2023,Superior Court,Sonoma County Superior Court,Courtroom Clerks,Courtroom Clerk,False,True,,66192,80649,,48479,69,2000,0,50548,13200,,0,8948,22148,2.5% @ 67,https://sonoma.courts.ca.gov/general-information/careers,,08/06/2024,Sonoma,,False,
2023,Superior Court,Sonoma County Superior Court,Court Reporters,Court Interpreter/Reporter Coordinator,False,True,,61226,74598,,45208,638,2000,2135,49981,12889,,0,8948,21837,2.5% @ 67,https://sonoma.courts.ca.gov/general-information/careers,,08/06/2024,Sonoma,,False,
2023,Superior Court,Sonoma County Superior Court,Self Represented Services,Court Legal Assistant I,False,True,,65827,80204,,42339,0,5837,1508,49684,11716,,0,7624,19340,2.5% @ 67,https://sonoma.courts.ca.gov/general-information/careers,,08/06/2024,Sonoma,,False,
2023,Superior Court,Sonoma County Superior Court,Courtroom Clerks,Courtroom Clerk,False,True,,66192,80649,,47316,218,2000,0,49534,12878,,0,8948,21826,2.5% @ 67,https://sonoma.courts.ca.gov/general-information/careers,,08/06/2024,Sonoma,,False,
2023,Superior Court,Sonoma County Superior Court,Judges & Courtroom Support,Judicial Assistant (C),False,True,,69087,84176,,46871,1199,0,1403,49473,13141,,0,15719,28860,2.5% @ 67,https://sonoma.courts.ca.gov/general-information/careers,,08/06/2024,Sonoma,,False,
2023,Superior Court,Sonoma County Superior Court,Civil,Court Services Supervisor,False,True,,74439,90697,,41323,2283,0,5368,48974,10959,,0,6084,17043,2.5% @ 67,https://sonoma.courts.ca.gov/general-information/careers,,08/06/2024,Sonoma,,False,
2023,Superior Court,Sonoma County Superior Court,Human Resources,Court Human Resources Analyst I,False,True,,83536,101781,,47575,0,1265,0,48840,12617,,0,12422,25039,2.5% @ 67,https://sonoma.courts.ca.gov/general-information/careers,,08/06/2024,Sonoma,,False,
2023,Superior Court,Sonoma County Superior Court,Criminal,Legal Process Clerk II,False,True,,53104,64703,,43533,196,3138,0,46867,11730,,0,9679,21409,2.5% @ 67,https://sonoma.courts.ca.gov/general-information/careers,,08/06/2024,Sonoma,,False,
2023,Superior Court,Sonoma County Superior Court,Civil,Legal Process Clerk III,False,True,,58310,71045,,41884,182,2000,1640,45706,11862,,0,23466,35328,2.5% @ 67,https://sonoma.courts.ca.gov/general-information/careers,,08/06/2024,Sonoma,,False,
2023,Superior Court,Sonoma County Superior Court,Civil,Legal Process Clerk II,False,True,,53104,64703,,42306,741,2000,0,45047,11502,,0,9412,20914,2.5% @ 67,https://sonoma.courts.ca.gov/general-information/careers,,08/06/2024,Sonoma,,False,
2023,Superior Court,Sonoma County Superior Court,Criminal,Legal Process Clerk III,False,True,,58310,71045,,40531,0,3238,0,43769,10895,,0,0,10895,2.5% @ 67,https://sonoma.courts.ca.gov/general-information/careers,,08/06/2024,Sonoma,,False,
2023,Superior Court,Sonoma County Superior Court,Civil,Legal Process Clerk II,False,True,,53104,64703,,41694,0,2000,0,43694,11327,,0,145,11472,2.5% @ 67,https://sonoma.courts.ca.gov/general-information/careers,,08/06/2024,Sonoma,,False,
2023,Superior Court,Sonoma County Superior Court,Jury Services,Legal Process Clerk II,False,True,,53104,64703,,39670,1247,2000,0,42917,10792,,0,7915,18707,2.5% @ 67,https://sonoma.courts.ca.gov/general-information/careers,,08/06/2024,Sonoma,,False,
2023,Superior Court,Sonoma County Superior Court,Judges & Courtroom Support,Judicial Services Manager,False,True,,98452,119954,,40318,0,0,0,40318,0,,0,0,0,N/A,https://sonoma.courts.ca.gov/general-information/careers,,08/06/2024,Sonoma,,False,
2023,Superior Court,Sonoma County Superior Court,Information Technology,Systems Administrator,False,True,,105382,128398,,39577,0,0,0,39577,10951,,0,4109,15060,2.5% @ 67,https://sonoma.courts.ca.gov/general-information/careers,,08/06/2024,Sonoma,,False,
2023,Superior Court,Sonoma County Superior Court,Courtroom Clerks,Court Services Supervisor,False,True,,74439,90697,,20752,0,15514,3196,39462,5742,,0,3595,9337,2.5% @ 67,https://sonoma.courts.ca.gov/general-information/careers,,08/06/2024,Sonoma,,False,
2023,Superior Court,Sonoma County Superior Court,Records,Legal Process Clerk III,False,True,,58310,71045,,37320,0,2000,0,39320,13155,,0,29544,42699,3% @ 60,https://sonoma.courts.ca.gov/general-information/careers,,08/06/2024,Sonoma,,False,
2023,Superior Court,Sonoma County Superior Court,Courtroom Clerks,Courtroom Clerk,False,True,,66192,80649,,36570,0,2000,0,38570,12939,,0,9740,22679,3% @ 60,https://sonoma.courts.ca.gov/general-information/careers,,08/06/2024,Sonoma,,False,
2023,Superior Court,Sonoma County Superior Court,Courtroom Clerks,Courtroom Clerk,False,True,,66192,80649,,32498,1805,2000,0,36303,8964,,0,16187,25151,2.5% @ 67,https://sonoma.courts.ca.gov/general-information/careers,,08/06/2024,Sonoma,,False,
2023,Superior Court,Sonoma County Superior Court,Families & Children Services,Legal Process Clerk II,False,True,,53104,64703,,32585,892,2000,370,35847,9004,,0,8019,17023,2.5% @ 67,https://sonoma.courts.ca.gov/general-information/careers,,08/06/2024,Sonoma,,False,
2023,Superior Court,Sonoma County Superior Court,Criminal,Courtroom Clerk,False,True,,66192,80649,,34156,263,0,1012,35431,11328,,0,9162,20490,3% @ 60,https://sonoma.courts.ca.gov/general-information/careers,,08/06/2024,Sonoma,,False,
2023,Superior Court,Sonoma County Superior Court,Courtroom Clerks,Courtroom Clerk,False,True,,66192,80649,,32445,597,2000,0,35042,8949,,0,16187,25136,2.5% @ 67,https://sonoma.courts.ca.gov/general-information/careers,,08/06/2024,Sonoma,,False,
2023,Superior Court,Sonoma County Superior Court,Families & Children Services,Legal Process Clerk II,False,True,,53104,64703,,32417,535,2000,0,34952,8853,,0,0,8853,2.5% @ 67,https://sonoma.courts.ca.gov/general-information/careers,,08/06/2024,Sonoma,,False,
2023,Superior Court,Sonoma County Superior Court,Human Resources,Fiscal Analyst,False,True,,79214,96515,,32154,0,2000,0,34154,8897,,0,514,9411,2.5% @ 67,https://sonoma.courts.ca.gov/general-information/careers,,08/06/2024,Sonoma,,False,
2023,Superior Court,Sonoma County Superior Court,Appeals,Legal Process Clerk III,False,True,,58310,71045,,32240,248,0,0,32488,10384,,0,23598,33982,3% @ 60,https://sonoma.courts.ca.gov/general-information/careers,,08/06/2024,Sonoma,,False,
2023,Superior Court,Sonoma County Superior Court,Court Interpreters,Court Interpreter Represented,False,True,,83450,101442,,29259,0,2927,0,32186,7760,,0,7279,15039,2.5% @ 67,https://sonoma.courts.ca.gov/general-information/careers,,08/06/2024,Sonoma,,False,
2023,Superior Court,Sonoma County Superior Court,Courtroom Clerks,Courtroom Clerk,False,True,,66192,80649,,29875,0,2000,0,31875,8266,,0,9758,18024,2.5% @ 67,https://sonoma.courts.ca.gov/general-information/careers,,08/06/2024,Sonoma,,False,
2023,Superior Court,Sonoma County Superior Court,Courtroom Clerks,Courtroom Clerk,False,True,,66192,80649,,29875,0,2000,0,31875,8266,,0,5649,13915,2.5% @ 67,https://sonoma.courts.ca.gov/general-information/careers,,08/06/2024,Sonoma,,False,
2023,Superior Court,Sonoma County Superior Court,Criminal,Courtroom Clerk,False,True,,66192,80649,,30189,0,0,1154,31343,8312,,0,14558,22870,2.5% @ 67,https://sonoma.courts.ca.gov/general-information/careers,,08/06/2024,Sonoma,,False,
2023,Superior Court,Sonoma County Superior Court,Court Reporters,Civil Division Director,False,True,,144790,172324,,30293,0,0,0,30293,9757,,0,384,10141,3% @ 60,https://sonoma.courts.ca.gov/general-information/careers,,08/06/2024,Sonoma,,False,
2023,Superior Court,Sonoma County Superior Court,Judge's Retire System Member,"Judge, Superior Court",True,True,,228979,238479,,29930,0,0,0,29930,0,,,11,11,Judicial Retirement System,https://sonoma.courts.ca.gov/general-information/careers,,08/06/2024,Sonoma,,False,
2023,Superior Court,Sonoma County Superior Court,Court Reporters,Court Services Supervisor,False,True,,74439,90697,,26357,595,2000,0,28952,7075,,0,12675,19750,2.5% @ 67,https://sonoma.courts.ca.gov/general-information/careers,,08/06/2024,Sonoma,,False,
2023,Superior Court,Sonoma County Superior Court,Traffic & Other Criminal,Courtroom Clerk,False,True,,66192,80649,,25614,2087,0,1122,28823,7091,,0,14558,21649,2.5% @ 67,https://sonoma.courts.ca.gov/general-information/careers,,08/06/2024,Sonoma,,False,
2023,Superior Court,Sonoma County Superior Court,Appeals,Legal Process Clerk III,False,True,,58310,71045,,26655,0,2000,0,28655,7200,,0,19667,26867,2.5% @ 67,https://sonoma.courts.ca.gov/general-information/careers,,08/06/2024,Sonoma,,False,
2023,Superior Court,Sonoma County Superior Court,Civil,Court Services Supervisor,False,True,,74439,90697,,26609,0,0,0,26609,7363,,0,10792,18155,2.5% @ 67,https://sonoma.courts.ca.gov/general-information/careers,,08/06/2024,Sonoma,,False,
2023,Superior Court,Sonoma County Superior Court,Courtroom Clerks,Courtroom Clerk,False,True,,66192,80649,,24216,0,817,0,25033,6422,,0,3714,10136,2.5% @ 67,https://sonoma.courts.ca.gov/general-information/careers,,08/06/2024,Sonoma,,False,
2023,Superior Court,Sonoma County Superior Court,Courtroom Clerks,Courtroom Clerk,False,True,,66192,80649,,22559,274,0,0,22833,5983,,0,13345,19328,2.5% @ 67,https://sonoma.courts.ca.gov/general-information/careers,,08/06/2024,Sonoma,,False,
2023,Superior Court,Sonoma County Superior Court,Judges & Courtroom Support,Court Research Attorney,False,True,,118151,143956,,20378,0,1678,0,22056,5404,,0,3494,8898,2.5% @ 67,https://sonoma.courts.ca.gov/general-information/careers,,08/06/2024,Sonoma,,False,
2023,Superior Court,Sonoma County Superior Court,Courtroom Clerks,Courtroom Clerk,False,True,,66192,80649,,19930,0,2000,0,21930,5328,,0,11733,17061,2.5% @ 67,https://sonoma.courts.ca.gov/general-information/careers,,08/06/2024,Sonoma,,False,
2023,Superior Court,Sonoma County Superior Court,Self Represented Services,Program Assistant,False,True,,46509,56667,,19941,0,1000,974,21915,5672,,0,0,5672,2.5% @ 67,https://sonoma.courts.ca.gov/general-information/careers,,08/06/2024,Sonoma,,False,
2023,Superior Court,Sonoma County Superior Court,Court Reporters,Court Reporter - Represented,False,True,,116085,116085,,19051,0,2697,0,21748,5249,,0,0,5249,2.5% @ 67,https://sonoma.courts.ca.gov/general-information/careers,,08/06/2024,Sonoma,,False,
2023,Superior Court,Sonoma County Superior Court,Judges & Courtroom Support,Judicial Assistant (C),False,True,,69087,84176,,21334,0,0,0,21334,5903,,0,3595,9498,2.5% @ 67,https://sonoma.courts.ca.gov/general-information/careers,,08/06/2024,Sonoma,,False,
2023,Superior Court,Sonoma County Superior Court,Information Technology,Application Developer,False,True,,104013,126729,,14154,0,6746,0,20900,3754,,0,1677,5431,2.5% @ 67,https://sonoma.courts.ca.gov/general-information/careers,,08/06/2024,Sonoma,,False,
2023,Superior Court,Sonoma County Superior Court,Civil,Legal Process Clerk II,False,True,,53104,64703,,18234,589,298,722,19843,5029,,0,791,5820,2.5% @ 67,https://sonoma.courts.ca.gov/general-information/careers,,08/06/2024,Sonoma,,False,
2023,Superior Court,Sonoma County Superior Court,Courtroom Clerks,Judicial Assistant (C),False,True,,69087,84176,,19725,0,0,0,19725,5231,,0,0,5231,2.5% @ 67,https://sonoma.courts.ca.gov/general-information/careers,,08/06/2024,Sonoma,,False,
2023,Superior Court,Sonoma County Superior Court,Courtroom Clerks,Judicial Assistant (C),False,True,,69087,84176,,15315,0,2000,0,17315,4128,,0,6404,10532,2.5% @ 67,https://sonoma.courts.ca.gov/general-information/careers,,08/06/2024,Sonoma,,False,
2023,Superior Court,Sonoma County Superior Court,Judges & Courtroom Support,Courtroom Clerk,False,True,,66192,80649,,16921,132,0,0,17053,4488,,0,4581,9069,2.5% @ 67,https://sonoma.courts.ca.gov/general-information/careers,,08/06/2024,Sonoma,,False,
2023,Superior Court,Sonoma County Superior Court,Criminal,Legal Process Clerk II,False,True,,53104,64703,,16425,0,0,533,16958,4692,,0,457,5149,2.5% @ 67,https://sonoma.courts.ca.gov/general-information/careers,,08/06/2024,Sonoma,,False,
2023,Superior Court,Sonoma County Superior Court,Traffic & Other Criminal,Legal Process Clerk II,False,True,,53104,64703,,16200,25,0,540,16765,4632,,0,4109,8741,2.5% @ 67,https://sonoma.courts.ca.gov/general-information/careers,,08/06/2024,Sonoma,,False,
2023,Superior Court,Sonoma County Superior Court,Court Interpreters,Court Interpreter Intermittent Part Time,False,True,,83450,101442,,15788,0,603,0,16391,0,,0,0,0,N/A,https://sonoma.courts.ca.gov/general-information/careers,,08/06/2024,Sonoma,,False,
2023,Superior Court,Sonoma County Superior Court,Jury Services,Legal Process Clerk III,False,True,,58310,71045,,15095,13,0,585,15693,4158,,0,7279,11437,2.5% @ 67,https://sonoma.courts.ca.gov/general-information/careers,,08/06/2024,Sonoma,,False,
2023,Superior Court,Sonoma County Superior Court,Courtroom Clerks,Courtroom Clerk,False,True,,66192,80649,,15276,283,0,0,15559,0,,0,0,0,N/A,https://sonoma.courts.ca.gov/general-information/careers,,08/06/2024,Sonoma,,False,
2023,Superior Court,Sonoma County Superior Court,Families & Children Services,Court Services Supervisor,False,True,,74439,90697,,10736,206,4496,0,15438,2847,,0,1857,4704,2.5% @ 67,https://sonoma.courts.ca.gov/general-information/careers,,08/06/2024,Sonoma,,False,
2023,Superior Court,Sonoma County Superior Court,Civil,Court Services Supervisor,False,True,,74439,90697,,12113,0,3147,0,15260,4670,,0,1955,6625,3% @ 60,https://sonoma.courts.ca.gov/general-information/careers,,08/06/2024,Sonoma,,False,
2023,Superior Court,Sonoma County Superior Court,Court Interpreters,Court Interpreter Represented,False,True,,83450,101442,,11254,0,3166,0,14420,3625,,0,928,4553,3% @ 60,https://sonoma.courts.ca.gov/general-information/careers,,08/06/2024,Sonoma,,False,
2023,Superior Court,Sonoma County Superior Court,Probate,Legal Process Clerk I,False,True,,45928,55959,,13384,0,576,0,13960,3549,,0,7279,10828,2.5% @ 67,https://sonoma.courts.ca.gov/general-information/careers,,08/06/2024,Sonoma,,False,
2023,Superior Court,Sonoma County Superior Court,Court Interpreters,Court Services Supervisor,False,True,,74439,90697,,13767,0,0,0,13767,3651,,0,7279,10930,2.5% @ 67,https://sonoma.courts.ca.gov/general-information/careers,,08/06/2024,Sonoma,,False,
2023,Superior Court,Sonoma County Superior Court,Family Court Services,Child Custody Rec Counselor/Investigator,False,True,,94459,115089,,13280,0,0,0,13280,3674,,0,5396,9070,2.5% @ 67,https://sonoma.courts.ca.gov/general-information/careers,,08/06/2024,Sonoma,,False,
2023,Superior Court,Sonoma County Superior Court,Courtroom Clerks,Court Legal Assistant I,False,True,,65827,80204,,13181,0,0,0,13181,3496,,0,4367,7863,2.5% @ 67,https://sonoma.courts.ca.gov/general-information/careers,,08/06/2024,Sonoma,,False,
2023,Superior Court,Sonoma County Superior Court,Business And Facilities,Court Maintenance Worker II,False,True,,59721,72764,,269,0,11976,0,12245,87,,0,0,87,3% @ 60,https://sonoma.courts.ca.gov/general-information/careers,,08/06/2024,Sonoma,,False,
2023,Superior Court,Sonoma County Superior Court,Human Resources,Court Human Resources Analyst I,False,True,,83536,101781,,10743,0,0,0,10743,2973,,0,1721,4694,2.5% @ 67,https://sonoma.courts.ca.gov/general-information/careers,,08/06/2024,Sonoma,,False,
2023,Superior Court,Sonoma County Superior Court,Jury Services,Legal Process Clerk II,False,True,,53104,64703,,9820,589,0,0,10409,2604,,0,2321,4925,2.5% @ 67,https://sonoma.courts.ca.gov/general-information/careers,,08/06/2024,Sonoma,,False,
2023,Superior Court,Sonoma County Superior Court,Self Represented Services,Court Legal Assistant I,False,True,,65827,80204,,10111,0,0,0,10111,2798,,0,2054,4852,2.5% @ 67,https://sonoma.courts.ca.gov/general-information/careers,,08/06/2024,Sonoma,,False,
2023,Superior Court,Sonoma County Superior Court,Criminal,Courtroom Clerk,False,True,,66192,80649,,9660,270,0,0,9930,0,,0,0,0,N/A,https://sonoma.courts.ca.gov/general-information/careers,,08/06/2024,Sonoma,,False,
2023,Superior Court,Sonoma County Superior Court,Jury Services,Legal Process Clerk III,False,True,,58310,71045,,7882,1051,0,420,9353,2674,,0,3640,6314,3% @ 60,https://sonoma.courts.ca.gov/general-information/careers,,08/06/2024,Sonoma,,False,
2023,Superior Court,Sonoma County Superior Court,Courtroom Clerks,Legal Process Clerk III,False,True,,58310,71045,,8729,582,0,0,9311,2812,,0,3640,6452,3% @ 60,https://sonoma.courts.ca.gov/general-information/careers,,08/06/2024,Sonoma,,False,
2023,Superior Court,Sonoma County Superior Court,Appeals,Court Services Supervisor,False,True,,74439,90697,,8405,0,249,0,8654,2229,,0,928,3157,2.5% @ 67,https://sonoma.courts.ca.gov/general-information/careers,,08/06/2024,Sonoma,,False,
2023,Superior Court,Sonoma County Superior Court,Court Interpreters,Court Interpreter/Reporter Coordinator,False,True,,61226,74598,,8626,0,0,0,8626,2288,,0,1857,4145,2.5% @ 67,https://sonoma.courts.ca.gov/general-information/careers,,08/06/2024,Sonoma,,False,
2023,Superior Court,Sonoma County Superior Court,Appeals,Legal Process Clerk III,False,True,,58310,71045,,8416,0,0,0,8416,0,,0,0,0,N/A,https://sonoma.courts.ca.gov/general-information/careers,,08/06/2024,Sonoma,,False,
2023,Superior Court,Sonoma County Superior Court,Courtroom Clerks,Courtroom Clerk,False,True,,66192,80649,,7638,0,0,0,7638,2113,,0,3880,5993,2.5% @ 67,https://sonoma.courts.ca.gov/general-information/careers,,08/06/2024,Sonoma,,False,
2023,Superior Court,Sonoma County Superior Court,Courtroom Clerks,Courtroom Clerk,False,True,,66192,80649,,7123,0,0,0,7123,0,,0,0,0,N/A,https://sonoma.courts.ca.gov/general-information/careers,,08/06/2024,Sonoma,,False,
2023,Superior Court,Sonoma County Superior Court,Appeals,Legal Process Clerk III,False,True,,58310,71045,,6626,0,0,331,6957,0,,0,0,0,N/A,https://sonoma.courts.ca.gov/general-information/careers,,08/06/2024,Sonoma,,False,
2023,Superior Court,Sonoma County Superior Court,Probate Investigators,Court Investigator,False,True,,86285,105130,,6637,0,0,0,6637,1837,,0,1623,3460,2.5% @ 67,https://sonoma.courts.ca.gov/general-information/careers,,08/06/2024,Sonoma,,False,
2023,Superior Court,Sonoma County Superior Court,Judges & Courtroom Support,Court Services Supervisor,False,True,,74439,90697,,6379,30,0,0,6409,2055,,0,2426,4481,3% @ 60,https://sonoma.courts.ca.gov/general-information/careers,,08/06/2024,Sonoma,,False,
2023,Superior Court,Sonoma County Superior Court,Courtroom Clerks,Courtroom Clerk,False,True,,66192,80649,,6365,0,0,0,6365,1761,,0,1027,2788,2.5% @ 67,https://sonoma.courts.ca.gov/general-information/careers,,08/06/2024,Sonoma,,False,
2023,Superior Court,Sonoma County Superior Court,Self Represented Services,Family Law Examiner,False,True,,74603,90897,,6224,0,0,0,6224,2005,,0,1747,3752,3% @ 60,https://sonoma.courts.ca.gov/general-information/careers,,08/06/2024,Sonoma,,False,
2023,Superior Court,Sonoma County Superior Court,Civil,Legal Process Clerk II,False,True,,53104,64703,,5568,130,0,0,5698,1541,,0,1541,3082,2.5% @ 67,https://sonoma.courts.ca.gov/general-information/careers,,08/06/2024,Sonoma,,False,
2023,Superior Court,Sonoma County Superior Court,Jury Services,Legal Process Clerk I,False,True,,45928,55959,,5545,0,0,0,5545,1534,,0,2054,3588,2.5% @ 67,https://sonoma.courts.ca.gov/general-information/careers,,08/06/2024,Sonoma,,False,
2023,Superior Court,Sonoma County Superior Court,Family Court Services,Legal Secretary II Courts,False,True,,60889,74187,,5487,0,0,0,5487,1767,,0,4290,6057,3% @ 60,https://sonoma.courts.ca.gov/general-information/careers,,08/06/2024,Sonoma,,False,
2023,Superior Court,Sonoma County Superior Court,Criminal,Legal Process Clerk II,False,True,,53104,64703,,4825,0,0,140,4965,1374,,0,106,1480,2.5% @ 67,https://sonoma.courts.ca.gov/general-information/careers,,08/06/2024,Sonoma,,False,
2023,Superior Court,Sonoma County Superior Court,Civil,Legal Process Clerk III,False,True,,58310,71045,,4421,221,0,0,4642,1172,,0,928,2100,2.5% @ 67,https://sonoma.courts.ca.gov/general-information/careers,,08/06/2024,Sonoma,,False,
2023,Superior Court,Sonoma County Superior Court,Families & Children Services,Legal Process Clerk II,False,True,,53104,64703,,4640,0,0,0,4640,1284,,0,861,2145,2.5% @ 67,https://sonoma.courts.ca.gov/general-information/careers,,08/06/2024,Sonoma,,False,
2023,Superior Court,Sonoma County Superior Court,Probate Investigators,Court Investigator,False,True,,86285,105130,,4314,0,0,0,4314,1194,,0,970,2164,2.5% @ 67,https://sonoma.courts.ca.gov/general-information/careers,,08/06/2024,Sonoma,,False,
2023,Superior Court,Sonoma County Superior Court,Probate,Legal Process Clerk II,False,True,,53104,64703,,4269,0,0,0,4269,1181,,0,514,1695,2.5% @ 67,https://sonoma.courts.ca.gov/general-information/careers,,08/06/2024,Sonoma,,False,
2023,Superior Court,Sonoma County Superior Court,Families & Children Services,Legal Process Clerk I,False,True,,45928,55959,,3926,0,269,0,4195,1041,,0,928,1969,2.5% @ 67,https://sonoma.courts.ca.gov/general-information/careers,,08/06/2024,Sonoma,,False,
2023,Superior Court,Sonoma County Superior Court,Jury Services,Court Interpreter/Reporter Coordinator,False,True,,61226,74598,,3928,0,0,0,3928,1042,,0,928,1970,2.5% @ 67,https://sonoma.courts.ca.gov/general-information/careers,,08/06/2024,Sonoma,,False,
2023,Superior Court,Sonoma County Superior Court,Civil,Legal Process Clerk II,False,True,,53104,64703,,3569,178,0,0,3747,947,,0,1179,2126,2.5% @ 67,https://sonoma.courts.ca.gov/general-information/careers,,08/06/2024,Sonoma,,False,
2023,Superior Court,Sonoma County Superior Court,Family Court Services,Family Law Examiner,False,True,,74603,90897,,3280,0,0,0,3280,1056,,0,873,1929,3% @ 60,https://sonoma.courts.ca.gov/general-information/careers,,08/06/2024,Sonoma,,False,
2023,Superior Court,Sonoma County Superior Court,Self Represented Services,Self-Help Attorney,False,True,,79550,79550,,3256,0,0,0,3256,0,,0,0,0,N/A,https://sonoma.courts.ca.gov/general-information/careers,,08/06/2024,Sonoma,,False,
2023,Superior Court,Sonoma County Superior Court,Criminal,Legal Process Clerk I,False,True,,45928,55959,,2969,0,0,0,2969,822,,0,0,822,2.5% @ 67,https://sonoma.courts.ca.gov/general-information/careers,,08/06/2024,Sonoma,,False,
2023,Superior Court,Sonoma County Superior Court,Criminal,Legal Process Clerk II,False,True,,53104,64703,,2969,0,0,0,2969,822,,0,0,822,2.5% @ 67,https://sonoma.courts.ca.gov/general-information/careers,,08/06/2024,Sonoma,,False,
2023,Superior Court,Sonoma County Superior Court,Civil,Legal Process Clerk I,False,True,,45928,55959,,2882,0,0,0,2882,798,,0,1484,2282,2.5% @ 67,https://sonoma.courts.ca.gov/general-information/careers,,08/06/2024,Sonoma,,False,
2023,Superior Court,Sonoma County Superior Court,Civil,Courtroom Clerk,False,True,,66192,80649,,2693,0,0,0,2693,714,,0,506,1220,2.5% @ 67,https://sonoma.courts.ca.gov/general-information/careers,,08/06/2024,Sonoma,,False,
2023,Superior Court,Sonoma County Superior Court,Criminal,Courtroom Clerk,False,True,,66192,80649,,2693,0,0,0,2693,714,,0,506,1220,2.5% @ 67,https://sonoma.courts.ca.gov/general-information/careers,,08/06/2024,Sonoma,,False,
2023,Superior Court,Sonoma County Superior Court,Criminal,Legal Process Clerk II,False,True,,53104,64703,,2489,0,0,0,2489,689,,0,514,1203,2.5% @ 67,https://sonoma.courts.ca.gov/general-information/careers,,08/06/2024,Sonoma,,False,
2023,Superior Court,Sonoma County Superior Court,Courtroom Clerks,Courtroom Clerk,False,True,,66192,80649,,1343,0,0,0,1343,356,,0,7828,8184,2.5% @ 67,https://sonoma.courts.ca.gov/general-information/careers,,08/06/2024,Sonoma,,False,
2023,Superior Court,Sonoma County Superior Court,Civil,Legal Process Clerk II,False,True,,53104,64703,,0,0,1312,0,1312,0,,0,1213,1213,N/A,https://sonoma.courts.ca.gov/general-information/careers,,08/06/2024,Sonoma,,False,
2023,Superior Court,Sonoma County Superior Court,Families & Children Services,Legal Process Clerk III,False,True,,58310,71045,,0,0,21,0,21,0,,0,0,0,N/A,https://sonoma.courts.ca.gov/general-information/careers,,08/06/2024,Sonoma,,False,
2023,Superior Court,Sonoma County Superior Court,Judges & Courtroom Support,Judicial Assistant (C),False,True,,69087,84176,,0,0,8,0,8,0,,0,0,0,N/A,https://sonoma.courts.ca.gov/general-information/careers,,08/06/2024,Sonoma,,False,

