﻿Year,EmployerType,EmployerName,DepartmentOrSubdivision,Position,ElectedOfficial,Judicial,OtherPositions,MinPositionSalary,MaxPositionSalary,ReportedBaseWage,RegularPay,OvertimePay,LumpSumPay,OtherPay,TotalWages,DefinedBenefitPlanContribution,EmployeesRetirementCostCovered,DeferredCompensationPlan,HealthDentalVision,TotalRetirementAndHealthContribution,PensionFormula,EmployerURL,EmployerPopulation,LastUpdatedDate,EmployerCounty,SpecialDistrictActivities,IncludesUnfundedLiability,SpecialDistrictType
2023,Superior Court,Stanislaus County Superior Court,Executive,Executive Officer/Jury Commissioner,False,True,,209914,272896,,231471,0,4631,3700,239802,13561,0,4786,28834,47181,2% @ 62,www.stanct.org/human-resources,,08/06/2024,Stanislaus,,False,
2023,Superior Court,Stanislaus County Superior Court,Judge's Retire System Member,"Judge, Superior Court",True,True,,228979,238479,,238216,0,0,0,238216,0,,,1452,1452,Judicial Retirement System,www.stanct.org/human-resources,,08/06/2024,Stanislaus,,False,
2023,Superior Court,Stanislaus County Superior Court,Judge's Retire System Member,"Judge, Superior Court",True,True,,228979,238479,,233364,0,0,0,233364,0,,,1816,1816,Judicial Retirement System,www.stanct.org/human-resources,,08/06/2024,Stanislaus,,False,
2023,Superior Court,Stanislaus County Superior Court,Judge's Retire System Member,"Judge, Superior Court",True,True,,228979,238479,,232705,0,0,0,232705,0,,,2609,2609,Judicial Retirement System,www.stanct.org/human-resources,,08/06/2024,Stanislaus,,False,
2023,Superior Court,Stanislaus County Superior Court,Judge's Retire System Member,"Judge, Superior Court",True,True,,228979,238479,,231034,0,0,0,231034,0,,,9338,9338,Judicial Retirement System,www.stanct.org/human-resources,,08/06/2024,Stanislaus,,False,
2023,Superior Court,Stanislaus County Superior Court,Judge's Retire System Member,"Judge, Superior Court",True,True,,228979,238479,,230198,0,0,0,230198,0,,,9396,9396,Judicial Retirement System,www.stanct.org/human-resources,,08/06/2024,Stanislaus,,False,
2023,Superior Court,Stanislaus County Superior Court,Judge's Retire System Member,"Judge, Superior Court",True,True,,228979,238479,,230097,0,0,0,230097,0,,,9396,9396,Judicial Retirement System,www.stanct.org/human-resources,,08/06/2024,Stanislaus,,False,
2023,Superior Court,Stanislaus County Superior Court,Judge's Retire System Member,"Judge, Superior Court",True,True,,228979,238479,,228067,0,0,0,228067,0,,,23376,23376,Judicial Retirement System,www.stanct.org/human-resources,,08/06/2024,Stanislaus,,False,
2023,Superior Court,Stanislaus County Superior Court,Judge's Retire System Member,"Judge, Superior Court",True,True,,228979,238479,,228056,0,0,0,228056,0,,,18221,18221,Judicial Retirement System,www.stanct.org/human-resources,,08/06/2024,Stanislaus,,False,
2023,Superior Court,Stanislaus County Superior Court,Judge's Retire System Member,"Judge, Superior Court",True,True,,228979,238479,,227651,0,0,0,227651,0,,,23376,23376,Judicial Retirement System,www.stanct.org/human-resources,,08/06/2024,Stanislaus,,False,
2023,Superior Court,Stanislaus County Superior Court,Judge's Retire System Member,"Judge, Superior Court",True,True,,228979,238479,,227214,0,0,0,227214,0,,,17473,17473,Judicial Retirement System,www.stanct.org/human-resources,,08/06/2024,Stanislaus,,False,
2023,Superior Court,Stanislaus County Superior Court,Judge's Retire System Member,"Judge, Superior Court",True,True,,228979,238479,,227079,0,0,74,227153,0,,,18347,18347,Judicial Retirement System,www.stanct.org/human-resources,,08/06/2024,Stanislaus,,False,
2023,Superior Court,Stanislaus County Superior Court,Judge's Retire System Member,"Judge, Superior Court",True,True,,228979,238479,,226911,0,0,0,226911,0,,,23283,23283,Judicial Retirement System,www.stanct.org/human-resources,,08/06/2024,Stanislaus,,False,
2023,Superior Court,Stanislaus County Superior Court,Judge's Retire System Member,"Judge, Superior Court",True,True,,228979,238479,,226726,0,0,0,226726,0,,,18221,18221,Judicial Retirement System,www.stanct.org/human-resources,,08/06/2024,Stanislaus,,False,
2023,Superior Court,Stanislaus County Superior Court,Judge's Retire System Member,"Judge, Superior Court",True,True,,228979,238479,,223704,0,0,0,223704,0,,,23376,23376,Judicial Retirement System,www.stanct.org/human-resources,,08/06/2024,Stanislaus,,False,
2023,Superior Court,Stanislaus County Superior Court,Judge's Retire System Member,"Judge, Superior Court",True,True,,228979,238479,,222507,0,0,0,222507,0,,,18221,18221,Judicial Retirement System,www.stanct.org/human-resources,,08/06/2024,Stanislaus,,False,
2023,Superior Court,Stanislaus County Superior Court,Judge's Retire System Member,"Judge, Superior Court",True,True,,228979,238479,,222507,0,0,0,222507,0,,,18221,18221,Judicial Retirement System,www.stanct.org/human-resources,,08/06/2024,Stanislaus,,False,
2023,Superior Court,Stanislaus County Superior Court,Judge's Retire System Member,"Judge, Superior Court",True,True,,228979,238479,,222304,0,0,0,222304,0,,,18221,18221,Judicial Retirement System,www.stanct.org/human-resources,,08/06/2024,Stanislaus,,False,
2023,Superior Court,Stanislaus County Superior Court,Judge's Retire System Member,"Judge, Superior Court",True,True,,228979,238479,,219026,0,0,0,219026,0,,,23376,23376,Judicial Retirement System,www.stanct.org/human-resources,,08/06/2024,Stanislaus,,False,
2023,Superior Court,Stanislaus County Superior Court,Commissioners,Commissioner,False,True,,202707,202707,,199364,0,3779,3261,206404,23949,0,3085,11717,38751,2% @ 55.5,www.stanct.org/human-resources,,08/06/2024,Stanislaus,,False,
2023,Superior Court,Stanislaus County Superior Court,Court Operations,Assistant Court Executive Officer,False,True,,173493,225555,,193903,0,3765,4993,202661,24073,0,4091,10767,38931,2% @ 55.5,www.stanct.org/human-resources,,08/06/2024,Stanislaus,,False,
2023,Superior Court,Stanislaus County Superior Court,Commissioners,Commissioner,False,True,,202707,202707,,195822,0,0,2500,198322,23492,0,3028,23694,50214,2% @ 55.5,www.stanct.org/human-resources,,08/06/2024,Stanislaus,,False,
2023,Superior Court,Stanislaus County Superior Court,Commissioners,Commissioner,False,True,,202707,202707,,193864,0,0,2687,196551,13555,0,3031,28646,45232,2% @ 62,www.stanct.org/human-resources,,08/06/2024,Stanislaus,,False,
2023,Superior Court,Stanislaus County Superior Court,Family Court Services,Director Of Family & Children Services,False,True,,107702,140026,,133752,0,55974,2908,192634,17400,0,2250,11622,31272,2% @ 55.5,www.stanct.org/human-resources,,08/06/2024,Stanislaus,,False,
2023,Superior Court,Stanislaus County Superior Court,Executive,Project Manager,False,True,,62400,249600,,186840,0,0,0,186840,0,0,0,0,0,N/A,www.stanct.org/human-resources,,08/06/2024,Stanislaus,,False,
2023,Superior Court,Stanislaus County Superior Court,Research Attorneys,Supervising Research Attorney,False,True,,143374,186389,,167203,0,3302,3200,173705,16521,0,2575,30764,49860,2% @ 55.5,www.stanct.org/human-resources,,08/06/2024,Stanislaus,,False,
2023,Superior Court,Stanislaus County Superior Court,Self Help,Family Law Facilitator/Self Help Manager,False,True,,130354,169437,,165075,0,3164,2656,170895,19850,0,2564,11622,34036,2% @ 55.5,www.stanct.org/human-resources,,08/06/2024,Stanislaus,,False,
2023,Superior Court,Stanislaus County Superior Court,Research Attorneys,Research Attorney,False,True,,118498,154024,,148753,0,2876,2500,154129,13548,0,2288,30764,46600,2% @ 62,www.stanct.org/human-resources,,08/06/2024,Stanislaus,,False,
2023,Superior Court,Stanislaus County Superior Court,Research Attorneys,Research Attorney,False,True,,118498,154024,,148406,0,2876,2500,153782,13548,0,2288,23888,39724,2% @ 62,www.stanct.org/human-resources,,08/06/2024,Stanislaus,,False,
2023,Superior Court,Stanislaus County Superior Court,Clerical Services I,Chief Operations Officer,False,True,,118498,154024,,146150,0,0,4590,150740,17855,0,2292,21509,41656,2% @ 55.5,www.stanct.org/human-resources,,08/06/2024,Stanislaus,,False,
2023,Superior Court,Stanislaus County Superior Court,Court Reporters,Supervising Court Reporter,False,True,,102378,122845,,118147,0,2294,20557,140998,16102,0,0,21068,37170,2% @ 55.5,www.stanct.org/human-resources,,08/06/2024,Stanislaus,,False,
2023,Superior Court,Stanislaus County Superior Court,Technology,IT Manager,False,True,,107702,140026,,129086,0,2606,4294,135986,16479,0,2117,23694,42290,2% @ 55.5,www.stanct.org/human-resources,,08/06/2024,Stanislaus,,False,
2023,Superior Court,Stanislaus County Superior Court,Human Resources,Human Resources Manager,False,True,,107702,140026,,129783,0,1634,4400,135817,16412,0,2108,28646,47166,2% @ 55.5,www.stanct.org/human-resources,,08/06/2024,Stanislaus,,False,
2023,Superior Court,Stanislaus County Superior Court,Fiscal Services,Fiscal Services Manager,False,True,,107702,140026,,131252,0,0,3833,135085,12329,0,2033,25078,39440,2% @ 62,www.stanct.org/human-resources,,08/06/2024,Stanislaus,,False,
2023,Superior Court,Stanislaus County Superior Court,Calendar Management Services,Courtroom Services Manager,False,True,,107702,140026,,126933,0,2473,3775,133181,15877,0,2040,23694,41611,2% @ 55.5,www.stanct.org/human-resources,,08/06/2024,Stanislaus,,False,
2023,Superior Court,Stanislaus County Superior Court,Reporters,Court Reporter Coordinator,False,True,,93080,111675,,107382,0,2085,19960,129427,14777,0,0,27874,42651,2% @ 55.5,www.stanct.org/human-resources,,08/06/2024,Stanislaus,,False,
2023,Superior Court,Stanislaus County Superior Court,Secretarial Support,Facilities Support Services Manager,False,True,,107702,140026,,124271,0,0,3955,128226,15634,0,2010,28646,46290,2% @ 55.5,www.stanct.org/human-resources,,08/06/2024,Stanislaus,,False,
2023,Superior Court,Stanislaus County Superior Court,Research Attorneys,Research Attorney,False,True,,118498,154024,,120240,0,0,5733,125973,11153,0,1888,0,13041,2% @ 62,www.stanct.org/human-resources,,08/06/2024,Stanislaus,,False,
2023,Superior Court,Stanislaus County Superior Court,Reporters,Court Reporter,False,True,,84635,101525,,96403,0,0,26522,122925,13891,0,0,29804,43695,1 2/3% @57,www.stanct.org/human-resources,,08/06/2024,Stanislaus,,False,
2023,Superior Court,Stanislaus County Superior Court,Technology Infrastructure,Senior Information Technology Analyst,False,True,,102378,122845,,116382,0,2294,3700,122376,11102,0,1222,30764,43088,2% @ 62,www.stanct.org/human-resources,,08/06/2024,Stanislaus,,False,
2023,Superior Court,Stanislaus County Superior Court,Reporters,Court Reporter,False,True,,84635,101525,,98596,0,0,23072,121668,9175,0,0,10546,19721,2% @ 62,www.stanct.org/human-resources,,08/06/2024,Stanislaus,,False,
2023,Superior Court,Stanislaus County Superior Court,Self Help,Self Help Attorney,False,True,,102378,122845,,118014,0,0,2500,120514,11102,0,1833,9604,22539,2% @ 62,www.stanct.org/human-resources,,08/06/2024,Stanislaus,,False,
2023,Superior Court,Stanislaus County Superior Court,Judge's Retire System Member,"Judge, Superior Court",True,True,,228979,238479,,119746,0,0,254,120000,0,,,9048,9048,Judicial Retirement System,www.stanct.org/human-resources,,08/06/2024,Stanislaus,,False,
2023,Superior Court,Stanislaus County Superior Court,Reporters,Court Reporter,False,True,,84635,101525,,97447,0,0,21695,119142,13633,0,0,8644,22277,2% @ 55.5,www.stanct.org/human-resources,,08/06/2024,Stanislaus,,False,
2023,Superior Court,Stanislaus County Superior Court,Reporters,Court Reporter,False,True,,84635,101525,,98534,0,0,20000,118534,13514,0,0,0,13514,2% @ 55.5,www.stanct.org/human-resources,,08/06/2024,Stanislaus,,False,
2023,Superior Court,Stanislaus County Superior Court,Technology Security,Senior Information Technology Analyst,False,True,,102378,122845,,111896,0,2257,4150,118303,14191,0,1223,23694,39108,2% @ 55.5,www.stanct.org/human-resources,,08/06/2024,Stanislaus,,False,
2023,Superior Court,Stanislaus County Superior Court,Reporters,Court Reporter,False,True,,84635,101525,,97814,0,0,19948,117762,13374,0,0,27874,41248,2% @ 55.5,www.stanct.org/human-resources,,08/06/2024,Stanislaus,,False,
2023,Superior Court,Stanislaus County Superior Court,Reporters,Court Reporter,False,True,,84635,101525,,98194,0,0,19185,117379,9175,0,0,26739,35914,2% @ 62,www.stanct.org/human-resources,,08/06/2024,Stanislaus,,False,
2023,Superior Court,Stanislaus County Superior Court,Reporters,Court Reporter,False,True,,84635,101525,,92687,0,0,23886,116573,13935,0,0,27874,41809,2% @ 55.5,www.stanct.org/human-resources,,08/06/2024,Stanislaus,,False,
2023,Superior Court,Stanislaus County Superior Court,Reporters,Court Reporter,False,True,,84635,101525,,92986,0,0,19088,112074,8721,0,0,27874,36595,2% @ 62,www.stanct.org/human-resources,,08/06/2024,Stanislaus,,False,
2023,Superior Court,Stanislaus County Superior Court,Research Attorneys,Research Attorney,False,True,,115045,149531,,99662,0,4551,2500,106713,11730,0,1504,14340,27574,1 2/3% @57,www.stanct.org/human-resources,,08/06/2024,Stanislaus,,False,
2023,Superior Court,Stanislaus County Superior Court,Fiscal Services I,Senior Accountant,False,True,,84635,101525,,94090,0,1803,7228,103121,8728,0,1013,1187,10928,2% @ 62,www.stanct.org/human-resources,,08/06/2024,Stanislaus,,False,
2023,Superior Court,Stanislaus County Superior Court,Reporters,Court Reporter,False,True,,84635,101525,,81724,0,1896,19450,103070,12481,0,0,27874,40355,2% @ 55.5,www.stanct.org/human-resources,,08/06/2024,Stanislaus,,False,
2023,Superior Court,Stanislaus County Superior Court,Tyler,Business Analyst,False,True,,84635,101525,,98563,0,1896,2500,102959,11825,0,1033,9604,22462,2% @ 55.5,www.stanct.org/human-resources,,08/06/2024,Stanislaus,,False,
2023,Superior Court,Stanislaus County Superior Court,Technology Security,Information Technology Analyst,False,True,,93080,111675,,98663,0,0,3700,102363,9206,0,1018,23075,33299,2% @ 62,www.stanct.org/human-resources,,08/06/2024,Stanislaus,,False,
2023,Superior Court,Stanislaus County Superior Court,Family Court Services,Court Investigator,False,True,,84635,101525,,94947,0,1852,4401,101200,11693,0,0,29804,41497,2% @ 55.5,www.stanct.org/human-resources,,08/06/2024,Stanislaus,,False,
2023,Superior Court,Stanislaus County Superior Court,Technology Security,Information Technology Analyst,False,True,,93080,111675,,94857,0,2047,3700,100604,11626,0,1003,23075,35704,2% @ 55.5,www.stanct.org/human-resources,,08/06/2024,Stanislaus,,False,
2023,Superior Court,Stanislaus County Superior Court,Reporters,Court Reporter,False,True,,84635,101525,,79823,0,0,19450,99273,7798,0,0,22734,30532,2% @ 62,www.stanct.org/human-resources,,08/06/2024,Stanislaus,,False,
2023,Superior Court,Stanislaus County Superior Court,Interpreters,Court Interpreter,False,True,,88962,94390,,82719,0,0,15617,98336,8248,0,0,27874,36122,2% @ 62,www.stanct.org/human-resources,,08/06/2024,Stanislaus,,False,
2023,Superior Court,Stanislaus County Superior Court,Human Resources,Senior Human Resources Analyst,False,True,,84635,101525,,92783,206,1829,3311,98129,11579,0,1012,10862,23453,2% @ 55.5,www.stanct.org/human-resources,,08/06/2024,Stanislaus,,False,
2023,Superior Court,Stanislaus County Superior Court,Jury Management,Court Supervisor,False,True,,76939,92290,,89916,0,1723,3700,95339,10780,0,0,0,10780,2% @ 55.5,www.stanct.org/human-resources,,08/06/2024,Stanislaus,,False,
2023,Superior Court,Stanislaus County Superior Court,Tyler,Supervising Business Analyst,False,True,,93080,111675,,92412,0,0,2550,94962,11203,0,981,18234,30418,2% @ 55.5,www.stanct.org/human-resources,,08/06/2024,Stanislaus,,False,
2023,Superior Court,Stanislaus County Superior Court,Technology Infrastructure,Information Technology Analyst,False,True,,93080,111675,,90088,0,0,4092,94180,8412,0,936,10862,20210,2% @ 62,www.stanct.org/human-resources,,08/06/2024,Stanislaus,,False,
2023,Superior Court,Stanislaus County Superior Court,Technology Infrastructure,Information Technology Analyst,False,True,,93080,111675,,88057,0,1932,4100,94089,9165,0,1013,23694,33872,2% @ 62,www.stanct.org/human-resources,,08/06/2024,Stanislaus,,False,
2023,Superior Court,Stanislaus County Superior Court,Family Court Services,Court Investigator,False,True,,84635,101525,,91526,0,0,2500,94026,10771,0,0,29804,40575,1 2/3% @57,www.stanct.org/human-resources,,08/06/2024,Stanislaus,,False,
2023,Superior Court,Stanislaus County Superior Court,Technology Security,Information Technology Analyst,False,True,,93080,111675,,90026,0,0,3700,93726,8510,0,942,18234,27686,2% @ 62,www.stanct.org/human-resources,,08/06/2024,Stanislaus,,False,
2023,Superior Court,Stanislaus County Superior Court,Records,Court Supervisor,False,True,,76939,92290,,89068,333,1723,2500,93624,10640,0,0,27874,38514,2% @ 55.5,www.stanct.org/human-resources,,08/06/2024,Stanislaus,,False,
2023,Superior Court,Stanislaus County Superior Court,Family Court Services,Court Investigator,False,True,,84635,101525,,90385,0,0,2500,92885,8779,0,0,29804,38583,2% @ 62,www.stanct.org/human-resources,,08/06/2024,Stanislaus,,False,
2023,Superior Court,Stanislaus County Superior Court,Criminal,Court Supervisor,False,True,,76939,92290,,84584,3658,0,4351,92593,10653,0,0,22734,33387,2% @ 55.5,www.stanct.org/human-resources,,08/06/2024,Stanislaus,,False,
2023,Superior Court,Stanislaus County Superior Court,Technology,Senior Application Developer,False,True,,93080,111675,,88173,0,0,3450,91623,11116,0,0,27874,38990,2% @ 55.5,www.stanct.org/human-resources,,08/06/2024,Stanislaus,,False,
2023,Superior Court,Stanislaus County Superior Court,Reporters,Court Reporter,False,True,,84635,101525,,68159,0,0,22450,90609,9375,0,0,21068,30443,1 2/3% @57,www.stanct.org/human-resources,,08/06/2024,Stanislaus,,False,
2023,Superior Court,Stanislaus County Superior Court,Judge's Retire System Member,"Judge, Superior Court",True,True,,228979,238479,,90332,0,0,-398,89934,0,,,3129,3129,Judicial Retirement System,www.stanct.org/human-resources,,08/06/2024,Stanislaus,,False,
2023,Superior Court,Stanislaus County Superior Court,"Family Law, Probate",Court Supervisor,False,True,,76939,92290,,86857,0,0,2500,89357,10438,0,0,17274,27712,2% @ 55.5,www.stanct.org/human-resources,,08/06/2024,Stanislaus,,False,
2023,Superior Court,Stanislaus County Superior Court,Tyler,Business Analyst,False,True,,84635,101525,,84200,374,1580,2987,89141,7810,0,872,10767,19449,2% @ 62,www.stanct.org/human-resources,,08/06/2024,Stanislaus,,False,
2023,Superior Court,Stanislaus County Superior Court,Traffic,Court Supervisor,False,True,,76939,92290,,86543,0,0,2500,89043,10438,0,0,17274,27712,2% @ 55.5,www.stanct.org/human-resources,,08/06/2024,Stanislaus,,False,
2023,Superior Court,Stanislaus County Superior Court,Appeals/Evidence,Court Supervisor,False,True,,76939,92290,,85431,0,1077,2500,89008,10564,0,0,8644,19208,2% @ 55.5,www.stanct.org/human-resources,,08/06/2024,Stanislaus,,False,
2023,Superior Court,Stanislaus County Superior Court,Judge's Retire System Member,"Judge, Superior Court",True,True,,228979,238479,,88829,0,0,0,88829,0,,,7592,7592,Judicial Retirement System,www.stanct.org/human-resources,,08/06/2024,Stanislaus,,False,
2023,Superior Court,Stanislaus County Superior Court,Tyler,Business Analyst,False,True,,84635,101525,,84200,0,1580,2908,88688,7810,0,871,11622,20303,2% @ 62,www.stanct.org/human-resources,,08/06/2024,Stanislaus,,False,
2023,Superior Court,Stanislaus County Superior Court,Judge's Retire System Member,"Judge, Superior Court",True,True,,228979,238479,,87573,0,0,0,87573,0,,,7540,7540,Judicial Retirement System,www.stanct.org/human-resources,,08/06/2024,Stanislaus,,False,
2023,Superior Court,Stanislaus County Superior Court,Civil,Court Supervisor,False,True,,76939,92290,,83955,0,0,2500,86455,9798,0,0,21881,31679,2% @ 55.5,www.stanct.org/human-resources,,08/06/2024,Stanislaus,,False,
2023,Superior Court,Stanislaus County Superior Court,Courtroom Clerks,Court Supervisor,False,True,,76939,92290,,83565,0,0,2500,86065,10438,0,0,27874,38312,2% @ 55.5,www.stanct.org/human-resources,,08/06/2024,Stanislaus,,False,
2023,Superior Court,Stanislaus County Superior Court,Research Attorneys,Probate Examiner,False,True,,76939,92290,,79706,1752,1508,2550,85516,9528,0,0,10546,20074,2% @ 55.5,www.stanct.org/human-resources,,08/06/2024,Stanislaus,,False,
2023,Superior Court,Stanislaus County Superior Court,Research Attorneys,Buyer,False,True,,69930,83928,,81179,0,0,2807,83986,9360,0,842,23075,33277,1 2/3% @57,www.stanct.org/human-resources,,08/06/2024,Stanislaus,,False,
2023,Superior Court,Stanislaus County Superior Court,Jury Management,Assistant Calendar/ADR Coordinator,False,True,,69930,83928,,79460,0,0,4351,83811,9706,0,0,10546,20252,2% @ 55.5,www.stanct.org/human-resources,,08/06/2024,Stanislaus,,False,
2023,Superior Court,Stanislaus County Superior Court,Human Resources,Human Resources Analyst,False,True,,76939,92290,,79975,0,0,2500,82475,7539,0,838,30764,39141,2% @ 62,www.stanct.org/human-resources,,08/06/2024,Stanislaus,,False,
2023,Superior Court,Stanislaus County Superior Court,Civil Legal Clerks,Assistant Court Supervisor,False,True,,69930,83928,,79201,0,0,2500,81701,9491,0,0,11070,20561,2% @ 55.5,www.stanct.org/human-resources,,08/06/2024,Stanislaus,,False,
2023,Superior Court,Stanislaus County Superior Court,Criminal Legal Clerks,Assistant Court Supervisor,False,True,,69930,83928,,78073,0,0,2500,80573,9491,0,0,18184,27675,2% @ 55.5,www.stanct.org/human-resources,,08/06/2024,Stanislaus,,False,
2023,Superior Court,Stanislaus County Superior Court,Fiscal Services I,Accountant,False,True,,69930,83928,,75468,0,0,5057,80525,9300,0,0,22115,31415,2% @ 55.5,www.stanct.org/human-resources,,08/06/2024,Stanislaus,,False,
2023,Superior Court,Stanislaus County Superior Court,Family Law,Assistant Court Supervisor,False,True,,69930,83928,,75606,0,1567,2500,79673,9675,0,0,22734,32409,2% @ 55.5,www.stanct.org/human-resources,,08/06/2024,Stanislaus,,False,
2023,Superior Court,Stanislaus County Superior Court,Traffic,Assistant Court Supervisor,False,True,,69930,83928,,75246,0,0,4301,79547,9439,0,0,9225,18664,2% @ 55.5,www.stanct.org/human-resources,,08/06/2024,Stanislaus,,False,
2023,Superior Court,Stanislaus County Superior Court,Family Law,Assistant Court Supervisor,False,True,,69930,83928,,75207,0,979,3009,79195,9664,0,0,22734,32398,2% @ 55.5,www.stanct.org/human-resources,,08/06/2024,Stanislaus,,False,
2023,Superior Court,Stanislaus County Superior Court,Technology Infrastructure,Information Technology Analyst,False,True,,90376,108430,,24196,0,54628,300,79124,2943,0,246,4559,7748,2% @ 55.5,www.stanct.org/human-resources,,08/06/2024,Stanislaus,,False,
2023,Superior Court,Stanislaus County Superior Court,Juvenile,Court Supervisor,False,True,,76939,92290,,76508,0,0,2500,79008,9138,0,0,29804,38942,2% @ 55.5,www.stanct.org/human-resources,,08/06/2024,Stanislaus,,False,
2023,Superior Court,Stanislaus County Superior Court,Technology,Senior Application Developer,False,True,,93080,111675,,73936,0,1141,3700,78777,9591,0,0,27874,37465,2% @ 55.5,www.stanct.org/human-resources,,08/06/2024,Stanislaus,,False,
2023,Superior Court,Stanislaus County Superior Court,Clerks,Courtroom Clerk II,False,True,,63565,76294,,73724,0,1424,2500,77648,8795,0,0,11070,19865,2% @ 55.5,www.stanct.org/human-resources,,08/06/2024,Stanislaus,,False,
2023,Superior Court,Stanislaus County Superior Court,Tyler,Business Analyst,False,True,,84635,101525,,74695,0,0,2605,77300,8716,0,66,11959,20741,2% @ 55.5,www.stanct.org/human-resources,,08/06/2024,Stanislaus,,False,
2023,Superior Court,Stanislaus County Superior Court,Self Help,Paralegal,False,True,,63565,76294,,72923,0,1424,2500,76847,8795,0,0,9225,18020,2% @ 55.5,www.stanct.org/human-resources,,08/06/2024,Stanislaus,,False,
2023,Superior Court,Stanislaus County Superior Court,Clerks,Courtroom Clerk II,False,True,,63565,76294,,73960,0,0,2500,76460,8628,0,0,10546,19174,2% @ 55.5,www.stanct.org/human-resources,,08/06/2024,Stanislaus,,False,
2023,Superior Court,Stanislaus County Superior Court,Clerks,Assistant Court Supervisor,False,True,,69930,83928,,72714,0,939,2500,76153,9084,0,0,20208,29292,2% @ 55.5,www.stanct.org/human-resources,,08/06/2024,Stanislaus,,False,
2023,Superior Court,Stanislaus County Superior Court,Self Help,Paralegal,False,True,,63565,76294,,71800,0,0,4351,76151,6773,0,0,8644,15417,2% @ 62,www.stanct.org/human-resources,,08/06/2024,Stanislaus,,False,
2023,Superior Court,Stanislaus County Superior Court,Clerks,Courtroom Clerk II,False,True,,63565,76294,,72735,0,0,2500,75235,8628,0,0,22115,30743,2% @ 55.5,www.stanct.org/human-resources,,08/06/2024,Stanislaus,,False,
2023,Superior Court,Stanislaus County Superior Court,Clerks,Courtroom Clerk II,False,True,,63565,76294,,69842,0,875,4401,75118,8709,0,0,10546,19255,2% @ 55.5,www.stanct.org/human-resources,,08/06/2024,Stanislaus,,False,
2023,Superior Court,Stanislaus County Superior Court,Mediation,Child Custody Recommending Counselor,False,True,,325,81250,,60775,0,0,13406,74181,0,0,0,0,0,N/A,www.stanct.org/human-resources,,08/06/2024,Stanislaus,,False,
2023,Superior Court,Stanislaus County Superior Court,Fiscal Services II,Accountant,False,True,,69930,83928,,71633,0,0,2500,74133,6782,0,0,22115,28897,2% @ 62,www.stanct.org/human-resources,,08/06/2024,Stanislaus,,False,
2023,Superior Court,Stanislaus County Superior Court,Technology Security,IT Specialist,False,True,,76939,92290,,71267,0,0,2735,74002,6621,0,633,11530,18784,2% @ 62,www.stanct.org/human-resources,,08/06/2024,Stanislaus,,False,
2023,Superior Court,Stanislaus County Superior Court,Clerks,Courtroom Clerk II,False,True,,63565,76294,,69324,122,0,4463,73909,8856,0,0,22734,31590,2% @ 55.5,www.stanct.org/human-resources,,08/06/2024,Stanislaus,,False,
2023,Superior Court,Stanislaus County Superior Court,Clerks,Courtroom Clerk II,False,True,,63565,76294,,71239,0,0,2500,73739,6895,0,0,19636,26531,2% @ 62,www.stanct.org/human-resources,,08/06/2024,Stanislaus,,False,
2023,Superior Court,Stanislaus County Superior Court,Clerks,Courtroom Clerk II,False,True,,63565,76294,,71201,0,0,2500,73701,8392,0,0,27874,36266,2% @ 55.5,www.stanct.org/human-resources,,08/06/2024,Stanislaus,,False,
2023,Superior Court,Stanislaus County Superior Court,Clerks,Courtroom Clerk II,False,True,,63565,76294,,69580,0,853,2550,72983,8318,0,0,8644,16962,2% @ 55.5,www.stanct.org/human-resources,,08/06/2024,Stanislaus,,False,
2023,Superior Court,Stanislaus County Superior Court,Mediation,Child Custody Recommending Counselor,False,True,,93080,111675,,70404,0,0,2500,72904,6590,0,736,20510,27836,2% @ 62,www.stanct.org/human-resources,,08/06/2024,Stanislaus,,False,
2023,Superior Court,Stanislaus County Superior Court,Clerks,Courtroom Clerk II,False,True,,63565,76294,,69998,0,0,2500,72498,8471,0,0,24877,33348,2% @ 55.5,www.stanct.org/human-resources,,08/06/2024,Stanislaus,,False,
2023,Superior Court,Stanislaus County Superior Court,Clerks,Courtroom Clerk II,False,True,,63565,76294,,69542,9,0,2500,72051,8531,0,0,22115,30646,2% @ 55.5,www.stanct.org/human-resources,,08/06/2024,Stanislaus,,False,
2023,Superior Court,Stanislaus County Superior Court,Clerks,Courtroom Clerk II,False,True,,63565,76294,,67851,0,0,4089,71940,6359,0,0,2000,8359,2% @ 62,www.stanct.org/human-resources,,08/06/2024,Stanislaus,,False,
2023,Superior Court,Stanislaus County Superior Court,Fiscal Services I,Accountant,False,True,,69930,83928,,67035,0,0,4351,71386,6490,0,0,17274,23764,2% @ 62,www.stanct.org/human-resources,,08/06/2024,Stanislaus,,False,
2023,Superior Court,Stanislaus County Superior Court,Clerks,Courtroom Clerk I,False,True,,57803,69347,,67237,0,0,3700,70937,6267,0,0,2000,8267,2% @ 62,www.stanct.org/human-resources,,08/06/2024,Stanislaus,,False,
2023,Superior Court,Stanislaus County Superior Court,Secretarial Support,Administrative Assistant,False,True,,57803,69347,,65369,0,0,5551,70920,8281,0,719,28646,37646,2% @ 55.5,www.stanct.org/human-resources,,08/06/2024,Stanislaus,,False,
2023,Superior Court,Stanislaus County Superior Court,Clerks,Courtroom Clerk II,False,True,,63565,76294,,67602,0,0,3005,70607,8129,0,0,29804,37933,2% @ 55.5,www.stanct.org/human-resources,,08/06/2024,Stanislaus,,False,
2023,Superior Court,Stanislaus County Superior Court,Clerks,Courtroom Clerk I,False,True,,57803,69347,,66607,0,0,3700,70307,7983,0,0,2000,9983,2% @ 55.5,www.stanct.org/human-resources,,08/06/2024,Stanislaus,,False,
2023,Superior Court,Stanislaus County Superior Court,Interpreters,Court Interpreter,False,True,,87214,92539,,39956,0,24896,5339,70191,5590,0,0,5273,10863,2% @ 55.5,www.stanct.org/human-resources,,08/06/2024,Stanislaus,,False,
2023,Superior Court,Stanislaus County Superior Court,Clerks,Courtroom Clerk I,False,True,,57803,69347,,65260,1165,0,2946,69371,6166,0,0,8644,14810,2% @ 62,www.stanct.org/human-resources,,08/06/2024,Stanislaus,,False,
2023,Superior Court,Stanislaus County Superior Court,Clerks,Courtroom Clerk I,False,True,,57803,69347,,66084,0,0,2550,68634,7843,0,0,9225,17068,2% @ 55.5,www.stanct.org/human-resources,,08/06/2024,Stanislaus,,False,
2023,Superior Court,Stanislaus County Superior Court,Clerks,Courtroom Clerk II,False,True,,63565,76294,,65854,0,0,2630,68484,8250,0,0,22734,30984,2% @ 55.5,www.stanct.org/human-resources,,08/06/2024,Stanislaus,,False,
2023,Superior Court,Stanislaus County Superior Court,Clerks,Courtroom Clerk I,False,True,,57803,69347,,65749,0,0,2500,68249,7843,0,0,8644,16487,2% @ 55.5,www.stanct.org/human-resources,,08/06/2024,Stanislaus,,False,
2023,Superior Court,Stanislaus County Superior Court,Mediation,Child Custody Recommending Counselor,False,True,,325,81250,,42575,0,0,25148,67723,0,0,0,0,0,N/A,www.stanct.org/human-resources,,08/06/2024,Stanislaus,,False,
2023,Superior Court,Stanislaus County Superior Court,Clerks,Courtroom Clerk I,False,True,,57803,69347,,65052,0,0,2630,67682,7858,0,0,29804,37662,2% @ 55.5,www.stanct.org/human-resources,,08/06/2024,Stanislaus,,False,
2023,Superior Court,Stanislaus County Superior Court,Clerks,Courtroom Clerk I,False,True,,57803,69347,,64940,29,0,2500,67469,6095,0,0,27874,33969,2% @ 62,www.stanct.org/human-resources,,08/06/2024,Stanislaus,,False,
2023,Superior Court,Stanislaus County Superior Court,Clerks,Courtroom Clerk I,False,True,,57803,69347,,64189,0,0,2500,66689,7843,0,0,17274,25117,2% @ 55.5,www.stanct.org/human-resources,,08/06/2024,Stanislaus,,False,
2023,Superior Court,Stanislaus County Superior Court,Clerks,Courtroom Clerk I,False,True,,57803,69347,,64018,13,0,2500,66531,7843,0,0,22115,29958,2% @ 55.5,www.stanct.org/human-resources,,08/06/2024,Stanislaus,,False,
2023,Superior Court,Stanislaus County Superior Court,Mediation,Child Custody Recommending Counselor,False,True,,325,81250,,49400,0,0,16925,66325,0,0,0,0,0,N/A,www.stanct.org/human-resources,,08/06/2024,Stanislaus,,False,
2023,Superior Court,Stanislaus County Superior Court,Clerks,Courtroom Clerk II,False,True,,63565,76294,,63277,0,275,2550,66102,7408,0,0,10148,17556,2% @ 55.5,www.stanct.org/human-resources,,08/06/2024,Stanislaus,,False,
2023,Superior Court,Stanislaus County Superior Court,Mediation,Child Custody Recommending Counselor,False,True,,325,81250,,48750,0,0,17006,65756,0,0,0,0,0,N/A,www.stanct.org/human-resources,,08/06/2024,Stanislaus,,False,
2023,Superior Court,Stanislaus County Superior Court,Clerks,Courtroom Clerk I,False,True,,57803,69347,,62952,0,0,2500,65452,6106,0,0,17274,23380,2% @ 62,www.stanct.org/human-resources,,08/06/2024,Stanislaus,,False,
2023,Superior Court,Stanislaus County Superior Court,Criminal Legal Clerks,Legal Clerk IV,False,True,,52520,63045,,57450,1749,1125,4877,65201,5389,0,0,11070,16459,2% @ 62,www.stanct.org/human-resources,,08/06/2024,Stanislaus,,False,
2023,Superior Court,Stanislaus County Superior Court,Clerks,Courtroom Clerk I,False,True,,57803,69347,,62625,0,0,2500,65125,6065,0,0,29804,35869,2% @ 62,www.stanct.org/human-resources,,08/06/2024,Stanislaus,,False,
2023,Superior Court,Stanislaus County Superior Court,Clerks,Courtroom Clerk I,False,True,,57803,69347,,62592,0,0,2500,65092,7798,0,0,22734,30532,2% @ 55.5,www.stanct.org/human-resources,,08/06/2024,Stanislaus,,False,
2023,Superior Court,Stanislaus County Superior Court,Administrative Services,Administrative Assistant,False,True,,57803,69347,,62412,0,0,2662,65074,5789,0,651,12487,18927,2% @ 62,www.stanct.org/human-resources,,08/06/2024,Stanislaus,,False,
2023,Superior Court,Stanislaus County Superior Court,Human Resources,Human Resources Analyst,False,True,,76939,92290,,62555,0,0,2500,65055,6182,0,290,23134,29606,2% @ 62,www.stanct.org/human-resources,,08/06/2024,Stanislaus,,False,
2023,Superior Court,Stanislaus County Superior Court,Clerks,Courtroom Clerk I,False,True,,57803,69347,,62356,0,0,2510,64866,7844,0,0,22734,30578,2% @ 55.5,www.stanct.org/human-resources,,08/06/2024,Stanislaus,,False,
2023,Superior Court,Stanislaus County Superior Court,Fiscal Services II,Fiscal Technician,False,True,,57803,69347,,61987,0,0,2500,64487,7615,0,0,17274,24889,2% @ 55.5,www.stanct.org/human-resources,,08/06/2024,Stanislaus,,False,
2023,Superior Court,Stanislaus County Superior Court,Small Claims,Legal Clerk IV,False,True,,52520,63045,,60322,0,1177,2500,63999,7269,0,0,22115,29384,2% @ 55.5,www.stanct.org/human-resources,,08/06/2024,Stanislaus,,False,
2023,Superior Court,Stanislaus County Superior Court,Clerks,Courtroom Clerk I,False,True,,57803,69347,,58050,0,0,5551,63601,5385,0,0,2000,7385,2% @ 62,www.stanct.org/human-resources,,08/06/2024,Stanislaus,,False,
2023,Superior Court,Stanislaus County Superior Court,Family Law,Legal Clerk IV,False,True,,52520,63045,,60653,0,0,2500,63153,5698,0,0,27874,33572,2% @ 62,www.stanct.org/human-resources,,08/06/2024,Stanislaus,,False,
2023,Superior Court,Stanislaus County Superior Court,Civil Legal Clerks,Legal Clerk IV,False,True,,52520,63045,,60196,273,0,2500,62969,7131,0,0,22115,29246,2% @ 55.5,www.stanct.org/human-resources,,08/06/2024,Stanislaus,,False,
2023,Superior Court,Stanislaus County Superior Court,Family Law,Legal Clerk IV,False,True,,52520,63045,,60322,0,0,2500,62822,7131,0,0,22115,29246,2% @ 55.5,www.stanct.org/human-resources,,08/06/2024,Stanislaus,,False,
2023,Superior Court,Stanislaus County Superior Court,Secretarial Support,Support Services Assistant II,False,True,,52520,63045,,58174,0,817,3700,62691,5461,0,0,11070,16531,2% @ 62,www.stanct.org/human-resources,,08/06/2024,Stanislaus,,False,
2023,Superior Court,Stanislaus County Superior Court,Administrative Services,Administrative Assistant,False,True,,57803,69347,,58317,0,0,4351,62668,5739,0,662,30764,37165,2% @ 62,www.stanct.org/human-resources,,08/06/2024,Stanislaus,,False,
2023,Superior Court,Stanislaus County Superior Court,Family Law,Legal Clerk IV,False,True,,52520,63045,,60117,0,0,2550,62667,7131,0,0,11070,18201,2% @ 55.5,www.stanct.org/human-resources,,08/06/2024,Stanislaus,,False,
2023,Superior Court,Stanislaus County Superior Court,Administrative Services,Administrative Assistant,False,True,,57803,69347,,56862,0,0,5784,62646,5275,0,626,2000,7901,2% @ 62,www.stanct.org/human-resources,,08/06/2024,Stanislaus,,False,
2023,Superior Court,Stanislaus County Superior Court,Traffic,Legal Clerk IV,False,True,,52520,63045,,58288,0,0,4351,62639,5551,0,0,8644,14195,2% @ 62,www.stanct.org/human-resources,,08/06/2024,Stanislaus,,False,
2023,Superior Court,Stanislaus County Superior Court,Clerks,Courtroom Clerk I,False,True,,57803,69347,,60089,0,0,2500,62589,6045,0,0,22734,28779,2% @ 62,www.stanct.org/human-resources,,08/06/2024,Stanislaus,,False,
2023,Superior Court,Stanislaus County Superior Court,Records,Legal Clerk IV,False,True,,52520,63045,,60085,0,0,2500,62585,5698,0,0,8644,14342,2% @ 62,www.stanct.org/human-resources,,08/06/2024,Stanislaus,,False,
2023,Superior Court,Stanislaus County Superior Court,Criminal Legal Clerks,Legal Clerk IV,False,True,,52520,63045,,57918,1964,0,2500,62382,5606,0,0,16693,22299,2% @ 62,www.stanct.org/human-resources,,08/06/2024,Stanislaus,,False,
2023,Superior Court,Stanislaus County Superior Court,Civil Legal Clerks,Legal Clerk IV,False,True,,52520,63045,,59000,0,736,2500,62236,7217,0,0,27874,35091,2% @ 55.5,www.stanct.org/human-resources,,08/06/2024,Stanislaus,,False,
2023,Superior Court,Stanislaus County Superior Court,Traffic,Legal Clerk IV,False,True,,52520,63045,,59669,0,0,2500,62169,5606,0,0,27874,33480,2% @ 62,www.stanct.org/human-resources,,08/06/2024,Stanislaus,,False,
2023,Superior Court,Stanislaus County Superior Court,Clerks,Courtroom Clerk I,False,True,,57803,69347,,57019,2438,0,2618,62075,5505,0,0,29804,35309,2% @ 62,www.stanct.org/human-resources,,08/06/2024,Stanislaus,,False,
2023,Superior Court,Stanislaus County Superior Court,Appeals/Evidence,Legal Clerk IV,False,True,,52520,63045,,58377,0,1177,2500,62054,7269,0,0,22115,29384,2% @ 55.5,www.stanct.org/human-resources,,08/06/2024,Stanislaus,,False,
2023,Superior Court,Stanislaus County Superior Court,Juvenile Dependency,Legal Clerk IV,False,True,,52520,63045,,58508,0,0,3411,61919,7053,0,0,9225,16278,2% @ 55.5,www.stanct.org/human-resources,,08/06/2024,Stanislaus,,False,
2023,Superior Court,Stanislaus County Superior Court,Appeals/Evidence,Legal Clerk IV,False,True,,52520,63045,,59169,0,0,2550,61719,7131,0,0,29804,36935,2% @ 55.5,www.stanct.org/human-resources,,08/06/2024,Stanislaus,,False,
2023,Superior Court,Stanislaus County Superior Court,Fiscal Services II,Fiscal Technician,False,True,,57803,69347,,59140,0,0,2500,61640,7741,0,0,22734,30475,2% @ 55.5,www.stanct.org/human-resources,,08/06/2024,Stanislaus,,False,
2023,Superior Court,Stanislaus County Superior Court,Civil Legal Clerks,Legal Clerk IV,False,True,,52520,63045,,57176,0,0,4351,61527,7346,0,0,22734,30080,2% @ 55.5,www.stanct.org/human-resources,,08/06/2024,Stanislaus,,False,
2023,Superior Court,Stanislaus County Superior Court,Family Law,Legal Clerk IV,False,True,,52520,63045,,58959,0,0,2500,61459,7085,0,0,27874,34959,2% @ 55.5,www.stanct.org/human-resources,,08/06/2024,Stanislaus,,False,
2023,Superior Court,Stanislaus County Superior Court,Clerks,Courtroom Clerk I,False,True,,57803,69347,,57874,979,0,2500,61353,5816,0,0,22734,28550,2% @ 62,www.stanct.org/human-resources,,08/06/2024,Stanislaus,,False,
2023,Superior Court,Stanislaus County Superior Court,Civil Legal Clerks,Legal Clerk IV,False,True,,52520,63045,,58258,0,0,2550,60808,7131,0,0,10546,17677,2% @ 55.5,www.stanct.org/human-resources,,08/06/2024,Stanislaus,,False,
2023,Superior Court,Stanislaus County Superior Court,Self Help,Legal Clerk III,False,True,,48651,58365,,56415,0,0,4351,60766,5274,0,0,21068,26342,2% @ 62,www.stanct.org/human-resources,,08/06/2024,Stanislaus,,False,
2023,Superior Court,Stanislaus County Superior Court,Clerks,Courtroom Clerk I,False,True,,57803,69347,,58167,0,0,2500,60667,5845,0,0,21369,27214,2% @ 62,www.stanct.org/human-resources,,08/06/2024,Stanislaus,,False,
2023,Superior Court,Stanislaus County Superior Court,Small Claims,Legal Clerk III,False,True,,48651,58365,,56304,245,1090,2500,60139,5274,0,0,11070,16344,2% @ 62,www.stanct.org/human-resources,,08/06/2024,Stanislaus,,False,
2023,Superior Court,Stanislaus County Superior Court,Jury Management,Legal Clerk IV,False,True,,52520,63045,,54745,0,1213,4166,60124,6748,0,0,11070,17818,2% @ 55.5,www.stanct.org/human-resources,,08/06/2024,Stanislaus,,False,
2023,Superior Court,Stanislaus County Superior Court,Traffic,Legal Clerk III,False,True,,48651,58365,,55515,0,0,4401,59916,6815,0,0,8644,15459,2% @ 55.5,www.stanct.org/human-resources,,08/06/2024,Stanislaus,,False,
2023,Superior Court,Stanislaus County Superior Court,Traffic,Legal Clerk IV,False,True,,52520,63045,,57175,0,0,2500,59675,7131,0,0,22734,29865,2% @ 55.5,www.stanct.org/human-resources,,08/06/2024,Stanislaus,,False,
2023,Superior Court,Stanislaus County Superior Court,Criminal Legal Clerks,Legal Clerk III,False,True,,48651,58365,,55627,421,681,2850,59579,6720,0,0,22115,28835,2% @ 55.5,www.stanct.org/human-resources,,08/06/2024,Stanislaus,,False,
2023,Superior Court,Stanislaus County Superior Court,Criminal Legal Clerks,Legal Clerk III,False,True,,48651,58365,,54552,654,0,4351,59557,5274,0,0,22115,27389,2% @ 62,www.stanct.org/human-resources,,08/06/2024,Stanislaus,,False,
2023,Superior Court,Stanislaus County Superior Court,Traffic,Legal Clerk III,False,True,,48651,58365,,55043,0,0,4351,59394,6815,0,0,8644,15459,2% @ 55.5,www.stanct.org/human-resources,,08/06/2024,Stanislaus,,False,
2023,Superior Court,Stanislaus County Superior Court,Judge's Retire System Member,"Judge, Superior Court",True,True,,228979,238479,,60153,0,0,-765,59388,0,,,6062,6062,Judicial Retirement System,www.stanct.org/human-resources,,08/06/2024,Stanislaus,,False,
2023,Superior Court,Stanislaus County Superior Court,Family Law,Legal Clerk III,False,True,,48651,58365,,55752,0,1090,2500,59342,6728,0,0,22115,28843,2% @ 55.5,www.stanct.org/human-resources,,08/06/2024,Stanislaus,,False,
2023,Superior Court,Stanislaus County Superior Court,Criminal Legal Clerks,Legal Clerk IV,False,True,,52520,63045,,56142,684,0,2500,59326,5369,0,0,21068,26437,2% @ 62,www.stanct.org/human-resources,,08/06/2024,Stanislaus,,False,
2023,Superior Court,Stanislaus County Superior Court,Family Law,Legal Clerk III,False,True,,48651,58365,,56635,0,0,2550,59185,6600,0,0,10546,17146,2% @ 55.5,www.stanct.org/human-resources,,08/06/2024,Stanislaus,,False,
2023,Superior Court,Stanislaus County Superior Court,Civil Legal Clerks,Legal Clerk III,False,True,,48651,58365,,55547,0,1090,2500,59137,5274,0,0,11070,16344,2% @ 62,www.stanct.org/human-resources,,08/06/2024,Stanislaus,,False,
2023,Superior Court,Stanislaus County Superior Court,Appeals/Evidence,Legal Clerk III,False,True,,48651,58365,,54641,0,0,4401,59042,6815,0,0,12959,19774,2% @ 55.5,www.stanct.org/human-resources,,08/06/2024,Stanislaus,,False,
2023,Superior Court,Stanislaus County Superior Court,Family Law,Legal Clerk III,False,True,,48651,58365,,53042,0,0,5150,58192,6351,0,0,2000,8351,2% @ 55.5,www.stanct.org/human-resources,,08/06/2024,Stanislaus,,False,
2023,Superior Court,Stanislaus County Superior Court,Traffic,Legal Clerk III,False,True,,48651,58365,,54807,0,681,2500,57988,6680,0,0,22115,28795,2% @ 55.5,www.stanct.org/human-resources,,08/06/2024,Stanislaus,,False,
2023,Superior Court,Stanislaus County Superior Court,Civil Legal Clerks,Legal Clerk III,False,True,,48651,58365,,53412,0,0,4566,57978,5013,0,0,11070,16083,2% @ 62,www.stanct.org/human-resources,,08/06/2024,Stanislaus,,False,
2023,Superior Court,Stanislaus County Superior Court,Traffic,Legal Clerk III,False,True,,48651,58365,,55471,0,0,2500,57971,6600,0,0,8644,15244,2% @ 55.5,www.stanct.org/human-resources,,08/06/2024,Stanislaus,,False,
2023,Superior Court,Stanislaus County Superior Court,Clerks,Courtroom Clerk I,False,True,,57803,69347,,55369,0,0,2500,57869,6585,0,0,17274,23859,1 2/3% @57,www.stanct.org/human-resources,,08/06/2024,Stanislaus,,False,
2023,Superior Court,Stanislaus County Superior Court,Juvenile Justice,Legal Clerk IV,False,True,,52520,63045,,55273,0,0,2500,57773,5551,0,0,22734,28285,2% @ 62,www.stanct.org/human-resources,,08/06/2024,Stanislaus,,False,
2023,Superior Court,Stanislaus County Superior Court,Civil Legal Clerks,Legal Clerk III,False,True,,48651,58365,,54196,0,1044,2500,57740,5140,0,0,8644,13784,2% @ 62,www.stanct.org/human-resources,,08/06/2024,Stanislaus,,False,
2023,Superior Court,Stanislaus County Superior Court,Family Law,Legal Clerk III,False,True,,48651,58365,,53147,0,0,4351,57498,5274,0,0,29804,35078,2% @ 62,www.stanct.org/human-resources,,08/06/2024,Stanislaus,,False,
2023,Superior Court,Stanislaus County Superior Court,Civil Legal Clerks,Legal Clerk III,False,True,,48651,58365,,54996,0,0,2500,57496,6600,0,0,22115,28715,2% @ 55.5,www.stanct.org/human-resources,,08/06/2024,Stanislaus,,False,
2023,Superior Court,Stanislaus County Superior Court,Jury Management,Legal Clerk III,False,True,,48651,58365,,54808,0,0,2500,57308,6600,0,0,22115,28715,2% @ 55.5,www.stanct.org/human-resources,,08/06/2024,Stanislaus,,False,
2023,Superior Court,Stanislaus County Superior Court,Small Claims,Legal Clerk III,False,True,,48651,58365,,54369,0,0,2500,56869,6463,0,0,22115,28578,2% @ 55.5,www.stanct.org/human-resources,,08/06/2024,Stanislaus,,False,
2023,Superior Court,Stanislaus County Superior Court,Criminal Legal Clerks,Legal Clerk III,False,True,,48651,58365,,54095,253,0,2500,56848,6600,0,0,29804,36404,2% @ 55.5,www.stanct.org/human-resources,,08/06/2024,Stanislaus,,False,
2023,Superior Court,Stanislaus County Superior Court,Criminal Legal Clerks,Legal Clerk III,False,True,,48651,58365,,54175,0,0,2500,56675,6600,0,0,17274,23874,2% @ 55.5,www.stanct.org/human-resources,,08/06/2024,Stanislaus,,False,
2023,Superior Court,Stanislaus County Superior Court,Jury Management,Legal Clerk III,False,True,,48651,58365,,53763,0,0,2500,56263,5089,0,0,22115,27204,2% @ 62,www.stanct.org/human-resources,,08/06/2024,Stanislaus,,False,
2023,Superior Court,Stanislaus County Superior Court,Family Law,Legal Clerk III,False,True,,48651,58365,,53735,0,0,2500,56235,6600,0,0,17274,23874,2% @ 55.5,www.stanct.org/human-resources,,08/06/2024,Stanislaus,,False,
2023,Superior Court,Stanislaus County Superior Court,Family Law,Legal Clerk III,False,True,,48651,58365,,53504,0,0,2500,56004,5274,0,0,11070,16344,2% @ 62,www.stanct.org/human-resources,,08/06/2024,Stanislaus,,False,
2023,Superior Court,Stanislaus County Superior Court,Criminal Legal Clerks,Legal Clerk III,False,True,,48651,58365,,52888,337,0,2710,55935,5106,0,0,8644,13750,2% @ 62,www.stanct.org/human-resources,,08/06/2024,Stanislaus,,False,
2023,Superior Court,Stanislaus County Superior Court,Family Law,Legal Clerk III,False,True,,48651,58365,,52998,0,0,2500,55498,4937,0,0,10546,15483,2% @ 62,www.stanct.org/human-resources,,08/06/2024,Stanislaus,,False,
2023,Superior Court,Stanislaus County Superior Court,Reporters,Court Reporter,False,True,,82160,98571,,42626,0,361,12500,55487,3983,0,0,4613,8596,2% @ 62,www.stanct.org/human-resources,,08/06/2024,Stanislaus,,False,
2023,Superior Court,Stanislaus County Superior Court,Family Court Services,Director Of Family & Children Services,False,True,,107702,140026,,55470,0,0,0,55470,4841,0,784,10255,15880,2% @ 62,www.stanct.org/human-resources,,08/06/2024,Stanislaus,,False,
2023,Superior Court,Stanislaus County Superior Court,Family Law,Legal Clerk III,False,True,,48651,58365,,51107,0,0,4351,55458,4843,0,0,22115,26958,2% @ 62,www.stanct.org/human-resources,,08/06/2024,Stanislaus,,False,
2023,Superior Court,Stanislaus County Superior Court,Appeals/Evidence,Legal Clerk III,False,True,,48651,58365,,50912,0,1833,2500,55245,4785,0,0,11651,16436,2% @ 62,www.stanct.org/human-resources,,08/06/2024,Stanislaus,,False,
2023,Superior Court,Stanislaus County Superior Court,Traffic,Legal Clerk III,False,True,,48651,58365,,52697,0,0,2500,55197,6600,0,0,8644,15244,2% @ 55.5,www.stanct.org/human-resources,,08/06/2024,Stanislaus,,False,
2023,Superior Court,Stanislaus County Superior Court,Traffic,Legal Clerk IV,False,True,,52520,63045,,51911,0,0,2881,54792,5064,0,0,17274,22338,2% @ 62,www.stanct.org/human-resources,,08/06/2024,Stanislaus,,False,
2023,Superior Court,Stanislaus County Superior Court,Administrative Services,Administrative Assistant,False,True,,57803,69347,,50473,0,1812,2500,54785,4992,0,445,19585,25022,2% @ 62,www.stanct.org/human-resources,,08/06/2024,Stanislaus,,False,
2023,Superior Court,Stanislaus County Superior Court,Family Law,Legal Clerk III,False,True,,48651,58365,,49964,0,0,4208,54172,6281,0,0,17274,23555,2% @ 55.5,www.stanct.org/human-resources,,08/06/2024,Stanislaus,,False,
2023,Superior Court,Stanislaus County Superior Court,Clerks,Courtroom Clerk II,False,True,,63565,76294,,51322,0,0,2550,53872,6085,0,0,22115,28200,2% @ 55.5,www.stanct.org/human-resources,,08/06/2024,Stanislaus,,False,
2023,Superior Court,Stanislaus County Superior Court,Civil Legal Clerks,Legal Clerk IV,False,True,,52520,63045,,50965,0,0,2500,53465,5043,0,0,29804,34847,2% @ 62,www.stanct.org/human-resources,,08/06/2024,Stanislaus,,False,
2023,Superior Court,Stanislaus County Superior Court,Traffic,Legal Clerk III,False,True,,48651,58365,,50232,0,0,2800,53032,4869,0,0,29804,34673,2% @ 62,www.stanct.org/human-resources,,08/06/2024,Stanislaus,,False,
2023,Superior Court,Stanislaus County Superior Court,Civil Legal Clerks,Legal Clerk II,False,True,,45032,54080,,48400,194,0,4351,52945,4548,0,0,11070,15618,2% @ 62,www.stanct.org/human-resources,,08/06/2024,Stanislaus,,False,
2023,Superior Court,Stanislaus County Superior Court,Traffic,Legal Clerk III,False,True,,48651,58365,,48657,0,0,4267,52924,4955,0,0,22734,27689,2% @ 62,www.stanct.org/human-resources,,08/06/2024,Stanislaus,,False,
2023,Superior Court,Stanislaus County Superior Court,Judge's Retire System Member,"Judge, Superior Court",True,True,,228979,238479,,52270,0,0,-37,52233,0,,,5844,5844,Judicial Retirement System,www.stanct.org/human-resources,,08/06/2024,Stanislaus,,False,
2023,Superior Court,Stanislaus County Superior Court,Juvenile Justice,Legal Clerk III,False,True,,47237,56659,,47255,0,408,4083,51746,4494,0,0,20272,24766,2% @ 62,www.stanct.org/human-resources,,08/06/2024,Stanislaus,,False,
2023,Superior Court,Stanislaus County Superior Court,Criminal Legal Clerks,Legal Clerk II,False,True,,45032,54080,,46554,1008,0,4066,51628,4431,0,0,8644,13075,2% @ 62,www.stanct.org/human-resources,,08/06/2024,Stanislaus,,False,
2023,Superior Court,Stanislaus County Superior Court,Fiscal Services I,Fiscal Technician,False,True,,57803,69347,,48587,0,0,2500,51087,4611,0,0,19107,23718,2% @ 62,www.stanct.org/human-resources,,08/06/2024,Stanislaus,,False,
2023,Superior Court,Stanislaus County Superior Court,Criminal Legal Clerks,Legal Clerk II,False,True,,45032,54080,,48256,326,0,2500,51082,4509,0,0,10546,15055,2% @ 62,www.stanct.org/human-resources,,08/06/2024,Stanislaus,,False,
2023,Superior Court,Stanislaus County Superior Court,Traffic,Legal Clerk III,False,True,,48651,58365,,48059,0,0,2500,50559,4871,0,0,27874,32745,2% @ 62,www.stanct.org/human-resources,,08/06/2024,Stanislaus,,False,
2023,Superior Court,Stanislaus County Superior Court,Family Law,Legal Clerk III,False,True,,48651,58365,,48017,0,0,2500,50517,6198,0,0,22734,28932,2% @ 55.5,www.stanct.org/human-resources,,08/06/2024,Stanislaus,,False,
2023,Superior Court,Stanislaus County Superior Court,Criminal Legal Clerks,Legal Clerk II,False,True,,45032,54080,,45854,1165,0,3150,50169,4375,0,0,8644,13019,2% @ 62,www.stanct.org/human-resources,,08/06/2024,Stanislaus,,False,
2023,Superior Court,Stanislaus County Superior Court,Family Law,Legal Clerk III,False,True,,48651,58365,,46962,0,0,2988,49950,4605,0,0,16087,20692,2% @ 62,www.stanct.org/human-resources,,08/06/2024,Stanislaus,,False,
2023,Superior Court,Stanislaus County Superior Court,Criminal Legal Clerks,Legal Clerk II,False,True,,45032,54080,,45554,286,0,4066,49906,4352,0,0,8644,12996,2% @ 62,www.stanct.org/human-resources,,08/06/2024,Stanislaus,,False,
2023,Superior Court,Stanislaus County Superior Court,Family Law,Legal Clerk III,False,True,,48651,58365,,47234,0,0,2500,49734,4441,0,0,12911,17352,2% @ 62,www.stanct.org/human-resources,,08/06/2024,Stanislaus,,False,
2023,Superior Court,Stanislaus County Superior Court,Juvenile Justice,Legal Clerk III,False,True,,48651,58365,,45575,0,0,4100,49675,5716,0,0,29804,35520,2% @ 55.5,www.stanct.org/human-resources,,08/06/2024,Stanislaus,,False,
2023,Superior Court,Stanislaus County Superior Court,Family Law,Legal Clerk II,False,True,,45032,54080,,44842,0,0,4312,49154,4203,0,0,10546,14749,2% @ 62,www.stanct.org/human-resources,,08/06/2024,Stanislaus,,False,
2023,Superior Court,Stanislaus County Superior Court,Criminal Legal Clerks,Legal Clerk II,False,True,,45032,54080,,44323,1782,0,2927,49032,4232,0,0,8644,12876,2% @ 62,www.stanct.org/human-resources,,08/06/2024,Stanislaus,,False,
2023,Superior Court,Stanislaus County Superior Court,Family Law,Legal Clerk II,False,True,,45032,54080,,46530,0,0,2500,49030,4411,0,0,11070,15481,2% @ 62,www.stanct.org/human-resources,,08/06/2024,Stanislaus,,False,
2023,Superior Court,Stanislaus County Superior Court,Appeals/Evidence,Legal Clerk III,False,True,,48651,58365,,46529,0,0,2500,49029,4495,0,0,29804,34299,2% @ 62,www.stanct.org/human-resources,,08/06/2024,Stanislaus,,False,
2023,Superior Court,Stanislaus County Superior Court,Traffic,Legal Clerk II,False,True,,45032,54080,,41773,0,4364,2500,48637,3987,0,0,7923,11910,2% @ 62,www.stanct.org/human-resources,,08/06/2024,Stanislaus,,False,
2023,Superior Court,Stanislaus County Superior Court,Appeals/Evidence,Legal Clerk II,False,True,,45032,54080,,45482,71,0,2500,48053,4340,0,0,8644,12984,2% @ 62,www.stanct.org/human-resources,,08/06/2024,Stanislaus,,False,
2023,Superior Court,Stanislaus County Superior Court,Clerks,Courtroom Clerk I,False,True,,57803,69347,,45252,0,0,2500,47752,5417,0,0,22115,27532,2% @ 55.5,www.stanct.org/human-resources,,08/06/2024,Stanislaus,,False,
2023,Superior Court,Stanislaus County Superior Court,Civil Legal Clerks,Legal Clerk II,False,True,,45032,54080,,45016,214,0,2500,47730,4355,0,0,29804,34159,2% @ 62,www.stanct.org/human-resources,,08/06/2024,Stanislaus,,False,
2023,Superior Court,Stanislaus County Superior Court,Criminal Legal Clerks,Legal Clerk II,False,True,,45032,54080,,45165,0,0,2500,47665,4273,0,0,11070,15343,2% @ 62,www.stanct.org/human-resources,,08/06/2024,Stanislaus,,False,
2023,Superior Court,Stanislaus County Superior Court,Family Law,Legal Clerk II,False,True,,45032,54080,,43589,0,0,4066,47655,4094,0,0,11070,15164,2% @ 62,www.stanct.org/human-resources,,08/06/2024,Stanislaus,,False,
2023,Superior Court,Stanislaus County Superior Court,Criminal Legal Clerks,Legal Clerk II,False,True,,45032,54080,,44558,0,0,2927,47485,4193,0,0,11070,15263,2% @ 62,www.stanct.org/human-resources,,08/06/2024,Stanislaus,,False,
2023,Superior Court,Stanislaus County Superior Court,Criminal Legal Clerks,Legal Clerk II,False,True,,45032,54080,,43517,200,0,3700,47417,4036,0,0,0,4036,2% @ 62,www.stanct.org/human-resources,,08/06/2024,Stanislaus,,False,
2023,Superior Court,Stanislaus County Superior Court,Family Law,Legal Clerk II,False,True,,45032,54080,,43292,0,0,4066,47358,4133,0,0,8644,12777,2% @ 62,www.stanct.org/human-resources,,08/06/2024,Stanislaus,,False,
2023,Superior Court,Stanislaus County Superior Court,Mediation,Child Custody Recommending Counselor,False,True,,325,81250,,33150,0,0,13975,47125,0,0,0,0,0,N/A,www.stanct.org/human-resources,,08/06/2024,Stanislaus,,False,
2023,Superior Court,Stanislaus County Superior Court,Criminal Legal Clerks,Legal Clerk II,False,True,,45032,54080,,41906,0,1700,2500,46106,3963,0,0,11426,15389,2% @ 62,www.stanct.org/human-resources,,08/06/2024,Stanislaus,,False,
2023,Superior Court,Stanislaus County Superior Court,Appeals/Evidence,Legal Clerk II,False,True,,45032,54080,,43134,0,0,2588,45722,4114,0,0,8644,12758,2% @ 62,www.stanct.org/human-resources,,08/06/2024,Stanislaus,,False,
2023,Superior Court,Stanislaus County Superior Court,Civil Legal Clerks,Legal Clerk II,False,True,,45032,54080,,42870,0,0,2591,45461,4036,0,0,11070,15106,2% @ 62,www.stanct.org/human-resources,,08/06/2024,Stanislaus,,False,
2023,Superior Court,Stanislaus County Superior Court,Civil Legal Clerks,Legal Clerk II,False,True,,45032,54080,,42702,214,0,2500,45416,4094,0,0,9026,13120,2% @ 62,www.stanct.org/human-resources,,08/06/2024,Stanislaus,,False,
2023,Superior Court,Stanislaus County Superior Court,Small Claims,Legal Clerk II,False,True,,45032,54080,,42785,0,0,2500,45285,4094,0,0,22115,26209,2% @ 62,www.stanct.org/human-resources,,08/06/2024,Stanislaus,,False,
2023,Superior Court,Stanislaus County Superior Court,Criminal Legal Clerks,Legal Clerk II,False,True,,45032,54080,,41185,118,0,3700,45003,3844,0,0,1187,5031,2% @ 62,www.stanct.org/human-resources,,08/06/2024,Stanislaus,,False,
2023,Superior Court,Stanislaus County Superior Court,Civil Legal Clerks,Legal Clerk II,False,True,,45032,54080,,42103,0,259,2500,44862,4018,0,0,7923,11941,2% @ 62,www.stanct.org/human-resources,,08/06/2024,Stanislaus,,False,
2023,Superior Court,Stanislaus County Superior Court,Criminal Legal Clerks,Legal Clerk I,False,True,,41704,50045,,41323,986,0,2500,44809,3959,0,0,8644,12603,2% @ 62,www.stanct.org/human-resources,,08/06/2024,Stanislaus,,False,
2023,Superior Court,Stanislaus County Superior Court,Civil Legal Clerks,Legal Clerk II,False,True,,45032,54080,,42149,71,0,2500,44720,4054,0,0,8644,12698,2% @ 62,www.stanct.org/human-resources,,08/06/2024,Stanislaus,,False,
2023,Superior Court,Stanislaus County Superior Court,Family Law,Legal Clerk II,False,True,,45032,54080,,41013,0,0,3700,44713,3804,0,0,606,4410,2% @ 62,www.stanct.org/human-resources,,08/06/2024,Stanislaus,,False,
2023,Superior Court,Stanislaus County Superior Court,Small Claims,Legal Clerk II,False,True,,45032,54080,,41341,0,534,2500,44375,3928,0,0,25551,29479,2% @ 62,www.stanct.org/human-resources,,08/06/2024,Stanislaus,,False,
2023,Superior Court,Stanislaus County Superior Court,Traffic,Legal Clerk III,False,True,,48651,58365,,41831,0,0,2500,44331,4008,0,0,24038,28046,2% @ 62,www.stanct.org/human-resources,,08/06/2024,Stanislaus,,False,
2023,Superior Court,Stanislaus County Superior Court,Family Law,Legal Clerk II,False,True,,45032,54080,,39054,0,0,5150,44204,3627,0,0,2000,5627,2% @ 62,www.stanct.org/human-resources,,08/06/2024,Stanislaus,,False,
2023,Superior Court,Stanislaus County Superior Court,Human Resources,Human Resources Analyst,False,True,,74693,89606,,36347,0,4579,2500,43426,4171,0,392,4002,8565,1 2/3% @57,www.stanct.org/human-resources,,08/06/2024,Stanislaus,,False,
2023,Superior Court,Stanislaus County Superior Court,Juvenile Justice,Legal Clerk II,False,True,,45032,54080,,39663,0,0,2500,42163,3824,0,0,8644,12468,2% @ 62,www.stanct.org/human-resources,,08/06/2024,Stanislaus,,False,
2023,Superior Court,Stanislaus County Superior Court,Small Claims,Legal Clerk III,False,True,,47237,56659,,36019,0,2199,3817,42035,3435,0,0,6483,9918,2% @ 62,www.stanct.org/human-resources,,08/06/2024,Stanislaus,,False,
2023,Superior Court,Stanislaus County Superior Court,Juvenile Dependency,Legal Clerk II,False,True,,45032,54080,,36270,0,0,3971,40241,3530,0,0,10038,13568,2% @ 62,www.stanct.org/human-resources,,08/06/2024,Stanislaus,,False,
2023,Superior Court,Stanislaus County Superior Court,Criminal Legal Clerks,Legal Clerk I,False,True,,41704,50045,,36568,245,836,2500,40149,3507,0,0,7923,11430,2% @ 62,www.stanct.org/human-resources,,08/06/2024,Stanislaus,,False,
2023,Superior Court,Stanislaus County Superior Court,Criminal Legal Clerks,Legal Clerk II,False,True,,45032,54080,,36438,584,0,2500,39522,3804,0,0,22734,26538,2% @ 62,www.stanct.org/human-resources,,08/06/2024,Stanislaus,,False,
2023,Superior Court,Stanislaus County Superior Court,Family Law,Legal Clerk II,False,True,,43722,52499,,30518,0,248,5975,36741,2832,0,0,505,3337,2% @ 62,www.stanct.org/human-resources,,08/06/2024,Stanislaus,,False,
2023,Superior Court,Stanislaus County Superior Court,Traffic,Legal Clerk II,False,True,,43722,52499,,32862,0,621,2500,35983,3091,0,0,7380,10471,2% @ 62,www.stanct.org/human-resources,,08/06/2024,Stanislaus,,False,
2023,Superior Court,Stanislaus County Superior Court,Clerks,Courtroom Clerk I,False,True,,57803,69347,,31948,0,0,2500,34448,3197,0,0,29804,33001,2% @ 62,www.stanct.org/human-resources,,08/06/2024,Stanislaus,,False,
2023,Superior Court,Stanislaus County Superior Court,Traffic,Legal Clerk I,False,True,,41704,50045,,30220,0,1599,2500,34319,2886,0,0,6483,9369,2% @ 62,www.stanct.org/human-resources,,08/06/2024,Stanislaus,,False,
2023,Superior Court,Stanislaus County Superior Court,Fiscal Services II,Senior Accountant,False,True,,82160,98571,,31525,0,176,2589,34290,2925,0,341,7170,10436,2% @ 62,www.stanct.org/human-resources,,08/06/2024,Stanislaus,,False,
2023,Superior Court,Stanislaus County Superior Court,Civil Legal Clerks,Legal Clerk I,False,True,,41704,50045,,30878,150,0,2500,33528,2901,0,0,8303,11204,2% @ 62,www.stanct.org/human-resources,,08/06/2024,Stanislaus,,False,
2023,Superior Court,Stanislaus County Superior Court,Family Law,Legal Clerk I,False,True,,41704,50045,,30627,0,2,2500,33129,2927,0,0,6634,9561,2% @ 62,www.stanct.org/human-resources,,08/06/2024,Stanislaus,,False,
2023,Superior Court,Stanislaus County Superior Court,Criminal Legal Clerks,Legal Clerk I,False,True,,41704,50045,,28648,939,0,2500,32087,3051,0,0,22734,25785,2% @ 62,www.stanct.org/human-resources,,08/06/2024,Stanislaus,,False,
2023,Superior Court,Stanislaus County Superior Court,Family Law,Legal Clerk II,False,True,,43722,52499,,26056,0,2544,2500,31100,2492,0,0,5042,7534,2% @ 62,www.stanct.org/human-resources,,08/06/2024,Stanislaus,,False,
2023,Superior Court,Stanislaus County Superior Court,Appeals/Evidence,Legal Clerk III,False,True,,48651,58365,,21132,0,2092,3305,26529,2104,0,0,25960,28064,2% @ 62,www.stanct.org/human-resources,,08/06/2024,Stanislaus,,False,
2023,Superior Court,Stanislaus County Superior Court,Criminal Legal Clerks,Legal Clerk I,False,True,,40498,48589,,22529,0,1186,2500,26215,2142,0,0,6458,8600,2% @ 62,www.stanct.org/human-resources,,08/06/2024,Stanislaus,,False,
2023,Superior Court,Stanislaus County Superior Court,Research Attorneys,Research Attorney,False,True,,118498,154024,,25663,0,0,5,25668,1097,0,178,976,2251,1 2/3% @57,www.stanct.org/human-resources,,08/06/2024,Stanislaus,,False,
2023,Superior Court,Stanislaus County Superior Court,Mediation,Child Custody Recommending Counselor,False,True,,325,81250,,14950,0,0,10285,25235,0,0,0,0,0,N/A,www.stanct.org/human-resources,,08/06/2024,Stanislaus,,False,
2023,Superior Court,Stanislaus County Superior Court,Juvenile Justice,Legal Clerk IV,False,True,,50981,61214,,22066,0,318,0,22384,2736,0,0,3602,6338,2% @ 55.5,www.stanct.org/human-resources,,08/06/2024,Stanislaus,,False,
2023,Superior Court,Stanislaus County Superior Court,Family Law,Legal Clerk I,False,True,,41704,50045,,20564,0,0,1250,21814,312,0,0,923,1235,2% @ 62,www.stanct.org/human-resources,,08/06/2024,Stanislaus,,False,
2023,Superior Court,Stanislaus County Superior Court,Criminal Legal Clerks,Legal Clerk I,False,True,,40498,48589,,18665,0,84,3050,21799,1734,0,0,307,2041,2% @ 62,www.stanct.org/human-resources,,08/06/2024,Stanislaus,,False,
2023,Superior Court,Stanislaus County Superior Court,Traffic,Legal Clerk II,False,True,,43722,52499,,17990,0,1141,0,19131,1718,0,0,3602,5320,2% @ 62,www.stanct.org/human-resources,,08/06/2024,Stanislaus,,False,
2023,Superior Court,Stanislaus County Superior Court,Self Help,Legal Clerk III,False,True,,47237,56659,,12720,0,6102,0,18822,1532,0,0,2918,4450,2% @ 55.5,www.stanct.org/human-resources,,08/06/2024,Stanislaus,,False,
2023,Superior Court,Stanislaus County Superior Court,Criminal Legal Clerks,Legal Clerk I,False,True,,40498,48589,,16020,0,909,0,16929,1519,0,0,4613,6132,2% @ 62,www.stanct.org/human-resources,,08/06/2024,Stanislaus,,False,
2023,Superior Court,Stanislaus County Superior Court,Criminal Legal Clerks,Legal Clerk I,False,True,,40498,48589,,16125,0,771,0,16896,1519,0,0,4613,6132,2% @ 62,www.stanct.org/human-resources,,08/06/2024,Stanislaus,,False,
2023,Superior Court,Stanislaus County Superior Court,Small Claims,Legal Clerk I,False,True,,40498,48589,,14041,0,843,0,14884,1368,0,0,7372,8740,2% @ 62,www.stanct.org/human-resources,,08/06/2024,Stanislaus,,False,
2023,Superior Court,Stanislaus County Superior Court,Reporters,Court Reporter,False,True,,82160,98571,,1392,0,580,12500,14472,193,0,0,20905,21098,2% @ 62,www.stanct.org/human-resources,,08/06/2024,Stanislaus,,False,
2023,Superior Court,Stanislaus County Superior Court,Civil Legal Clerks,Legal Clerk I,False,True,,40498,48589,,13644,0,278,0,13922,1299,0,0,4168,5467,2% @ 62,www.stanct.org/human-resources,,08/06/2024,Stanislaus,,False,
2023,Superior Court,Stanislaus County Superior Court,Secretarial Support,Support Services Assistant,False,True,,48651,58365,,12577,0,0,0,12577,1193,0,0,2161,3354,2% @ 62,www.stanct.org/human-resources,,08/06/2024,Stanislaus,,False,
2023,Superior Court,Stanislaus County Superior Court,Traffic,Legal Clerk I,False,True,,40498,48589,,11011,0,553,0,11564,1108,0,0,2637,3745,2% @ 62,www.stanct.org/human-resources,,08/06/2024,Stanislaus,,False,
2023,Superior Court,Stanislaus County Superior Court,Executive,Administrative Consultant,False,True,,39000,39000,,11288,0,0,0,11288,0,0,0,0,0,N/A,www.stanct.org/human-resources,,08/06/2024,Stanislaus,,False,
2023,Superior Court,Stanislaus County Superior Court,Small Claims,Legal Clerk I,False,True,,41704,50045,,7907,0,0,200,8107,734,0,0,333,1067,2% @ 62,www.stanct.org/human-resources,,08/06/2024,Stanislaus,,False,
2023,Superior Court,Stanislaus County Superior Court,Administrative Services,Administrative Assistant,False,True,,57803,69347,,3712,0,1604,0,5316,361,0,39,2564,2964,2% @ 62,www.stanct.org/human-resources,,08/06/2024,Stanislaus,,False,
2023,Superior Court,Stanislaus County Superior Court,Criminal Legal Clerks,Legal Clerk II,False,True,,45032,54080,,3342,520,0,0,3862,321,0,0,720,1041,2% @ 62,www.stanct.org/human-resources,,08/06/2024,Stanislaus,,False,
2023,Superior Court,Stanislaus County Superior Court,Fiscal Services II,Senior Accountant,False,True,,84635,101525,,3418,0,0,0,3418,316,0,34,0,350,2% @ 62,www.stanct.org/human-resources,,08/06/2024,Stanislaus,,False,
2023,Superior Court,Stanislaus County Superior Court,Family Law,Legal Clerk II,False,True,,45032,54080,,3410,0,0,0,3410,321,0,0,923,1244,2% @ 62,www.stanct.org/human-resources,,08/06/2024,Stanislaus,,False,
2023,Superior Court,Stanislaus County Superior Court,Criminal Legal Clerks,Legal Clerk I,False,True,,41704,50045,,3260,0,0,0,3260,312,0,0,720,1032,2% @ 62,www.stanct.org/human-resources,,08/06/2024,Stanislaus,,False,
2023,Superior Court,Stanislaus County Superior Court,Civil Legal Clerks,Legal Clerk I,False,True,,41704,50045,,2404,0,41,0,2445,227,0,0,923,1150,2% @ 62,www.stanct.org/human-resources,,08/06/2024,Stanislaus,,False,
2023,Superior Court,Stanislaus County Superior Court,Administrative Services,Administrative Assistant,False,True,,57803,69347,,2303,0,0,0,2303,213,0,23,0,236,2% @ 62,www.stanct.org/human-resources,,08/06/2024,Stanislaus,,False,
2023,Superior Court,Stanislaus County Superior Court,Research Attorneys,Research Attorney,False,True,,208000,208000,,2265,0,0,0,2265,0,0,0,0,0,N/A,www.stanct.org/human-resources,,08/06/2024,Stanislaus,,False,
2023,Superior Court,Stanislaus County Superior Court,Criminal Legal Clerks,Legal Clerk IV,False,True,,52520,63045,,0,0,0,2205,2205,0,0,0,8644,8644,N/A,www.stanct.org/human-resources,,08/06/2024,Stanislaus,,False,
2023,Superior Court,Stanislaus County Superior Court,Family Law,Legal Clerk I,False,True,,41704,50045,,1685,0,0,0,1685,156,0,0,0,156,2% @ 62,www.stanct.org/human-resources,,08/06/2024,Stanislaus,,False,

