﻿Year,EmployerType,EmployerName,DepartmentOrSubdivision,Position,ElectedOfficial,Judicial,OtherPositions,MinPositionSalary,MaxPositionSalary,ReportedBaseWage,RegularPay,OvertimePay,LumpSumPay,OtherPay,TotalWages,DefinedBenefitPlanContribution,EmployeesRetirementCostCovered,DeferredCompensationPlan,HealthDentalVision,TotalRetirementAndHealthContribution,PensionFormula,EmployerURL,EmployerPopulation,LastUpdatedDate,EmployerCounty,SpecialDistrictActivities,IncludesUnfundedLiability,SpecialDistrictType
2023,Superior Court,Tulare County Superior Court,Judicial Officers,Commissioner,False,True,,0,202706,,204863,,,31070,235933,49663,,,26833,76496,Too Many Formulas to List,https://www.tulare.courts.ca.gov/general-information/human-resources,,08/06/2024,Tulare,,True,
2023,Superior Court,Tulare County Superior Court,Judge's Retire System Member,"Judge, Superior Court",True,True,,228979,238479,,235800,0,0,0,235800,0,,,9396,9396,Judicial Retirement System,https://www.tulare.courts.ca.gov/general-information/human-resources,,08/06/2024,Tulare,,True,
2023,Superior Court,Tulare County Superior Court,Judge's Retire System Member,"Judge, Superior Court",True,True,,228979,238479,,233161,0,0,0,233161,0,,,1816,1816,Judicial Retirement System,https://www.tulare.courts.ca.gov/general-information/human-resources,,08/06/2024,Tulare,,True,
2023,Superior Court,Tulare County Superior Court,Judge's Retire System Member,"Judge, Superior Court",True,True,,228979,238479,,231684,0,0,0,231684,0,,,136,136,Judicial Retirement System,https://www.tulare.courts.ca.gov/general-information/human-resources,,08/06/2024,Tulare,,True,
2023,Superior Court,Tulare County Superior Court,Judge's Retire System Member,"Judge, Superior Court",True,True,,228979,238479,,229267,0,0,0,229267,0,,,23376,23376,Judicial Retirement System,https://www.tulare.courts.ca.gov/general-information/human-resources,,08/06/2024,Tulare,,True,
2023,Superior Court,Tulare County Superior Court,Judge's Retire System Member,"Judge, Superior Court",True,True,,228979,238479,,228940,0,0,0,228940,0,,,23376,23376,Judicial Retirement System,https://www.tulare.courts.ca.gov/general-information/human-resources,,08/06/2024,Tulare,,True,
2023,Superior Court,Tulare County Superior Court,Judge's Retire System Member,"Judge, Superior Court",True,True,,228979,238479,,228074,0,0,0,228074,0,,,9396,9396,Judicial Retirement System,https://www.tulare.courts.ca.gov/general-information/human-resources,,08/06/2024,Tulare,,True,
2023,Superior Court,Tulare County Superior Court,Executive Office,Court Executive Officer,False,True,,0,223662,,225473,,,1468,226941,48663,,,37691,86354,Too Many Formulas to List,https://www.tulare.courts.ca.gov/general-information/human-resources,,08/06/2024,Tulare,,True,
2023,Superior Court,Tulare County Superior Court,Judge's Retire System Member,"Judge, Superior Court",True,True,,228979,238479,,222548,0,0,0,222548,0,,,18097,18097,Judicial Retirement System,https://www.tulare.courts.ca.gov/general-information/human-resources,,08/06/2024,Tulare,,True,
2023,Superior Court,Tulare County Superior Court,Judge's Retire System Member,"Judge, Superior Court",True,True,,228979,238479,,222507,0,0,0,222507,0,,,18221,18221,Judicial Retirement System,https://www.tulare.courts.ca.gov/general-information/human-resources,,08/06/2024,Tulare,,True,
2023,Superior Court,Tulare County Superior Court,Judge's Retire System Member,"Judge, Superior Court",True,True,,228979,238479,,222345,0,0,0,222345,0,,,18097,18097,Judicial Retirement System,https://www.tulare.courts.ca.gov/general-information/human-resources,,08/06/2024,Tulare,,True,
2023,Superior Court,Tulare County Superior Court,Judge's Retire System Member,"Judge, Superior Court",True,True,,228979,238479,,222345,0,0,0,222345,0,,,18097,18097,Judicial Retirement System,https://www.tulare.courts.ca.gov/general-information/human-resources,,08/06/2024,Tulare,,True,
2023,Superior Court,Tulare County Superior Court,Judge's Retire System Member,"Judge, Superior Court",True,True,,228979,238479,,222304,0,0,0,222304,0,,,18221,18221,Judicial Retirement System,https://www.tulare.courts.ca.gov/general-information/human-resources,,08/06/2024,Tulare,,True,
2023,Superior Court,Tulare County Superior Court,Judge's Retire System Member,"Judge, Superior Court",True,True,,228979,238479,,222304,0,0,0,222304,0,,,18221,18221,Judicial Retirement System,https://www.tulare.courts.ca.gov/general-information/human-resources,,08/06/2024,Tulare,,True,
2023,Superior Court,Tulare County Superior Court,Judge's Retire System Member,"Judge, Superior Court",True,True,,228979,238479,,222180,0,0,0,222180,0,,,18221,18221,Judicial Retirement System,https://www.tulare.courts.ca.gov/general-information/human-resources,,08/06/2024,Tulare,,True,
2023,Superior Court,Tulare County Superior Court,Judge's Retire System Member,"Judge, Superior Court",True,True,,228979,238479,,221240,0,0,0,221240,0,,,23376,23376,Judicial Retirement System,https://www.tulare.courts.ca.gov/general-information/human-resources,,08/06/2024,Tulare,,True,
2023,Superior Court,Tulare County Superior Court,Judge's Retire System Member,"Judge, Superior Court",True,True,,228979,238479,,219791,0,0,0,219791,0,,,22060,22060,Judicial Retirement System,https://www.tulare.courts.ca.gov/general-information/human-resources,,08/06/2024,Tulare,,True,
2023,Superior Court,Tulare County Superior Court,Judge's Retire System Member,"Judge, Superior Court",True,True,,228979,238479,,219383,0,0,0,219383,0,,,23283,23283,Judicial Retirement System,https://www.tulare.courts.ca.gov/general-information/human-resources,,08/06/2024,Tulare,,True,
2023,Superior Court,Tulare County Superior Court,Judge's Retire System Member,"Judge, Superior Court",True,True,,228979,238479,,219247,0,0,0,219247,0,,,23283,23283,Judicial Retirement System,https://www.tulare.courts.ca.gov/general-information/human-resources,,08/06/2024,Tulare,,True,
2023,Superior Court,Tulare County Superior Court,Judge's Retire System Member,"Judge, Superior Court",True,True,,228979,238479,,219026,0,0,0,219026,0,,,23376,23376,Judicial Retirement System,https://www.tulare.courts.ca.gov/general-information/human-resources,,08/06/2024,Tulare,,True,
2023,Superior Court,Tulare County Superior Court,Judge's Retire System Member,"Judge, Superior Court",True,True,,228979,238479,,217022,0,0,0,217022,0,,,23376,23376,Judicial Retirement System,https://www.tulare.courts.ca.gov/general-information/human-resources,,08/06/2024,Tulare,,True,
2023,Superior Court,Tulare County Superior Court,Judicial Officers,Commissioner,False,True,,0,202706,,204863,,,-1042,203821,43393,,,37691,81084,Too Many Formulas to List,https://www.tulare.courts.ca.gov/general-information/human-resources,,08/06/2024,Tulare,,True,
2023,Superior Court,Tulare County Superior Court,Information Technology,Director Of Information Technology,False,True,,128498,155698,,148061,,,6800,154861,32596,,,37691,70287,Too Many Formulas to List,https://www.tulare.courts.ca.gov/general-information/human-resources,,08/06/2024,Tulare,,True,
2023,Superior Court,Tulare County Superior Court,Executive Office,Director Of Court Operations,False,True,,118980,144165,,145399,,,3667,149066,31460,,,14462,45922,Too Many Formulas to List,https://www.tulare.courts.ca.gov/general-information/human-resources,,08/06/2024,Tulare,,True,
2023,Superior Court,Tulare County Superior Court,Human Resources,Director Of Human Resources,False,True,,122549,148489,,146397,,,1293,147690,29841,,,37691,67532,Too Many Formulas to List,https://www.tulare.courts.ca.gov/general-information/human-resources,,08/06/2024,Tulare,,True,
2023,Superior Court,Tulare County Superior Court,Research Attorneys,Supervising Research Attorney,False,True,,130790,158488,,143797,,,-2061,141736,29318,,,37691,67009,Too Many Formulas to List,https://www.tulare.courts.ca.gov/general-information/human-resources,,08/06/2024,Tulare,,True,
2023,Superior Court,Tulare County Superior Court,Family Court Services,Director Family Court & Special Services,False,True,,118980,144165,,138112,,,-1787,136325,28152,,,37691,65843,Too Many Formulas to List,https://www.tulare.courts.ca.gov/general-information/human-resources,,08/06/2024,Tulare,,True,
2023,Superior Court,Tulare County Superior Court,Research Attorneys,Attorney,False,True,,118254,143281,,129770,,,0,129770,26459,,,37691,64150,Too Many Formulas to List,https://www.tulare.courts.ca.gov/general-information/human-resources,,08/06/2024,Tulare,,True,
2023,Superior Court,Tulare County Superior Court,Court Reporters,Court Reporter Coordinator,False,True,,0,116416,,118471,,,3370,121841,26769,,,26833,53602,Too Many Formulas to List,https://www.tulare.courts.ca.gov/general-information/human-resources,,08/06/2024,Tulare,,True,
2023,Superior Court,Tulare County Superior Court,Finance/Fiscal,Supervising Accountant,False,True,,97562,118065,,119180,,,-1201,117979,25314,,,26833,52147,Too Many Formulas to List,https://www.tulare.courts.ca.gov/general-information/human-resources,,08/06/2024,Tulare,,True,
2023,Superior Court,Tulare County Superior Court,Information Technology,Case Management System Administrator II,False,True,,91803,111008,,109314,,,6495,115809,24257,,,14462,38719,Too Many Formulas to List,https://www.tulare.courts.ca.gov/general-information/human-resources,,08/06/2024,Tulare,,True,
2023,Superior Court,Tulare County Superior Court,AB 1058-Commissioner,Commissioner,False,True,,0,202706,,114613,,,-265,114348,22218,,,27717,49935,Too Many Formulas to List,https://www.tulare.courts.ca.gov/general-information/human-resources,,08/06/2024,Tulare,,True,
2023,Superior Court,Tulare County Superior Court,Finance/Fiscal,Financial Analyst,False,True,,87154,105383,,107765,,,4309,112074,24256,,,26833,51089,Too Many Formulas to List,https://www.tulare.courts.ca.gov/general-information/human-resources,,08/06/2024,Tulare,,True,
2023,Superior Court,Tulare County Superior Court,Pre-Trial Facility,Court Reporter Real Time,False,True,,0,101724,,104215,,,6335,110550,23606,,,26833,50439,Too Many Formulas to List,https://www.tulare.courts.ca.gov/general-information/human-resources,,08/06/2024,Tulare,,True,
2023,Superior Court,Tulare County Superior Court,Court Reporters,Court Reporter Real Time Certified,False,True,,0,107831,,107074,,,2580,109654,24325,,,26833,51158,Too Many Formulas to List,https://www.tulare.courts.ca.gov/general-information/human-resources,,08/06/2024,Tulare,,True,
2023,Superior Court,Tulare County Superior Court,Human Resources,"Human Resources Analyst, Sr.",False,True,,87154,105383,,107765,20,,1686,109471,21969,,,37691,59660,Too Many Formulas to List,https://www.tulare.courts.ca.gov/general-information/human-resources,,08/06/2024,Tulare,,True,
2023,Superior Court,Tulare County Superior Court,Finance/Fiscal,Accountant III,False,True,,87154,105383,,107054,,,2073,109127,23437,,,37691,61128,Too Many Formulas to List,https://www.tulare.courts.ca.gov/general-information/human-resources,,08/06/2024,Tulare,,True,
2023,Superior Court,Tulare County Superior Court,Court Reporters,Court Reporter Real Time,False,True,,0,101724,,104215,,,3504,107719,22681,,,14462,37143,Too Many Formulas to List,https://www.tulare.courts.ca.gov/general-information/human-resources,,08/06/2024,Tulare,,True,
2023,Superior Court,Tulare County Superior Court,Court Reporters,Court Reporter Real Time Certified,False,True,,0,107831,,107074,,,-98,106976,22546,,,37691,60237,Too Many Formulas to List,https://www.tulare.courts.ca.gov/general-information/human-resources,,08/06/2024,Tulare,,True,
2023,Superior Court,Tulare County Superior Court,Finance/Fiscal,Accountant III,False,True,,87154,105383,,107765,,,-1342,106423,22690,,,14462,37152,Too Many Formulas to List,https://www.tulare.courts.ca.gov/general-information/human-resources,,08/06/2024,Tulare,,True,
2023,Superior Court,Tulare County Superior Court,Family Court Services,Child Custody Recommending Counselor II B,False,True,,87154,105383,,107765,,,-1626,106139,22925,,,37691,60616,Too Many Formulas to List,https://www.tulare.courts.ca.gov/general-information/human-resources,,08/06/2024,Tulare,,True,
2023,Superior Court,Tulare County Superior Court,Family Court Services,Child Custody Recommending Counselor II,False,True,,87154,105383,,107765,,,-1649,106116,22690,,,37691,60381,Too Many Formulas to List,https://www.tulare.courts.ca.gov/general-information/human-resources,,08/06/2024,Tulare,,True,
2023,Superior Court,Tulare County Superior Court,Family Court Services,Child Custody Recommending Counselor II,False,True,,87154,105383,,107745,,,-2074,105671,22690,,,37691,60381,Too Many Formulas to List,https://www.tulare.courts.ca.gov/general-information/human-resources,,08/06/2024,Tulare,,True,
2023,Superior Court,Tulare County Superior Court,Court Reporters,Court Reporter Real Time Certified,False,True,,0,107831,,105923,,,-370,105553,21833,,,26833,48666,Too Many Formulas to List,https://www.tulare.courts.ca.gov/general-information/human-resources,,08/06/2024,Tulare,,True,
2023,Superior Court,Tulare County Superior Court,Finance/Fiscal,Court Financial Officer,False,True,,131498,160125,,107236,,,-1935,105301,22735,,,18463,41198,Too Many Formulas to List,https://www.tulare.courts.ca.gov/general-information/human-resources,,08/06/2024,Tulare,,True,
2023,Superior Court,Tulare County Superior Court,Family Court Services,Child Custody Recommending Counselor II,False,True,,87154,105383,,104988,,,-173,104815,22690,,,37691,60381,Too Many Formulas to List,https://www.tulare.courts.ca.gov/general-information/human-resources,,08/06/2024,Tulare,,True,
2023,Superior Court,Tulare County Superior Court,Court Reporters,Court Reporter Real Time,False,True,,0,101724,,104215,,,24,104239,21246,,,14462,35708,Too Many Formulas to List,https://www.tulare.courts.ca.gov/general-information/human-resources,,08/06/2024,Tulare,,True,
2023,Superior Court,Tulare County Superior Court,Court Reporters,Court Reporter Real Time,False,True,,0,101724,,104215,,,-1242,102973,21246,,,26833,48079,Too Many Formulas to List,https://www.tulare.courts.ca.gov/general-information/human-resources,,08/06/2024,Tulare,,True,
2023,Superior Court,Tulare County Superior Court,Court Reporters,Court Reporter Real Time,False,True,,0,101724,,104215,,,-1604,102611,21246,,,37691,58937,Too Many Formulas to List,https://www.tulare.courts.ca.gov/general-information/human-resources,,08/06/2024,Tulare,,True,
2023,Superior Court,Tulare County Superior Court,Executive Office,Safety And Risk Management Analyst,False,True,,80812,97654,,100264,,,2244,102508,21838,,,37691,59529,Too Many Formulas to List,https://www.tulare.courts.ca.gov/general-information/human-resources,,08/06/2024,Tulare,,True,
2023,Superior Court,Tulare County Superior Court,Court Reporters,Court Reporter Real Time,False,True,,0,101724,,104215,,,-2042,102173,21934,,,37691,59625,Too Many Formulas to List,https://www.tulare.courts.ca.gov/general-information/human-resources,,08/06/2024,Tulare,,True,
2023,Superior Court,Tulare County Superior Court,Family Court Services,Court Investigator,False,True,,87154,105383,,103917,,,-2166,101751,21969,,,26833,48802,Too Many Formulas to List,https://www.tulare.courts.ca.gov/general-information/human-resources,,08/06/2024,Tulare,,True,
2023,Superior Court,Tulare County Superior Court,Court Reporters,Court Reporter Real Time,False,True,,0,101724,,104215,,,-2939,101276,21246,,,37691,58937,Too Many Formulas to List,https://www.tulare.courts.ca.gov/general-information/human-resources,,08/06/2024,Tulare,,True,
2023,Superior Court,Tulare County Superior Court,Family Court Services,Child Custody Recommending Counselor II,False,True,,87154,105383,,91552,,5620,2997,100169,20084,,,22576,42660,Too Many Formulas to List,https://www.tulare.courts.ca.gov/general-information/human-resources,,08/06/2024,Tulare,,True,
2023,Superior Court,Tulare County Superior Court,Court Reporters,Court Reporter Non Real Time,False,True,,0,97005,,99635,,,0,99635,20314,,,26833,47147,Too Many Formulas to List,https://www.tulare.courts.ca.gov/general-information/human-resources,,08/06/2024,Tulare,,True,
2023,Superior Court,Tulare County Superior Court,Court Reporters,Court Reporter Non Real Time,False,True,,0,97005,,99635,,,-1042,98593,20314,,,14462,34776,Too Many Formulas to List,https://www.tulare.courts.ca.gov/general-information/human-resources,,08/06/2024,Tulare,,True,
2023,Superior Court,Tulare County Superior Court,Judge's Retire System Member,"Judge, Superior Court",True,True,,228979,238479,,98322,0,0,-46,98276,0,,,4658,4658,Judicial Retirement System,https://www.tulare.courts.ca.gov/general-information/human-resources,,08/06/2024,Tulare,,True,
2023,Superior Court,Tulare County Superior Court,Interpreters,Court Interpreter Full Time,False,True,,88972,94382,,98245,,,-262,97983,20659,,,37691,58350,Too Many Formulas to List,https://www.tulare.courts.ca.gov/general-information/human-resources,,08/06/2024,Tulare,,True,
2023,Superior Court,Tulare County Superior Court,Court Reporters,Court Reporter Real Time,False,True,,0,101724,,104210,,,-6912,97298,21246,,,37691,58937,Too Many Formulas to List,https://www.tulare.courts.ca.gov/general-information/human-resources,,08/06/2024,Tulare,,True,
2023,Superior Court,Tulare County Superior Court,Interpreters,Court Interpreter Full Time,False,True,,88972,94382,,94465,,,-742,93723,19397,,,26833,46230,Too Many Formulas to List,https://www.tulare.courts.ca.gov/general-information/human-resources,,08/06/2024,Tulare,,True,
2023,Superior Court,Tulare County Superior Court,Family Court Services,Court Investigator Bilingual,False,True,,87154,105383,,93708,,,-429,93279,19333,,,37691,57024,Too Many Formulas to List,https://www.tulare.courts.ca.gov/general-information/human-resources,,08/06/2024,Tulare,,True,
2023,Superior Court,Tulare County Superior Court,Family Court Services,Court Investigator,False,True,,87154,105383,,96676,,,-3597,93079,19719,,,14462,34181,Too Many Formulas to List,https://www.tulare.courts.ca.gov/general-information/human-resources,,08/06/2024,Tulare,,True,
2023,Superior Court,Tulare County Superior Court,Family Court Services,Child Custody Recommending Counselor II,False,True,,87154,105383,,96184,,,-3434,92750,19620,,,37691,57311,Too Many Formulas to List,https://www.tulare.courts.ca.gov/general-information/human-resources,,08/06/2024,Tulare,,True,
2023,Superior Court,Tulare County Superior Court,Court Reporters,Court Reporter Real Time,False,True,,0,101724,,100034,,,-8443,91591,21246,,,37691,58937,Too Many Formulas to List,https://www.tulare.courts.ca.gov/general-information/human-resources,,08/06/2024,Tulare,,True,
2023,Superior Court,Tulare County Superior Court,Family Court Services,Court Investigator,False,True,,87154,105383,,93087,,,-3283,89804,19719,,,37691,57410,Too Many Formulas to List,https://www.tulare.courts.ca.gov/general-information/human-resources,,08/06/2024,Tulare,,True,
2023,Superior Court,Tulare County Superior Court,Human Resources,Human Resources Specialist,False,True,,70778,85421,,88393,,,849,89242,19357,,,26833,46190,Too Many Formulas to List,https://www.tulare.courts.ca.gov/general-information/human-resources,,08/06/2024,Tulare,,True,
2023,Superior Court,Tulare County Superior Court,Court Reporters,Court Reporter Real Time,False,True,,0,101724,,94683,,,-5695,88988,20497,,,37691,58188,Too Many Formulas to List,https://www.tulare.courts.ca.gov/general-information/human-resources,,08/06/2024,Tulare,,True,
2023,Superior Court,Tulare County Superior Court,Court Reporters,Court Reporter Real Time Certified,False,True,,0,107831,,90322,,,-1496,88826,19541,,,14462,34003,Too Many Formulas to List,https://www.tulare.courts.ca.gov/general-information/human-resources,,08/06/2024,Tulare,,True,
2023,Superior Court,Tulare County Superior Court,Information Technology,Infrastructure And Security Analyst III,False,True,,93040,113393,,88280,,,366,88646,18540,,,28288,46828,Too Many Formulas to List,https://www.tulare.courts.ca.gov/general-information/human-resources,,08/06/2024,Tulare,,True,
2023,Superior Court,Tulare County Superior Court,Legal Filings Division,Court Manager I,False,True,,71463,86253,,87128,,,528,87656,19480,,,26852,46332,Too Many Formulas to List,https://www.tulare.courts.ca.gov/general-information/human-resources,,08/06/2024,Tulare,,True,
2023,Superior Court,Tulare County Superior Court,Legal Filings Division,Court Manager II,False,True,,81596,98600,,78430,,,8750,87180,18159,,,20526,38685,Too Many Formulas to List,https://www.tulare.courts.ca.gov/general-information/human-resources,,08/06/2024,Tulare,,True,
2023,Superior Court,Tulare County Superior Court,Court Reporters,Court Reporter Real Time,False,True,,0,101724,,88654,,,-1988,86666,22681,,,26833,49514,Too Many Formulas to List,https://www.tulare.courts.ca.gov/general-information/human-resources,,08/06/2024,Tulare,,True,
2023,Superior Court,Tulare County Superior Court,Human Resources,Human Resources Specialist,False,True,,70778,85421,,88393,,,-2253,86140,18024,,,37691,55715,Too Many Formulas to List,https://www.tulare.courts.ca.gov/general-information/human-resources,,08/06/2024,Tulare,,True,
2023,Superior Court,Tulare County Superior Court,Self Help Center,Family Law Case Coordinator,False,True,,64919,78287,,81470,,,4662,86132,18075,,,37691,55766,Too Many Formulas to List,https://www.tulare.courts.ca.gov/general-information/human-resources,,08/06/2024,Tulare,,True,
2023,Superior Court,Tulare County Superior Court,Information Technology,IT Systems Specialist,False,True,,68613,82784,,80572,,,4134,84706,18762,,,14462,33224,Too Many Formulas to List,https://www.tulare.courts.ca.gov/general-information/human-resources,,08/06/2024,Tulare,,True,
2023,Superior Court,Tulare County Superior Court,Executive Office,Executive Assistant,False,True,,63459,76507,,79743,,,3233,82976,17464,,,37691,55155,Too Many Formulas to List,https://www.tulare.courts.ca.gov/general-information/human-resources,,08/06/2024,Tulare,,True,
2023,Superior Court,Tulare County Superior Court,Finance/Fiscal,Administrative Specialist,False,True,,70778,85421,,82494,,,-124,82370,16830,,,37691,54521,Too Many Formulas to List,https://www.tulare.courts.ca.gov/general-information/human-resources,,08/06/2024,Tulare,,True,
2023,Superior Court,Tulare County Superior Court,Porterville Division,Court Manager I,False,True,,71463,86253,,82399,,,-552,81847,17285,,,37691,54976,Too Many Formulas to List,https://www.tulare.courts.ca.gov/general-information/human-resources,,08/06/2024,Tulare,,True,
2023,Superior Court,Tulare County Superior Court,Interpreters,Court Interpreter Full Time,False,True,,88972,94382,,78573,,,2293,80866,18347,,,26833,45180,Too Many Formulas to List,https://www.tulare.courts.ca.gov/general-information/human-resources,,08/06/2024,Tulare,,True,
2023,Superior Court,Tulare County Superior Court,Research Attorneys,Document Examiner,False,True,,59236,71356,,74746,,,5641,80387,16953,,,26833,43786,Too Many Formulas to List,https://www.tulare.courts.ca.gov/general-information/human-resources,,08/06/2024,Tulare,,True,
2023,Superior Court,Tulare County Superior Court,Information Technology,Infrastructure And Security Analyst I,False,True,,70778,85421,,79617,,,630,80247,16243,,,14462,30705,Too Many Formulas to List,https://www.tulare.courts.ca.gov/general-information/human-resources,,08/06/2024,Tulare,,True,
2023,Superior Court,Tulare County Superior Court,Courtroom Support,Court Manager II,False,True,,81596,98600,,74783,,6078,-961,79900,15662,,,28288,43950,Too Many Formulas to List,https://www.tulare.courts.ca.gov/general-information/human-resources,,08/06/2024,Tulare,,True,
2023,Superior Court,Tulare County Superior Court,Court Reporters,Director Of Court Administration,False,True,,118980,144165,,72699,,,6086,78785,16458,,,18846,35304,Too Many Formulas to List,https://www.tulare.courts.ca.gov/general-information/human-resources,,08/06/2024,Tulare,,True,
2023,Superior Court,Tulare County Superior Court,Information Technology,Infrastructure And Security Analyst I,False,True,,70778,85421,,75969,,,630,76599,15501,,,37717,53218,Too Many Formulas to List,https://www.tulare.courts.ca.gov/general-information/human-resources,,08/06/2024,Tulare,,True,
2023,Superior Court,Tulare County Superior Court,Courtroom Support,Court Manager I,False,True,,71463,86253,,72614,,,3550,76164,16211,,,30284,46495,Too Many Formulas to List,https://www.tulare.courts.ca.gov/general-information/human-resources,,08/06/2024,Tulare,,True,
2023,Superior Court,Tulare County Superior Court,Executive Office,Director Of Court Administration,False,True,,118980,144165,,72700,,,2784,75484,16458,,,18846,35304,Too Many Formulas to List,https://www.tulare.courts.ca.gov/general-information/human-resources,,08/06/2024,Tulare,,True,
2023,Superior Court,Tulare County Superior Court,Legal Filings Division,Supervising Clerk,False,True,,61096,73628,,76950,,,-1731,75219,16407,,,14462,30869,Too Many Formulas to List,https://www.tulare.courts.ca.gov/general-information/human-resources,,08/06/2024,Tulare,,True,
2023,Superior Court,Tulare County Superior Court,AB 1058-Commissioner,"Courtroom Clerk, Senior",False,True,,55952,67355,,70863,9,,3838,74710,16144,,,37691,53835,Too Many Formulas to List,https://www.tulare.courts.ca.gov/general-information/human-resources,,08/06/2024,Tulare,,True,
2023,Superior Court,Tulare County Superior Court,Research Attorneys,Document Examiner,False,True,,59236,71356,,74746,,,-89,74657,15652,,,37691,53343,Too Many Formulas to List,https://www.tulare.courts.ca.gov/general-information/human-resources,,08/06/2024,Tulare,,True,
2023,Superior Court,Tulare County Superior Court,Collections Division,"Collector, Senior",False,True,,55952,67355,,70863,,,3641,74504,16406,,,26833,43239,Too Many Formulas to List,https://www.tulare.courts.ca.gov/general-information/human-resources,,08/06/2024,Tulare,,True,
2023,Superior Court,Tulare County Superior Court,AB 1058-Facilitor,Paralegal B,False,True,,59236,71356,,74746,,,-442,74304,15469,,,37691,53160,Too Many Formulas to List,https://www.tulare.courts.ca.gov/general-information/human-resources,,08/06/2024,Tulare,,True,
2023,Superior Court,Tulare County Superior Court,Research Attorneys,Document Examiner,False,True,,59236,71356,,74746,,,-770,73976,15652,,,26833,42485,Too Many Formulas to List,https://www.tulare.courts.ca.gov/general-information/human-resources,,08/06/2024,Tulare,,True,
2023,Superior Court,Tulare County Superior Court,Courtroom Support,"Courtroom Clerk, Senior",False,True,,55952,67355,,70613,,,3107,73720,15571,,,14462,30033,Too Many Formulas to List,https://www.tulare.courts.ca.gov/general-information/human-resources,,08/06/2024,Tulare,,True,
2023,Superior Court,Tulare County Superior Court,Porterville Division,"Courtroom Clerk, Senior",False,True,,55952,67355,,70863,,,1977,72840,15571,,,37691,53262,Too Many Formulas to List,https://www.tulare.courts.ca.gov/general-information/human-resources,,08/06/2024,Tulare,,True,
2023,Superior Court,Tulare County Superior Court,Juvenile Division,"Courtroom Clerk, Senior",False,True,,55952,67355,,70863,,,1741,72604,15571,,,26833,42404,Too Many Formulas to List,https://www.tulare.courts.ca.gov/general-information/human-resources,,08/06/2024,Tulare,,True,
2023,Superior Court,Tulare County Superior Court,Juvenile Division,"Courtroom Clerk, Senior",False,True,,55952,67355,,70853,5,,1370,72228,15571,,,26833,42404,Too Many Formulas to List,https://www.tulare.courts.ca.gov/general-information/human-resources,,08/06/2024,Tulare,,True,
2023,Superior Court,Tulare County Superior Court,Porterville Division,Court Manager I,False,True,,71463,86253,,72614,,,-993,71621,15205,,,30284,45489,Too Many Formulas to List,https://www.tulare.courts.ca.gov/general-information/human-resources,,08/06/2024,Tulare,,True,
2023,Superior Court,Tulare County Superior Court,AB 1058-Facilitor,Paralegal,False,True,,59236,71356,,73454,,,-2200,71254,15245,,,14462,29707,Too Many Formulas to List,https://www.tulare.courts.ca.gov/general-information/human-resources,,08/06/2024,Tulare,,True,
2023,Superior Court,Tulare County Superior Court,Research Attorneys,Document Examiner,False,True,,59236,71356,,74060,,,-3042,71018,15245,,,26833,42078,Too Many Formulas to List,https://www.tulare.courts.ca.gov/general-information/human-resources,,08/06/2024,Tulare,,True,
2023,Superior Court,Tulare County Superior Court,Courtroom Support,"Courtroom Clerk, Senior",False,True,,55952,67355,,70863,,,0,70863,14824,,,26833,41657,Too Many Formulas to List,https://www.tulare.courts.ca.gov/general-information/human-resources,,08/06/2024,Tulare,,True,
2023,Superior Court,Tulare County Superior Court,Judge's Retire System Member,"Judge, Superior Court",True,True,,228979,238479,,70844,0,0,0,70844,0,,,462,462,Judicial Retirement System,https://www.tulare.courts.ca.gov/general-information/human-resources,,08/06/2024,Tulare,,True,
2023,Superior Court,Tulare County Superior Court,Courtroom Support,"Courtroom Clerk, Senior",False,True,,55952,67355,,70723,,,-263,70460,14454,,,37691,52145,Too Many Formulas to List,https://www.tulare.courts.ca.gov/general-information/human-resources,,08/06/2024,Tulare,,True,
2023,Superior Court,Tulare County Superior Court,Research Attorneys,Document Examiner,False,True,,59236,71356,,70207,,,-2,70205,14327,,,37691,52018,Too Many Formulas to List,https://www.tulare.courts.ca.gov/general-information/human-resources,,08/06/2024,Tulare,,True,
2023,Superior Court,Tulare County Superior Court,Self Help Center,Paralegal,False,True,,59236,71356,,69699,,,0,69699,14664,,,37691,52355,Too Many Formulas to List,https://www.tulare.courts.ca.gov/general-information/human-resources,,08/06/2024,Tulare,,True,
2023,Superior Court,Tulare County Superior Court,Courtroom Support,"Courtroom Clerk, Senior",False,True,,55952,67355,,70858,,,-1242,69616,14824,,,26833,41657,Too Many Formulas to List,https://www.tulare.courts.ca.gov/general-information/human-resources,,08/06/2024,Tulare,,True,
2023,Superior Court,Tulare County Superior Court,Information Technology,Infrastructure And Security Analyst III,False,True,,93040,113393,,69409,,,-57,69352,14363,,,21915,36278,Too Many Formulas to List,https://www.tulare.courts.ca.gov/general-information/human-resources,,08/06/2024,Tulare,,True,
2023,Superior Court,Tulare County Superior Court,Finance/Fiscal,Finance Technician II,False,True,,56786,68372,,71849,3,,-3092,68760,15034,,,37691,52725,Too Many Formulas to List,https://www.tulare.courts.ca.gov/general-information/human-resources,,08/06/2024,Tulare,,True,
2023,Superior Court,Tulare County Superior Court,Collections Division,Collector II B,False,True,,51212,61580,,65258,,,3491,68749,14610,,,37691,52301,Too Many Formulas to List,https://www.tulare.courts.ca.gov/general-information/human-resources,,08/06/2024,Tulare,,True,
2023,Superior Court,Tulare County Superior Court,Pre-Trial Facility,Courtroom Clerk,False,True,,51212,61580,,65258,,,3415,68673,14376,,,26833,41209,Too Many Formulas to List,https://www.tulare.courts.ca.gov/general-information/human-resources,,08/06/2024,Tulare,,True,
2023,Superior Court,Tulare County Superior Court,Porterville Division,Courtroom Clerk,False,True,,51212,61580,,65258,,,3050,68308,14376,,,14462,28838,Too Many Formulas to List,https://www.tulare.courts.ca.gov/general-information/human-resources,,08/06/2024,Tulare,,True,
2023,Superior Court,Tulare County Superior Court,AB 1058-Commissioner,Courtroom Clerk,False,True,,51212,61580,,64175,,,3317,67492,14376,,,37691,52067,Too Many Formulas to List,https://www.tulare.courts.ca.gov/general-information/human-resources,,08/06/2024,Tulare,,True,
2023,Superior Court,Tulare County Superior Court,Courtroom Support,Courtroom Clerk,False,True,,51212,61580,,65258,,,1891,67149,14376,,,26833,41209,Too Many Formulas to List,https://www.tulare.courts.ca.gov/general-information/human-resources,,08/06/2024,Tulare,,True,
2023,Superior Court,Tulare County Superior Court,Juvenile Division,Courtroom Clerk,False,True,,51212,61580,,65258,,,1705,66963,14376,,,37691,52067,Too Many Formulas to List,https://www.tulare.courts.ca.gov/general-information/human-resources,,08/06/2024,Tulare,,True,
2023,Superior Court,Tulare County Superior Court,Information Technology,Case Management System Administrator II,False,True,,91803,111008,,66306,,,647,66953,14113,,,21915,36028,Too Many Formulas to List,https://www.tulare.courts.ca.gov/general-information/human-resources,,08/06/2024,Tulare,,True,
2023,Superior Court,Tulare County Superior Court,Juvenile Division,Courtroom Clerk,False,True,,51212,61580,,65258,,,1334,66592,14376,,,37691,52067,Too Many Formulas to List,https://www.tulare.courts.ca.gov/general-information/human-resources,,08/06/2024,Tulare,,True,
2023,Superior Court,Tulare County Superior Court,Courtroom Support,Courtroom Clerk,False,True,,51212,61580,,65258,,,1100,66358,14376,,,26833,41209,Too Many Formulas to List,https://www.tulare.courts.ca.gov/general-information/human-resources,,08/06/2024,Tulare,,True,
2023,Superior Court,Tulare County Superior Court,AB 1058-Facilitor,Paralegal,False,True,,59236,71356,,66513,,,-248,66265,13907,,,23624,37531,Too Many Formulas to List,https://www.tulare.courts.ca.gov/general-information/human-resources,,08/06/2024,Tulare,,True,
2023,Superior Court,Tulare County Superior Court,Courtroom Support,Courtroom Clerk,False,True,,51212,61580,,65258,,,948,66206,14376,,,37691,52067,Too Many Formulas to List,https://www.tulare.courts.ca.gov/general-information/human-resources,,08/06/2024,Tulare,,True,
2023,Superior Court,Tulare County Superior Court,Courtroom Support,Courtroom Clerk,False,True,,51212,61580,,63896,,,2055,65951,14376,,,14462,28838,Too Many Formulas to List,https://www.tulare.courts.ca.gov/general-information/human-resources,,08/06/2024,Tulare,,True,
2023,Superior Court,Tulare County Superior Court,Courtroom Support,Courtroom Clerk,False,True,,51212,61580,,63174,,,2614,65788,14376,,,26833,41209,Too Many Formulas to List,https://www.tulare.courts.ca.gov/general-information/human-resources,,08/06/2024,Tulare,,True,
2023,Superior Court,Tulare County Superior Court,Porterville Division,Courtroom Clerk,False,True,,51212,61580,,65258,,,358,65616,13868,,,37691,51559,Too Many Formulas to List,https://www.tulare.courts.ca.gov/general-information/human-resources,,08/06/2024,Tulare,,True,
2023,Superior Court,Tulare County Superior Court,Porterville Division,Courtroom Clerk,False,True,,51212,61580,,65258,,,7,65265,13313,,,14462,27775,Too Many Formulas to List,https://www.tulare.courts.ca.gov/general-information/human-resources,,08/06/2024,Tulare,,True,
2023,Superior Court,Tulare County Superior Court,Courtroom Support,Courtroom Clerk,False,True,,51212,61580,,65258,,,0,65258,13629,,,37691,51320,Too Many Formulas to List,https://www.tulare.courts.ca.gov/general-information/human-resources,,08/06/2024,Tulare,,True,
2023,Superior Court,Tulare County Superior Court,Porterville Division,Courtroom Clerk,False,True,,51212,61580,,65258,,,0,65258,13629,,,37691,51320,Too Many Formulas to List,https://www.tulare.courts.ca.gov/general-information/human-resources,,08/06/2024,Tulare,,True,
2023,Superior Court,Tulare County Superior Court,Courtroom Support,Courtroom Clerk,False,True,,51212,61580,,65258,,,0,65258,13313,,,26833,40146,Too Many Formulas to List,https://www.tulare.courts.ca.gov/general-information/human-resources,,08/06/2024,Tulare,,True,
2023,Superior Court,Tulare County Superior Court,Porterville Division,Courtroom Clerk,False,True,,51212,61580,,65258,,,-1,65257,13629,,,37691,51320,Too Many Formulas to List,https://www.tulare.courts.ca.gov/general-information/human-resources,,08/06/2024,Tulare,,True,
2023,Superior Court,Tulare County Superior Court,Porterville Division,Courtroom Clerk,False,True,,51212,61580,,64536,19,,8,64563,13169,,,37691,50860,Too Many Formulas to List,https://www.tulare.courts.ca.gov/general-information/human-resources,,08/06/2024,Tulare,,True,
2023,Superior Court,Tulare County Superior Court,Collections Division,Collector I,False,True,,46342,55644,,59498,,,5000,64498,13580,,,35001,48581,Too Many Formulas to List,https://www.tulare.courts.ca.gov/general-information/human-resources,,08/06/2024,Tulare,,True,
2023,Superior Court,Tulare County Superior Court,Porterville Division,Court Clerk,False,True,,46771,56168,,60006,,,4305,64311,13693,,,14462,28155,Too Many Formulas to List,https://www.tulare.courts.ca.gov/general-information/human-resources,,08/06/2024,Tulare,,True,
2023,Superior Court,Tulare County Superior Court,Porterville Division,Courtroom Clerk,False,True,,51212,61580,,64639,,,-564,64075,13499,,,26833,40332,Too Many Formulas to List,https://www.tulare.courts.ca.gov/general-information/human-resources,,08/06/2024,Tulare,,True,
2023,Superior Court,Tulare County Superior Court,Collections Division,Collector I B,False,True,,46342,55644,,59498,,,4333,63831,13382,,,37691,51073,Too Many Formulas to List,https://www.tulare.courts.ca.gov/general-information/human-resources,,08/06/2024,Tulare,,True,
2023,Superior Court,Tulare County Superior Court,Appeals Division,Exhibit Clerk II,False,True,,51212,61580,,62295,,,1336,63631,13313,,,37691,51004,Too Many Formulas to List,https://www.tulare.courts.ca.gov/general-information/human-resources,,08/06/2024,Tulare,,True,
2023,Superior Court,Tulare County Superior Court,Pre-Trial Facility,Court Clerk,False,True,,46771,56168,,60006,,,3317,63323,13256,,,37691,50947,Too Many Formulas to List,https://www.tulare.courts.ca.gov/general-information/human-resources,,08/06/2024,Tulare,,True,
2023,Superior Court,Tulare County Superior Court,Collections Division,Collector I,False,True,,46342,55644,,59498,,,3415,62913,13148,,,26833,39981,Too Many Formulas to List,https://www.tulare.courts.ca.gov/general-information/human-resources,,08/06/2024,Tulare,,True,
2023,Superior Court,Tulare County Superior Court,Porterville Division,Courtroom Clerk,False,True,,51212,61580,,65258,3,,-2640,62621,13629,,,37691,51320,Too Many Formulas to List,https://www.tulare.courts.ca.gov/general-information/human-resources,,08/06/2024,Tulare,,True,
2023,Superior Court,Tulare County Superior Court,Porterville Division,Court Clerk,False,True,,46771,56168,,60006,,,2589,62595,13256,,,37691,50947,Too Many Formulas to List,https://www.tulare.courts.ca.gov/general-information/human-resources,,08/06/2024,Tulare,,True,
2023,Superior Court,Tulare County Superior Court,Juvenile Division,Courtroom Clerk,False,True,,51212,61580,,62408,,,-3,62405,13313,,,37691,51004,Too Many Formulas to List,https://www.tulare.courts.ca.gov/general-information/human-resources,,08/06/2024,Tulare,,True,
2023,Superior Court,Tulare County Superior Court,Porterville Division,Court Clerk,False,True,,46771,56168,,60006,,,2217,62223,13256,,,37691,50947,Too Many Formulas to List,https://www.tulare.courts.ca.gov/general-information/human-resources,,08/06/2024,Tulare,,True,
2023,Superior Court,Tulare County Superior Court,Courtroom Support,Courtroom Clerk,False,True,,51212,61580,,65258,,,-3050,62208,13313,,,14462,27775,Too Many Formulas to List,https://www.tulare.courts.ca.gov/general-information/human-resources,,08/06/2024,Tulare,,True,
2023,Superior Court,Tulare County Superior Court,Visalia Division,Legal Processing Clerk III,False,True,,44485,53379,,56406,,,5679,62085,12979,,,26833,39812,Too Many Formulas to List,https://www.tulare.courts.ca.gov/general-information/human-resources,,08/06/2024,Tulare,,True,
2023,Superior Court,Tulare County Superior Court,Courtroom Support,Courtroom Clerk,False,True,,51212,61580,,65258,,,-3205,62053,13629,,,26833,40462,Too Many Formulas to List,https://www.tulare.courts.ca.gov/general-information/human-resources,,08/06/2024,Tulare,,True,
2023,Superior Court,Tulare County Superior Court,Courtroom Support,Courtroom Clerk,False,True,,51212,61580,,65258,,,-3242,62016,13629,,,37691,51320,Too Many Formulas to List,https://www.tulare.courts.ca.gov/general-information/human-resources,,08/06/2024,Tulare,,True,
2023,Superior Court,Tulare County Superior Court,Appeals Division,Appeals Clerk,False,True,,46771,56168,,60006,,,1973,61979,13256,,,37691,50947,Too Many Formulas to List,https://www.tulare.courts.ca.gov/general-information/human-resources,,08/06/2024,Tulare,,True,
2023,Superior Court,Tulare County Superior Court,Porterville Division,Court Clerk,False,True,,46771,56168,,60006,,,1464,61470,13256,,,14462,27718,Too Many Formulas to List,https://www.tulare.courts.ca.gov/general-information/human-resources,,08/06/2024,Tulare,,True,
2023,Superior Court,Tulare County Superior Court,Collections Division,Collections Supervisor,False,True,,61096,73628,,63845,,,-2490,61355,13041,,,37718,50759,Too Many Formulas to List,https://www.tulare.courts.ca.gov/general-information/human-resources,,08/06/2024,Tulare,,True,
2023,Superior Court,Tulare County Superior Court,Visalia Division,Legal Processing Clerk III B,False,True,,44485,53379,,56406,,,4515,60921,12724,,,37691,50415,Too Many Formulas to List,https://www.tulare.courts.ca.gov/general-information/human-resources,,08/06/2024,Tulare,,True,
2023,Superior Court,Tulare County Superior Court,Juvenile Division,Legal Processing Clerk III B,False,True,,44485,53379,,56406,,,4428,60834,12724,,,37691,50415,Too Many Formulas to List,https://www.tulare.courts.ca.gov/general-information/human-resources,,08/06/2024,Tulare,,True,
2023,Superior Court,Tulare County Superior Court,Visalia Division,Court Clerk,False,True,,46771,56168,,59095,,,1293,60388,13256,,,37691,50947,Too Many Formulas to List,https://www.tulare.courts.ca.gov/general-information/human-resources,,08/06/2024,Tulare,,True,
2023,Superior Court,Tulare County Superior Court,Courtroom Support,Courtroom Clerk,False,True,,51212,61580,,63356,3,,-3036,60323,13169,,,37691,50860,Too Many Formulas to List,https://www.tulare.courts.ca.gov/general-information/human-resources,,08/06/2024,Tulare,,True,
2023,Superior Court,Tulare County Superior Court,Information Technology,IT Systems Technician I,False,True,,57822,69634,,60284,,,0,60284,12402,,,37718,50120,Too Many Formulas to List,https://www.tulare.courts.ca.gov/general-information/human-resources,,08/06/2024,Tulare,,True,
2023,Superior Court,Tulare County Superior Court,Visalia Division,Court Manager II,False,True,,81596,98600,,58822,,,1382,60204,12616,,,21625,34241,Too Many Formulas to List,https://www.tulare.courts.ca.gov/general-information/human-resources,,08/06/2024,Tulare,,True,
2023,Superior Court,Tulare County Superior Court,Courtroom Support,Courtroom Clerk,False,True,,51212,61580,,58111,,,1961,60072,11860,,,14462,26322,Too Many Formulas to List,https://www.tulare.courts.ca.gov/general-information/human-resources,,08/06/2024,Tulare,,True,
2023,Superior Court,Tulare County Superior Court,Pre-Trial Facility,Courtroom Clerk,False,True,,51212,61580,,61569,21,,-1550,60040,12566,,,37691,50257,Too Many Formulas to List,https://www.tulare.courts.ca.gov/general-information/human-resources,,08/06/2024,Tulare,,True,
2023,Superior Court,Tulare County Superior Court,Legal Filings Division,Court Clerk,False,True,,46771,56168,,59918,,,-140,59778,12509,,,37691,50200,Too Many Formulas to List,https://www.tulare.courts.ca.gov/general-information/human-resources,,08/06/2024,Tulare,,True,
2023,Superior Court,Tulare County Superior Court,Courtroom Support,Courtroom Clerk,False,True,,51212,61580,,62184,,,-2621,59563,13313,,,37691,51004,Too Many Formulas to List,https://www.tulare.courts.ca.gov/general-information/human-resources,,08/06/2024,Tulare,,True,
2023,Superior Court,Tulare County Superior Court,Self Help Center,Paralegal B,False,True,,59236,71356,,58600,,,915,59515,13027,,,37691,50718,Too Many Formulas to List,https://www.tulare.courts.ca.gov/general-information/human-resources,,08/06/2024,Tulare,,True,
2023,Superior Court,Tulare County Superior Court,Porterville Division,Court Clerk,False,True,,46771,56168,,60006,,,-785,59221,13256,,,37691,50947,Too Many Formulas to List,https://www.tulare.courts.ca.gov/general-information/human-resources,,08/06/2024,Tulare,,True,
2023,Superior Court,Tulare County Superior Court,Collections Division,Collector I,False,True,,46342,55644,,58670,,,493,59163,13148,,,29569,42717,Too Many Formulas to List,https://www.tulare.courts.ca.gov/general-information/human-resources,,08/06/2024,Tulare,,True,
2023,Superior Court,Tulare County Superior Court,Judge's Retire System Member,"Judge, Superior Court",True,True,,228979,238479,,59256,0,0,-201,59055,0,,,7781,7781,Judicial Retirement System,https://www.tulare.courts.ca.gov/general-information/human-resources,,08/06/2024,Tulare,,True,
2023,Superior Court,Tulare County Superior Court,AB 1058-Commissioner,Commissioner,False,True,,0,202706,,31742,,24774,2264,58780,7240,,,9937,17177,Too Many Formulas to List,https://www.tulare.courts.ca.gov/general-information/human-resources,,08/06/2024,Tulare,,True,
2023,Superior Court,Tulare County Superior Court,Porterville Division,"Courtroom Clerk, Senior",False,True,,55952,67355,,57910,,,828,58738,12683,,,30284,42967,Too Many Formulas to List,https://www.tulare.courts.ca.gov/general-information/human-resources,,08/06/2024,Tulare,,True,
2023,Superior Court,Tulare County Superior Court,Executive Office,Judicial Secretary,False,True,,51503,61936,,58599,,,-51,58548,11960,,,26833,38793,Too Many Formulas to List,https://www.tulare.courts.ca.gov/general-information/human-resources,,08/06/2024,Tulare,,True,
2023,Superior Court,Tulare County Superior Court,Appeals Division,Appeals Clerk,False,True,,46771,56168,,60006,,,-1592,58414,12244,,,37691,49935,Too Many Formulas to List,https://www.tulare.courts.ca.gov/general-information/human-resources,,08/06/2024,Tulare,,True,
2023,Superior Court,Tulare County Superior Court,Porterville Division,Courtroom Clerk,False,True,,51212,61580,,59603,,,-1236,58367,12163,,,37691,49854,Too Many Formulas to List,https://www.tulare.courts.ca.gov/general-information/human-resources,,08/06/2024,Tulare,,True,
2023,Superior Court,Tulare County Superior Court,Courtroom Support,Courtroom Clerk,False,True,,51212,61580,,64649,,,-6601,58048,13629,,,37691,51320,Too Many Formulas to List,https://www.tulare.courts.ca.gov/general-information/human-resources,,08/06/2024,Tulare,,True,
2023,Superior Court,Tulare County Superior Court,Porterville Division,Court Manager II,False,True,,81596,98600,,56413,,,1371,57784,12475,,,21625,34100,Too Many Formulas to List,https://www.tulare.courts.ca.gov/general-information/human-resources,,08/06/2024,Tulare,,True,
2023,Superior Court,Tulare County Superior Court,Courtroom Support,Courtroom Clerk,False,True,,51212,61580,,58577,,,-846,57731,12177,,,37691,49868,Too Many Formulas to List,https://www.tulare.courts.ca.gov/general-information/human-resources,,08/06/2024,Tulare,,True,
2023,Superior Court,Tulare County Superior Court,Appeals Division,Appeals Clerk,False,True,,46771,56168,,57750,,,-42,57708,12349,,,1996,14345,Too Many Formulas to List,https://www.tulare.courts.ca.gov/general-information/human-resources,,08/06/2024,Tulare,,True,
2023,Superior Court,Tulare County Superior Court,Courtroom Support,Courtroom Clerk,False,True,,51212,61580,,57440,,,-23,57417,11721,,,37691,49412,Too Many Formulas to List,https://www.tulare.courts.ca.gov/general-information/human-resources,,08/06/2024,Tulare,,True,
2023,Superior Court,Tulare County Superior Court,Porterville Division,Supervising Clerk,False,True,,61096,73628,,57674,93,,-750,57017,11713,,,30284,41997,Too Many Formulas to List,https://www.tulare.courts.ca.gov/general-information/human-resources,,08/06/2024,Tulare,,True,
2023,Superior Court,Tulare County Superior Court,Courtroom Support,Legal Processing Clerk II,False,True,,40720,48788,,52034,,,4677,56711,11928,,,,11928,Too Many Formulas to List,https://www.tulare.courts.ca.gov/general-information/human-resources,,08/06/2024,Tulare,,True,
2023,Superior Court,Tulare County Superior Court,Legal Filings Division,Legal Processing Clerk II B,False,True,,40720,48788,,52034,,,4604,56638,11792,,,14462,26254,Too Many Formulas to List,https://www.tulare.courts.ca.gov/general-information/human-resources,,08/06/2024,Tulare,,True,
2023,Superior Court,Tulare County Superior Court,Courtroom Support,Courtroom Clerk,False,True,,51212,61580,,58519,,,-1885,56634,13313,,,26833,40146,Too Many Formulas to List,https://www.tulare.courts.ca.gov/general-information/human-resources,,08/06/2024,Tulare,,True,
2023,Superior Court,Tulare County Superior Court,Visalia Division,Legal Processing Clerk II B,False,True,,40720,48788,,52034,,,4515,56549,11792,,,37691,49483,Too Many Formulas to List,https://www.tulare.courts.ca.gov/general-information/human-resources,,08/06/2024,Tulare,,True,
2023,Superior Court,Tulare County Superior Court,Legal Filings Division,Legal Processing Clerk III,False,True,,44485,53379,,56391,,,16,56407,11512,,,37691,49203,Too Many Formulas to List,https://www.tulare.courts.ca.gov/general-information/human-resources,,08/06/2024,Tulare,,True,
2023,Superior Court,Tulare County Superior Court,Pre-Trial Facility,Court Clerk,False,True,,46771,56168,,56133,,,0,56133,11459,,,37691,49150,Too Many Formulas to List,https://www.tulare.courts.ca.gov/general-information/human-resources,,08/06/2024,Tulare,,True,
2023,Superior Court,Tulare County Superior Court,Jury Services,Legal Processing Clerk II B,False,True,,40720,48788,,51505,,,4537,56042,11792,,,37691,49483,Too Many Formulas to List,https://www.tulare.courts.ca.gov/general-information/human-resources,,08/06/2024,Tulare,,True,
2023,Superior Court,Tulare County Superior Court,Courtroom Support,Courtroom Clerk,False,True,,51212,61580,,56995,,,-1242,55753,11633,,,26833,38466,Too Many Formulas to List,https://www.tulare.courts.ca.gov/general-information/human-resources,,08/06/2024,Tulare,,True,
2023,Superior Court,Tulare County Superior Court,Courtroom Support,Courtroom Clerk,False,True,,51212,61580,,55650,,,0,55650,11633,,,37691,49324,Too Many Formulas to List,https://www.tulare.courts.ca.gov/general-information/human-resources,,08/06/2024,Tulare,,True,
2023,Superior Court,Tulare County Superior Court,Courtroom Support,Legal Processing Clerk II,False,True,,40720,48788,,52034,,,3504,55538,11557,,,14462,26019,Too Many Formulas to List,https://www.tulare.courts.ca.gov/general-information/human-resources,,08/06/2024,Tulare,,True,
2023,Superior Court,Tulare County Superior Court,Visalia Division,Legal Processing Clerk II,False,True,,40720,48788,,52034,,,3504,55538,11557,,,14462,26019,Too Many Formulas to List,https://www.tulare.courts.ca.gov/general-information/human-resources,,08/06/2024,Tulare,,True,
2023,Superior Court,Tulare County Superior Court,Visalia Division,Legal Processing Clerk II B,False,True,,40720,48788,,52034,,,3419,55453,11792,,,32285,44077,Too Many Formulas to List,https://www.tulare.courts.ca.gov/general-information/human-resources,,08/06/2024,Tulare,,True,
2023,Superior Court,Tulare County Superior Court,Pre-Trial Facility,Legal Processing Clerk II,False,True,,40720,48788,,52034,,,3354,55388,11557,,,37691,49248,Too Many Formulas to List,https://www.tulare.courts.ca.gov/general-information/human-resources,,08/06/2024,Tulare,,True,
2023,Superior Court,Tulare County Superior Court,Legal Filings Division,Legal Processing Clerk II,False,True,,40720,48788,,52034,,,3317,55351,11557,,,14462,26019,Too Many Formulas to List,https://www.tulare.courts.ca.gov/general-information/human-resources,,08/06/2024,Tulare,,True,
2023,Superior Court,Tulare County Superior Court,Courtroom Support,Legal Processing Clerk II,False,True,,40720,48788,,52034,,,3003,55037,11557,,,26833,38390,Too Many Formulas to List,https://www.tulare.courts.ca.gov/general-information/human-resources,,08/06/2024,Tulare,,True,
2023,Superior Court,Tulare County Superior Court,Appeals Division,Exhibit Clerk I,False,True,,43489,52171,,56127,,,-1165,54962,11682,,,26833,38515,Too Many Formulas to List,https://www.tulare.courts.ca.gov/general-information/human-resources,,08/06/2024,Tulare,,True,
2023,Superior Court,Tulare County Superior Court,Collections Division,Court Financial Officer,False,True,,131498,160125,,53651,,,248,53899,11280,,,10201,21481,Too Many Formulas to List,https://www.tulare.courts.ca.gov/general-information/human-resources,,08/06/2024,Tulare,,True,
2023,Superior Court,Tulare County Superior Court,Porterville Division,Courtroom Clerk,False,True,,51212,61580,,54500,2,,-1057,53445,11957,,,37691,49648,Too Many Formulas to List,https://www.tulare.courts.ca.gov/general-information/human-resources,,08/06/2024,Tulare,,True,
2023,Superior Court,Tulare County Superior Court,Porterville Division,Legal Processing Clerk III,False,True,,44485,53379,,56405,,,-2997,53408,11512,,,26833,38345,Too Many Formulas to List,https://www.tulare.courts.ca.gov/general-information/human-resources,,08/06/2024,Tulare,,True,
2023,Superior Court,Tulare County Superior Court,Porterville Division,Legal Processing Clerk II,False,True,,40720,48788,,51858,,,1400,53258,10621,,,37691,48312,Too Many Formulas to List,https://www.tulare.courts.ca.gov/general-information/human-resources,,08/06/2024,Tulare,,True,
2023,Superior Court,Tulare County Superior Court,Porterville Division,Legal Processing Clerk II B,False,True,,40720,48788,,52034,,,1100,53134,10846,,,26833,37679,Too Many Formulas to List,https://www.tulare.courts.ca.gov/general-information/human-resources,,08/06/2024,Tulare,,True,
2023,Superior Court,Tulare County Superior Court,Visalia Division,Legal Processing Clerk II B,False,True,,40720,48788,,52034,,,1079,53113,10846,,,37691,48537,Too Many Formulas to List,https://www.tulare.courts.ca.gov/general-information/human-resources,,08/06/2024,Tulare,,True,
2023,Superior Court,Tulare County Superior Court,Courtroom Support,Legal Processing Clerk II B,False,True,,40720,48788,,52034,,,1013,53047,10846,,,37691,48537,Too Many Formulas to List,https://www.tulare.courts.ca.gov/general-information/human-resources,,08/06/2024,Tulare,,True,
2023,Superior Court,Tulare County Superior Court,Porterville Division,Legal Processing Clerk II B,False,True,,40720,48788,,52034,,,1011,53045,11045,,,37691,48736,Too Many Formulas to List,https://www.tulare.courts.ca.gov/general-information/human-resources,,08/06/2024,Tulare,,True,
2023,Superior Court,Tulare County Superior Court,Juvenile Division,Legal Processing Clerk II B,False,True,,40720,48788,,52034,,,854,52888,11792,,,25321,37113,Too Many Formulas to List,https://www.tulare.courts.ca.gov/general-information/human-resources,,08/06/2024,Tulare,,True,
2023,Superior Court,Tulare County Superior Court,Visalia Division,Legal Processing Clerk II,False,True,,40720,48788,,52034,,,107,52141,10811,,,26833,37644,Too Many Formulas to List,https://www.tulare.courts.ca.gov/general-information/human-resources,,08/06/2024,Tulare,,True,
2023,Superior Court,Tulare County Superior Court,Porterville Division,Legal Processing Clerk II B,False,True,,40720,48788,,52034,,,63,52097,10846,,,37691,48537,Too Many Formulas to List,https://www.tulare.courts.ca.gov/general-information/human-resources,,08/06/2024,Tulare,,True,
2023,Superior Court,Tulare County Superior Court,Legal Filings Division,Legal Processing Clerk II B,False,True,,40720,48788,,52034,,,58,52092,10846,,,37691,48537,Too Many Formulas to List,https://www.tulare.courts.ca.gov/general-information/human-resources,,08/06/2024,Tulare,,True,
2023,Superior Court,Tulare County Superior Court,Jury Services,Legal Processing Clerk II,False,True,,40720,48788,,52034,,,29,52063,10621,,,26833,37454,Too Many Formulas to List,https://www.tulare.courts.ca.gov/general-information/human-resources,,08/06/2024,Tulare,,True,
2023,Superior Court,Tulare County Superior Court,Visalia Division,Legal Processing Clerk II,False,True,,40720,48788,,52034,,,18,52052,10621,,,37691,48312,Too Many Formulas to List,https://www.tulare.courts.ca.gov/general-information/human-resources,,08/06/2024,Tulare,,True,
2023,Superior Court,Tulare County Superior Court,Legal Filings Division,Legal Processing Clerk II,False,True,,40720,48788,,52034,,,0,52034,10621,,,37691,48312,Too Many Formulas to List,https://www.tulare.courts.ca.gov/general-information/human-resources,,08/06/2024,Tulare,,True,
2023,Superior Court,Tulare County Superior Court,Porterville Division,Legal Processing Clerk II,False,True,,40720,48788,,52034,,,0,52034,10621,,,37691,48312,Too Many Formulas to List,https://www.tulare.courts.ca.gov/general-information/human-resources,,08/06/2024,Tulare,,True,
2023,Superior Court,Tulare County Superior Court,Porterville Division,Legal Processing Clerk II,False,True,,40720,48788,,52034,,,0,52034,10621,,,14462,25083,Too Many Formulas to List,https://www.tulare.courts.ca.gov/general-information/human-resources,,08/06/2024,Tulare,,True,
2023,Superior Court,Tulare County Superior Court,Legal Filings Division,Legal Processing Clerk II,False,True,,40720,48788,,52034,,,-127,51907,10621,,,37691,48312,Too Many Formulas to List,https://www.tulare.courts.ca.gov/general-information/human-resources,,08/06/2024,Tulare,,True,
2023,Superior Court,Tulare County Superior Court,Visalia Division,Legal Processing Clerk II,False,True,,40720,48788,,52034,,,-198,51836,10811,,,37691,48502,Too Many Formulas to List,https://www.tulare.courts.ca.gov/general-information/human-resources,,08/06/2024,Tulare,,True,
2023,Superior Court,Tulare County Superior Court,Visalia Division,Legal Processing Clerk II,False,True,,40720,48788,,52034,,,-222,51812,10811,,,26833,37644,Too Many Formulas to List,https://www.tulare.courts.ca.gov/general-information/human-resources,,08/06/2024,Tulare,,True,
2023,Superior Court,Tulare County Superior Court,Porterville Division,Legal Processing Clerk II,False,True,,40720,48788,,52034,,,-880,51154,10621,,,30474,41095,Too Many Formulas to List,https://www.tulare.courts.ca.gov/general-information/human-resources,,08/06/2024,Tulare,,True,
2023,Superior Court,Tulare County Superior Court,Collections Division,Collector II,False,True,,51212,61580,,51310,,,-536,50774,11293,,,14462,25755,Too Many Formulas to List,https://www.tulare.courts.ca.gov/general-information/human-resources,,08/06/2024,Tulare,,True,
2023,Superior Court,Tulare County Superior Court,Juvenile Division,Legal Processing Clerk II,False,True,,40720,48788,,52034,,,-1268,50766,10811,,,37691,48502,Too Many Formulas to List,https://www.tulare.courts.ca.gov/general-information/human-resources,,08/06/2024,Tulare,,True,
2023,Superior Court,Tulare County Superior Court,Legal Filings Division,Legal Processing Clerk II,False,True,,40720,48788,,50461,,,18,50479,10621,,,37691,48312,Too Many Formulas to List,https://www.tulare.courts.ca.gov/general-information/human-resources,,08/06/2024,Tulare,,True,
2023,Superior Court,Tulare County Superior Court,Visalia Division,Legal Processing Clerk III,False,True,,44485,53379,,47708,,,2744,50452,11186,,,37691,48877,Too Many Formulas to List,https://www.tulare.courts.ca.gov/general-information/human-resources,,08/06/2024,Tulare,,True,
2023,Superior Court,Tulare County Superior Court,Courtroom Support,Legal Processing Clerk II,False,True,,40720,48788,,52034,,,-1718,50316,10811,,,26833,37644,Too Many Formulas to List,https://www.tulare.courts.ca.gov/general-information/human-resources,,08/06/2024,Tulare,,True,
2023,Superior Court,Tulare County Superior Court,Porterville Division,Legal Processing Clerk II,False,True,,40720,48788,,52034,,,-1733,50301,10621,,,37691,48312,Too Many Formulas to List,https://www.tulare.courts.ca.gov/general-information/human-resources,,08/06/2024,Tulare,,True,
2023,Superior Court,Tulare County Superior Court,Jury Services,Legal Processing Clerk III,False,True,,44485,53379,,50246,,,14,50260,10231,,,12733,22964,Too Many Formulas to List,https://www.tulare.courts.ca.gov/general-information/human-resources,,08/06/2024,Tulare,,True,
2023,Superior Court,Tulare County Superior Court,Legal Filings Division,Legal Processing Clerk II,False,True,,40720,48788,,52034,,,-2889,49145,10621,,,26833,37454,Too Many Formulas to List,https://www.tulare.courts.ca.gov/general-information/human-resources,,08/06/2024,Tulare,,True,
2023,Superior Court,Tulare County Superior Court,Juvenile Division,Court Manager II,False,True,,81596,98600,,30630,,18012,68,48710,7048,,,9150,16198,Too Many Formulas to List,https://www.tulare.courts.ca.gov/general-information/human-resources,,08/06/2024,Tulare,,True,
2023,Superior Court,Tulare County Superior Court,Visalia Division,Legal Processing Clerk II B,False,True,,40720,48788,,47434,,,1100,48534,9911,,,37717,47628,Too Many Formulas to List,https://www.tulare.courts.ca.gov/general-information/human-resources,,08/06/2024,Tulare,,True,
2023,Superior Court,Tulare County Superior Court,Courtroom Support,Courtroom Clerk,False,True,,51212,61580,,48442,,,0,48442,9926,,,12305,22231,Too Many Formulas to List,https://www.tulare.courts.ca.gov/general-information/human-resources,,08/06/2024,Tulare,,True,
2023,Superior Court,Tulare County Superior Court,Legal Filings Division,Legal Processing Clerk II,False,True,,40720,48788,,47647,,,0,47647,9729,,,37691,47420,Too Many Formulas to List,https://www.tulare.courts.ca.gov/general-information/human-resources,,08/06/2024,Tulare,,True,
2023,Superior Court,Tulare County Superior Court,Courtroom Support,Courtroom Clerk,False,True,,51212,61580,,47495,,,0,47495,9926,,,22377,32303,Too Many Formulas to List,https://www.tulare.courts.ca.gov/general-information/human-resources,,08/06/2024,Tulare,,True,
2023,Superior Court,Tulare County Superior Court,Visalia Division,Legal Processing Clerk II B,False,True,,40720,48788,,46280,,,1100,47380,9674,,,37691,47365,Too Many Formulas to List,https://www.tulare.courts.ca.gov/general-information/human-resources,,08/06/2024,Tulare,,True,
2023,Superior Court,Tulare County Superior Court,Porterville Division,Legal Processing Clerk II,False,True,,40720,48788,,47363,,,0,47363,9673,,,37691,47364,Too Many Formulas to List,https://www.tulare.courts.ca.gov/general-information/human-resources,,08/06/2024,Tulare,,True,
2023,Superior Court,Tulare County Superior Court,Legal Filings Division,Legal Processing Clerk II,False,True,,40720,48788,,46507,,,786,47293,9659,,,7236,16895,Too Many Formulas to List,https://www.tulare.courts.ca.gov/general-information/human-resources,,08/06/2024,Tulare,,True,
2023,Superior Court,Tulare County Superior Court,Courtroom Support,Courtroom Clerk,False,True,,51212,61580,,48553,,,-1361,47192,10931,,,37691,48622,Too Many Formulas to List,https://www.tulare.courts.ca.gov/general-information/human-resources,,08/06/2024,Tulare,,True,
2023,Superior Court,Tulare County Superior Court,Collections Division,Collector I B,False,True,,46342,55644,,46119,,,990,47109,11529,,,37691,49220,Too Many Formulas to List,https://www.tulare.courts.ca.gov/general-information/human-resources,,08/06/2024,Tulare,,True,
2023,Superior Court,Tulare County Superior Court,Legal Filings Division,Legal Processing Clerk II,False,True,,40720,48788,,47008,,,13,47021,9602,,,37691,47293,Too Many Formulas to List,https://www.tulare.courts.ca.gov/general-information/human-resources,,08/06/2024,Tulare,,True,
2023,Superior Court,Tulare County Superior Court,Visalia Division,Legal Processing Clerk II,False,True,,40720,48788,,47008,,,-468,46540,9602,,,26852,36454,Too Many Formulas to List,https://www.tulare.courts.ca.gov/general-information/human-resources,,08/06/2024,Tulare,,True,
2023,Superior Court,Tulare County Superior Court,Porterville Division,Legal Processing Clerk II,False,True,,40720,48788,,46507,,,-17,46490,9497,,,37691,47188,Too Many Formulas to List,https://www.tulare.courts.ca.gov/general-information/human-resources,,08/06/2024,Tulare,,True,
2023,Superior Court,Tulare County Superior Court,Legal Filings Division,Legal Processing Clerk II,False,True,,40720,48788,,47717,,,-1342,46375,9743,,,14462,24205,Too Many Formulas to List,https://www.tulare.courts.ca.gov/general-information/human-resources,,08/06/2024,Tulare,,True,
2023,Superior Court,Tulare County Superior Court,Finance/Fiscal,Finance Technician I,False,True,,51971,62506,,46178,,,-10,46168,9480,,,28275,37755,Too Many Formulas to List,https://www.tulare.courts.ca.gov/general-information/human-resources,,08/06/2024,Tulare,,True,
2023,Superior Court,Tulare County Superior Court,Courtroom Support,Courtroom Clerk,False,True,,51212,61580,,47520,,,-1464,46056,11252,,,31734,42986,Too Many Formulas to List,https://www.tulare.courts.ca.gov/general-information/human-resources,,08/06/2024,Tulare,,True,
2023,Superior Court,Tulare County Superior Court,Porterville Division,Legal Processing Clerk II,False,True,,40720,48788,,46653,,,-663,45990,9528,,,14462,23990,Too Many Formulas to List,https://www.tulare.courts.ca.gov/general-information/human-resources,,08/06/2024,Tulare,,True,
2023,Superior Court,Tulare County Superior Court,Visalia Division,Legal Processing Clerk II,False,True,,40720,48788,,45522,,,0,45522,9298,,,14462,23760,Too Many Formulas to List,https://www.tulare.courts.ca.gov/general-information/human-resources,,08/06/2024,Tulare,,True,
2023,Superior Court,Tulare County Superior Court,Legal Filings Division,Legal Processing Clerk II,False,True,,40720,48788,,47316,,,-2042,45274,10621,,,37691,48312,Too Many Formulas to List,https://www.tulare.courts.ca.gov/general-information/human-resources,,08/06/2024,Tulare,,True,
2023,Superior Court,Tulare County Superior Court,Executive Office,Court Administrative Assistant,False,True,,51503,61936,,45211,,,-5,45206,9269,,,26112,35381,Too Many Formulas to List,https://www.tulare.courts.ca.gov/general-information/human-resources,,08/06/2024,Tulare,,True,
2023,Superior Court,Tulare County Superior Court,Visalia Division,Legal Processing Clerk II,False,True,,40720,48788,,45192,,,-82,45110,9298,,,34096,43394,Too Many Formulas to List,https://www.tulare.courts.ca.gov/general-information/human-resources,,08/06/2024,Tulare,,True,
2023,Superior Court,Tulare County Superior Court,Interpreters,Courtroom Services Manager I,False,True,,71463,86253,,44601,,,428,45029,9367,,,13417,22784,Too Many Formulas to List,https://www.tulare.courts.ca.gov/general-information/human-resources,,08/06/2024,Tulare,,True,
2023,Superior Court,Tulare County Superior Court,Legal Filings Division,Legal Processing Clerk II,False,True,,40720,48788,,46061,,,-1349,44712,9405,,,14462,23867,Too Many Formulas to List,https://www.tulare.courts.ca.gov/general-information/human-resources,,08/06/2024,Tulare,,True,
2023,Superior Court,Tulare County Superior Court,Porterville Division,Legal Processing Clerk II,False,True,,40720,48788,,44528,,,-132,44396,9060,,,31734,40794,Too Many Formulas to List,https://www.tulare.courts.ca.gov/general-information/human-resources,,08/06/2024,Tulare,,True,
2023,Superior Court,Tulare County Superior Court,Court Reporters,Court Reporter Real Time,False,True,,0,101724,,44015,,1415,-1249,44181,9349,,,11224,20573,Too Many Formulas to List,https://www.tulare.courts.ca.gov/general-information/human-resources,,08/06/2024,Tulare,,True,
2023,Superior Court,Tulare County Superior Court,Porterville Division,Legal Processing Clerk II,False,True,,40720,48788,,43638,,,0,43638,9098,,,14472,23570,Too Many Formulas to List,https://www.tulare.courts.ca.gov/general-information/human-resources,,08/06/2024,Tulare,,True,
2023,Superior Court,Tulare County Superior Court,Juvenile Division,Legal Processing Clerk II,False,True,,40720,48788,,43618,,,-101,43517,9235,,,26833,36068,Too Many Formulas to List,https://www.tulare.courts.ca.gov/general-information/human-resources,,08/06/2024,Tulare,,True,
2023,Superior Court,Tulare County Superior Court,Legal Filings Division,Legal Processing Clerk II,False,True,,40720,48788,,49109,,,-5672,43437,10621,,,14462,25083,Too Many Formulas to List,https://www.tulare.courts.ca.gov/general-information/human-resources,,08/06/2024,Tulare,,True,
2023,Superior Court,Tulare County Superior Court,Information Technology,IT Systems Analyst,False,True,,88606,107149,,43589,,,-631,42958,8683,,,15777,24460,Too Many Formulas to List,https://www.tulare.courts.ca.gov/general-information/human-resources,,08/06/2024,Tulare,,True,
2023,Superior Court,Tulare County Superior Court,Legal Filings Division,Legal Processing Clerk II,False,True,,40720,48788,,42576,,,0,42576,8674,,,12733,21407,Too Many Formulas to List,https://www.tulare.courts.ca.gov/general-information/human-resources,,08/06/2024,Tulare,,True,
2023,Superior Court,Tulare County Superior Court,Legal Filings Division,Legal Processing Clerk II,False,True,,40720,48788,,45038,,,-3092,41946,9298,,,37691,46989,Too Many Formulas to List,https://www.tulare.courts.ca.gov/general-information/human-resources,,08/06/2024,Tulare,,True,
2023,Superior Court,Tulare County Superior Court,Porterville Division,Courtroom Clerk,False,True,,51212,61580,,40244,,1327,-346,41225,8463,,,22968,31431,Too Many Formulas to List,https://www.tulare.courts.ca.gov/general-information/human-resources,,08/06/2024,Tulare,,True,
2023,Superior Court,Tulare County Superior Court,AB 1058-Facilitor,Paralegal,False,True,,59236,71356,,40863,,,0,40863,8268,,,9463,17731,Too Many Formulas to List,https://www.tulare.courts.ca.gov/general-information/human-resources,,08/06/2024,Tulare,,True,
2023,Superior Court,Tulare County Superior Court,Porterville Division,Legal Processing Clerk II,False,True,,40720,48788,,40748,,,-8,40740,8383,,,15504,23887,Too Many Formulas to List,https://www.tulare.courts.ca.gov/general-information/human-resources,,08/06/2024,Tulare,,True,
2023,Superior Court,Tulare County Superior Court,Visalia Division,Legal Processing Clerk II B,False,True,,40720,48788,,39631,,,940,40571,8317,,,22832,31149,Too Many Formulas to List,https://www.tulare.courts.ca.gov/general-information/human-resources,,08/06/2024,Tulare,,True,
2023,Superior Court,Tulare County Superior Court,Porterville Division,Courtroom Clerk,False,True,,51212,61580,,41939,,,-1492,40447,8623,,,10635,19258,Too Many Formulas to List,https://www.tulare.courts.ca.gov/general-information/human-resources,,08/06/2024,Tulare,,True,
2023,Superior Court,Tulare County Superior Court,Legal Filings Division,Legal Processing Clerk II,False,True,,40720,48788,,40431,,,-129,40302,9586,,,37691,47277,Too Many Formulas to List,https://www.tulare.courts.ca.gov/general-information/human-resources,,08/06/2024,Tulare,,True,
2023,Superior Court,Tulare County Superior Court,Jury Services,Courtroom Services Manager I,False,True,,71463,86253,,44600,,,-4501,40099,9366,,,13416,22782,Too Many Formulas to List,https://www.tulare.courts.ca.gov/general-information/human-resources,,08/06/2024,Tulare,,True,
2023,Superior Court,Tulare County Superior Court,Information Technology,Case Management System Administrator I,False,True,,84854,102536,,39726,,,-214,39512,8222,,,15777,23999,Too Many Formulas to List,https://www.tulare.courts.ca.gov/general-information/human-resources,,08/06/2024,Tulare,,True,
2023,Superior Court,Tulare County Superior Court,Courtroom Support,Court Manager I,False,True,,71463,86253,,37320,,,1331,38651,7670,,,6679,14349,Too Many Formulas to List,https://www.tulare.courts.ca.gov/general-information/human-resources,,08/06/2024,Tulare,,True,
2023,Superior Court,Tulare County Superior Court,Court Reporters,Court Reporter Real Time,False,True,,0,101724,,38523,,,-229,38294,8013,,,11188,19201,Too Many Formulas to List,https://www.tulare.courts.ca.gov/general-information/human-resources,,08/06/2024,Tulare,,True,
2023,Superior Court,Tulare County Superior Court,Information Technology,IT Business Analyst,False,True,,88606,107149,,29324,,7599,1051,37974,6796,,,10803,17599,Too Many Formulas to List,https://www.tulare.courts.ca.gov/general-information/human-resources,,08/06/2024,Tulare,,True,
2023,Superior Court,Tulare County Superior Court,Visalia Division,Court Clerk,False,True,,46771,56168,,38985,,,-1253,37732,7999,,,23211,31210,Too Many Formulas to List,https://www.tulare.courts.ca.gov/general-information/human-resources,,08/06/2024,Tulare,,True,
2023,Superior Court,Tulare County Superior Court,Human Resources,Human Resources Services Assistant,False,True,,51503,61936,,38228,,,-537,37691,7889,,,17901,25790,Too Many Formulas to List,https://www.tulare.courts.ca.gov/general-information/human-resources,,08/06/2024,Tulare,,True,
2023,Superior Court,Tulare County Superior Court,Legal Filings Division,Legal Processing Clerk II,False,True,,40720,48788,,37552,,,0,37552,7707,,,12060,19767,Too Many Formulas to List,https://www.tulare.courts.ca.gov/general-information/human-resources,,08/06/2024,Tulare,,True,
2023,Superior Court,Tulare County Superior Court,Courtroom Support,Legal Processing Clerk II,False,True,,40720,48788,,37530,,,-100,37430,7707,,,31432,39139,Too Many Formulas to List,https://www.tulare.courts.ca.gov/general-information/human-resources,,08/06/2024,Tulare,,True,
2023,Superior Court,Tulare County Superior Court,Court Reporters,Court Reporter Non Real Time,False,True,,0,97005,,35529,,1502,0,37031,7146,,,13322,20468,Too Many Formulas to List,https://www.tulare.courts.ca.gov/general-information/human-resources,,08/06/2024,Tulare,,True,
2023,Superior Court,Tulare County Superior Court,Family Court Services,Legal Processing Clerk II B,False,True,,40720,48788,,37298,,,-779,36519,8194,,,37691,45885,Too Many Formulas to List,https://www.tulare.courts.ca.gov/general-information/human-resources,,08/06/2024,Tulare,,True,
2023,Superior Court,Tulare County Superior Court,Porterville Division,Legal Processing Clerk II B,False,True,,40720,48788,,34488,,,847,35335,6679,,,26833,33512,Too Many Formulas to List,https://www.tulare.courts.ca.gov/general-information/human-resources,,08/06/2024,Tulare,,True,
2023,Superior Court,Tulare County Superior Court,AB 1058-Facilitor,Facilitator,False,True,,133212,161423,,32732,,2049,0,34781,7341,,,9658,16999,Too Many Formulas to List,https://www.tulare.courts.ca.gov/general-information/human-resources,,08/06/2024,Tulare,,True,
2023,Superior Court,Tulare County Superior Court,Courtroom Support,Legal Processing Clerk II,False,True,,40720,48788,,46743,,,-12172,34571,8759,,,37691,46450,Too Many Formulas to List,https://www.tulare.courts.ca.gov/general-information/human-resources,,08/06/2024,Tulare,,True,
2023,Superior Court,Tulare County Superior Court,Courtroom Support,Legal Processing Clerk II,False,True,,40720,48788,,34472,,,0,34472,7092,,,20139,27231,Too Many Formulas to List,https://www.tulare.courts.ca.gov/general-information/human-resources,,08/06/2024,Tulare,,True,
2023,Superior Court,Tulare County Superior Court,Porterville Division,Legal Processing Clerk II,False,True,,40720,48788,,32801,,,-123,32678,7155,,,20125,27280,Too Many Formulas to List,https://www.tulare.courts.ca.gov/general-information/human-resources,,08/06/2024,Tulare,,True,
2023,Superior Court,Tulare County Superior Court,Jury Services,Legal Processing Clerk II B,False,True,,40720,48788,,31956,,,670,32626,6565,,,21580,28145,Too Many Formulas to List,https://www.tulare.courts.ca.gov/general-information/human-resources,,08/06/2024,Tulare,,True,
2023,Superior Court,Tulare County Superior Court,Family Court Services,Legal Processing Clerk III B,False,True,,44485,53379,,33253,,,-679,32574,7028,,,20464,27492,Too Many Formulas to List,https://www.tulare.courts.ca.gov/general-information/human-resources,,08/06/2024,Tulare,,True,
2023,Superior Court,Tulare County Superior Court,Pre-Trial Facility,Legal Processing Clerk II,False,True,,40720,48788,,32466,,,-14,32452,6560,,,23030,29590,Too Many Formulas to List,https://www.tulare.courts.ca.gov/general-information/human-resources,,08/06/2024,Tulare,,True,
2023,Superior Court,Tulare County Superior Court,Family Court Services,Court Investigator Bilingual,False,True,,87154,105383,,32837,157,,-1319,31675,6961,,,6030,12991,Too Many Formulas to List,https://www.tulare.courts.ca.gov/general-information/human-resources,,08/06/2024,Tulare,,True,
2023,Superior Court,Tulare County Superior Court,Research Attorneys,Document Examiner,False,True,,59236,71356,,19528,,9995,2103,31626,4787,,,4148,8935,Too Many Formulas to List,https://www.tulare.courts.ca.gov/general-information/human-resources,,08/06/2024,Tulare,,True,
2023,Superior Court,Tulare County Superior Court,AB 1058-Facilitor,Facilitator,False,True,,133212,161423,,31478,,,-98,31380,7567,,,9974,17541,Too Many Formulas to List,https://www.tulare.courts.ca.gov/general-information/human-resources,,08/06/2024,Tulare,,True,
2023,Superior Court,Tulare County Superior Court,Porterville Division,Legal Processing Clerk II,False,True,,40720,48788,,30921,,,0,30921,6250,,,8836,15086,Too Many Formulas to List,https://www.tulare.courts.ca.gov/general-information/human-resources,,08/06/2024,Tulare,,True,
2023,Superior Court,Tulare County Superior Court,Collections Division,Collector I B,False,True,,46342,55644,,30143,,,620,30763,6383,,,20310,26693,Too Many Formulas to List,https://www.tulare.courts.ca.gov/general-information/human-resources,,08/06/2024,Tulare,,True,
2023,Superior Court,Tulare County Superior Court,Family Court Services,Court Investigator,False,True,,87154,105383,,30516,,234,-234,30516,7267,,,9150,16417,Too Many Formulas to List,https://www.tulare.courts.ca.gov/general-information/human-resources,,08/06/2024,Tulare,,True,
2023,Superior Court,Tulare County Superior Court,Porterville Division,Legal Processing Clerk II,False,True,,40720,48788,,26801,,427,0,27228,4976,,,11050,16026,Too Many Formulas to List,https://www.tulare.courts.ca.gov/general-information/human-resources,,08/06/2024,Tulare,,True,
2023,Superior Court,Tulare County Superior Court,Courtroom Support,Court Manager I,False,True,,71463,86253,,23286,,4380,-953,26713,5271,,,9937,15208,Too Many Formulas to List,https://www.tulare.courts.ca.gov/general-information/human-resources,,08/06/2024,Tulare,,True,
2023,Superior Court,Tulare County Superior Court,Legal Filings Division,Court Manager II,False,True,,81596,98600,,22754,,,-12,22742,4849,,,8858,13707,Too Many Formulas to List,https://www.tulare.courts.ca.gov/general-information/human-resources,,08/06/2024,Tulare,,True,
2023,Superior Court,Tulare County Superior Court,Information Technology,Infrastructure And Security Analyst III,False,True,,93040,113393,,16774,,5947,0,22721,3341,,,6286,9627,Too Many Formulas to List,https://www.tulare.courts.ca.gov/general-information/human-resources,,08/06/2024,Tulare,,True,
2023,Superior Court,Tulare County Superior Court,Executive Office,Court Compliance Analyst,False,True,,81596,98600,,22754,,,-665,22089,4849,,,8858,13707,Too Many Formulas to List,https://www.tulare.courts.ca.gov/general-information/human-resources,,08/06/2024,Tulare,,True,
2023,Superior Court,Tulare County Superior Court,Self Help Center,Legal Processing Clerk II,False,True,,40720,48788,,20874,,931,-87,21718,3254,,,9932,13186,Too Many Formulas to List,https://www.tulare.courts.ca.gov/general-information/human-resources,,08/06/2024,Tulare,,True,
2023,Superior Court,Tulare County Superior Court,AB 1058-Facilitor,Paralegal B,False,True,,59236,71356,,21202,,,420,21622,4497,,,5010,9507,Too Many Formulas to List,https://www.tulare.courts.ca.gov/general-information/human-resources,,08/06/2024,Tulare,,True,
2023,Superior Court,Tulare County Superior Court,Jury Services,Legal Processing Clerk II B,False,True,,40720,48788,,20078,,,451,20529,4280,,,16112,20392,Too Many Formulas to List,https://www.tulare.courts.ca.gov/general-information/human-resources,,08/06/2024,Tulare,,True,
2023,Superior Court,Tulare County Superior Court,Family Court Services,Legal Processing Clerk II B,False,True,,40720,48788,,21165,,,-788,20377,4312,,,17228,21540,Too Many Formulas to List,https://www.tulare.courts.ca.gov/general-information/human-resources,,08/06/2024,Tulare,,True,
2023,Superior Court,Tulare County Superior Court,Pre-Trial Facility,Court Manager II,False,True,,81596,98600,,19607,,,456,20063,4205,,,7208,11413,Too Many Formulas to List,https://www.tulare.courts.ca.gov/general-information/human-resources,,08/06/2024,Tulare,,True,
2023,Superior Court,Tulare County Superior Court,Pre-Trial Facility,Court Manager II,False,True,,81596,98600,,18804,,,1189,19993,4159,,,7208,11367,Too Many Formulas to List,https://www.tulare.courts.ca.gov/general-information/human-resources,,08/06/2024,Tulare,,True,
2023,Superior Court,Tulare County Superior Court,Porterville Division,Court Manager II,False,True,,81596,98600,,17065,,,809,17874,3768,,,4730,8498,Too Many Formulas to List,https://www.tulare.courts.ca.gov/general-information/human-resources,,08/06/2024,Tulare,,True,
2023,Superior Court,Tulare County Superior Court,Juvenile Division,Court Manager II,False,True,,81596,98600,,18083,,,-294,17789,3851,,,7408,11259,Too Many Formulas to List,https://www.tulare.courts.ca.gov/general-information/human-resources,,08/06/2024,Tulare,,True,
2023,Superior Court,Tulare County Superior Court,Visalia Division,Court Clerk,False,True,,46771,56168,,15371,,1249,989,17609,3627,,,7698,11325,Too Many Formulas to List,https://www.tulare.courts.ca.gov/general-information/human-resources,,08/06/2024,Tulare,,True,
2023,Superior Court,Tulare County Superior Court,Porterville Division,Legal Processing Clerk II B,False,True,,40720,48788,,16726,,,460,17186,3575,,,5626,9201,Too Many Formulas to List,https://www.tulare.courts.ca.gov/general-information/human-resources,,08/06/2024,Tulare,,True,
2023,Superior Court,Tulare County Superior Court,Court Reporters,Extra Help - Court Reporter Realtime,False,True,,101724,101724,,17016,,,0,17016,,,,,0,,https://www.tulare.courts.ca.gov/general-information/human-resources,,08/06/2024,Tulare,,True,
2023,Superior Court,Tulare County Superior Court,Porterville Division,Legal Processing Clerk II,False,True,,40720,48788,,16940,,,-441,16499,3374,,,7234,10608,Too Many Formulas to List,https://www.tulare.courts.ca.gov/general-information/human-resources,,08/06/2024,Tulare,,True,
2023,Superior Court,Tulare County Superior Court,Family Court Services,Child Custody Recommending Counselor II,False,True,,87154,105383,,16568,,,-106,16462,3486,,,2412,5898,Too Many Formulas to List,https://www.tulare.courts.ca.gov/general-information/human-resources,,08/06/2024,Tulare,,True,
2023,Superior Court,Tulare County Superior Court,Courtroom Support,Court Manager I,False,True,,71463,86253,,16587,,,-236,16351,3528,,,7408,10936,Too Many Formulas to List,https://www.tulare.courts.ca.gov/general-information/human-resources,,08/06/2024,Tulare,,True,
2023,Superior Court,Tulare County Superior Court,Visalia Division,Supervising Clerk,False,True,,61096,73628,,15977,,,-43,15934,3183,,,3705,6888,Too Many Formulas to List,https://www.tulare.courts.ca.gov/general-information/human-resources,,08/06/2024,Tulare,,True,
2023,Superior Court,Tulare County Superior Court,Courtroom Support,Courtroom Clerk,False,True,,51212,61580,,15942,,,-537,15405,3176,,,9974,13150,Too Many Formulas to List,https://www.tulare.courts.ca.gov/general-information/human-resources,,08/06/2024,Tulare,,True,
2023,Superior Court,Tulare County Superior Court,Porterville Division,Legal Processing Clerk II,False,True,,40720,48788,,15140,,19,-832,14327,2459,,,22050,24509,Too Many Formulas to List,https://www.tulare.courts.ca.gov/general-information/human-resources,,08/06/2024,Tulare,,True,
2023,Superior Court,Tulare County Superior Court,Courtroom Support,Court Manager I,False,True,,71463,86253,,14402,,,-178,14224,2996,,,7408,10404,Too Many Formulas to List,https://www.tulare.courts.ca.gov/general-information/human-resources,,08/06/2024,Tulare,,True,
2023,Superior Court,Tulare County Superior Court,Porterville Division,Court Manager I,False,True,,71463,86253,,13743,,,363,14106,3059,,,7408,10467,Too Many Formulas to List,https://www.tulare.courts.ca.gov/general-information/human-resources,,08/06/2024,Tulare,,True,
2023,Superior Court,Tulare County Superior Court,Porterville Division,Legal Processing Clerk II,False,True,,40720,48788,,13439,,,-240,13199,3039,,,15492,18531,Too Many Formulas to List,https://www.tulare.courts.ca.gov/general-information/human-resources,,08/06/2024,Tulare,,True,
2023,Superior Court,Tulare County Superior Court,Porterville Division,Legal Processing Clerk II,False,True,,40720,48788,,12342,,,0,12342,2567,,,12573,15140,Too Many Formulas to List,https://www.tulare.courts.ca.gov/general-information/human-resources,,08/06/2024,Tulare,,True,
2023,Superior Court,Tulare County Superior Court,Visalia Division,Court Manager II,False,True,,81596,98600,,11769,,,54,11823,2448,,,2132,4580,Too Many Formulas to List,https://www.tulare.courts.ca.gov/general-information/human-resources,,08/06/2024,Tulare,,True,
2023,Superior Court,Tulare County Superior Court,Courtroom Support,Legal Processing Clerk II,False,True,,40720,48788,,12267,,,-550,11717,2459,,,3827,6286,Too Many Formulas to List,https://www.tulare.courts.ca.gov/general-information/human-resources,,08/06/2024,Tulare,,True,
2023,Superior Court,Tulare County Superior Court,Pre-Trial Facility,Legal Processing Clerk II,False,True,,40720,48788,,10933,,,133,11066,2385,,,6708,9093,Too Many Formulas to List,https://www.tulare.courts.ca.gov/general-information/human-resources,,08/06/2024,Tulare,,True,
2023,Superior Court,Tulare County Superior Court,Porterville Division,Courtroom Clerk,False,True,,51212,61580,,8167,,2857,-3,11021,1985,,,6632,8617,Too Many Formulas to List,https://www.tulare.courts.ca.gov/general-information/human-resources,,08/06/2024,Tulare,,True,
2023,Superior Court,Tulare County Superior Court,Porterville Division,Legal Processing Clerk II,False,True,,40720,48788,,10870,,,0,10870,2261,,,9429,11690,Too Many Formulas to List,https://www.tulare.courts.ca.gov/general-information/human-resources,,08/06/2024,Tulare,,True,
2023,Superior Court,Tulare County Superior Court,Pre-Trial Facility,Legal Processing Clerk II,False,True,,40720,48788,,10870,,,0,10870,2261,,,9429,11690,Too Many Formulas to List,https://www.tulare.courts.ca.gov/general-information/human-resources,,08/06/2024,Tulare,,True,
2023,Superior Court,Tulare County Superior Court,Porterville Division,Legal Processing Clerk II,False,True,,40720,48788,,10713,,,0,10713,2261,,,3618,5879,Too Many Formulas to List,https://www.tulare.courts.ca.gov/general-information/human-resources,,08/06/2024,Tulare,,True,
2023,Superior Court,Tulare County Superior Court,Porterville Division,Cox Office Assistant,False,True,,34913,34913,,10316,,,0,10316,,,,,0,,https://www.tulare.courts.ca.gov/general-information/human-resources,,08/06/2024,Tulare,,True,
2023,Superior Court,Tulare County Superior Court,Legal Filings Division,Cox Legal Processing Clerk II,False,True,,40720,40720,,9191,,,0,9191,,,,,0,,https://www.tulare.courts.ca.gov/general-information/human-resources,,08/06/2024,Tulare,,True,
2023,Superior Court,Tulare County Superior Court,Jury Services,Cox Legal Processing Clerk I,False,True,,37367,37367,,8907,,,0,8907,,,,,0,,https://www.tulare.courts.ca.gov/general-information/human-resources,,08/06/2024,Tulare,,True,
2023,Superior Court,Tulare County Superior Court,AB 1058-Facilitor,Supervising Paralegal,False,True,,68613,82784,,8694,,,148,8842,1845,,,3209,5054,Too Many Formulas to List,https://www.tulare.courts.ca.gov/general-information/human-resources,,08/06/2024,Tulare,,True,
2023,Superior Court,Tulare County Superior Court,Porterville Division,Courtroom Clerk,False,True,,51212,61580,,8248,,,168,8416,1716,,,5957,7673,Too Many Formulas to List,https://www.tulare.courts.ca.gov/general-information/human-resources,,08/06/2024,Tulare,,True,
2023,Superior Court,Tulare County Superior Court,Porterville Division,Courtroom Clerk,False,True,,51212,61580,,7721,,,35,7756,2118,,,5957,8075,Too Many Formulas to List,https://www.tulare.courts.ca.gov/general-information/human-resources,,08/06/2024,Tulare,,True,
2023,Superior Court,Tulare County Superior Court,Visalia Division,Legal Processing Clerk II B,False,True,,40720,48788,,7055,,,147,7202,1437,,,2157,3594,Too Many Formulas to List,https://www.tulare.courts.ca.gov/general-information/human-resources,,08/06/2024,Tulare,,True,
2023,Superior Court,Tulare County Superior Court,Legal Filings Division,Cox Legal Processing Clerk II,False,True,,40720,40720,,6678,,,0,6678,,,,,0,,https://www.tulare.courts.ca.gov/general-information/human-resources,,08/06/2024,Tulare,,True,
2023,Superior Court,Tulare County Superior Court,AB 1058-Facilitor,Extra Help - Family Law Facilitator,False,True,,133212,133212,,6276,,,0,6276,,,,,0,,https://www.tulare.courts.ca.gov/general-information/human-resources,,08/06/2024,Tulare,,True,
2023,Superior Court,Tulare County Superior Court,Visalia Division,Court Clerk,False,True,,46771,56168,,6481,,,-259,6222,1348,,,4506,5854,Too Many Formulas to List,https://www.tulare.courts.ca.gov/general-information/human-resources,,08/06/2024,Tulare,,True,
2023,Superior Court,Tulare County Superior Court,Collections Division,Collector I B,False,True,,46342,55644,,5968,,,94,6062,1254,,,8523,9777,Too Many Formulas to List,https://www.tulare.courts.ca.gov/general-information/human-resources,,08/06/2024,Tulare,,True,
2023,Superior Court,Tulare County Superior Court,Pre-Trial Facility,Court Manager II,False,True,,81596,98600,,5689,,,270,5959,1256,,,1577,2833,Too Many Formulas to List,https://www.tulare.courts.ca.gov/general-information/human-resources,,08/06/2024,Tulare,,True,
2023,Superior Court,Tulare County Superior Court,Courtroom Support,Legal Processing Clerk II,False,True,,40720,48788,,5890,,,0,5890,1173,,,4002,5175,Too Many Formulas to List,https://www.tulare.courts.ca.gov/general-information/human-resources,,08/06/2024,Tulare,,True,
2023,Superior Court,Tulare County Superior Court,Family Court Services,Legal Processing Clerk II B,False,True,,40720,48788,,5003,,212,160,5375,1258,,,6286,7544,Too Many Formulas to List,https://www.tulare.courts.ca.gov/general-information/human-resources,,08/06/2024,Tulare,,True,
2023,Superior Court,Tulare County Superior Court,Pre-Trial Facility,Supervising Clerk,False,True,,61096,73628,,5326,,,0,5326,1061,,,1235,2296,Too Many Formulas to List,https://www.tulare.courts.ca.gov/general-information/human-resources,,08/06/2024,Tulare,,True,
2023,Superior Court,Tulare County Superior Court,Visalia Division,Supervising Clerk,False,True,,61096,73628,,5287,2,,3,5292,1100,,,1297,2397,Too Many Formulas to List,https://www.tulare.courts.ca.gov/general-information/human-resources,,08/06/2024,Tulare,,True,
2023,Superior Court,Tulare County Superior Court,Porterville Division,Legal Processing Clerk II,False,True,,40720,48788,,5141,,,0,5141,1069,,,1729,2798,Too Many Formulas to List,https://www.tulare.courts.ca.gov/general-information/human-resources,,08/06/2024,Tulare,,True,
2023,Superior Court,Tulare County Superior Court,Finance/Fiscal,Cox Office Assistant,False,True,,34913,34913,,4990,,,0,4990,,,,,0,,https://www.tulare.courts.ca.gov/general-information/human-resources,,08/06/2024,Tulare,,True,
2023,Superior Court,Tulare County Superior Court,Executive Office,Court Administrative Assistant,False,True,,51503,61936,,4548,,,-9,4539,946,,,3056,4002,Too Many Formulas to List,https://www.tulare.courts.ca.gov/general-information/human-resources,,08/06/2024,Tulare,,True,
2023,Superior Court,Tulare County Superior Court,Pre-Trial Facility,Court Manager II,False,True,,81596,98600,,3923,,,0,3923,816,,,711,1527,Too Many Formulas to List,https://www.tulare.courts.ca.gov/general-information/human-resources,,08/06/2024,Tulare,,True,
2023,Superior Court,Tulare County Superior Court,Collections Division,Collector I B,False,True,,46342,55644,,3428,,,80,3508,699,,,1692,2391,Too Many Formulas to List,https://www.tulare.courts.ca.gov/general-information/human-resources,,08/06/2024,Tulare,,True,
2023,Superior Court,Tulare County Superior Court,Porterville Division,Cox Legal Processing Clerk II,False,True,,40720,40720,,3492,,,0,3492,,,,,0,,https://www.tulare.courts.ca.gov/general-information/human-resources,,08/06/2024,Tulare,,True,
2023,Superior Court,Tulare County Superior Court,Self Help Center,Legal Processing Clerk II B,False,True,,40720,48788,,3132,,,100,3232,652,,,1206,1858,Too Many Formulas to List,https://www.tulare.courts.ca.gov/general-information/human-resources,,08/06/2024,Tulare,,True,
2023,Superior Court,Tulare County Superior Court,Porterville Division,Cox Legal Processing Clerk I,False,True,,37367,37367,,2086,,,0,2086,,,,,0,,https://www.tulare.courts.ca.gov/general-information/human-resources,,08/06/2024,Tulare,,True,
2023,Superior Court,Tulare County Superior Court,Pre-Trial Facility,Supervising Clerk,False,True,,61096,73628,,1762,1,,0,1763,367,,,432,799,Too Many Formulas to List,https://www.tulare.courts.ca.gov/general-information/human-resources,,08/06/2024,Tulare,,True,
2023,Superior Court,Tulare County Superior Court,Porterville Division,Cox Office Assistant,False,True,,34913,34913,,1188,,,0,1188,,,,,0,,https://www.tulare.courts.ca.gov/general-information/human-resources,,08/06/2024,Tulare,,True,
2023,Superior Court,Tulare County Superior Court,Porterville Division,Legal Processing Clerk II,False,True,,40720,48788,,755,,324,0,1079,307,,,6286,6593,Too Many Formulas to List,https://www.tulare.courts.ca.gov/general-information/human-resources,,08/06/2024,Tulare,,True,
2023,Superior Court,Tulare County Superior Court,Family Court Services,Legal Processing Clerk II B,False,True,,40720,48788,,548,,36,50,634,336,,,,336,Too Many Formulas to List,https://www.tulare.courts.ca.gov/general-information/human-resources,,08/06/2024,Tulare,,True,

