﻿Year,EmployerType,EmployerName,DepartmentOrSubdivision,Position,ElectedOfficial,Judicial,OtherPositions,MinPositionSalary,MaxPositionSalary,ReportedBaseWage,RegularPay,OvertimePay,LumpSumPay,OtherPay,TotalWages,DefinedBenefitPlanContribution,EmployeesRetirementCostCovered,DeferredCompensationPlan,HealthDentalVision,TotalRetirementAndHealthContribution,PensionFormula,EmployerURL,EmployerPopulation,LastUpdatedDate,EmployerCounty,SpecialDistrictActivities,IncludesUnfundedLiability,SpecialDistrictType
2023,Superior Court,Yolo County Superior Court,Executive,Court Executive Officer,False,True,,255395,255395,,245196,0,9527,5270,259993,24604,17265,17339,34735,93943,2.5% @ 55,www.yolo.courts.ca.gov/human-resources,,08/06/2024,Yolo,,False,
2023,Superior Court,Yolo County Superior Court,Judge's Retire System Member,"Judge, Superior Court",True,True,,228979,238479,,175316,0,66209,14689,256214,56592,0,0,8930,65522,Judicial Retirement System,www.yolo.courts.ca.gov/human-resources,,08/06/2024,Yolo,,False,
2023,Superior Court,Yolo County Superior Court,Judge's Retire System Member,"Judge, Superior Court",True,True,,228979,238479,,237071,0,0,11050,248121,0,0,500,25361,25861,Judicial Retirement System,www.yolo.courts.ca.gov/human-resources,,08/06/2024,Yolo,,False,
2023,Superior Court,Yolo County Superior Court,Judge's Retire System Member,"Judge, Superior Court",True,True,,228979,238479,,227253,0,0,13034,240287,0,0,500,18221,18721,Judicial Retirement System,www.yolo.courts.ca.gov/human-resources,,08/06/2024,Yolo,,False,
2023,Superior Court,Yolo County Superior Court,Judge's Retire System Member,"Judge, Superior Court",True,True,,228979,238479,,227698,0,0,11765,239463,0,0,0,19530,19530,Judicial Retirement System,www.yolo.courts.ca.gov/human-resources,,08/06/2024,Yolo,,False,
2023,Superior Court,Yolo County Superior Court,Judge's Retire System Member,"Judge, Superior Court",True,True,,228979,238479,,226246,0,0,13034,239280,0,0,500,22536,23036,Judicial Retirement System,www.yolo.courts.ca.gov/human-resources,,08/06/2024,Yolo,,False,
2023,Superior Court,Yolo County Superior Court,Judge's Retire System Member,"Judge, Superior Court",True,True,,228979,238479,,234848,0,0,2550,237398,0,0,0,1816,1816,Judicial Retirement System,www.yolo.courts.ca.gov/human-resources,,08/06/2024,Yolo,,False,
2023,Superior Court,Yolo County Superior Court,Executive,Assistant Court Executive Officer,False,True,,204079,204079,,199002,0,3738,31559,234299,19746,0,13209,19647,52602,2.5% @ 55,www.yolo.courts.ca.gov/human-resources,,08/06/2024,Yolo,,False,
2023,Superior Court,Yolo County Superior Court,Judge's Retire System Member,"Judge, Superior Court",True,True,,228979,238479,,202163,0,20355,11528,234046,9805,7187,500,23781,41273,Judicial Retirement System,www.yolo.courts.ca.gov/human-resources,,08/06/2024,Yolo,,False,
2023,Superior Court,Yolo County Superior Court,Judge's Retire System Member,"Judge, Superior Court",True,True,,228979,238479,,218783,0,0,13034,231817,0,0,500,23283,23783,Judicial Retirement System,www.yolo.courts.ca.gov/human-resources,,08/06/2024,Yolo,,False,
2023,Superior Court,Yolo County Superior Court,Judge's Retire System Member,"Judge, Superior Court",True,True,,228979,238479,,218857,0,0,11885,230742,0,0,0,19371,19371,Judicial Retirement System,www.yolo.courts.ca.gov/human-resources,,08/06/2024,Yolo,,False,
2023,Superior Court,Yolo County Superior Court,Judge's Retire System Member,"Judge, Superior Court",True,True,,228979,238479,,218753,0,0,11637,230390,0,0,0,24774,24774,Judicial Retirement System,www.yolo.courts.ca.gov/human-resources,,08/06/2024,Yolo,,False,
2023,Superior Court,Yolo County Superior Court,Judge's Retire System Member,"Judge, Superior Court",True,True,,228979,238479,,219662,0,0,5100,224762,0,0,500,23660,24160,Judicial Retirement System,www.yolo.courts.ca.gov/human-resources,,08/06/2024,Yolo,,False,
2023,Superior Court,Yolo County Superior Court,Judges & Courtroom Support,Commissioner,False,True,,202707,202707,,172004,0,0,35609,207613,14465,0,0,786,15251,2% @ 62,www.yolo.courts.ca.gov/human-resources,,08/06/2024,Yolo,,False,
2023,Superior Court,Yolo County Superior Court,Courtroom Support,Courtroom Support Manager,False,True,,110556,134702,,117126,0,11622,39457,168205,11627,0,500,26326,38453,2.5% @ 55,www.yolo.courts.ca.gov/human-resources,,08/06/2024,Yolo,,False,
2023,Superior Court,Yolo County Superior Court,Criminal,Operations Manager,False,True,,110556,134702,,109214,0,6217,42599,158030,10943,0,500,1398,12841,2.5% @ 55,www.yolo.courts.ca.gov/human-resources,,08/06/2024,Yolo,,False,
2023,Superior Court,Yolo County Superior Court,Information Technology,Information & Technology Director,False,True,,129998,147081,,130978,0,6000,10759,147737,12986,0,500,30773,44259,2.5% @ 55,www.yolo.courts.ca.gov/human-resources,,08/06/2024,Yolo,,False,
2023,Superior Court,Yolo County Superior Court,Courtroom Support,Courtroom Support Manager,False,True,,110556,134702,,103421,0,0,42912,146333,10266,0,0,1398,11664,2.5% @ 55,www.yolo.courts.ca.gov/human-resources,,08/06/2024,Yolo,,False,
2023,Superior Court,Yolo County Superior Court,Family & Children,Family Law Facilitator,False,True,Family Court Services Manager,122372,129636,,122835,0,0,8432,131267,12182,0,0,27225,39407,2% @ 62,www.yolo.courts.ca.gov/human-resources,,08/06/2024,Yolo,,False,
2023,Superior Court,Yolo County Superior Court,Courtroom Support - Reporters,Court Reporter,False,True,,101495,123662,,103507,0,0,26930,130437,10784,0,0,10043,20827,2% @ 62,www.yolo.courts.ca.gov/human-resources,,08/06/2024,Yolo,,False,
2023,Superior Court,Yolo County Superior Court,Human Resources,Human Resources Manager,False,True,,110556,134702,,100619,0,4252,24726,129597,10719,0,500,10043,21262,2% @ 62,www.yolo.courts.ca.gov/human-resources,,08/06/2024,Yolo,,False,
2023,Superior Court,Yolo County Superior Court,Legal Research,Legal Research Attorney II,False,True,,123307,139511,,122648,0,0,6256,128904,12188,0,0,25913,38101,2% @ 62,www.yolo.courts.ca.gov/human-resources,,08/06/2024,Yolo,,False,
2023,Superior Court,Yolo County Superior Court,Executive,Senior Court Analyst,False,True,,102718,116215,,100342,0,4254,23005,127601,9990,0,0,16239,26229,2.5% @ 55,www.yolo.courts.ca.gov/human-resources,,08/06/2024,Yolo,,False,
2023,Superior Court,Yolo County Superior Court,Courtroom Support - Reporters,Court Reporter,False,True,,101495,123662,,94989,0,0,30999,125988,9847,0,0,1900,11747,2.5% @ 55,www.yolo.courts.ca.gov/human-resources,,08/06/2024,Yolo,,False,
2023,Superior Court,Yolo County Superior Court,Executive,Senior Court Analyst,False,True,,102718,116215,,100342,0,0,24797,125139,9990,0,0,12470,22460,2.5% @ 55,www.yolo.courts.ca.gov/human-resources,,08/06/2024,Yolo,,False,
2023,Superior Court,Yolo County Superior Court,Criminal,Operations Supervisor,False,True,,91986,104073,,96025,0,0,29082,125107,9535,0,0,9955,19490,2.5% @ 55,www.yolo.courts.ca.gov/human-resources,,08/06/2024,Yolo,,False,
2023,Superior Court,Yolo County Superior Court,Courtroom Support - Reporters,Court Reporter,False,True,,101495,123662,,109460,0,0,15262,124722,11403,0,0,31190,42593,2.5% @ 55,www.yolo.courts.ca.gov/human-resources,,08/06/2024,Yolo,,False,
2023,Superior Court,Yolo County Superior Court,Self Help,Self Help Attorney,False,True,,88558,100196,,90758,0,0,30945,121703,8995,0,0,2073,11068,2% @ 62,www.yolo.courts.ca.gov/human-resources,,08/06/2024,Yolo,,False,
2023,Superior Court,Yolo County Superior Court,Courtroom Clerk,Assistant Courtroom Support Supervisor,False,True,,79319,89742,,88764,0,0,32395,121159,8801,0,0,1643,10444,2.5% @ 55,www.yolo.courts.ca.gov/human-resources,,08/06/2024,Yolo,,False,
2023,Superior Court,Yolo County Superior Court,Courtroom Support - Reporters,Court Reporter,False,True,,101495,123662,,104185,0,0,15506,119691,10854,0,0,23454,34308,2% @ 62,www.yolo.courts.ca.gov/human-resources,,08/06/2024,Yolo,,False,
2023,Superior Court,Yolo County Superior Court,Legal Research,Supervising Legal Research Attorney,False,True,,142999,161790,,84197,0,0,34527,118724,8658,0,500,1398,10556,2% @ 62,www.yolo.courts.ca.gov/human-resources,,08/06/2024,Yolo,,False,
2023,Superior Court,Yolo County Superior Court,Judge's Retire System Member,"Judge, Superior Court",True,True,,228979,238479,,112924,0,0,4345,117269,0,0,500,7592,8092,Judicial Retirement System,www.yolo.courts.ca.gov/human-resources,,08/06/2024,Yolo,,False,
2023,Superior Court,Yolo County Superior Court,Courtroom Support - Reporters,Court Reporter,False,True,,101495,123662,,101477,0,0,14363,115840,10572,0,0,23543,34115,2.5% @ 55,www.yolo.courts.ca.gov/human-resources,,08/06/2024,Yolo,,False,
2023,Superior Court,Yolo County Superior Court,Fiscal,Fiscal Manager,False,True,,110556,134702,,103496,0,4467,6979,114942,10606,0,500,30862,41968,2% @ 62,www.yolo.courts.ca.gov/human-resources,,08/06/2024,Yolo,,False,
2023,Superior Court,Yolo County Superior Court,Criminal,Operations Manager,False,True,,110556,134702,,104972,0,0,9301,114273,10414,0,500,30862,41776,2.5% @ 55,www.yolo.courts.ca.gov/human-resources,,08/06/2024,Yolo,,False,
2023,Superior Court,Yolo County Superior Court,Courtroom Support - Reporters,Court Reporter,False,True,,101495,123662,,104185,0,0,8951,113136,10854,0,0,30524,41378,2% @ 62,www.yolo.courts.ca.gov/human-resources,,08/06/2024,Yolo,,False,
2023,Superior Court,Yolo County Superior Court,Information Technology,Senior Information & Technology Specialist,False,True,,98107,110999,,98847,0,0,12396,111243,9800,0,0,25824,35624,2.5% @ 55,www.yolo.courts.ca.gov/human-resources,,08/06/2024,Yolo,,False,
2023,Superior Court,Yolo County Superior Court,Information Technology,Information & Technology Specialist II,False,True,,84598,95715,,85235,0,3294,22464,110993,8451,0,0,11859,20310,2% @ 62,www.yolo.courts.ca.gov/human-resources,,08/06/2024,Yolo,,False,
2023,Superior Court,Yolo County Superior Court,Human Resources,Senior Human Resources Analyst,False,True,,102718,116215,,98300,0,4151,7512,109963,9789,0,0,27883,37672,2.5% @ 55,www.yolo.courts.ca.gov/human-resources,,08/06/2024,Yolo,,False,
2023,Superior Court,Yolo County Superior Court,Courtroom Support - Reporters,Court Reporter,False,True,,101495,123662,,101423,0,0,7779,109202,10681,0,0,30624,41305,2.5% @ 55,www.yolo.courts.ca.gov/human-resources,,08/06/2024,Yolo,,False,
2023,Superior Court,Yolo County Superior Court,Courtroom Support,Assistant Courtroom Support Supervisor,False,True,,79319,89742,,84569,0,0,23335,107904,8386,0,0,9837,18223,2.5% @ 55,www.yolo.courts.ca.gov/human-resources,,08/06/2024,Yolo,,False,
2023,Superior Court,Yolo County Superior Court,Courtroom Support - Reporters,Court Reporter,False,True,,101495,123662,,101644,0,0,2433,104077,10087,0,0,30862,40949,2% @ 62,www.yolo.courts.ca.gov/human-resources,,08/06/2024,Yolo,,False,
2023,Superior Court,Yolo County Superior Court,Courtroom Clerk,Courtroom Support Supervisor,False,True,,91986,104073,,88529,0,0,9579,98108,9094,0,0,29457,38551,2.5% @ 55,www.yolo.courts.ca.gov/human-resources,,08/06/2024,Yolo,,False,
2023,Superior Court,Yolo County Superior Court,Civil,Operations Supervisor,False,True,,91986,104073,,88992,232,0,7444,96668,8835,0,0,25913,34748,2% @ 62,www.yolo.courts.ca.gov/human-resources,,08/06/2024,Yolo,,False,
2023,Superior Court,Yolo County Superior Court,Self Help,Family Court Services Analyst,False,True,,67740,76642,,67988,0,0,28422,96410,6742,0,0,3202,9944,2% @ 62,www.yolo.courts.ca.gov/human-resources,,08/06/2024,Yolo,,False,
2023,Superior Court,Yolo County Superior Court,Civil,Assistant Operations Supervisor,False,True,,79319,89742,,86724,252,0,9300,96276,7694,0,0,29238,36932,2% @ 62,www.yolo.courts.ca.gov/human-resources,,08/06/2024,Yolo,,False,
2023,Superior Court,Yolo County Superior Court,Traffic,Operations Supervisor,False,True,,91986,104073,,89346,0,0,6613,95959,8872,0,0,25824,34696,2% @ 62,www.yolo.courts.ca.gov/human-resources,,08/06/2024,Yolo,,False,
2023,Superior Court,Yolo County Superior Court,Courtroom Support - Reporters,Court Reporter,False,True,,101495,123662,,93893,0,2051,0,95944,9287,0,0,31190,40477,2% @ 62,www.yolo.courts.ca.gov/human-resources,,08/06/2024,Yolo,,False,
2023,Superior Court,Yolo County Superior Court,Criminal,Operations Senior Clerk,False,True,,77764,87983,,87499,127,0,7978,95604,8710,0,0,9453,18163,2.5% @ 55,www.yolo.courts.ca.gov/human-resources,,08/06/2024,Yolo,,False,
2023,Superior Court,Yolo County Superior Court,Courtroom Support - Reporters,Court Reporter,False,True,,101495,123662,,87526,0,0,5388,92914,9194,0,0,30773,39967,2.5% @ 55,www.yolo.courts.ca.gov/human-resources,,08/06/2024,Yolo,,False,
2023,Superior Court,Yolo County Superior Court,Family & Children,Family Court Services Counselor,False,True,,88558,107900,,89055,0,0,3546,92601,8829,0,0,28064,36893,2% @ 62,www.yolo.courts.ca.gov/human-resources,,08/06/2024,Yolo,,False,
2023,Superior Court,Yolo County Superior Court,Courtroom Clerk,Assistant Courtroom Support Supervisor,False,True,,79319,89742,,77298,62,0,13388,90748,7769,0,0,23528,31297,2.5% @ 55,www.yolo.courts.ca.gov/human-resources,,08/06/2024,Yolo,,False,
2023,Superior Court,Yolo County Superior Court,Courtroom Support,Courtroom Support Supervisor,False,True,,91986,104073,,78912,0,0,9870,88782,7827,0,0,19499,27326,2% @ 62,www.yolo.courts.ca.gov/human-resources,,08/06/2024,Yolo,,False,
2023,Superior Court,Yolo County Superior Court,Court Interpreter,Court Interpreter,False,True,,88970,94381,,79699,0,0,6981,86680,9283,0,0,18641,27924,2.5% @ 55,www.yolo.courts.ca.gov/human-resources,,08/06/2024,Yolo,,False,
2023,Superior Court,Yolo County Superior Court,Courtroom Clerk,Courtroom Clerk III,False,True,,70450,79708,,76680,0,0,9304,85984,7719,0,0,24363,32082,2.5% @ 55,www.yolo.courts.ca.gov/human-resources,,08/06/2024,Yolo,,False,
2023,Superior Court,Yolo County Superior Court,Courtroom Clerk,Courtroom Clerk III,False,True,,70450,79708,,75798,0,0,9432,85230,7891,0,0,18641,26532,2.5% @ 55,www.yolo.courts.ca.gov/human-resources,,08/06/2024,Yolo,,False,
2023,Superior Court,Yolo County Superior Court,Information Technology,Information & Technology Specialist I,False,True,,72949,82535,,66344,0,0,18884,85228,6607,0,0,11664,18271,2% @ 62,www.yolo.courts.ca.gov/human-resources,,08/06/2024,Yolo,,False,
2023,Superior Court,Yolo County Superior Court,Executive,Administrative Assistant I,False,True,,56790,64253,,56373,0,0,25872,82245,5799,0,0,1643,7442,2% @ 62,www.yolo.courts.ca.gov/human-resources,,08/06/2024,Yolo,,False,
2023,Superior Court,Yolo County Superior Court,Courtroom Clerk,Courtroom Clerk III,False,True,,70450,79708,,74808,0,0,6035,80843,7612,0,0,24363,31975,2.5% @ 55,www.yolo.courts.ca.gov/human-resources,,08/06/2024,Yolo,,False,
2023,Superior Court,Yolo County Superior Court,Courtroom Clerk,Courtroom Clerk III,False,True,,70450,79708,,69315,0,0,10116,79431,7483,0,0,24363,31846,2.5% @ 55,www.yolo.courts.ca.gov/human-resources,,08/06/2024,Yolo,,False,
2023,Superior Court,Yolo County Superior Court,Fiscal,Accountant I,False,True,,76376,86413,,71710,0,0,6692,78402,7436,0,0,25913,33349,2% @ 62,www.yolo.courts.ca.gov/human-resources,,08/06/2024,Yolo,,False,
2023,Superior Court,Yolo County Superior Court,Fiscal,Accounting Assistant II,False,True,,65859,74513,,60267,0,0,17140,77407,6038,0,0,9837,15875,2% @ 62,www.yolo.courts.ca.gov/human-resources,,08/06/2024,Yolo,,False,
2023,Superior Court,Yolo County Superior Court,Self Help,Family Court Services Assistant,False,True,,51627,58412,,51718,0,0,25682,77400,5126,0,0,668,5794,2% @ 62,www.yolo.courts.ca.gov/human-resources,,08/06/2024,Yolo,,False,
2023,Superior Court,Yolo County Superior Court,Courtroom Clerk,Courtroom Clerk III,False,True,,70450,79708,,72868,0,0,3840,76708,7342,0,0,24363,31705,2% @ 62,www.yolo.courts.ca.gov/human-resources,,08/06/2024,Yolo,,False,
2023,Superior Court,Yolo County Superior Court,Human Resources,Human Resources Analyst I,False,True,,76376,86413,,49114,0,8805,18129,76048,4623,0,0,7431,12054,2.5% @ 55,www.yolo.courts.ca.gov/human-resources,,08/06/2024,Yolo,,False,
2023,Superior Court,Yolo County Superior Court,Courtroom Support,Courtroom Support Coordinator III,False,True,,64476,72948,,66268,0,0,8478,74746,6660,0,0,21618,28278,2% @ 62,www.yolo.courts.ca.gov/human-resources,,08/06/2024,Yolo,,False,
2023,Superior Court,Yolo County Superior Court,Family & Children,Paralegal - Family Court Services,False,True,,67740,76642,,69556,0,0,5135,74691,6894,0,0,28206,35100,2% @ 62,www.yolo.courts.ca.gov/human-resources,,08/06/2024,Yolo,,False,
2023,Superior Court,Yolo County Superior Court,Courtroom Support,Courtroom Support Coordinator III,False,True,,64476,72948,,67591,0,0,6275,73866,6702,0,0,25571,32273,2.5% @ 55,www.yolo.courts.ca.gov/human-resources,,08/06/2024,Yolo,,False,
2023,Superior Court,Yolo County Superior Court,Courtroom Clerk,Courtroom Clerk II,False,True,,63824,72211,,66418,0,0,6224,72642,6585,0,0,1643,8228,2% @ 62,www.yolo.courts.ca.gov/human-resources,,08/06/2024,Yolo,,False,
2023,Superior Court,Yolo County Superior Court,Courtroom Clerk,Courtroom Clerk II,False,True,,63824,72211,,69099,0,0,2067,71166,7079,0,0,9641,16720,2% @ 62,www.yolo.courts.ca.gov/human-resources,,08/06/2024,Yolo,,False,
2023,Superior Court,Yolo County Superior Court,Courtroom Clerk,Courtroom Clerk II,False,True,,63824,72211,,56629,165,8452,3087,68333,6024,0,0,8644,14668,2% @ 62,www.yolo.courts.ca.gov/human-resources,,08/06/2024,Yolo,,False,
2023,Superior Court,Yolo County Superior Court,Courtroom Clerk,Courtroom Clerk III,False,True,,70450,79708,,56355,0,842,10845,68042,5499,0,0,7072,12571,2.5% @ 55,www.yolo.courts.ca.gov/human-resources,,08/06/2024,Yolo,,False,
2023,Superior Court,Yolo County Superior Court,Courtroom Clerk,Courtroom Clerk II,False,True,,63824,72211,,65151,0,0,2857,68008,6496,0,0,9453,15949,2% @ 62,www.yolo.courts.ca.gov/human-resources,,08/06/2024,Yolo,,False,
2023,Superior Court,Yolo County Superior Court,Self Help,Family Court Services Assistant,False,True,,51627,58412,,52463,0,0,14749,67212,5201,0,0,11829,17030,2% @ 62,www.yolo.courts.ca.gov/human-resources,,08/06/2024,Yolo,,False,
2023,Superior Court,Yolo County Superior Court,Courtroom Support,Courtroom Support Coordinator II,False,True,,55597,62903,,61168,199,0,5579,66946,6063,0,0,23194,29257,2% @ 62,www.yolo.courts.ca.gov/human-resources,,08/06/2024,Yolo,,False,
2023,Superior Court,Yolo County Superior Court,Courtroom Support,Courtroom Support Coordinator I,False,True,,47941,54241,,50497,0,0,14494,64991,5104,0,0,9926,15030,2% @ 62,www.yolo.courts.ca.gov/human-resources,,08/06/2024,Yolo,,False,
2023,Superior Court,Yolo County Superior Court,Courtroom Clerk,Courtroom Clerk II,False,True,,63824,72211,,60354,0,0,3767,64121,6216,0,0,9857,16073,2% @ 62,www.yolo.courts.ca.gov/human-resources,,08/06/2024,Yolo,,False,
2023,Superior Court,Yolo County Superior Court,Courtroom Clerk,Courtroom Clerk II,False,True,,63824,72211,,59298,0,0,4446,63744,5888,0,0,1643,7531,2% @ 62,www.yolo.courts.ca.gov/human-resources,,08/06/2024,Yolo,,False,
2023,Superior Court,Yolo County Superior Court,Courtroom Clerk,Courtroom Clerk II,False,True,,63824,72211,,58816,0,0,3819,62635,5962,0,0,9453,15415,2% @ 62,www.yolo.courts.ca.gov/human-resources,,08/06/2024,Yolo,,False,
2023,Superior Court,Yolo County Superior Court,Courtroom Clerk,Courtroom Clerk I,False,True,,57821,65420,,59044,0,0,3552,62596,5985,0,0,9453,15438,2% @ 62,www.yolo.courts.ca.gov/human-resources,,08/06/2024,Yolo,,False,
2023,Superior Court,Yolo County Superior Court,Comprehensive Collections,Fiscal Clerk II,False,True,,53693,60749,,59197,0,0,3179,62376,5955,0,0,18641,24596,2% @ 62,www.yolo.courts.ca.gov/human-resources,,08/06/2024,Yolo,,False,
2023,Superior Court,Yolo County Superior Court,Courtroom Clerk,Courtroom Clerk II,False,True,,63824,72211,,59003,0,0,2880,61883,6228,0,0,9453,15681,2% @ 62,www.yolo.courts.ca.gov/human-resources,,08/06/2024,Yolo,,False,
2023,Superior Court,Yolo County Superior Court,Courtroom Clerk,Courtroom/Legal Process Clerk,False,True,,55035,62267,,58628,0,0,2949,61577,6003,0,0,9858,15861,2% @ 62,www.yolo.courts.ca.gov/human-resources,,08/06/2024,Yolo,,False,
2023,Superior Court,Yolo County Superior Court,Human Resources,Human Resources Analyst I,False,True,,76376,86413,,57050,0,0,3083,60133,5937,0,0,23593,29530,2% @ 62,www.yolo.courts.ca.gov/human-resources,,08/06/2024,Yolo,,False,
2023,Superior Court,Yolo County Superior Court,Courtroom Clerk,Courtroom/Legal Process Clerk,False,True,,55035,62267,,55360,0,0,4570,59930,5664,0,0,24363,30027,2% @ 62,www.yolo.courts.ca.gov/human-resources,,08/06/2024,Yolo,,False,
2023,Superior Court,Yolo County Superior Court,Courtroom Clerk,Courtroom Clerk I,False,True,,57821,65420,,57379,0,0,2212,59591,5810,0,0,9857,15667,2% @ 62,www.yolo.courts.ca.gov/human-resources,,08/06/2024,Yolo,,False,
2023,Superior Court,Yolo County Superior Court,Courtroom Support,Courtroom Support Coordinator II,False,True,,55597,62903,,54623,0,0,4959,59582,5418,0,0,22878,28296,2% @ 62,www.yolo.courts.ca.gov/human-resources,,08/06/2024,Yolo,,False,
2023,Superior Court,Yolo County Superior Court,Courtroom Clerk,Courtroom Clerk II,False,True,,63824,72211,,57026,0,0,1736,58762,5764,0,0,24363,30127,2% @ 62,www.yolo.courts.ca.gov/human-resources,,08/06/2024,Yolo,,False,
2023,Superior Court,Yolo County Superior Court,Courtroom Clerk,Courtroom Clerk I,False,True,,57821,65420,,54519,0,0,3098,57617,5593,0,0,18641,24234,2% @ 62,www.yolo.courts.ca.gov/human-resources,,08/06/2024,Yolo,,False,
2023,Superior Court,Yolo County Superior Court,Civil,Legal Process Clerk III,False,True,,53693,60749,,54119,180,0,2842,57141,5483,0,0,24363,29846,2% @ 62,www.yolo.courts.ca.gov/human-resources,,08/06/2024,Yolo,,False,
2023,Superior Court,Yolo County Superior Court,Courtroom Clerk,Courtroom Clerk I,False,True,,57821,65420,,56715,0,0,359,57074,5741,0,0,24363,30104,2.5% @ 55,www.yolo.courts.ca.gov/human-resources,,08/06/2024,Yolo,,False,
2023,Superior Court,Yolo County Superior Court,Courtroom Clerk,Courtroom Clerk I,False,True,,57821,65420,,55759,0,0,526,56285,5538,0,0,9453,14991,2% @ 62,www.yolo.courts.ca.gov/human-resources,,08/06/2024,Yolo,,False,
2023,Superior Court,Yolo County Superior Court,Courtroom Clerk,Courtroom Clerk I,False,True,,57821,65420,,52407,0,0,1463,53870,5293,0,0,18641,23934,2% @ 62,www.yolo.courts.ca.gov/human-resources,,08/06/2024,Yolo,,False,
2023,Superior Court,Yolo County Superior Court,Traffic,Legal Process Clerk III,False,True,,53693,60749,,50926,0,0,2826,53752,5232,0,0,18641,23873,2% @ 62,www.yolo.courts.ca.gov/human-resources,,08/06/2024,Yolo,,False,
2023,Superior Court,Yolo County Superior Court,Courtroom Clerk,Courtroom Clerk I,False,True,,57821,65420,,52296,0,0,404,52700,5732,0,0,24363,30095,2.5% @ 55,www.yolo.courts.ca.gov/human-resources,,08/06/2024,Yolo,,False,
2023,Superior Court,Yolo County Superior Court,Traffic,Legal Process Clerk III,False,True,,53693,60749,,49056,0,0,3070,52126,5274,0,0,12498,17772,2% @ 62,www.yolo.courts.ca.gov/human-resources,,08/06/2024,Yolo,,False,
2023,Superior Court,Yolo County Superior Court,Courtroom Clerk,Courtroom Clerk I,False,True,,57821,65420,,50184,0,0,1845,52029,5359,0,0,24363,29722,2% @ 62,www.yolo.courts.ca.gov/human-resources,,08/06/2024,Yolo,,False,
2023,Superior Court,Yolo County Superior Court,Criminal,Legal Process Clerk III,False,True,,53693,60749,,49877,0,0,1691,51568,5000,0,0,9453,14453,2% @ 62,www.yolo.courts.ca.gov/human-resources,,08/06/2024,Yolo,,False,
2023,Superior Court,Yolo County Superior Court,Comprehensive Collections,Operations Senior Clerk,False,True,,77764,87983,,38519,0,10022,0,48541,3667,0,0,9297,12964,2.5% @ 55,www.yolo.courts.ca.gov/human-resources,,08/06/2024,Yolo,,False,
2023,Superior Court,Yolo County Superior Court,Civil,Legal Process Clerk II,False,True,,47457,53693,,43865,111,0,3071,47047,4395,0,0,9257,13652,2% @ 62,www.yolo.courts.ca.gov/human-resources,,08/06/2024,Yolo,,False,
2023,Superior Court,Yolo County Superior Court,Civil,Legal Process Clerk I,False,True,,41945,47457,,42578,0,0,4300,46878,4295,0,0,668,4963,2% @ 62,www.yolo.courts.ca.gov/human-resources,,08/06/2024,Yolo,,False,
2023,Superior Court,Yolo County Superior Court,Juvenile Dependency,Legal Process Clerk I,False,True,,41945,47457,,41450,0,0,3595,45045,4207,0,0,3592,7799,2% @ 62,www.yolo.courts.ca.gov/human-resources,,08/06/2024,Yolo,,False,
2023,Superior Court,Yolo County Superior Court,Comprehensive Collections,Fiscal Clerk II,False,True,,53693,60749,,42095,0,0,2660,44755,4140,0,0,11667,15807,2% @ 62,www.yolo.courts.ca.gov/human-resources,,08/06/2024,Yolo,,False,
2023,Superior Court,Yolo County Superior Court,Criminal,Legal Process Clerk I,False,True,,41945,47457,,41949,0,0,1443,43392,4299,0,0,9453,13752,2% @ 62,www.yolo.courts.ca.gov/human-resources,,08/06/2024,Yolo,,False,
2023,Superior Court,Yolo County Superior Court,Traffic,Legal Process Clerk I,False,True,,41945,47457,,42726,0,0,373,43099,4273,0,0,9453,13726,2% @ 62,www.yolo.courts.ca.gov/human-resources,,08/06/2024,Yolo,,False,
2023,Superior Court,Yolo County Superior Court,Civil,Legal Process Clerk III,False,True,,53693,60749,,39631,0,0,2919,42550,3990,0,0,10427,14417,2% @ 62,www.yolo.courts.ca.gov/human-resources,,08/06/2024,Yolo,,False,
2023,Superior Court,Yolo County Superior Court,Courtroom Support,Distribution Services Clerk,False,True,,37073,41945,,40152,0,0,2397,42549,4076,0,0,24522,28598,2% @ 62,www.yolo.courts.ca.gov/human-resources,,08/06/2024,Yolo,,False,
2023,Superior Court,Yolo County Superior Court,Criminal,Legal Process Clerk I,False,True,,41945,47457,,40527,0,0,1488,42015,4190,0,0,18641,22831,2% @ 62,www.yolo.courts.ca.gov/human-resources,,08/06/2024,Yolo,,False,
2023,Superior Court,Yolo County Superior Court,Traffic,Legal Process Clerk I,False,True,,41945,47457,,39851,0,0,373,40224,4169,0,0,24363,28532,2% @ 62,www.yolo.courts.ca.gov/human-resources,,08/06/2024,Yolo,,False,
2023,Superior Court,Yolo County Superior Court,Civil,Legal Process Clerk I,False,True,,41945,47457,,38917,0,0,296,39213,3969,0,0,22338,26307,2% @ 62,www.yolo.courts.ca.gov/human-resources,,08/06/2024,Yolo,,False,
2023,Superior Court,Yolo County Superior Court,Criminal,Legal Process Clerk I,False,True,,41945,47457,,38366,0,0,373,38739,3912,0,0,24363,28275,2% @ 62,www.yolo.courts.ca.gov/human-resources,,08/06/2024,Yolo,,False,
2023,Superior Court,Yolo County Superior Court,Criminal,Legal Process Clerk I,False,True,,41945,47457,,36625,0,0,311,36936,3694,0,0,9560,13254,2% @ 62,www.yolo.courts.ca.gov/human-resources,,08/06/2024,Yolo,,False,
2023,Superior Court,Yolo County Superior Court,Civil,Legal Process Clerk I,False,True,,41945,47457,,34563,0,929,604,36096,3505,0,0,20251,23756,2% @ 62,www.yolo.courts.ca.gov/human-resources,,08/06/2024,Yolo,,False,
2023,Superior Court,Yolo County Superior Court,Civil,Legal Process Clerk I,False,True,,41945,47457,,34314,0,0,397,34711,3549,0,0,20312,23861,2% @ 62,www.yolo.courts.ca.gov/human-resources,,08/06/2024,Yolo,,False,
2023,Superior Court,Yolo County Superior Court,Criminal,Legal Process Clerk III,False,True,,53693,60749,,29800,0,205,3578,33583,3143,0,0,22276,25419,2% @ 62,www.yolo.courts.ca.gov/human-resources,,08/06/2024,Yolo,,False,
2023,Superior Court,Yolo County Superior Court,Civil,Legal Process Clerk I,False,True,,41945,47457,,30695,0,152,2469,33316,3095,0,0,501,3596,2% @ 62,www.yolo.courts.ca.gov/human-resources,,08/06/2024,Yolo,,False,
2023,Superior Court,Yolo County Superior Court,Comprehensive Collections,Fiscal Clerk II,False,True,,53693,60749,,30719,0,609,0,31328,2948,0,0,12151,15099,2% @ 62,www.yolo.courts.ca.gov/human-resources,,08/06/2024,Yolo,,False,
2023,Superior Court,Yolo County Superior Court,Family & Children,Family Court Services Counselor,False,True,,88558,107900,,23843,0,0,7338,31181,2480,0,0,518,2998,2% @ 62,www.yolo.courts.ca.gov/human-resources,,08/06/2024,Yolo,,False,
2023,Superior Court,Yolo County Superior Court,Civil,Legal Process Clerk I,False,True,,41945,47457,,28970,0,0,1564,30534,2940,0,0,1095,4035,2% @ 62,www.yolo.courts.ca.gov/human-resources,,08/06/2024,Yolo,,False,
2023,Superior Court,Yolo County Superior Court,Comprehensive Collections,Fiscal Clerk II,False,True,,53693,60749,,27418,0,770,0,28188,2620,0,0,9297,11917,2% @ 62,www.yolo.courts.ca.gov/human-resources,,08/06/2024,Yolo,,False,
2023,Superior Court,Yolo County Superior Court,Traffic,Legal Process Clerk I,False,True,,41945,47457,,27159,0,0,359,27518,3114,0,0,21033,24147,2% @ 62,www.yolo.courts.ca.gov/human-resources,,08/06/2024,Yolo,,False,
2023,Superior Court,Yolo County Superior Court,Civil,Legal Process Clerk I,False,True,,41945,47457,,24786,0,889,327,26002,2461,0,0,10846,13307,2% @ 62,www.yolo.courts.ca.gov/human-resources,,08/06/2024,Yolo,,False,
2023,Superior Court,Yolo County Superior Court,Civil,Legal Process Clerk I,False,True,,41945,47457,,22381,0,1002,219,23602,2255,0,0,9297,11552,2% @ 62,www.yolo.courts.ca.gov/human-resources,,08/06/2024,Yolo,,False,
2023,Superior Court,Yolo County Superior Court,Criminal,Legal Process Clerk I,False,True,,41945,47457,,21317,0,0,1627,22944,2201,0,0,334,2535,2% @ 62,www.yolo.courts.ca.gov/human-resources,,08/06/2024,Yolo,,False,
2023,Superior Court,Yolo County Superior Court,Criminal,Legal Process Clerk II,False,True,,47457,53693,,21469,0,906,0,22375,2187,0,0,4715,6902,2% @ 62,www.yolo.courts.ca.gov/human-resources,,08/06/2024,Yolo,,False,
2023,Superior Court,Yolo County Superior Court,Criminal,Legal Process Clerk I,False,True,,41945,47457,,19674,0,0,1350,21024,2074,0,0,1088,3162,2% @ 62,www.yolo.courts.ca.gov/human-resources,,08/06/2024,Yolo,,False,
2023,Superior Court,Yolo County Superior Court,Comprehensive Collections,Fiscal Clerk I,False,True,,47457,53693,,19685,0,0,1250,20935,2047,0,0,447,2494,2% @ 62,www.yolo.courts.ca.gov/human-resources,,08/06/2024,Yolo,,False,
2023,Superior Court,Yolo County Superior Court,Comprehensive Collections,Fiscal Clerk I,False,True,,47457,53693,,19896,0,0,0,19896,2069,0,0,684,2753,2% @ 62,www.yolo.courts.ca.gov/human-resources,,08/06/2024,Yolo,,False,
2023,Superior Court,Yolo County Superior Court,Courtroom Clerk,Courtroom Clerk I,False,True,,57821,65420,,17435,0,739,0,18174,1712,0,0,3143,4855,2% @ 62,www.yolo.courts.ca.gov/human-resources,,08/06/2024,Yolo,,False,
2023,Superior Court,Yolo County Superior Court,Criminal,Legal Process Clerk I,False,True,,41945,47457,,13637,0,526,1125,15288,1422,0,0,684,2106,2% @ 62,www.yolo.courts.ca.gov/human-resources,,08/06/2024,Yolo,,False,
2023,Superior Court,Yolo County Superior Court,Family & Children,Family Court Services Counselor,False,True,,88558,107900,,11921,0,695,2650,15266,1123,0,0,1238,2361,2% @ 62,www.yolo.courts.ca.gov/human-resources,,08/06/2024,Yolo,,False,
2023,Superior Court,Yolo County Superior Court,Traffic,Legal Process Clerk I,False,True,,41945,47457,,13377,0,802,0,14179,1334,0,0,8100,9434,2% @ 62,www.yolo.courts.ca.gov/human-resources,,08/06/2024,Yolo,,False,
2023,Superior Court,Yolo County Superior Court,Legal Research,Legal Research Attorney II,False,True,,123307,139511,,11856,0,0,1798,13654,1233,0,0,873,2106,2% @ 62,www.yolo.courts.ca.gov/human-resources,,08/06/2024,Yolo,,False,
2023,Superior Court,Yolo County Superior Court,Courtroom Support,Courtroom Support Coordinator I,False,True,,47941,54241,,7425,0,501,4128,12054,699,0,0,194,893,2% @ 62,www.yolo.courts.ca.gov/human-resources,,08/06/2024,Yolo,,False,
2023,Superior Court,Yolo County Superior Court,Human Resources,Human Resources Analyst I,False,True,,76376,86413,,9259,0,0,1584,10843,963,0,0,1087,2050,2% @ 62,www.yolo.courts.ca.gov/human-resources,,08/06/2024,Yolo,,False,
2023,Superior Court,Yolo County Superior Court,Civil,Legal Process Clerk I,False,True,,41945,47457,,9639,0,0,750,10389,1002,0,0,167,1169,2% @ 62,www.yolo.courts.ca.gov/human-resources,,08/06/2024,Yolo,,False,
2023,Superior Court,Yolo County Superior Court,Judge's Retire System Member,"Judge, Superior Court",True,True,,7500,7500,,3185,0,0,5974,9159,0,0,0,0,0,Judicial Retirement System,www.yolo.courts.ca.gov/human-resources,,08/06/2024,Yolo,,False,
2023,Superior Court,Yolo County Superior Court,Courtroom Clerk,Courtroom Clerk II,False,True,,63824,72211,,7600,0,1,1125,8726,716,0,0,358,1074,2% @ 62,www.yolo.courts.ca.gov/human-resources,,08/06/2024,Yolo,,False,
2023,Superior Court,Yolo County Superior Court,Comprehensive Collections,Fiscal Clerk I,False,True,,47457,53693,,8130,0,0,0,8130,854,0,0,1595,2449,2% @ 62,www.yolo.courts.ca.gov/human-resources,,08/06/2024,Yolo,,False,
2023,Superior Court,Yolo County Superior Court,Civil,Legal Process Clerk I,False,True,,41945,47457,,4840,0,0,0,4840,503,0,0,56,559,2% @ 62,www.yolo.courts.ca.gov/human-resources,,08/06/2024,Yolo,,False,
2023,Superior Court,Yolo County Superior Court,Civil,Legal Process Clerk I,False,True,,41945,47457,,3972,0,0,0,3972,419,0,0,809,1228,2% @ 62,www.yolo.courts.ca.gov/human-resources,,08/06/2024,Yolo,,False,
2023,Superior Court,Yolo County Superior Court,Comprehensive Collections,Fiscal Clerk I,False,True,,47457,53693,,3552,0,383,0,3935,370,0,0,137,507,2% @ 62,www.yolo.courts.ca.gov/human-resources,,08/06/2024,Yolo,,False,

