﻿Year,EmployerType,EmployerName,DepartmentOrSubdivision,Position,ElectedOfficial,Judicial,OtherPositions,MinPositionSalary,MaxPositionSalary,ReportedBaseWage,RegularPay,OvertimePay,LumpSumPay,OtherPay,TotalWages,DefinedBenefitPlanContribution,EmployeesRetirementCostCovered,DeferredCompensationPlan,HealthDentalVision,TotalRetirementAndHealthContribution,PensionFormula,EmployerURL,EmployerPopulation,LastUpdatedDate,EmployerCounty,SpecialDistrictActivities,IncludesUnfundedLiability,SpecialDistrictType
2023,State Department,"Energy Infrastructure Safety, Office of",,"Program Manager, Public Utilities Commission",False,False,,174324,198012,,187323,0,9831,600,197754,46733,0,0,2162,48896,Public Employees Retirement System,https://www.calhr.ca.gov,,08/06/2024,,,True,
2023,State Department,"Energy Infrastructure Safety, Office of",,"Director, Office of Energy Infrastructure Safety, Californianatural Resources Agency",False,False,,190248,205728,,181505,0,0,10050,191555,46733,0,0,23377,70110,Public Employees Retirement System,https://www.calhr.ca.gov,,08/06/2024,,,True,
2023,State Department,"Energy Infrastructure Safety, Office of",,"Attorney IV, Range A",False,False,,139728,179448,,175000,0,0,14137,189137,56388,0,0,3327,59714,Public Employees Retirement System,https://www.calhr.ca.gov,,08/06/2024,,,True,
2023,State Department,"Energy Infrastructure Safety, Office of",,"General Counsel, Office of Energy Infrastructure Safety",False,False,,181656,202368,,177163,0,0,9666,186829,46733,0,0,23377,70110,Public Employees Retirement System,https://www.calhr.ca.gov,,08/06/2024,,,True,
2023,State Department,"Energy Infrastructure Safety, Office of",,"Attorney, Assistant Chief Counsel",False,False,,169080,197796,,180120,0,0,650,180770,46733,0,0,1996,48729,Public Employees Retirement System,https://www.calhr.ca.gov,,08/06/2024,,,True,
2023,State Department,"Energy Infrastructure Safety, Office of",,"Deputy Director, Office of Energy Infrastructure Safety",False,False,,170400,189864,,164449,0,0,13720,178169,55422,0,0,22807,78229,Public Employees Retirement System,https://www.calhr.ca.gov,,08/06/2024,,,True,
2023,State Department,"Energy Infrastructure Safety, Office of",,"Attorney IV, Range A",False,False,,139728,179448,,160404,0,0,13750,174154,55350,0,0,17569,72919,Public Employees Retirement System,https://www.calhr.ca.gov,,08/06/2024,,,True,
2023,State Department,"Energy Infrastructure Safety, Office of",,"Program and Project Supervisor, Public Utilities Commission",False,False,,143484,179604,,161098,0,0,6388,167486,53392,0,0,23377,76769,Public Employees Retirement System,https://www.calhr.ca.gov,,08/06/2024,,,True,
2023,State Department,"Energy Infrastructure Safety, Office of",,"Program Manager, Public Utilities Commission",False,False,,174324,198012,,156907,0,0,3882,160789,52638,0,0,1996,54634,Public Employees Retirement System,https://www.calhr.ca.gov,,08/06/2024,,,True,
2023,State Department,"Energy Infrastructure Safety, Office of",,"Program and Project Supervisor, Public Utilities Commission",False,False,,143484,179604,,157418,0,0,1077,158495,46733,0,0,23377,70110,Public Employees Retirement System,https://www.calhr.ca.gov,,08/06/2024,,,True,
2023,State Department,"Energy Infrastructure Safety, Office of",,"Program and Project Supervisor, Public Utilities Commission",False,False,,143484,179604,,147053,0,0,750,147803,46362,0,0,9397,55759,Public Employees Retirement System,https://www.calhr.ca.gov,,08/06/2024,,,True,
2023,State Department,"Energy Infrastructure Safety, Office of",,"Executive Officer, Excavation Board",False,False,,140292,156276,,136559,0,0,7998,144557,45300,0,0,9397,54697,Public Employees Retirement System,https://www.calhr.ca.gov,,08/06/2024,,,True,
2023,State Department,"Energy Infrastructure Safety, Office of",,Information Technology Manager I,False,False,,106188,142284,,132577,0,0,7784,140361,44758,0,0,18217,62975,Public Employees Retirement System,https://www.calhr.ca.gov,,08/06/2024,,,True,
2023,State Department,"Energy Infrastructure Safety, Office of",,"Deputy Director, Office of Energy Infrastructure Safety",False,False,,170400,189864,,93154,0,23368,23423,139945,36773,0,0,17532,54305,Public Employees Retirement System,https://www.calhr.ca.gov,,08/06/2024,,,True,
2023,State Department,"Energy Infrastructure Safety, Office of",,"Program and Project Supervisor, Public Utilities Commission",False,False,,143484,179604,,128736,0,0,5063,133799,43339,0,0,8906,52245,Public Employees Retirement System,https://www.calhr.ca.gov,,08/06/2024,,,True,
2023,State Department,"Energy Infrastructure Safety, Office of",,Supervising Special Investigator II (Non-Peace Officer),False,False,,100452,131136,,55545,0,77402,150,133097,19402,0,0,11688,31090,Public Employees Retirement System,https://www.calhr.ca.gov,,08/06/2024,,,True,
2023,State Department,"Energy Infrastructure Safety, Office of",,"Utilities Engineer, Range C",False,False,,101616,127140,,125721,591,0,4515,130827,42588,0,0,23283,65871,Public Employees Retirement System,https://www.calhr.ca.gov,,08/06/2024,,,True,
2023,State Department,"Energy Infrastructure Safety, Office of",,"Attorney III, Range A",False,False,,126432,162312,,128806,0,0,1120,129926,41539,0,0,2776,44315,Public Employees Retirement System,https://www.calhr.ca.gov,,08/06/2024,,,True,
2023,State Department,"Energy Infrastructure Safety, Office of",,"Program and Project Supervisor, Public Utilities Commission",False,False,,143484,179604,,126596,0,0,2570,129166,42889,0,0,8822,51711,Public Employees Retirement System,https://www.calhr.ca.gov,,08/06/2024,,,True,
2023,State Department,"Energy Infrastructure Safety, Office of",,"Attorney IV, Range A",False,False,,139728,179448,,126271,0,0,600,126871,41251,0,0,136,41387,Public Employees Retirement System,https://www.calhr.ca.gov,,08/06/2024,,,True,
2023,State Department,"Energy Infrastructure Safety, Office of",,"C.E.A., Range A",False,False,,117060,241728,,122232,0,0,800,123032,39881,0,0,1996,41877,Public Employees Retirement System,https://www.calhr.ca.gov,,08/06/2024,,,True,
2023,State Department,"Energy Infrastructure Safety, Office of",,"C.E.A., Range A",False,False,,117060,241728,,118681,0,0,2562,121243,39853,0,0,9397,49250,Public Employees Retirement System,https://www.calhr.ca.gov,,08/06/2024,,,True,
2023,State Department,"Energy Infrastructure Safety, Office of",,Research Data Manager,False,False,,113676,129060,,117425,0,0,750,118175,38903,0,0,136,39039,Public Employees Retirement System,https://www.calhr.ca.gov,,08/06/2024,,,True,
2023,State Department,"Energy Infrastructure Safety, Office of",,"C.E.A., Range A",False,False,,117060,241728,,110429,0,0,7416,117845,40824,0,0,23377,64201,Public Employees Retirement System,https://www.calhr.ca.gov,,08/06/2024,,,True,
2023,State Department,"Energy Infrastructure Safety, Office of",,Public Utilities Regulatory Analyst IV,False,False,,99156,124116,,101575,7049,0,5949,114573,35434,0,0,22767,58201,Public Employees Retirement System,https://www.calhr.ca.gov,,08/06/2024,,,True,
2023,State Department,"Energy Infrastructure Safety, Office of",,Senior Environmental Scientist(Specialist),False,False,,88032,109512,,85876,0,0,27246,113123,37435,0,0,8822,46257,Public Employees Retirement System,https://www.calhr.ca.gov,,08/06/2024,,,True,
2023,State Department,"Energy Infrastructure Safety, Office of",,"Utilities Engineer, Range C",False,False,,101616,127140,,109623,0,0,750,110373,34949,0,0,9153,44103,Public Employees Retirement System,https://www.calhr.ca.gov,,08/06/2024,,,True,
2023,State Department,"Energy Infrastructure Safety, Office of",,Public Utilities Regulatory Analyst V,False,False,,108936,136344,,104085,0,0,2420,106505,35102,0,0,9061,44163,Public Employees Retirement System,https://www.calhr.ca.gov,,08/06/2024,,,True,
2023,State Department,"Energy Infrastructure Safety, Office of",,"Utilities Engineer, Range C",False,False,,101616,127140,,93634,12354,0,17,106005,30632,0,0,482,31114,Public Employees Retirement System,https://www.calhr.ca.gov,,08/06/2024,,,True,
2023,State Department,"Energy Infrastructure Safety, Office of",,Staff Services Manager II (Supervisory),False,False,,89040,110628,,103425,0,0,2420,105845,34798,0,0,9397,44195,Public Employees Retirement System,https://www.calhr.ca.gov,,08/06/2024,,,True,
2023,State Department,"Energy Infrastructure Safety, Office of",,Public Utilities Regulatory Analyst V,False,False,,108936,136344,,103233,0,0,2520,105753,34897,0,0,8861,43758,Public Employees Retirement System,https://www.calhr.ca.gov,,08/06/2024,,,True,
2023,State Department,"Energy Infrastructure Safety, Office of",,Public Utilities Regulatory Analyst V,False,False,,108936,136344,,98402,1970,0,5323,105695,33057,0,0,8861,41919,Public Employees Retirement System,https://www.calhr.ca.gov,,08/06/2024,,,True,
2023,State Department,"Energy Infrastructure Safety, Office of",,Staff Services Manager II (Supervisory),False,False,,89040,110628,,102474,0,0,2470,104944,34798,0,0,23377,58175,Public Employees Retirement System,https://www.calhr.ca.gov,,08/06/2024,,,True,
2023,State Department,"Energy Infrastructure Safety, Office of",,"Information Technology Specialist I, Range B",False,False,,81012,108576,,98494,0,0,6364,104858,32966,0,0,8861,41827,Public Employees Retirement System,https://www.calhr.ca.gov,,08/06/2024,,,True,
2023,State Department,"Energy Infrastructure Safety, Office of",,Public Utilities Regulatory Analyst V,False,False,,108936,136344,,101888,0,0,2285,104173,34400,0,0,8822,43222,Public Employees Retirement System,https://www.calhr.ca.gov,,08/06/2024,,,True,
2023,State Department,"Energy Infrastructure Safety, Office of",,Public Utilities Regulatory Analyst V,False,False,,108936,136344,,99635,0,0,2570,102205,33617,0,0,8593,42210,Public Employees Retirement System,https://www.calhr.ca.gov,,08/06/2024,,,True,
2023,State Department,"Energy Infrastructure Safety, Office of",,Staff Services Manager I,False,False,,81120,100776,,93895,0,0,6183,100078,31644,0,0,18217,49861,Public Employees Retirement System,https://www.calhr.ca.gov,,08/06/2024,,,True,
2023,State Department,"Energy Infrastructure Safety, Office of",,Staff Services Manager I,False,False,,81120,100776,,96636,0,0,738,97373,31400,0,0,1996,33396,Public Employees Retirement System,https://www.calhr.ca.gov,,08/06/2024,,,True,
2023,State Department,"Energy Infrastructure Safety, Office of",,Staff Services Manager I,False,False,,81120,100776,,91354,71,0,5783,97207,31700,0,0,23377,55076,Public Employees Retirement System,https://www.calhr.ca.gov,,08/06/2024,,,True,
2023,State Department,"Energy Infrastructure Safety, Office of",,Staff Services Manager I,False,False,,81120,100776,,93946,0,0,2607,96553,31700,0,0,9397,41096,Public Employees Retirement System,https://www.calhr.ca.gov,,08/06/2024,,,True,
2023,State Department,"Energy Infrastructure Safety, Office of",,"Research Data Specialist III, Range A",False,False,,94932,118824,,89791,0,0,6190,95982,30479,0,0,8822,39301,Public Employees Retirement System,https://www.calhr.ca.gov,,08/06/2024,,,True,
2023,State Department,"Energy Infrastructure Safety, Office of",,Staff Services Manager II (Supervisory),False,False,,89040,110628,,89867,0,0,6080,95948,31536,0,0,23377,54913,Public Employees Retirement System,https://www.calhr.ca.gov,,08/06/2024,,,True,
2023,State Department,"Energy Infrastructure Safety, Office of",,"Public Utilities Regulatory Analyst I, Range C",False,False,,68220,85428,,91958,439,0,2570,94967,30622,0,0,8637,39259,Public Employees Retirement System,https://www.calhr.ca.gov,,08/06/2024,,,True,
2023,State Department,"Energy Infrastructure Safety, Office of",,Staff Services Manager I,False,False,,81120,100776,,84470,0,0,10193,94663,31405,0,0,18217,49622,Public Employees Retirement System,https://www.calhr.ca.gov,,08/06/2024,,,True,
2023,State Department,"Energy Infrastructure Safety, Office of",,Public Utilities Regulatory Analyst V,False,False,,108936,136344,,94223,0,0,100,94323,0,0,0,0,0,,https://www.calhr.ca.gov,,08/06/2024,,,True,
2023,State Department,"Energy Infrastructure Safety, Office of",,Public Utilities Regulatory Analyst III,False,False,,90264,113040,,92314,0,0,525,92839,30394,0,0,-272,30122,Public Employees Retirement System,https://www.calhr.ca.gov,,08/06/2024,,,True,
2023,State Department,"Energy Infrastructure Safety, Office of",,Senior Environmental Scientist (Supervisory),False,False,,123972,154116,,92019,0,0,0,92019,30684,0,0,9127,39811,Public Employees Retirement System,https://www.calhr.ca.gov,,08/06/2024,,,True,
2023,State Department,"Energy Infrastructure Safety, Office of",,"Associate Governmental Program Analyst, Range A",False,False,,68208,85368,,72780,6556,6669,2964,88969,20091,0,0,11775,31866,Public Employees Retirement System,https://www.calhr.ca.gov,,08/06/2024,,,True,
2023,State Department,"Energy Infrastructure Safety, Office of",,"Associate Governmental Program Analyst, Range A",False,False,,68208,85368,,86610,0,0,2160,88770,26854,0,0,8861,35716,Public Employees Retirement System,https://www.calhr.ca.gov,,08/06/2024,,,True,
2023,State Department,"Energy Infrastructure Safety, Office of",,"Associate Governmental Program Analyst, Range A",False,False,,68208,85368,,74436,6577,0,5518,86531,25358,0,0,8822,34180,Public Employees Retirement System,https://www.calhr.ca.gov,,08/06/2024,,,True,
2023,State Department,"Energy Infrastructure Safety, Office of",,Public Utilities Regulatory Analyst II,False,False,,82212,102864,,82333,490,0,3594,86418,27977,0,0,8861,36838,Public Employees Retirement System,https://www.calhr.ca.gov,,08/06/2024,,,True,
2023,State Department,"Energy Infrastructure Safety, Office of",,"Program Manager, Public Utilities Commission",False,False,,174324,198012,,85740,0,0,300,86040,16904,0,0,34,16938,Public Employees Retirement System,https://www.calhr.ca.gov,,08/06/2024,,,True,
2023,State Department,"Energy Infrastructure Safety, Office of",,Staff Services Manager I,False,False,,81120,100776,,79432,0,0,3029,82461,25733,0,0,1996,27729,Public Employees Retirement System,https://www.calhr.ca.gov,,08/06/2024,,,True,
2023,State Department,"Energy Infrastructure Safety, Office of",,Senior Environmental Scientist(Specialist),False,False,,88032,109512,,78872,1725,0,1387,81983,27185,0,0,5599,32784,Public Employees Retirement System,https://www.calhr.ca.gov,,08/06/2024,,,True,
2023,State Department,"Energy Infrastructure Safety, Office of",,"Associate Budget Analyst, Range A",False,False,,68208,85368,,77750,422,0,3520,81692,25178,0,0,1891,27069,Public Employees Retirement System,https://www.calhr.ca.gov,,08/06/2024,,,True,
2023,State Department,"Energy Infrastructure Safety, Office of",,"Research Data Specialist II, Range A",False,False,,86412,108156,,76322,0,0,2420,78742,27075,0,0,9203,36278,Public Employees Retirement System,https://www.calhr.ca.gov,,08/06/2024,,,True,
2023,State Department,"Energy Infrastructure Safety, Office of",,"Information Officer I (Specialist), Range A",False,False,,68208,85368,,76338,0,0,2120,78458,26146,0,0,8585,34731,Public Employees Retirement System,https://www.calhr.ca.gov,,08/06/2024,,,True,
2023,State Department,"Energy Infrastructure Safety, Office of",,Research Data Supervisor II,False,False,,93492,116160,,75244,0,0,2670,77914,27132,0,0,22919,50051,Public Employees Retirement System,https://www.calhr.ca.gov,,08/06/2024,,,True,
2023,State Department,"Energy Infrastructure Safety, Office of",,"Research Data Specialist II, Range A",False,False,,86412,108156,,73660,0,0,2370,76030,26012,0,0,22074,48085,Public Employees Retirement System,https://www.calhr.ca.gov,,08/06/2024,,,True,
2023,State Department,"Energy Infrastructure Safety, Office of",,Staff Services Manager I,False,False,,81120,100776,,72446,0,0,2665,75111,24283,0,0,8593,32876,Public Employees Retirement System,https://www.calhr.ca.gov,,08/06/2024,,,True,
2023,State Department,"Energy Infrastructure Safety, Office of",,"Associate Governmental Program Analyst, Range A",False,False,,68208,85368,,72598,0,0,1425,74022,24543,0,0,7266,31809,Public Employees Retirement System,https://www.calhr.ca.gov,,08/06/2024,,,True,
2023,State Department,"Energy Infrastructure Safety, Office of",,Staff Services Manager I,False,False,,81120,100776,,70791,0,0,2770,73561,17426,0,0,22818,40243,Public Employees Retirement System,https://www.calhr.ca.gov,,08/06/2024,,,True,
2023,State Department,"Energy Infrastructure Safety, Office of",,"Associate Personnel Analyst, Range A",False,False,,68208,85368,,65752,0,0,5045,70797,22485,0,0,8861,31347,Public Employees Retirement System,https://www.calhr.ca.gov,,08/06/2024,,,True,
2023,State Department,"Energy Infrastructure Safety, Office of",,Staff Services Manager I,False,False,,81120,100776,,68397,0,0,100,68497,0,0,0,0,0,,https://www.calhr.ca.gov,,08/06/2024,,,True,
2023,State Department,"Energy Infrastructure Safety, Office of",,"Associate Governmental Program Analyst, Range A",False,False,,68208,85368,,63266,0,0,3017,66283,21455,0,0,8637,30092,Public Employees Retirement System,https://www.calhr.ca.gov,,08/06/2024,,,True,
2023,State Department,"Energy Infrastructure Safety, Office of",,"Administrative Assistant II, Range A",False,False,,68208,85368,,61002,0,0,2620,63622,21818,0,0,22074,43892,Public Employees Retirement System,https://www.calhr.ca.gov,,08/06/2024,,,True,
2023,State Department,"Energy Infrastructure Safety, Office of",,"Staff Services Analyst, Range C",False,False,,56712,70992,,59066,1071,0,3452,63589,16484,0,0,18995,35479,Public Employees Retirement System,https://www.calhr.ca.gov,,08/06/2024,,,True,
2023,State Department,"Energy Infrastructure Safety, Office of",,"Associate Governmental Program Analyst, Range A",False,False,,68208,85368,,61001,0,0,1841,62842,21455,0,0,17139,38594,Public Employees Retirement System,https://www.calhr.ca.gov,,08/06/2024,,,True,
2023,State Department,"Energy Infrastructure Safety, Office of",,"Associate Governmental Program Analyst, Range A",False,False,,68208,85368,,58689,0,0,2220,60909,20094,0,0,8637,28732,Public Employees Retirement System,https://www.calhr.ca.gov,,08/06/2024,,,True,
2023,State Department,"Energy Infrastructure Safety, Office of",,"Environmental Scientist, Range B",False,False,,60444,75000,,59924,869,0,0,60794,20229,0,0,8637,28866,Public Employees Retirement System,https://www.calhr.ca.gov,,08/06/2024,,,True,
2023,State Department,"Energy Infrastructure Safety, Office of",,"Staff Services Analyst, Range C",False,False,,56712,70992,,53543,4309,0,2715,60566,18436,0,0,8822,27258,Public Employees Retirement System,https://www.calhr.ca.gov,,08/06/2024,,,True,
2023,State Department,"Energy Infrastructure Safety, Office of",,"Associate Governmental Program Analyst, Range A",False,False,,68208,85368,,56886,0,0,600,57486,18845,0,0,136,18981,Public Employees Retirement System,https://www.calhr.ca.gov,,08/06/2024,,,True,
2023,State Department,"Energy Infrastructure Safety, Office of",,"Staff Services Analyst, Range C",False,False,,56712,70992,,54300,0,0,700,55000,17990,0,0,136,18126,Public Employees Retirement System,https://www.calhr.ca.gov,,08/06/2024,,,True,
2023,State Department,"Energy Infrastructure Safety, Office of",,"Staff Services Analyst, Range B",False,False,,47292,59196,,39384,8940,0,4070,52395,14352,0,0,17151,31503,Public Employees Retirement System,https://www.calhr.ca.gov,,08/06/2024,,,True,
2023,State Department,"Energy Infrastructure Safety, Office of",,Staff Services Manager I,False,False,,81120,100776,,51956,0,0,-110,51845,17671,0,0,13645,31316,Public Employees Retirement System,https://www.calhr.ca.gov,,08/06/2024,,,True,
2023,State Department,"Energy Infrastructure Safety, Office of",,"Office Technician (Typing), Range A",False,False,,43308,54216,,48227,0,0,2420,50647,16675,0,0,8822,25497,Public Employees Retirement System,https://www.calhr.ca.gov,,08/06/2024,,,True,
2023,State Department,"Energy Infrastructure Safety, Office of",,Senior Utilities Engineer (Specialist),False,False,,130632,163500,,49947,0,0,150,50097,16309,0,0,42,16351,Public Employees Retirement System,https://www.calhr.ca.gov,,08/06/2024,,,True,
2023,State Department,"Energy Infrastructure Safety, Office of",,"Office Technician (Typing), Range A",False,False,,43308,54216,,45284,619,0,2820,48723,13763,0,0,8861,22625,Public Employees Retirement System,https://www.calhr.ca.gov,,08/06/2024,,,True,
2023,State Department,"Energy Infrastructure Safety, Office of",,"Associate Budget Analyst, Range A",False,False,,68208,85368,,48455,0,0,100,48555,0,0,0,0,0,,https://www.calhr.ca.gov,,08/06/2024,,,True,
2023,State Department,"Energy Infrastructure Safety, Office of",,"Associate Personnel Analyst, Range A",False,False,,68208,85368,,46286,0,0,2251,48537,17111,0,0,22142,39253,Public Employees Retirement System,https://www.calhr.ca.gov,,08/06/2024,,,True,
2023,State Department,"Energy Infrastructure Safety, Office of",,"Associate Governmental Program Analyst, Range A",False,False,,68208,85368,,40832,0,1251,2678,44762,14442,0,0,9241,23682,Public Employees Retirement System,https://www.calhr.ca.gov,,08/06/2024,,,True,
2023,State Department,"Energy Infrastructure Safety, Office of",,"Associate Governmental Program Analyst, Range A",False,False,,68208,85368,,42668,0,0,-42,42626,14793,0,0,12617,27410,Public Employees Retirement System,https://www.calhr.ca.gov,,08/06/2024,,,True,
2023,State Department,"Energy Infrastructure Safety, Office of",,Staff Services Manager I,False,False,,81120,100776,,42179,0,0,100,42279,0,0,0,0,0,,https://www.calhr.ca.gov,,08/06/2024,,,True,
2023,State Department,"Energy Infrastructure Safety, Office of",,"Associate Governmental Program Analyst, Range A",False,False,,68208,85368,,40667,0,0,774,41440,13806,0,0,11391,25197,Public Employees Retirement System,https://www.calhr.ca.gov,,08/06/2024,,,True,
2023,State Department,"Energy Infrastructure Safety, Office of",,Staff Services Manager I,False,False,,81120,100776,,41273,0,0,100,41373,0,0,0,0,0,,https://www.calhr.ca.gov,,08/06/2024,,,True,
2023,State Department,"Energy Infrastructure Safety, Office of",,Staff Services Manager I,False,False,,81120,100776,,40785,0,0,100,40885,0,0,0,0,0,,https://www.calhr.ca.gov,,08/06/2024,,,True,
2023,State Department,"Energy Infrastructure Safety, Office of",,Public Utilities Regulatory Analyst V,False,False,,108936,136344,,31851,0,7041,980,39872,10924,0,0,4402,15326,Public Employees Retirement System,https://www.calhr.ca.gov,,08/06/2024,,,True,
2023,State Department,"Energy Infrastructure Safety, Office of",,"Staff Services Analyst, Range C",False,False,,56712,70992,,38145,0,0,450,38595,12633,0,0,91,12724,Public Employees Retirement System,https://www.calhr.ca.gov,,08/06/2024,,,True,
2023,State Department,"Energy Infrastructure Safety, Office of",,"Information Technology Associate, Range C",False,False,,67068,89892,,37393,499,0,583,38476,8289,0,0,4319,12607,Public Employees Retirement System,https://www.calhr.ca.gov,,08/06/2024,,,True,
2023,State Department,"Energy Infrastructure Safety, Office of",,"Utilities Engineer, Range A",False,False,,74100,88356,,36133,0,0,0,36133,11798,0,0,57,11855,Public Employees Retirement System,https://www.calhr.ca.gov,,08/06/2024,,,True,
2023,State Department,"Energy Infrastructure Safety, Office of",,Public Utilities Regulatory Analyst II,False,False,,82212,102864,,35734,0,0,223,35956,11929,0,0,3571,15500,Public Employees Retirement System,https://www.calhr.ca.gov,,08/06/2024,,,True,
2023,State Department,"Energy Infrastructure Safety, Office of",,"Associate Governmental Program Analyst, Range A",False,False,,68208,85368,,31224,1905,0,300,33429,10029,0,0,1059,11088,Public Employees Retirement System,https://www.calhr.ca.gov,,08/06/2024,,,True,
2023,State Department,"Energy Infrastructure Safety, Office of",,Staff Services Manager I,False,False,,81120,100776,,26979,0,3011,872,30862,8894,0,0,6080,14974,Public Employees Retirement System,https://www.calhr.ca.gov,,08/06/2024,,,True,
2023,State Department,"Energy Infrastructure Safety, Office of",,"Associate Governmental Program Analyst, Range A",False,False,,68208,85368,,27387,0,0,250,27637,0,0,0,42,42,Part-Time Seasonal and Temporary (PST) Retirement Plan,https://www.calhr.ca.gov,,08/06/2024,,,True,
2023,State Department,"Energy Infrastructure Safety, Office of",,"Staff Services Analyst, Range C",False,False,,56712,70992,,26268,0,0,864,27132,8856,0,0,79,8935,Public Employees Retirement System,https://www.calhr.ca.gov,,08/06/2024,,,True,
2023,State Department,"Energy Infrastructure Safety, Office of",,"Attorney IV, Range A",False,False,,139728,179448,,27083,0,0,0,27083,0,0,0,0,0,,https://www.calhr.ca.gov,,08/06/2024,,,True,
2023,State Department,"Energy Infrastructure Safety, Office of",,"Office Technician (Typing), Range A",False,False,,43308,54216,,23539,28,207,73,23847,8096,0,0,5358,13454,Public Employees Retirement System,https://www.calhr.ca.gov,,08/06/2024,,,True,
2023,State Department,"Energy Infrastructure Safety, Office of",,"Senior Personnel Specialist, Range A",False,False,,64056,80268,,16444,0,0,25,16469,5104,0,0,1211,6315,Public Employees Retirement System,https://www.calhr.ca.gov,,08/06/2024,,,True,
2023,State Department,"Energy Infrastructure Safety, Office of",,"Associate Governmental Program Analyst, Range A",False,False,,68208,85368,,14223,0,0,150,14373,4716,0,0,23,4739,Public Employees Retirement System,https://www.calhr.ca.gov,,08/06/2024,,,True,
2023,State Department,"Energy Infrastructure Safety, Office of",,"Associate Governmental Program Analyst, Range A",False,False,,68208,85368,,10999,0,0,0,10999,0,0,0,0,0,,https://www.calhr.ca.gov,,08/06/2024,,,True,
2023,State Department,"Energy Infrastructure Safety, Office of",,"Staff Services Analyst, Range C",False,False,,56712,70992,,8519,0,1328,360,10207,2803,0,0,1432,4234,Public Employees Retirement System,https://www.calhr.ca.gov,,08/06/2024,,,True,
2023,State Department,"Energy Infrastructure Safety, Office of",,"Associate Governmental Program Analyst, Range A",False,False,,68208,85368,,9838,0,0,196,10035,3371,0,0,2090,5461,Public Employees Retirement System,https://www.calhr.ca.gov,,08/06/2024,,,True,
2023,State Department,"Energy Infrastructure Safety, Office of",,"Associate Governmental Program Analyst, Range A",False,False,,68208,85368,,9364,0,0,0,9364,3120,0,0,22,3142,Public Employees Retirement System,https://www.calhr.ca.gov,,08/06/2024,,,True,
2023,State Department,"Energy Infrastructure Safety, Office of",,"Graduate Student Assistant, Range B",False,False,,45480,50580,,7767,0,0,200,7967,0,0,0,0,0,Part-Time Seasonal and Temporary (PST) Retirement Plan,https://www.calhr.ca.gov,,08/06/2024,,,True,
2023,State Department,"Energy Infrastructure Safety, Office of",,"Research Data Specialist II, Range A",False,False,,86412,108156,,4233,0,0,-27,4206,1397,0,0,689,2086,Public Employees Retirement System,https://www.calhr.ca.gov,,08/06/2024,,,True,
2023,State Department,"Energy Infrastructure Safety, Office of",,"Associate Governmental Program Analyst, Range A",False,False,,68208,85368,,2256,0,0,-114,2142,744,0,0,689,1433,Public Employees Retirement System,https://www.calhr.ca.gov,,08/06/2024,,,True,
2023,State Department,"Energy Infrastructure Safety, Office of",,Public Utilities Regulatory Analyst V,False,False,,108936,136344,,0,0,0,50,50,0,0,0,0,0,Public Employees Retirement System,https://www.calhr.ca.gov,,08/06/2024,,,True,
2023,State Department,"Energy Infrastructure Safety, Office of",,"Research Data Specialist II, Range A",False,False,,86412,108156,,0,0,0,50,50,0,0,0,0,0,Public Employees Retirement System,https://www.calhr.ca.gov,,08/06/2024,,,True,

