﻿Year,EmployerType,EmployerName,DepartmentOrSubdivision,Position,ElectedOfficial,Judicial,OtherPositions,MinPositionSalary,MaxPositionSalary,ReportedBaseWage,RegularPay,OvertimePay,LumpSumPay,OtherPay,TotalWages,DefinedBenefitPlanContribution,EmployeesRetirementCostCovered,DeferredCompensationPlan,HealthDentalVision,TotalRetirementAndHealthContribution,PensionFormula,EmployerURL,EmployerPopulation,LastUpdatedDate,EmployerCounty,SpecialDistrictActivities,IncludesUnfundedLiability,SpecialDistrictType
2023,State Department,"Civil Rights Department, California",,Director/Department of Fair Employment and Housing,False,False,,190232,218327,,205050,0,0,2358,207408,46733,0,0,19077,65810,Public Employees Retirement System,https://www.calhr.ca.gov,,08/06/2024,,,True,
2023,State Department,"Civil Rights Department, California",,"C.E.A., Range A",False,False,,117060,241728,,198523,0,0,2470,200993,46733,0,0,9397,56130,Public Employees Retirement System,https://www.calhr.ca.gov,,08/06/2024,,,True,
2023,State Department,"Civil Rights Department, California",,"Attorney, Assistant Chief Counsel",False,False,,169080,197796,,174643,0,0,7352,181995,46733,0,0,9352,56085,Public Employees Retirement System,https://www.calhr.ca.gov,,08/06/2024,,,True,
2023,State Department,"Civil Rights Department, California",,"Chief Counsel, CA Civil Rights Department",False,False,,178200,207924,,163968,0,0,15427,179395,46733,0,0,23377,70110,Public Employees Retirement System,https://www.calhr.ca.gov,,08/06/2024,,,True,
2023,State Department,"Civil Rights Department, California",,"Chief Deputy Director, Civil Rights Department",False,False,,153984,185580,,170124,0,0,9161,179285,57077,0,0,18217,75293,Public Employees Retirement System,https://www.calhr.ca.gov,,08/06/2024,,,True,
2023,State Department,"Civil Rights Department, California",,"Attorney, Assistant Chief Counsel",False,False,,169080,197796,,167184,0,0,7618,174802,62195,0,0,2330,64525,Public Employees Retirement System,https://www.calhr.ca.gov,,08/06/2024,,,True,
2023,State Department,"Civil Rights Department, California",,"Attorney IV, Range A",False,False,,139728,179448,,174000,0,0,650,174650,46733,0,0,136,46869,Public Employees Retirement System,https://www.calhr.ca.gov,,08/06/2024,,,True,
2023,State Department,"Civil Rights Department, California",,"Attorney, Assistant Chief Counsel, Range A",False,False,,169080,197796,,173889,0,0,202,174091,51350,0,0,10136,61486,Public Employees Retirement System,https://www.calhr.ca.gov,,08/06/2024,,,True,
2023,State Department,"Civil Rights Department, California",,"Deputy Director of Executive Programs, Civil Rights Department",False,False,,155760,173484,,165087,0,0,8850,173937,46733,0,0,9397,56130,Public Employees Retirement System,https://www.calhr.ca.gov,,08/06/2024,,,True,
2023,State Department,"Civil Rights Department, California",,"Attorney IV, Range A",False,False,,139728,179448,,172094,0,0,650,172744,46733,0,0,8857,55590,Public Employees Retirement System,https://www.calhr.ca.gov,,08/06/2024,,,True,
2023,State Department,"Civil Rights Department, California",,"C.E.A., Range C",False,False,,117060,241728,,161777,0,0,8823,170600,54338,0,0,23377,77715,Public Employees Retirement System,https://www.calhr.ca.gov,,08/06/2024,,,True,
2023,State Department,"Civil Rights Department, California",,"Attorney IV, Range A",False,False,,139728,179448,,166191,0,0,3640,169831,56344,0,0,8857,65201,Public Employees Retirement System,https://www.calhr.ca.gov,,08/06/2024,,,True,
2023,State Department,"Civil Rights Department, California",,"Attorney IV, Range A",False,False,,139728,179448,,168508,0,0,650,169158,46733,0,0,17569,64302,Public Employees Retirement System,https://www.calhr.ca.gov,,08/06/2024,,,True,
2023,State Department,"Civil Rights Department, California",,"Attorney IV, Range A",False,False,,139728,179448,,167670,0,0,600,168270,46733,0,0,8857,55590,Public Employees Retirement System,https://www.calhr.ca.gov,,08/06/2024,,,True,
2023,State Department,"Civil Rights Department, California",,"Attorney III, Range A",False,False,,126432,162312,,154893,0,0,12326,167219,51030,0,0,8857,59887,Public Employees Retirement System,https://www.calhr.ca.gov,,08/06/2024,,,True,
2023,State Department,"Civil Rights Department, California",,"Attorney IV, Range A",False,False,,139728,179448,,163614,0,0,600,164214,46733,0,0,22693,69426,Public Employees Retirement System,https://www.calhr.ca.gov,,08/06/2024,,,True,
2023,State Department,"Civil Rights Department, California",,"C.E.A., Range C",False,False,,117060,241728,,161223,0,0,2060,163283,52096,0,0,7830,59927,Public Employees Retirement System,https://www.calhr.ca.gov,,08/06/2024,,,True,
2023,State Department,"Civil Rights Department, California",,"Attorney IV, Range A",False,False,,139728,179448,,160327,0,0,600,160927,56316,0,0,22693,79008,Public Employees Retirement System,https://www.calhr.ca.gov,,08/06/2024,,,True,
2023,State Department,"Civil Rights Department, California",,"C.E.A., Range B",False,False,,117060,241728,,150092,0,0,8432,158524,51423,0,0,23377,74800,Public Employees Retirement System,https://www.calhr.ca.gov,,08/06/2024,,,True,
2023,State Department,"Civil Rights Department, California",,"Attorney III, Range A",False,False,,126432,162312,,153229,0,0,650,153879,51030,0,0,22693,73723,Public Employees Retirement System,https://www.calhr.ca.gov,,08/06/2024,,,True,
2023,State Department,"Civil Rights Department, California",,"Attorney III, Range A",False,False,,126432,162312,,152996,0,0,650,153646,46733,0,0,17568,64302,Public Employees Retirement System,https://www.calhr.ca.gov,,08/06/2024,,,True,
2023,State Department,"Civil Rights Department, California",,Deputy Director of Strategic Initiatives & External Affairs,False,False,,153300,183948,,152247,0,0,650,152897,45716,0,0,136,45852,Public Employees Retirement System,https://www.calhr.ca.gov,,08/06/2024,,,True,
2023,State Department,"Civil Rights Department, California",,"Attorney V, Range A",False,False,,147480,188220,,152177,0,0,109,152286,46733,0,0,8115,54849,Public Employees Retirement System,https://www.calhr.ca.gov,,08/06/2024,,,True,
2023,State Department,"Civil Rights Department, California",,"C.E.A., Range A",False,False,,117060,241728,,143014,0,0,8018,151032,47889,0,0,9397,57286,Public Employees Retirement System,https://www.calhr.ca.gov,,08/06/2024,,,True,
2023,State Department,"Civil Rights Department, California",,"Attorney III, Range A",False,False,,126432,162312,,142022,0,0,6352,148374,47840,0,0,22693,70533,Public Employees Retirement System,https://www.calhr.ca.gov,,08/06/2024,,,True,
2023,State Department,"Civil Rights Department, California",,"Attorney, Assistant Chief Counsel",False,False,,169080,197796,,147239,0,0,600,147839,47961,0,0,9037,56997,Public Employees Retirement System,https://www.calhr.ca.gov,,08/06/2024,,,True,
2023,State Department,"Civil Rights Department, California",,"Attorney, Assistant Chief Counsel",False,False,,169080,197796,,141601,0,0,500,142101,44812,0,0,21429,66241,Public Employees Retirement System,https://www.calhr.ca.gov,,08/06/2024,,,True,
2023,State Department,"Civil Rights Department, California",,"Attorney III, Range A",False,False,,126432,162312,,140775,0,0,650,141425,45357,0,0,1996,47353,Public Employees Retirement System,https://www.calhr.ca.gov,,08/06/2024,,,True,
2023,State Department,"Civil Rights Department, California",,"Attorney III, Range A",False,False,,126432,162312,,140533,0,0,650,141183,46373,0,0,8857,55229,Public Employees Retirement System,https://www.calhr.ca.gov,,08/06/2024,,,True,
2023,State Department,"Civil Rights Department, California",,"C.E.A., Range B",False,False,,117060,241728,,132614,0,0,7507,140121,44706,0,0,9397,54103,Public Employees Retirement System,https://www.calhr.ca.gov,,08/06/2024,,,True,
2023,State Department,"Civil Rights Department, California",,"Attorney III, Range A",False,False,,126432,162312,,128434,0,0,10412,138846,42123,0,0,8857,50980,Public Employees Retirement System,https://www.calhr.ca.gov,,08/06/2024,,,True,
2023,State Department,"Civil Rights Department, California",,"Attorney, Assistant Chief Counsel, Range A",False,False,,169080,197796,,138951,0,0,-217,138734,46277,0,0,19369,65646,Public Employees Retirement System,https://www.calhr.ca.gov,,08/06/2024,,,True,
2023,State Department,"Civil Rights Department, California",,"Attorney III, Range A",False,False,,126432,162312,,137559,0,0,650,138209,45387,0,0,8857,54244,Public Employees Retirement System,https://www.calhr.ca.gov,,08/06/2024,,,True,
2023,State Department,"Civil Rights Department, California",,"Attorney IV, Range A",False,False,,139728,179448,,137903,0,0,-90,137813,45503,0,0,18801,64304,Public Employees Retirement System,https://www.calhr.ca.gov,,08/06/2024,,,True,
2023,State Department,"Civil Rights Department, California",,"C.E.A., Range A",False,False,,117060,241728,,134200,0,0,2470,136670,46150,0,0,23377,69527,Public Employees Retirement System,https://www.calhr.ca.gov,,08/06/2024,,,True,
2023,State Department,"Civil Rights Department, California",,"C.E.A., Range A",False,False,,117060,241728,,128782,0,0,7607,136389,43938,0,0,18217,62155,Public Employees Retirement System,https://www.calhr.ca.gov,,08/06/2024,,,True,
2023,State Department,"Civil Rights Department, California",,"Attorney, Assistant Chief Counsel",False,False,,169080,197796,,135291,0,0,336,135627,44230,0,0,7047,51278,Public Employees Retirement System,https://www.calhr.ca.gov,,08/06/2024,,,True,
2023,State Department,"Civil Rights Department, California",,Information Technology Manager I,False,False,,106188,142284,,126327,0,0,7447,133774,43291,0,0,18217,61508,Public Employees Retirement System,https://www.calhr.ca.gov,,08/06/2024,,,True,
2023,State Department,"Civil Rights Department, California",,"Attorney, Range B",False,False,,104496,134076,,125542,0,0,8047,133589,42153,0,0,17569,59722,Public Employees Retirement System,https://www.calhr.ca.gov,,08/06/2024,,,True,
2023,State Department,"Civil Rights Department, California",,"C.E.A., Range B",False,False,,117060,241728,,130106,0,0,2524,132630,44316,0,0,23377,67692,Public Employees Retirement System,https://www.calhr.ca.gov,,08/06/2024,,,True,
2023,State Department,"Civil Rights Department, California",,"C.E.A., Range A",False,False,,117060,241728,,129094,0,0,2334,131428,42866,0,0,9557,52423,Public Employees Retirement System,https://www.calhr.ca.gov,,08/06/2024,,,True,
2023,State Department,"Civil Rights Department, California",,"C.E.A., Range A",False,False,,117060,241728,,127297,0,0,2470,129767,43938,0,0,23377,67315,Public Employees Retirement System,https://www.calhr.ca.gov,,08/06/2024,,,True,
2023,State Department,"Civil Rights Department, California",,"Attorney III, Range A",False,False,,126432,162312,,128922,0,0,650,129572,42603,0,0,8857,51459,Public Employees Retirement System,https://www.calhr.ca.gov,,08/06/2024,,,True,
2023,State Department,"Civil Rights Department, California",,"C.E.A., Range B",False,False,,117060,241728,,128033,0,0,650,128683,41800,0,0,1996,43796,Public Employees Retirement System,https://www.calhr.ca.gov,,08/06/2024,,,True,
2023,State Department,"Civil Rights Department, California",,"Attorney, Range B",False,False,,104496,134076,,124951,0,0,600,125551,42921,0,0,17569,60490,Public Employees Retirement System,https://www.calhr.ca.gov,,08/06/2024,,,True,
2023,State Department,"Civil Rights Department, California",,"Attorney III, Range A",False,False,,126432,162312,,110088,0,14915,500,125503,31302,0,0,6642,37944,Public Employees Retirement System,https://www.calhr.ca.gov,,08/06/2024,,,True,
2023,State Department,"Civil Rights Department, California",,"Attorney III, Range A",False,False,,126432,162312,,123805,0,0,600,124405,42751,0,0,8857,51608,Public Employees Retirement System,https://www.calhr.ca.gov,,08/06/2024,,,True,
2023,State Department,"Civil Rights Department, California",,"Attorney IV, Range A",False,False,,139728,179448,,123286,0,0,600,123886,41491,0,0,8857,50348,Public Employees Retirement System,https://www.calhr.ca.gov,,08/06/2024,,,True,
2023,State Department,"Civil Rights Department, California",,"Administrator II, Fair Employment and Housing",False,False,,113676,129060,,116376,0,0,5171,121547,38666,0,0,1767,40432,Public Employees Retirement System,https://www.calhr.ca.gov,,08/06/2024,,,True,
2023,State Department,"Civil Rights Department, California",,"Attorney III, Range A",False,False,,126432,162312,,119727,0,0,350,120077,0,0,0,8857,8857,Part-Time Seasonal and Temporary (PST) Retirement Plan,https://www.calhr.ca.gov,,08/06/2024,,,True,
2023,State Department,"Civil Rights Department, California",,"Information Technology Specialist II, Range A",False,False,,97560,130716,,111563,0,0,6718,118281,37692,0,0,8822,46514,Public Employees Retirement System,https://www.calhr.ca.gov,,08/06/2024,,,True,
2023,State Department,"Civil Rights Department, California",,"C.E.A., Range A",False,False,,117060,241728,,116465,0,0,1109,117574,38658,0,0,7813,46472,Public Employees Retirement System,https://www.calhr.ca.gov,,08/06/2024,,,True,
2023,State Department,"Civil Rights Department, California",,Fair Employment and Housing Consultant III (Specialist),False,False,,74916,93780,,86919,28151,0,2470,117540,29499,0,0,8861,38360,Public Employees Retirement System,https://www.calhr.ca.gov,,08/06/2024,,,True,
2023,State Department,"Civil Rights Department, California",,Information Technology Manager I,False,False,,106188,142284,,113976,0,0,1820,115796,38951,0,0,18217,57168,Public Employees Retirement System,https://www.calhr.ca.gov,,08/06/2024,,,True,
2023,State Department,"Civil Rights Department, California",,Fair Employment and Housing Consultant III (Specialist),False,False,,74916,93780,,86805,21407,0,5819,114031,29499,0,0,9203,38702,Public Employees Retirement System,https://www.calhr.ca.gov,,08/06/2024,,,True,
2023,State Department,"Civil Rights Department, California",,Labor Relations Manager I,False,False,,98580,111972,,104602,0,0,9338,113940,35222,0,0,9397,44619,Public Employees Retirement System,https://www.calhr.ca.gov,,08/06/2024,,,True,
2023,State Department,"Civil Rights Department, California",,Information Technology Supervisor I,False,False,,87504,117252,,106000,0,0,6132,112132,36882,0,0,23377,60259,Public Employees Retirement System,https://www.calhr.ca.gov,,08/06/2024,,,True,
2023,State Department,"Civil Rights Department, California",,"Information Technology Specialist II, Range A",False,False,,97560,130716,,109195,0,0,2470,111665,38134,0,0,22698,60833,Public Employees Retirement System,https://www.calhr.ca.gov,,08/06/2024,,,True,
2023,State Department,"Civil Rights Department, California",,Deputy Director of Communications,False,False,,121596,135456,,103244,5699,0,2450,111393,34550,0,0,9116,43666,Public Employees Retirement System,https://www.calhr.ca.gov,,08/06/2024,,,True,
2023,State Department,"Civil Rights Department, California",,"Attorney, Range B",False,False,,104496,134076,,107234,0,0,2905,110139,35535,0,0,8857,44392,Public Employees Retirement System,https://www.calhr.ca.gov,,08/06/2024,,,True,
2023,State Department,"Civil Rights Department, California",,Staff Services Manager II (Supervisory),False,False,,89040,110628,,103546,0,0,6538,110084,34798,0,0,9397,44195,Public Employees Retirement System,https://www.calhr.ca.gov,,08/06/2024,,,True,
2023,State Department,"Civil Rights Department, California",,"Attorney III, Range A",False,False,,126432,162312,,108957,0,0,700,109657,35934,0,0,8857,44791,Public Employees Retirement System,https://www.calhr.ca.gov,,08/06/2024,,,True,
2023,State Department,"Civil Rights Department, California",,Staff Services Manager II (Supervisory),False,False,,89040,110628,,102784,0,0,6488,109272,34798,0,0,23377,58175,Public Employees Retirement System,https://www.calhr.ca.gov,,08/06/2024,,,True,
2023,State Department,"Civil Rights Department, California",,Staff Services Manager II (Supervisory),False,False,,89040,110628,,102615,0,0,6538,109153,34798,0,0,23377,58175,Public Employees Retirement System,https://www.calhr.ca.gov,,08/06/2024,,,True,
2023,State Department,"Civil Rights Department, California",,"Attorney, Range B",False,False,,104496,134076,,105937,0,0,2855,108792,35042,0,0,8857,43899,Public Employees Retirement System,https://www.calhr.ca.gov,,08/06/2024,,,True,
2023,State Department,"Civil Rights Department, California",,Staff Services Manager II (Supervisory),False,False,,89040,110628,,101124,0,0,6468,107592,34505,0,0,23377,57881,Public Employees Retirement System,https://www.calhr.ca.gov,,08/06/2024,,,True,
2023,State Department,"Civil Rights Department, California",,Staff Services Manager II (Supervisory),False,False,,89040,110628,,106891,0,0,650,107541,34798,0,0,1996,36794,Public Employees Retirement System,https://www.calhr.ca.gov,,08/06/2024,,,True,
2023,State Department,"Civil Rights Department, California",,"Attorney III, Range A",False,False,,126432,162312,,104210,0,0,2656,106866,34168,0,0,8942,43110,Public Employees Retirement System,https://www.calhr.ca.gov,,08/06/2024,,,True,
2023,State Department,"Civil Rights Department, California",,Staff Services Manager II (Supervisory),False,False,,89040,110628,,100038,0,0,6538,106576,34798,0,0,23377,58175,Public Employees Retirement System,https://www.calhr.ca.gov,,08/06/2024,,,True,
2023,State Department,"Civil Rights Department, California",,"Attorney, Range B",False,False,,104496,134076,,105461,0,0,650,106111,35360,0,0,22693,58052,Public Employees Retirement System,https://www.calhr.ca.gov,,08/06/2024,,,True,
2023,State Department,"Civil Rights Department, California",,Staff Services Manager II (Supervisory),False,False,,89040,110628,,102232,0,0,2470,104702,35566,0,0,23377,58943,Public Employees Retirement System,https://www.calhr.ca.gov,,08/06/2024,,,True,
2023,State Department,"Civil Rights Department, California",,"Attorney, Range B",False,False,,104496,134076,,103541,0,0,600,104141,33663,0,0,136,33799,Public Employees Retirement System,https://www.calhr.ca.gov,,08/06/2024,,,True,
2023,State Department,"Civil Rights Department, California",,Staff Services Manager II (Supervisory),False,False,,89040,110628,,101361,0,0,2470,103831,34798,0,0,18217,53015,Public Employees Retirement System,https://www.calhr.ca.gov,,08/06/2024,,,True,
2023,State Department,"Civil Rights Department, California",,Staff Services Manager II (Supervisory),False,False,,89040,110628,,100695,0,0,2470,103165,33886,0,0,9397,43283,Public Employees Retirement System,https://www.calhr.ca.gov,,08/06/2024,,,True,
2023,State Department,"Civil Rights Department, California",,Staff Services Manager II (Supervisory),False,False,,89040,110628,,100759,0,0,2370,103129,35566,0,0,23377,58943,Public Employees Retirement System,https://www.calhr.ca.gov,,08/06/2024,,,True,
2023,State Department,"Civil Rights Department, California",,"Associate Governmental Program Analyst, Range A",False,False,,68208,85368,,83993,0,18017,500,102510,27872,0,0,9742,37614,Public Employees Retirement System,https://www.calhr.ca.gov,,08/06/2024,,,True,
2023,State Department,"Civil Rights Department, California",,Staff Services Manager II (Supervisory),False,False,,89040,110628,,95905,0,0,6311,102216,32340,0,0,9397,41736,Public Employees Retirement System,https://www.calhr.ca.gov,,08/06/2024,,,True,
2023,State Department,"Civil Rights Department, California",,Staff Services Manager II (Supervisory),False,False,,89040,110628,,94851,0,0,6106,100956,31965,0,0,9397,41361,Public Employees Retirement System,https://www.calhr.ca.gov,,08/06/2024,,,True,
2023,State Department,"Civil Rights Department, California",,"C.E.A., Range A",False,False,,117060,241728,,97801,0,2699,450,100949,31969,0,0,1497,33466,Public Employees Retirement System,https://www.calhr.ca.gov,,08/06/2024,,,True,
2023,State Department,"Civil Rights Department, California",,Staff Services Manager II (Supervisory),False,False,,89040,110628,,94208,0,0,6361,100570,33927,0,0,23377,57304,Public Employees Retirement System,https://www.calhr.ca.gov,,08/06/2024,,,True,
2023,State Department,"Civil Rights Department, California",,"Attorney, Range B",False,False,,104496,134076,,96525,0,0,2625,99150,32077,0,0,8857,40934,Public Employees Retirement System,https://www.calhr.ca.gov,,08/06/2024,,,True,
2023,State Department,"Civil Rights Department, California",,Staff Services Manager II (Supervisory),False,False,,89040,110628,,95968,0,0,2370,98338,32478,0,0,17750,50227,Public Employees Retirement System,https://www.calhr.ca.gov,,08/06/2024,,,True,
2023,State Department,"Civil Rights Department, California",,Staff Services Manager II (Supervisory),False,False,,89040,110628,,95475,0,0,2820,98295,33331,0,0,23377,56708,Public Employees Retirement System,https://www.calhr.ca.gov,,08/06/2024,,,True,
2023,State Department,"Civil Rights Department, California",,Staff Services Manager II (Supervisory),False,False,,89040,110628,,97518,0,0,600,98118,32308,0,0,136,32444,Public Employees Retirement System,https://www.calhr.ca.gov,,08/06/2024,,,True,
2023,State Department,"Civil Rights Department, California",,"Attorney, Range A",False,False,,92844,116760,,95589,0,0,2432,98021,31378,0,0,8972,40349,Public Employees Retirement System,https://www.calhr.ca.gov,,08/06/2024,,,True,
2023,State Department,"Civil Rights Department, California",,Staff Services Manager I,False,False,,81120,100776,,91668,0,0,6176,97843,31700,0,0,9397,41096,Public Employees Retirement System,https://www.calhr.ca.gov,,08/06/2024,,,True,
2023,State Department,"Civil Rights Department, California",,Staff Services Manager I,False,False,,81120,100776,,90684,0,0,6126,96810,31700,0,0,23377,55076,Public Employees Retirement System,https://www.calhr.ca.gov,,08/06/2024,,,True,
2023,State Department,"Civil Rights Department, California",,"Information Technology Associate, Range D",False,False,,73764,98856,,89810,0,0,6825,96635,31096,0,0,17039,48135,Public Employees Retirement System,https://www.calhr.ca.gov,,08/06/2024,,,True,
2023,State Department,"Civil Rights Department, California",,Staff Services Manager I,False,False,,81120,100776,,95678,0,0,650,96328,31700,0,0,1890,33590,Public Employees Retirement System,https://www.calhr.ca.gov,,08/06/2024,,,True,
2023,State Department,"Civil Rights Department, California",,Staff Services Manager I,False,False,,81120,100776,,84279,3325,0,8410,96014,28823,0,0,14542,43365,Public Employees Retirement System,https://www.calhr.ca.gov,,08/06/2024,,,True,
2023,State Department,"Civil Rights Department, California",,Staff Services Manager I,False,False,,81120,100776,,95256,0,0,650,95906,31076,0,0,2253,33330,Public Employees Retirement System,https://www.calhr.ca.gov,,08/06/2024,,,True,
2023,State Department,"Civil Rights Department, California",,"Attorney, Range B",False,False,,104496,134076,,93542,0,0,2140,95682,31328,0,0,22882,54210,Public Employees Retirement System,https://www.calhr.ca.gov,,08/06/2024,,,True,
2023,State Department,"Civil Rights Department, California",,Staff Services Manager I,False,False,,81120,100776,,93193,0,0,2470,95663,32468,0,0,23377,55844,Public Employees Retirement System,https://www.calhr.ca.gov,,08/06/2024,,,True,
2023,State Department,"Civil Rights Department, California",,"Attorney III, Range A",False,False,,126432,162312,,84771,0,0,10846,95616,28410,0,0,18422,46831,Public Employees Retirement System,https://www.calhr.ca.gov,,08/06/2024,,,True,
2023,State Department,"Civil Rights Department, California",,Staff Services Manager I,False,False,,81120,100776,,93120,0,0,2420,95540,31700,0,0,23377,55076,Public Employees Retirement System,https://www.calhr.ca.gov,,08/06/2024,,,True,
2023,State Department,"Civil Rights Department, California",,Fair Employment and Housing Consultant III (Specialist),False,False,,74916,93780,,88110,874,0,5819,94803,29499,0,0,8593,38092,Public Employees Retirement System,https://www.calhr.ca.gov,,08/06/2024,,,True,
2023,State Department,"Civil Rights Department, California",,Staff Services Manager I,False,False,,81120,100776,,92271,0,0,2470,94741,31700,0,0,18217,49916,Public Employees Retirement System,https://www.calhr.ca.gov,,08/06/2024,,,True,
2023,State Department,"Civil Rights Department, California",,"Information Technology Specialist I, Range B",False,False,,81012,108576,,88397,0,0,5644,94041,30646,0,0,17581,48227,Public Employees Retirement System,https://www.calhr.ca.gov,,08/06/2024,,,True,
2023,State Department,"Civil Rights Department, California",,Staff Services Manager II (Supervisory),False,False,,89040,110628,,91475,0,0,2470,93945,31676,0,0,23377,55052,Public Employees Retirement System,https://www.calhr.ca.gov,,08/06/2024,,,True,
2023,State Department,"Civil Rights Department, California",,Staff Services Manager I,False,False,,81120,100776,,91035,0,0,2420,93455,30727,0,0,9397,40123,Public Employees Retirement System,https://www.calhr.ca.gov,,08/06/2024,,,True,
2023,State Department,"Civil Rights Department, California",,Staff Services Manager I,False,False,,81120,100776,,90838,0,0,2381,93219,29646,0,0,2945,32590,Public Employees Retirement System,https://www.calhr.ca.gov,,08/06/2024,,,True,
2023,State Department,"Civil Rights Department, California",,Staff Services Manager I,False,False,,81120,100776,,92236,0,0,960,93196,30045,0,0,1996,32041,Public Employees Retirement System,https://www.calhr.ca.gov,,08/06/2024,,,True,
2023,State Department,"Civil Rights Department, California",,Fair Employment and Housing Consultant III (Specialist),False,False,,74916,93780,,75411,15188,0,2436,93035,26807,0,0,22562,49369,Public Employees Retirement System,https://www.calhr.ca.gov,,08/06/2024,,,True,
2023,State Department,"Civil Rights Department, California",,Fair Employment and Housing Consultant III (Specialist),False,False,,74916,93780,,87064,0,0,5919,92983,29499,0,0,8822,38321,Public Employees Retirement System,https://www.calhr.ca.gov,,08/06/2024,,,True,
2023,State Department,"Civil Rights Department, California",,Staff Services Manager I,False,False,,81120,100776,,90317,0,0,2470,92787,31014,0,0,9397,40411,Public Employees Retirement System,https://www.calhr.ca.gov,,08/06/2024,,,True,
2023,State Department,"Civil Rights Department, California",,Fair Employment and Housing Consultant III (Specialist),False,False,,74916,93780,,88651,0,0,4099,92750,29499,0,0,1290,30789,Public Employees Retirement System,https://www.calhr.ca.gov,,08/06/2024,,,True,
2023,State Department,"Civil Rights Department, California",,"Information Technology Specialist I, Range A",False,False,,73668,98736,,90242,0,0,2470,92712,29863,0,0,7908,37771,Public Employees Retirement System,https://www.calhr.ca.gov,,08/06/2024,,,True,
2023,State Department,"Civil Rights Department, California",,"Attorney, Range A",False,False,,92844,116760,,89893,0,0,2570,92463,30960,0,0,8857,39817,Public Employees Retirement System,https://www.calhr.ca.gov,,08/06/2024,,,True,
2023,State Department,"Civil Rights Department, California",,Staff Services Manager II (Supervisory),False,False,,89040,110628,,89642,0,0,2412,92054,31096,0,0,23377,54473,Public Employees Retirement System,https://www.calhr.ca.gov,,08/06/2024,,,True,
2023,State Department,"Civil Rights Department, California",,Fair Employment and Housing Consultant III (Specialist),False,False,,74916,93780,,86158,0,0,5869,92027,30267,0,0,22074,52340,Public Employees Retirement System,https://www.calhr.ca.gov,,08/06/2024,,,True,
2023,State Department,"Civil Rights Department, California",,Staff Services Manager I,False,False,,81120,100776,,89416,0,0,2470,91886,30190,0,0,9397,39587,Public Employees Retirement System,https://www.calhr.ca.gov,,08/06/2024,,,True,
2023,State Department,"Civil Rights Department, California",,"Attorney, Range A",False,False,,92844,116760,,89242,0,0,2440,91682,29012,0,0,136,29148,Public Employees Retirement System,https://www.calhr.ca.gov,,08/06/2024,,,True,
2023,State Department,"Civil Rights Department, California",,"Associate Governmental Program Analyst, Range A",False,False,,68208,85368,,77058,0,11696,2420,91175,26963,0,0,17592,44555,Public Employees Retirement System,https://www.calhr.ca.gov,,08/06/2024,,,True,
2023,State Department,"Civil Rights Department, California",,"Information Technology Associate, Range D",False,False,,73764,98856,,88591,0,0,2470,91061,31096,0,0,22698,53795,Public Employees Retirement System,https://www.calhr.ca.gov,,08/06/2024,,,True,
2023,State Department,"Civil Rights Department, California",,Staff Services Manager I,False,False,,81120,100776,,88488,0,0,2302,90790,29862,0,0,10867,40729,Public Employees Retirement System,https://www.calhr.ca.gov,,08/06/2024,,,True,
2023,State Department,"Civil Rights Department, California",,Staff Services Manager II (Supervisory),False,False,,89040,110628,,84667,0,0,5709,90375,28372,0,0,9397,37769,Public Employees Retirement System,https://www.calhr.ca.gov,,08/06/2024,,,True,
2023,State Department,"Civil Rights Department, California",,Fair Employment and Housing Consultant III (Specialist),False,False,,74916,93780,,84479,0,0,5869,90348,29499,0,0,17991,47490,Public Employees Retirement System,https://www.calhr.ca.gov,,08/06/2024,,,True,
2023,State Department,"Civil Rights Department, California",,"Attorney III, Range A",False,False,,126432,162312,,90301,0,0,20,90321,29611,0,0,5166,34778,Public Employees Retirement System,https://www.calhr.ca.gov,,08/06/2024,,,True,
2023,State Department,"Civil Rights Department, California",,Staff Services Manager I,False,False,,81120,100776,,87796,0,0,2320,90116,29610,0,0,9397,39007,Public Employees Retirement System,https://www.calhr.ca.gov,,08/06/2024,,,True,
2023,State Department,"Civil Rights Department, California",,"Associate Governmental Program Analyst, Range A",False,False,,68208,85368,,57666,0,30053,2270,89988,19611,0,0,6428,26039,Public Employees Retirement System,https://www.calhr.ca.gov,,08/06/2024,,,True,
2023,State Department,"Civil Rights Department, California",,Staff Services Manager I,False,False,,81120,100776,,87359,0,0,2420,89779,29624,0,0,17621,47245,Public Employees Retirement System,https://www.calhr.ca.gov,,08/06/2024,,,True,
2023,State Department,"Civil Rights Department, California",,Fair Employment and Housing Consultant III (Specialist),False,False,,74916,93780,,86938,0,0,2420,89358,29499,0,0,8861,38360,Public Employees Retirement System,https://www.calhr.ca.gov,,08/06/2024,,,True,
2023,State Department,"Civil Rights Department, California",,"Attorney, Range A",False,False,,92844,116760,,86754,0,0,2376,89130,28765,0,0,8857,37621,Public Employees Retirement System,https://www.calhr.ca.gov,,08/06/2024,,,True,
2023,State Department,"Civil Rights Department, California",,Fair Employment and Housing Consultant III (Specialist),False,False,,74916,93780,,86598,0,0,2470,89068,29499,0,0,9217,38716,Public Employees Retirement System,https://www.calhr.ca.gov,,08/06/2024,,,True,
2023,State Department,"Civil Rights Department, California",,Fair Employment and Housing Consultant III (Specialist),False,False,,74916,93780,,86359,0,0,2470,88829,28897,0,0,8637,37535,Public Employees Retirement System,https://www.calhr.ca.gov,,08/06/2024,,,True,
2023,State Department,"Civil Rights Department, California",,Staff Services Manager II (Supervisory),False,False,,89040,110628,,40004,0,47187,1550,88741,14018,0,0,9740,23758,Public Employees Retirement System,https://www.calhr.ca.gov,,08/06/2024,,,True,
2023,State Department,"Civil Rights Department, California",,"Associate Personnel Analyst, Range L",False,False,,70260,87948,,84737,0,0,3884,88622,27666,0,0,3327,30993,Public Employees Retirement System,https://www.calhr.ca.gov,,08/06/2024,,,True,
2023,State Department,"Civil Rights Department, California",,Staff Services Manager I,False,False,,81120,100776,,86106,0,0,2470,88576,27247,0,0,9397,36644,Public Employees Retirement System,https://www.calhr.ca.gov,,08/06/2024,,,True,
2023,State Department,"Civil Rights Department, California",,Staff Services Manager I,False,False,,81120,100776,,87167,0,0,600,87767,28263,0,0,1996,30259,Public Employees Retirement System,https://www.calhr.ca.gov,,08/06/2024,,,True,
2023,State Department,"Civil Rights Department, California",,"Information Technology Specialist I, Range C",False,False,,88956,119184,,85183,0,0,2470,87653,28921,0,0,21544,50465,Public Employees Retirement System,https://www.calhr.ca.gov,,08/06/2024,,,True,
2023,State Department,"Civil Rights Department, California",,Staff Services Manager I,False,False,,81120,100776,,85111,0,0,2420,87531,29954,0,0,23275,53229,Public Employees Retirement System,https://www.calhr.ca.gov,,08/06/2024,,,True,
2023,State Department,"Civil Rights Department, California",,Staff Services Manager I,False,False,,81120,100776,,85110,0,0,2295,87405,29992,0,0,22933,52925,Public Employees Retirement System,https://www.calhr.ca.gov,,08/06/2024,,,True,
2023,State Department,"Civil Rights Department, California",,Staff Services Manager I,False,False,,81120,100776,,80993,0,0,5831,86824,28630,0,0,23275,51905,Public Employees Retirement System,https://www.calhr.ca.gov,,08/06/2024,,,True,
2023,State Department,"Civil Rights Department, California",,Staff Services Manager I,False,False,,81120,100776,,72877,7824,0,5529,86230,24932,0,0,9605,34538,Public Employees Retirement System,https://www.calhr.ca.gov,,08/06/2024,,,True,
2023,State Department,"Civil Rights Department, California",,Staff Services Manager I,False,False,,81120,100776,,85360,0,0,700,86060,28303,0,0,1152,29455,Public Employees Retirement System,https://www.calhr.ca.gov,,08/06/2024,,,True,
2023,State Department,"Civil Rights Department, California",,Fair Employment and Housing Consultant III (Specialist),False,False,,74916,93780,,83448,0,0,2470,85918,29499,0,0,22767,52266,Public Employees Retirement System,https://www.calhr.ca.gov,,08/06/2024,,,True,
2023,State Department,"Civil Rights Department, California",,"Attorney, Range A",False,False,,92844,116760,,83200,0,0,2032,85232,28294,0,0,17569,45863,Public Employees Retirement System,https://www.calhr.ca.gov,,08/06/2024,,,True,
2023,State Department,"Civil Rights Department, California",,Accounting Administrator II,False,False,,89040,110628,,82412,0,0,2745,85157,28958,0,0,23377,52335,Public Employees Retirement System,https://www.calhr.ca.gov,,08/06/2024,,,True,
2023,State Department,"Civil Rights Department, California",,Fair Employment and Housing Consultant III (Specialist),False,False,,74916,93780,,82135,473,0,2470,85079,29069,0,0,22767,51836,Public Employees Retirement System,https://www.calhr.ca.gov,,08/06/2024,,,True,
2023,State Department,"Civil Rights Department, California",,Staff Services Manager I,False,False,,81120,100776,,77568,0,0,7087,84655,26913,0,0,18217,45130,Public Employees Retirement System,https://www.calhr.ca.gov,,08/06/2024,,,True,
2023,State Department,"Civil Rights Department, California",,"Associate Governmental Program Analyst, Range A",False,False,,68208,85368,,78966,80,0,5609,84655,26854,0,0,8861,35716,Public Employees Retirement System,https://www.calhr.ca.gov,,08/06/2024,,,True,
2023,State Department,"Civil Rights Department, California",,Fair Employment and Housing Consultant III (Specialist),False,False,,74916,93780,,82160,0,0,2470,84630,29069,0,0,22698,51768,Public Employees Retirement System,https://www.calhr.ca.gov,,08/06/2024,,,True,
2023,State Department,"Civil Rights Department, California",,"Associate Governmental Program Analyst, Range A",False,False,,68208,85368,,78969,0,0,5609,84578,26854,0,0,8822,35676,Public Employees Retirement System,https://www.calhr.ca.gov,,08/06/2024,,,True,
2023,State Department,"Civil Rights Department, California",,Staff Services Manager I,False,False,,81120,100776,,75317,7792,0,1336,84445,24628,0,0,3075,27702,Public Employees Retirement System,https://www.calhr.ca.gov,,08/06/2024,,,True,
2023,State Department,"Civil Rights Department, California",,Fair Employment and Housing Consultant III (Specialist),False,False,,74916,93780,,83576,0,0,650,84226,27824,0,0,1359,29183,Public Employees Retirement System,https://www.calhr.ca.gov,,08/06/2024,,,True,
2023,State Department,"Civil Rights Department, California",,"Associate Governmental Program Analyst, Range A",False,False,,68208,85368,,81142,0,0,2470,83612,27622,0,0,17581,45203,Public Employees Retirement System,https://www.calhr.ca.gov,,08/06/2024,,,True,
2023,State Department,"Civil Rights Department, California",,"Associate Governmental Program Analyst, Range A",False,False,,68208,85368,,81034,0,0,2420,83454,27622,0,0,9217,36839,Public Employees Retirement System,https://www.calhr.ca.gov,,08/06/2024,,,True,
2023,State Department,"Civil Rights Department, California",,"Associate Governmental Program Analyst, Range A",False,False,,68208,85368,,82733,0,0,650,83383,26854,0,0,1816,28670,Public Employees Retirement System,https://www.calhr.ca.gov,,08/06/2024,,,True,
2023,State Department,"Civil Rights Department, California",,"Attorney IV, Range A",False,False,,139728,179448,,83769,0,0,-450,83318,29251,0,0,13237,42489,Public Employees Retirement System,https://www.calhr.ca.gov,,08/06/2024,,,True,
2023,State Department,"Civil Rights Department, California",,Accounting Administrator I (Supervisor),False,False,,81120,100776,,80645,0,0,2470,83115,28372,0,0,23377,51749,Public Employees Retirement System,https://www.calhr.ca.gov,,08/06/2024,,,True,
2023,State Department,"Civil Rights Department, California",,Staff Services Manager I,False,False,,81120,100776,,76737,3564,0,2470,82770,27109,0,0,23285,50393,Public Employees Retirement System,https://www.calhr.ca.gov,,08/06/2024,,,True,
2023,State Department,"Civil Rights Department, California",,"Associate Governmental Program Analyst, Range A",False,False,,68208,85368,,74048,8448,0,275,82770,25161,0,0,8857,34018,Public Employees Retirement System,https://www.calhr.ca.gov,,08/06/2024,,,True,
2023,State Department,"Civil Rights Department, California",,"Associate Governmental Program Analyst, Range A",False,False,,68208,85368,,69188,8452,0,4910,82551,23516,0,0,8822,32338,Public Employees Retirement System,https://www.calhr.ca.gov,,08/06/2024,,,True,
2023,State Department,"Civil Rights Department, California",,Fair Employment and Housing Consultant III (Specialist),False,False,,74916,93780,,81787,0,0,650,82437,27165,0,0,136,27300,Public Employees Retirement System,https://www.calhr.ca.gov,,08/06/2024,,,True,
2023,State Department,"Civil Rights Department, California",,Fair Employment and Housing Consultant II,False,False,,68208,85368,,79436,0,0,2470,81906,27679,0,0,17581,45259,Public Employees Retirement System,https://www.calhr.ca.gov,,08/06/2024,,,True,
2023,State Department,"Civil Rights Department, California",,Fair Employment and Housing Consultant III (Specialist),False,False,,74916,93780,,72163,6624,0,2770,81558,24649,0,0,9217,33865,Public Employees Retirement System,https://www.calhr.ca.gov,,08/06/2024,,,True,
2023,State Department,"Civil Rights Department, California",,"Graphic Designer III, Range A",False,False,,71088,89004,,76430,3120,0,1995,81545,26668,0,0,17567,44234,Public Employees Retirement System,https://www.calhr.ca.gov,,08/06/2024,,,True,
2023,State Department,"Civil Rights Department, California",,Staff Services Manager I,False,False,,81120,100776,,80868,0,0,650,81518,26793,0,0,136,26929,Public Employees Retirement System,https://www.calhr.ca.gov,,08/06/2024,,,True,
2023,State Department,"Civil Rights Department, California",,"Associate Governmental Program Analyst, Range A",False,False,,68208,85368,,78744,0,0,2420,81164,26790,0,0,8861,35652,Public Employees Retirement System,https://www.calhr.ca.gov,,08/06/2024,,,True,
2023,State Department,"Civil Rights Department, California",,"Associate Governmental Program Analyst, Range A",False,False,,68208,85368,,80465,0,0,600,81065,26854,0,0,1290,28145,Public Employees Retirement System,https://www.calhr.ca.gov,,08/06/2024,,,True,
2023,State Department,"Civil Rights Department, California",,Staff Services Manager I,False,False,,81120,100776,,78371,0,0,2470,80841,26393,0,0,23377,49770,Public Employees Retirement System,https://www.calhr.ca.gov,,08/06/2024,,,True,
2023,State Department,"Civil Rights Department, California",,"Associate Governmental Program Analyst, Range A",False,False,,68208,85368,,75146,0,0,5609,80755,26854,0,0,22698,49553,Public Employees Retirement System,https://www.calhr.ca.gov,,08/06/2024,,,True,
2023,State Department,"Civil Rights Department, California",,"Associate Governmental Program Analyst, Range A",False,False,,68208,85368,,74886,274,0,5544,80704,26727,0,0,22767,49494,Public Employees Retirement System,https://www.calhr.ca.gov,,08/06/2024,,,True,
2023,State Department,"Civil Rights Department, California",,Fair Employment and Housing Consultant III (Specialist),False,False,,74916,93780,,77811,0,0,2470,80281,26514,0,0,8861,35376,Public Employees Retirement System,https://www.calhr.ca.gov,,08/06/2024,,,True,
2023,State Department,"Civil Rights Department, California",,"Senior Personnel Specialist, Range A",False,False,,64056,80268,,74236,0,0,5836,80072,24555,0,0,2895,27449,Public Employees Retirement System,https://www.calhr.ca.gov,,08/06/2024,,,True,
2023,State Department,"Civil Rights Department, California",,Fair Employment and Housing Consultant III (Specialist),False,False,,74916,93780,,77639,0,0,2370,80009,26757,0,0,8822,35579,Public Employees Retirement System,https://www.calhr.ca.gov,,08/06/2024,,,True,
2023,State Department,"Civil Rights Department, California",,Fair Employment and Housing Consultant III (Specialist),False,False,,74916,93780,,77640,0,0,2210,79850,27579,0,0,22767,50346,Public Employees Retirement System,https://www.calhr.ca.gov,,08/06/2024,,,True,
2023,State Department,"Civil Rights Department, California",,"Associate Governmental Program Analyst, Range A",False,False,,68208,85368,,74077,0,0,5492,79570,25936,0,0,17581,43516,Public Employees Retirement System,https://www.calhr.ca.gov,,08/06/2024,,,True,
2023,State Department,"Civil Rights Department, California",,"Administrative Assistant II, Range A",False,False,,68208,85368,,76993,0,0,2470,79463,26854,0,0,17567,44421,Public Employees Retirement System,https://www.calhr.ca.gov,,08/06/2024,,,True,
2023,State Department,"Civil Rights Department, California",,"Associate Personnel Analyst, Range L",False,False,,70260,87948,,71882,0,0,7571,79453,24850,0,0,17861,42711,Public Employees Retirement System,https://www.calhr.ca.gov,,08/06/2024,,,True,
2023,State Department,"Civil Rights Department, California",,"Associate Governmental Program Analyst, Range A",False,False,,68208,85368,,77018,0,0,2295,79313,26854,0,0,17080,43934,Public Employees Retirement System,https://www.calhr.ca.gov,,08/06/2024,,,True,
2023,State Department,"Civil Rights Department, California",,"Associate Governmental Program Analyst, Range A",False,False,,68208,85368,,75488,923,0,2470,78881,26854,0,0,22698,49553,Public Employees Retirement System,https://www.calhr.ca.gov,,08/06/2024,,,True,
2023,State Department,"Civil Rights Department, California",,Fair Employment and Housing Consultant III (Specialist),False,False,,74916,93780,,76275,0,0,2520,78795,28744,0,0,22698,51442,Public Employees Retirement System,https://www.calhr.ca.gov,,08/06/2024,,,True,
2023,State Department,"Civil Rights Department, California",,"Attorney, Range A",False,False,,92844,116760,,77037,0,0,1597,78633,26138,0,0,20692,46830,Public Employees Retirement System,https://www.calhr.ca.gov,,08/06/2024,,,True,
2023,State Department,"Civil Rights Department, California",,"Associate Governmental Program Analyst, Range A",False,False,,68208,85368,,73446,0,0,5185,78631,25018,0,0,8593,33610,Public Employees Retirement System,https://www.calhr.ca.gov,,08/06/2024,,,True,
2023,State Department,"Civil Rights Department, California",,Fair Employment and Housing Consultant III (Specialist),False,False,,74916,93780,,73764,4133,0,650,78547,24065,0,0,2895,26959,Public Employees Retirement System,https://www.calhr.ca.gov,,08/06/2024,,,True,
2023,State Department,"Civil Rights Department, California",,"Associate Governmental Program Analyst, Range A",False,False,,68208,85368,,75844,0,0,2470,78314,27622,0,0,22767,50389,Public Employees Retirement System,https://www.calhr.ca.gov,,08/06/2024,,,True,
2023,State Department,"Civil Rights Department, California",,"Associate Governmental Program Analyst, Range A",False,False,,68208,85368,,75472,0,0,2470,77942,26854,0,0,22698,49553,Public Employees Retirement System,https://www.calhr.ca.gov,,08/06/2024,,,True,
2023,State Department,"Civil Rights Department, California",,"Staff Services Analyst, Range C",False,False,,56712,70992,,64688,7939,0,5081,77708,22332,0,0,22767,45099,Public Employees Retirement System,https://www.calhr.ca.gov,,08/06/2024,,,True,
2023,State Department,"Civil Rights Department, California",,"Associate Governmental Program Analyst, Range A",False,False,,68208,85368,,75186,0,0,2470,77656,25607,0,0,8822,34429,Public Employees Retirement System,https://www.calhr.ca.gov,,08/06/2024,,,True,
2023,State Department,"Civil Rights Department, California",,"Associate Governmental Program Analyst, Range A",False,False,,68208,85368,,75728,1020,0,250,76998,24578,0,0,1665,26242,Public Employees Retirement System,https://www.calhr.ca.gov,,08/06/2024,,,True,
2023,State Department,"Civil Rights Department, California",,"Associate Governmental Program Analyst, Range A",False,False,,68208,85368,,74480,0,0,2470,76950,25407,0,0,8822,34229,Public Employees Retirement System,https://www.calhr.ca.gov,,08/06/2024,,,True,
2023,State Department,"Civil Rights Department, California",,"Associate Governmental Program Analyst, Range A",False,False,,68208,85368,,75852,0,0,600,76452,25131,0,0,136,25267,Public Employees Retirement System,https://www.calhr.ca.gov,,08/06/2024,,,True,
2023,State Department,"Civil Rights Department, California",,Staff Services Manager I,False,False,,81120,100776,,64839,0,0,11474,76313,22695,0,0,9397,32092,Public Employees Retirement System,https://www.calhr.ca.gov,,08/06/2024,,,True,
2023,State Department,"Civil Rights Department, California",,Fair Employment and Housing Consultant III (Specialist),False,False,,74916,93780,,73731,0,0,2470,76201,26973,0,0,17581,44554,Public Employees Retirement System,https://www.calhr.ca.gov,,08/06/2024,,,True,
2023,State Department,"Civil Rights Department, California",,"Associate Governmental Program Analyst, Range A",False,False,,68208,85368,,72727,340,0,2992,76060,25858,0,0,22695,48553,Public Employees Retirement System,https://www.calhr.ca.gov,,08/06/2024,,,True,
2023,State Department,"Civil Rights Department, California",,"Associate Governmental Program Analyst, Range A",False,False,,68208,85368,,72388,0,0,2420,74808,25832,0,0,22698,48530,Public Employees Retirement System,https://www.calhr.ca.gov,,08/06/2024,,,True,
2023,State Department,"Civil Rights Department, California",,"Associate Governmental Program Analyst, Range A",False,False,,68208,85368,,68638,239,0,5559,74436,23389,0,0,8861,32250,Public Employees Retirement System,https://www.calhr.ca.gov,,08/06/2024,,,True,
2023,State Department,"Civil Rights Department, California",,Staff Services Manager I,False,False,,81120,100776,,71779,0,0,2470,74249,27138,0,0,23437,50575,Public Employees Retirement System,https://www.calhr.ca.gov,,08/06/2024,,,True,
2023,State Department,"Civil Rights Department, California",,"Associate Governmental Program Analyst, Range A",False,False,,68208,85368,,71811,0,0,2420,74231,25749,0,0,22698,48448,Public Employees Retirement System,https://www.calhr.ca.gov,,08/06/2024,,,True,
2023,State Department,"Civil Rights Department, California",,"Staff Services Analyst, Range B",False,False,,47292,59196,,48974,515,0,24681,74170,16415,0,0,22767,39182,Public Employees Retirement System,https://www.calhr.ca.gov,,08/06/2024,,,True,
2023,State Department,"Civil Rights Department, California",,Fair Employment and Housing Consultant III (Specialist),False,False,,74916,93780,,70999,618,0,2470,74087,25371,0,0,22698,48070,Public Employees Retirement System,https://www.calhr.ca.gov,,08/06/2024,,,True,
2023,State Department,"Civil Rights Department, California",,"Associate Governmental Program Analyst, Range A",False,False,,68208,85368,,71284,0,0,2395,73679,25043,0,0,17581,42624,Public Employees Retirement System,https://www.calhr.ca.gov,,08/06/2024,,,True,
2023,State Department,"Civil Rights Department, California",,"Associate Governmental Program Analyst, Range A",False,False,,68208,85368,,68681,3802,0,175,72658,24523,0,0,22695,47218,Public Employees Retirement System,https://www.calhr.ca.gov,,08/06/2024,,,True,
2023,State Department,"Civil Rights Department, California",,"Associate Governmental Program Analyst, Range A",False,False,,68208,85368,,69359,803,0,2470,72632,24583,0,0,8637,33220,Public Employees Retirement System,https://www.calhr.ca.gov,,08/06/2024,,,True,
2023,State Department,"Civil Rights Department, California",,"Information Technology Associate, Range C",False,False,,67068,89892,,70502,0,0,2060,72562,24014,0,0,8861,32875,Public Employees Retirement System,https://www.calhr.ca.gov,,08/06/2024,,,True,
2023,State Department,"Civil Rights Department, California",,"Associate Governmental Program Analyst, Range A",False,False,,68208,85368,,69874,0,0,2420,72294,23851,0,0,8861,32712,Public Employees Retirement System,https://www.calhr.ca.gov,,08/06/2024,,,True,
2023,State Department,"Civil Rights Department, California",,"Legal Analyst, Range A",False,False,,62544,78288,,70657,433,0,650,71740,22901,0,0,1905,24806,Public Employees Retirement System,https://www.calhr.ca.gov,,08/06/2024,,,True,
2023,State Department,"Civil Rights Department, California",,"Associate Governmental Program Analyst, Range A",False,False,,68208,85368,,68957,0,0,2370,71327,24811,0,0,22767,47578,Public Employees Retirement System,https://www.calhr.ca.gov,,08/06/2024,,,True,
2023,State Department,"Civil Rights Department, California",,"Associate Governmental Program Analyst, Range A",False,False,,68208,85368,,63774,6444,0,700,70917,20860,0,0,-3278,17581,Public Employees Retirement System,https://www.calhr.ca.gov,,08/06/2024,,,True,
2023,State Department,"Civil Rights Department, California",,"Legal Analyst, Range A",False,False,,62544,78288,,66506,0,0,4401,70907,23950,0,0,22698,46649,Public Employees Retirement System,https://www.calhr.ca.gov,,08/06/2024,,,True,
2023,State Department,"Civil Rights Department, California",,"Associate Governmental Program Analyst, Range A",False,False,,68208,85368,,67907,0,0,2470,70377,23856,0,0,17567,41422,Public Employees Retirement System,https://www.calhr.ca.gov,,08/06/2024,,,True,
2023,State Department,"Civil Rights Department, California",,"Associate Governmental Program Analyst, Range A",False,False,,68208,85368,,67599,234,0,2470,70303,23093,0,0,8822,31915,Public Employees Retirement System,https://www.calhr.ca.gov,,08/06/2024,,,True,
2023,State Department,"Civil Rights Department, California",,"Information Technology Specialist I, Range A",False,False,,73668,98736,,67668,0,0,2470,70138,24141,0,0,22074,46214,Public Employees Retirement System,https://www.calhr.ca.gov,,08/06/2024,,,True,
2023,State Department,"Civil Rights Department, California",,Senior Fair Employment and Housing Counsel (Specialist),False,False,,122700,157416,,30938,0,38811,250,70000,10013,0,0,1663,11676,Public Employees Retirement System,https://www.calhr.ca.gov,,08/06/2024,,,True,
2023,State Department,"Civil Rights Department, California",,Staff Services Manager I,False,False,,81120,100776,,68558,0,0,860,69418,22367,0,0,1854,24221,Public Employees Retirement System,https://www.calhr.ca.gov,,08/06/2024,,,True,
2023,State Department,"Civil Rights Department, California",,"Associate Governmental Program Analyst, Range A",False,False,,68208,85368,,67994,702,0,600,69295,22527,0,0,136,22663,Public Employees Retirement System,https://www.calhr.ca.gov,,08/06/2024,,,True,
2023,State Department,"Civil Rights Department, California",,"Associate Governmental Program Analyst, Range A",False,False,,68208,85368,,61407,5307,0,2470,69184,20995,0,0,8637,29633,Public Employees Retirement System,https://www.calhr.ca.gov,,08/06/2024,,,True,
2023,State Department,"Civil Rights Department, California",,"Associate Governmental Program Analyst, Range A",False,False,,68208,85368,,68608,0,0,550,69158,22174,0,0,1816,23990,Public Employees Retirement System,https://www.calhr.ca.gov,,08/06/2024,,,True,
2023,State Department,"Civil Rights Department, California",,"Associate Governmental Program Analyst, Range A",False,False,,68208,85368,,66615,0,0,2470,69085,22677,0,0,8593,31270,Public Employees Retirement System,https://www.calhr.ca.gov,,08/06/2024,,,True,
2023,State Department,"Civil Rights Department, California",,"Information Technology Associate, Range C",False,False,,67068,89892,,66435,0,0,2470,68905,23867,0,0,22767,46634,Public Employees Retirement System,https://www.calhr.ca.gov,,08/06/2024,,,True,
2023,State Department,"Civil Rights Department, California",,"Associate Governmental Program Analyst, Range A",False,False,,68208,85368,,66156,184,0,2470,68810,23779,0,0,22767,46546,Public Employees Retirement System,https://www.calhr.ca.gov,,08/06/2024,,,True,
2023,State Department,"Civil Rights Department, California",,Fair Employment and Housing Consultant III (Specialist),False,False,,74916,93780,,66318,0,0,2470,68788,23828,0,0,22767,46595,Public Employees Retirement System,https://www.calhr.ca.gov,,08/06/2024,,,True,
2023,State Department,"Civil Rights Department, California",,"Staff Services Analyst, Range C",False,False,,56712,70992,,58981,9087,0,600,68668,18984,0,0,1816,20800,Public Employees Retirement System,https://www.calhr.ca.gov,,08/06/2024,,,True,
2023,State Department,"Civil Rights Department, California",,"Associate Governmental Program Analyst, Range A",False,False,,68208,85368,,66028,0,0,2470,68498,21909,0,0,10331,32241,Public Employees Retirement System,https://www.calhr.ca.gov,,08/06/2024,,,True,
2023,State Department,"Civil Rights Department, California",,"Associate Governmental Program Analyst, Range A",False,False,,68208,85368,,67606,0,0,650,68256,21909,0,0,1816,23725,Public Employees Retirement System,https://www.calhr.ca.gov,,08/06/2024,,,True,
2023,State Department,"Civil Rights Department, California",,"Associate Governmental Program Analyst, Range A",False,False,,68208,85368,,66928,0,0,600,67528,22174,0,0,136,22310,Public Employees Retirement System,https://www.calhr.ca.gov,,08/06/2024,,,True,
2023,State Department,"Civil Rights Department, California",,"Staff Services Analyst, Range C",False,False,,56712,70992,,63103,265,0,3808,67176,22332,0,0,17567,39899,Public Employees Retirement System,https://www.calhr.ca.gov,,08/06/2024,,,True,
2023,State Department,"Civil Rights Department, California",,"Associate Governmental Program Analyst, Range A",False,False,,68208,85368,,64382,0,0,2470,66852,21637,0,0,8637,30274,Public Employees Retirement System,https://www.calhr.ca.gov,,08/06/2024,,,True,
2023,State Department,"Civil Rights Department, California",,"Staff Services Analyst, Range C",False,False,,56712,70992,,63583,0,0,2470,66053,21796,0,0,8822,30618,Public Employees Retirement System,https://www.calhr.ca.gov,,08/06/2024,,,True,
2023,State Department,"Civil Rights Department, California",,"Attorney III, Range A",False,False,,126432,162312,,65471,0,0,300,65771,21248,0,0,42,21290,Public Employees Retirement System,https://www.calhr.ca.gov,,08/06/2024,,,True,
2023,State Department,"Civil Rights Department, California",,"Fair Employment and Housing Consultant I, Range C",False,False,,56712,70992,,63187,0,0,2520,65707,22332,0,0,17922,40255,Public Employees Retirement System,https://www.calhr.ca.gov,,08/06/2024,,,True,
2023,State Department,"Civil Rights Department, California",,Fair Employment and Housing Consultant III (Specialist),False,False,,74916,93780,,62953,0,0,2470,65423,21247,0,0,8861,30109,Public Employees Retirement System,https://www.calhr.ca.gov,,08/06/2024,,,True,
2023,State Department,"Civil Rights Department, California",,"Associate Governmental Program Analyst, Range A",False,False,,68208,85368,,58251,4484,0,2470,65205,19982,0,0,8637,28619,Public Employees Retirement System,https://www.calhr.ca.gov,,08/06/2024,,,True,
2023,State Department,"Civil Rights Department, California",,"Associate Governmental Program Analyst, Range A",False,False,,68208,85368,,62558,0,0,2470,65028,21376,0,0,8637,30014,Public Employees Retirement System,https://www.calhr.ca.gov,,08/06/2024,,,True,
2023,State Department,"Civil Rights Department, California",,"Associate Governmental Program Analyst, Range A",False,False,,68208,85368,,61050,1215,0,2470,64734,21126,0,0,8822,29948,Public Employees Retirement System,https://www.calhr.ca.gov,,08/06/2024,,,True,
2023,State Department,"Civil Rights Department, California",,"Staff Services Analyst, Range C",False,False,,56712,70992,,58357,1727,0,4647,64731,20693,0,0,17567,38259,Public Employees Retirement System,https://www.calhr.ca.gov,,08/06/2024,,,True,
2023,State Department,"Civil Rights Department, California",,"Legal Secretary, Range B",False,False,,51924,65016,,58954,2588,0,2470,64012,21253,0,0,21544,42797,Public Employees Retirement System,https://www.calhr.ca.gov,,08/06/2024,,,True,
2023,State Department,"Civil Rights Department, California",,"Associate Governmental Program Analyst, Range A",False,False,,68208,85368,,60121,917,0,2470,63508,21662,0,0,22767,44428,Public Employees Retirement System,https://www.calhr.ca.gov,,08/06/2024,,,True,
2023,State Department,"Civil Rights Department, California",,"Associate Governmental Program Analyst, Range A",False,False,,68208,85368,,62939,0,0,300,63239,20960,0,0,1132,22092,Public Employees Retirement System,https://www.calhr.ca.gov,,08/06/2024,,,True,
2023,State Department,"Civil Rights Department, California",,"Associate Governmental Program Analyst, Range A",False,False,,68208,85368,,60112,0,0,2730,62842,21637,0,0,22158,43795,Public Employees Retirement System,https://www.calhr.ca.gov,,08/06/2024,,,True,
2023,State Department,"Civil Rights Department, California",,"Associate Governmental Program Analyst, Range A",False,False,,68208,85368,,59812,0,0,2470,62282,21637,0,0,22158,43795,Public Employees Retirement System,https://www.calhr.ca.gov,,08/06/2024,,,True,
2023,State Department,"Civil Rights Department, California",,"Associate Personnel Analyst, Range A",False,False,,68208,85368,,59595,119,0,2470,62185,21014,0,0,17001,38015,Public Employees Retirement System,https://www.calhr.ca.gov,,08/06/2024,,,True,
2023,State Department,"Civil Rights Department, California",,"Associate Governmental Program Analyst, Range A",False,False,,68208,85368,,59077,0,0,2070,61147,20549,0,0,17581,38130,Public Employees Retirement System,https://www.calhr.ca.gov,,08/06/2024,,,True,
2023,State Department,"Civil Rights Department, California",,"Staff Services Analyst, Range C",False,False,,56712,70992,,58763,0,0,2345,61108,19601,0,0,8637,28238,Public Employees Retirement System,https://www.calhr.ca.gov,,08/06/2024,,,True,
2023,State Department,"Civil Rights Department, California",,"Staff Services Analyst, Range C",False,False,,56712,70992,,58636,0,0,2420,61056,20161,0,0,8861,29023,Public Employees Retirement System,https://www.calhr.ca.gov,,08/06/2024,,,True,
2023,State Department,"Civil Rights Department, California",,"Associate Governmental Program Analyst, Range A",False,False,,68208,85368,,60221,0,0,650,60871,19393,0,0,1816,21209,Public Employees Retirement System,https://www.calhr.ca.gov,,08/06/2024,,,True,
2023,State Department,"Civil Rights Department, California",,"Associate Governmental Program Analyst, Range A",False,False,,68208,85368,,57756,0,0,2470,60226,19486,0,0,8822,28308,Public Employees Retirement System,https://www.calhr.ca.gov,,08/06/2024,,,True,
2023,State Department,"Civil Rights Department, California",,"Associate Governmental Program Analyst, Range A",False,False,,68208,85368,,58397,0,0,1605,60003,15022,0,0,17581,32602,Public Employees Retirement System,https://www.calhr.ca.gov,,08/06/2024,,,True,
2023,State Department,"Civil Rights Department, California",,"Associate Governmental Program Analyst, Range A",False,False,,68208,85368,,59343,0,0,-96,59247,19631,0,0,14584,34215,Public Employees Retirement System,https://www.calhr.ca.gov,,08/06/2024,,,True,
2023,State Department,"Civil Rights Department, California",,"Associate Governmental Program Analyst, Range A",False,False,,68208,85368,,58533,0,0,650,59183,18834,0,0,1816,20650,Public Employees Retirement System,https://www.calhr.ca.gov,,08/06/2024,,,True,
2023,State Department,"Civil Rights Department, California",,"Associate Governmental Program Analyst, Range A",False,False,,68208,85368,,56255,0,0,2420,58675,19906,0,0,17151,37057,Public Employees Retirement System,https://www.calhr.ca.gov,,08/06/2024,,,True,
2023,State Department,"Civil Rights Department, California",,"Associate Governmental Program Analyst, Range A",False,False,,68208,85368,,56101,0,0,2470,58571,19237,0,0,8637,27874,Public Employees Retirement System,https://www.calhr.ca.gov,,08/06/2024,,,True,
2023,State Department,"Civil Rights Department, California",,"Associate Governmental Program Analyst, Range A",False,False,,68208,85368,,56158,0,0,2270,58428,20245,0,0,22698,42943,Public Employees Retirement System,https://www.calhr.ca.gov,,08/06/2024,,,True,
2023,State Department,"Civil Rights Department, California",,"Associate Governmental Program Analyst, Range A",False,False,,68208,85368,,54415,1213,0,2769,58397,19780,0,0,22767,42546,Public Employees Retirement System,https://www.calhr.ca.gov,,08/06/2024,,,True,
2023,State Department,"Civil Rights Department, California",,"Information Technology Specialist II, Range A",False,False,,97560,130716,,57161,0,0,450,57611,0,0,0,0,0,,https://www.calhr.ca.gov,,08/06/2024,,,True,
2023,State Department,"Civil Rights Department, California",,Staff Services Manager I,False,False,,81120,100776,,56027,0,0,1226,57253,19517,0,0,7474,26991,Public Employees Retirement System,https://www.calhr.ca.gov,,08/06/2024,,,True,
2023,State Department,"Civil Rights Department, California",,"Attorney, Range B",False,False,,104496,134076,,32348,0,0,24389,56737,11064,0,0,17047,28111,Public Employees Retirement System,https://www.calhr.ca.gov,,08/06/2024,,,True,
2023,State Department,"Civil Rights Department, California",,"Attorney, Range A",False,False,,92844,116760,,55473,0,0,650,56123,18035,0,0,4892,22927,Public Employees Retirement System,https://www.calhr.ca.gov,,08/06/2024,,,True,
2023,State Department,"Civil Rights Department, California",,"Staff Services Analyst, Range C",False,False,,56712,70992,,53048,0,0,2470,55518,19540,0,0,22767,42307,Public Employees Retirement System,https://www.calhr.ca.gov,,08/06/2024,,,True,
2023,State Department,"Civil Rights Department, California",,"Staff Services Analyst, Range C",False,False,,56712,70992,,52229,401,0,2314,54944,18005,0,0,9558,27563,Public Employees Retirement System,https://www.calhr.ca.gov,,08/06/2024,,,True,
2023,State Department,"Civil Rights Department, California",,"Office Technician (Typing), Range A",False,False,,43308,54216,,54328,0,0,600,54928,17443,0,0,1816,19259,Public Employees Retirement System,https://www.calhr.ca.gov,,08/06/2024,,,True,
2023,State Department,"Civil Rights Department, California",,"Associate Governmental Program Analyst, Range A",False,False,,68208,85368,,51688,0,0,2320,54008,18996,0,0,22767,41763,Public Employees Retirement System,https://www.calhr.ca.gov,,08/06/2024,,,True,
2023,State Department,"Civil Rights Department, California",,"Staff Services Analyst, Range C",False,False,,56712,70992,,51493,0,0,2470,53963,17914,0,0,8637,26551,Public Employees Retirement System,https://www.calhr.ca.gov,,08/06/2024,,,True,
2023,State Department,"Civil Rights Department, California",,"Staff Services Analyst, Range C",False,False,,56712,70992,,47746,446,0,5583,53775,16548,0,0,8822,25370,Public Employees Retirement System,https://www.calhr.ca.gov,,08/06/2024,,,True,
2023,State Department,"Civil Rights Department, California",,"Staff Services Analyst, Range B",False,False,,47292,59196,,50943,199,0,2056,53198,13317,0,0,17991,31308,Public Employees Retirement System,https://www.calhr.ca.gov,,08/06/2024,,,True,
2023,State Department,"Civil Rights Department, California",,"Office Technician (Typing), Range A",False,False,,43308,54216,,50684,0,0,2470,53154,17443,0,0,8593,26036,Public Employees Retirement System,https://www.calhr.ca.gov,,08/06/2024,,,True,
2023,State Department,"Civil Rights Department, California",,"Attorney, Assistant Chief Counsel",False,False,,169080,197796,,52747,0,0,305,53052,17018,0,0,499,17517,Public Employees Retirement System,https://www.calhr.ca.gov,,08/06/2024,,,True,
2023,State Department,"Civil Rights Department, California",,"Office Technician (Typing), Range A",False,False,,43308,54216,,50567,0,0,2420,52987,17443,0,0,17567,35010,Public Employees Retirement System,https://www.calhr.ca.gov,,08/06/2024,,,True,
2023,State Department,"Civil Rights Department, California",,"Associate Governmental Program Analyst, Range A",False,False,,68208,85368,,40794,2091,0,10005,52889,27291,0,0,1290,28581,Public Employees Retirement System,https://www.calhr.ca.gov,,08/06/2024,,,True,
2023,State Department,"Civil Rights Department, California",,"Office Technician (Typing), Range A",False,False,,43308,54216,,50583,0,0,1870,52453,17443,0,0,8593,26036,Public Employees Retirement System,https://www.calhr.ca.gov,,08/06/2024,,,True,
2023,State Department,"Civil Rights Department, California",,"Associate Governmental Program Analyst, Range A",False,False,,68208,85368,,50603,0,237,1390,52230,17019,0,0,7485,24504,Public Employees Retirement System,https://www.calhr.ca.gov,,08/06/2024,,,True,
2023,State Department,"Civil Rights Department, California",,"Office Technician (Typing), Range A",False,False,,43308,54216,,50036,0,0,2160,52196,16611,0,0,7886,24497,Public Employees Retirement System,https://www.calhr.ca.gov,,08/06/2024,,,True,
2023,State Department,"Civil Rights Department, California",,"Accounting Officer (Specialist), Range A",False,False,,59568,74556,,48996,406,0,2470,51872,17437,0,0,17151,34588,Public Employees Retirement System,https://www.calhr.ca.gov,,08/06/2024,,,True,
2023,State Department,"Civil Rights Department, California",,"Associate Governmental Program Analyst, Range A",False,False,,68208,85368,,50409,566,0,400,51374,16326,0,0,1219,17545,Public Employees Retirement System,https://www.calhr.ca.gov,,08/06/2024,,,True,
2023,State Department,"Civil Rights Department, California",,"Office Technician (Typing), Range A",False,False,,43308,54216,,48431,0,0,2420,50851,17443,0,0,17922,35365,Public Employees Retirement System,https://www.calhr.ca.gov,,08/06/2024,,,True,
2023,State Department,"Civil Rights Department, California",,Fair Employment and Housing Consultant III (Specialist),False,False,,74916,93780,,41631,0,7176,1785,50592,14162,0,0,5038,19200,Public Employees Retirement System,https://www.calhr.ca.gov,,08/06/2024,,,True,
2023,State Department,"Civil Rights Department, California",,Staff Services Manager I,False,False,,81120,100776,,45054,0,3437,1810,50301,15654,0,0,4698,20352,Public Employees Retirement System,https://www.calhr.ca.gov,,08/06/2024,,,True,
2023,State Department,"Civil Rights Department, California",,"Office Technician (Typing), Range A",False,False,,43308,54216,,50076,0,0,100,50176,16675,0,0,593,17268,Public Employees Retirement System,https://www.calhr.ca.gov,,08/06/2024,,,True,
2023,State Department,"Civil Rights Department, California",,"Information Officer I (Specialist), Range A",False,False,,68208,85368,,48821,0,0,877,49698,16337,0,0,6467,22804,Public Employees Retirement System,https://www.calhr.ca.gov,,08/06/2024,,,True,
2023,State Department,"Civil Rights Department, California",,"Associate Governmental Program Analyst, Range A",False,False,,68208,85368,,47973,0,0,1440,49413,16326,0,0,12863,29188,Public Employees Retirement System,https://www.calhr.ca.gov,,08/06/2024,,,True,
2023,State Department,"Civil Rights Department, California",,"Associate Governmental Program Analyst, Range A",False,False,,68208,85368,,22374,4433,22134,150,49091,7234,0,0,605,7838,Public Employees Retirement System,https://www.calhr.ca.gov,,08/06/2024,,,True,
2023,State Department,"Civil Rights Department, California",,"Associate Governmental Program Analyst, Range A",False,False,,68208,85368,,46892,0,0,1599,48490,16794,0,0,17581,34374,Public Employees Retirement System,https://www.calhr.ca.gov,,08/06/2024,,,True,
2023,State Department,"Civil Rights Department, California",,"Staff Services Analyst, Range A",False,False,,43680,54732,,45631,0,0,2470,48101,15424,0,0,8637,24062,Public Employees Retirement System,https://www.calhr.ca.gov,,08/06/2024,,,True,
2023,State Department,"Civil Rights Department, California",,"Office Technician (Typing), Range A",False,False,,43308,54216,,45520,0,0,2470,47990,16690,0,0,21927,38616,Public Employees Retirement System,https://www.calhr.ca.gov,,08/06/2024,,,True,
2023,State Department,"Civil Rights Department, California",,"Legal Secretary, Range A",False,False,,49440,61908,,45513,25,0,2420,47958,15763,0,0,8593,24356,Public Employees Retirement System,https://www.calhr.ca.gov,,08/06/2024,,,True,
2023,State Department,"Civil Rights Department, California",,Staff Services Manager I,False,False,,81120,100776,,47356,0,0,450,47806,0,0,0,0,0,,https://www.calhr.ca.gov,,08/06/2024,,,True,
2023,State Department,"Civil Rights Department, California",,"Associate Governmental Program Analyst, Range A",False,False,,68208,85368,,45673,0,0,1960,47633,16513,0,0,7351,23864,Public Employees Retirement System,https://www.calhr.ca.gov,,08/06/2024,,,True,
2023,State Department,"Civil Rights Department, California",,"Office Technician (Typing), Range A",False,False,,43308,54216,,45183,0,0,2420,47603,16397,0,0,17581,33977,Public Employees Retirement System,https://www.calhr.ca.gov,,08/06/2024,,,True,
2023,State Department,"Civil Rights Department, California",,"Staff Services Analyst, Range B",False,False,,47292,59196,,44876,472,0,2160,47508,16077,0,0,15790,31867,Public Employees Retirement System,https://www.calhr.ca.gov,,08/06/2024,,,True,
2023,State Department,"Civil Rights Department, California",,"Office Technician (Typing), Range A",False,False,,43308,54216,,44586,0,0,2470,47056,15648,0,0,12843,28492,Public Employees Retirement System,https://www.calhr.ca.gov,,08/06/2024,,,True,
2023,State Department,"Civil Rights Department, California",,"Office Technician (Typing), Range A",False,False,,43308,54216,,44423,0,0,2470,46893,16675,0,0,22698,39373,Public Employees Retirement System,https://www.calhr.ca.gov,,08/06/2024,,,True,
2023,State Department,"Civil Rights Department, California",,"Legal Analyst, Range A",False,False,,62544,78288,,43469,66,0,1628,45163,14631,0,0,7161,21792,Public Employees Retirement System,https://www.calhr.ca.gov,,08/06/2024,,,True,
2023,State Department,"Civil Rights Department, California",,"Information Technology Specialist II, Range A",False,False,,97560,130716,,44963,0,0,150,45113,14999,0,0,2902,17900,Public Employees Retirement System,https://www.calhr.ca.gov,,08/06/2024,,,True,
2023,State Department,"Civil Rights Department, California",,"Associate Governmental Program Analyst, Range A",False,False,,68208,85368,,31485,0,12185,1290,44960,11051,0,0,7467,18519,Public Employees Retirement System,https://www.calhr.ca.gov,,08/06/2024,,,True,
2023,State Department,"Civil Rights Department, California",,"Information Technology Specialist I, Range A",False,False,,73668,98736,,43775,0,0,0,43775,13637,0,0,908,14545,Public Employees Retirement System,https://www.calhr.ca.gov,,08/06/2024,,,True,
2023,State Department,"Civil Rights Department, California",,"Staff Services Analyst, Range C",False,False,,56712,70992,,41297,0,0,2470,43767,14365,0,0,8637,23002,Public Employees Retirement System,https://www.calhr.ca.gov,,08/06/2024,,,True,
2023,State Department,"Civil Rights Department, California",,"Office Technician (Typing), Range A",False,False,,43308,54216,,41088,0,0,2520,43608,13932,0,0,8593,22524,Public Employees Retirement System,https://www.calhr.ca.gov,,08/06/2024,,,True,
2023,State Department,"Civil Rights Department, California",,"Legal Secretary, Range B",False,False,,51924,65016,,41249,24,0,2210,43484,14847,0,0,17151,31998,Public Employees Retirement System,https://www.calhr.ca.gov,,08/06/2024,,,True,
2023,State Department,"Civil Rights Department, California",,"Staff Services Analyst, Range A",False,False,,43680,54732,,40840,0,0,2470,43310,15252,0,0,21856,37108,Public Employees Retirement System,https://www.calhr.ca.gov,,08/06/2024,,,True,
2023,State Department,"Civil Rights Department, California",,"Staff Services Analyst, Range A",False,False,,43680,54732,,42456,0,0,600,43056,14066,0,0,136,14202,Public Employees Retirement System,https://www.calhr.ca.gov,,08/06/2024,,,True,
2023,State Department,"Civil Rights Department, California",,"Office Technician (Typing), Range A",False,False,,43308,54216,,40086,0,0,2420,42506,13932,0,0,8787,22718,Public Employees Retirement System,https://www.calhr.ca.gov,,08/06/2024,,,True,
2023,State Department,"Civil Rights Department, California",,Information Technology Specialist III,False,False,,107532,144108,,39861,0,0,250,40111,13184,0,0,42,13226,Public Employees Retirement System,https://www.calhr.ca.gov,,08/06/2024,,,True,
2023,State Department,"Civil Rights Department, California",,"Associate Governmental Program Analyst, Range A",False,False,,68208,85368,,39178,0,0,513,39691,13971,0,0,14704,28676,Public Employees Retirement System,https://www.calhr.ca.gov,,08/06/2024,,,True,
2023,State Department,"Civil Rights Department, California",,"Staff Services Analyst, Range A",False,False,,43680,54732,,37538,0,0,1841,39379,13668,0,0,17151,30819,Public Employees Retirement System,https://www.calhr.ca.gov,,08/06/2024,,,True,
2023,State Department,"Civil Rights Department, California",,"Associate Governmental Program Analyst, Range A",False,False,,68208,85368,,38671,0,0,83,38754,13130,0,0,5727,18858,Public Employees Retirement System,https://www.calhr.ca.gov,,08/06/2024,,,True,
2023,State Department,"Civil Rights Department, California",,"Office Technician (Typing), Range A",False,False,,43308,54216,,36025,0,0,2470,38495,12624,0,0,8637,21261,Public Employees Retirement System,https://www.calhr.ca.gov,,08/06/2024,,,True,
2023,State Department,"Civil Rights Department, California",,"Staff Services Analyst, Range C",False,False,,56712,70992,,34850,0,1393,2220,38463,12111,0,0,7669,19780,Public Employees Retirement System,https://www.calhr.ca.gov,,08/06/2024,,,True,
2023,State Department,"Civil Rights Department, California",,Fair Employment and Housing Consultant III (Specialist),False,False,,74916,93780,,37784,0,0,0,37784,0,0,0,0,0,,https://www.calhr.ca.gov,,08/06/2024,,,True,
2023,State Department,"Civil Rights Department, California",,Fair Employment and Housing Consultant III (Specialist),False,False,,74916,93780,,33700,0,0,150,33850,11156,0,0,57,11212,Public Employees Retirement System,https://www.calhr.ca.gov,,08/06/2024,,,True,
2023,State Department,"Civil Rights Department, California",,"Senior Legal Analyst, Range A",False,False,,71604,89688,,33513,0,0,173,33686,11232,0,0,4307,15540,Public Employees Retirement System,https://www.calhr.ca.gov,,08/06/2024,,,True,
2023,State Department,"Civil Rights Department, California",,Deputy Director of Communications,False,False,,121596,135456,,10085,0,22351,310,32746,3347,0,0,783,4130,Public Employees Retirement System,https://www.calhr.ca.gov,,08/06/2024,,,True,
2023,State Department,"Civil Rights Department, California",,"Associate Governmental Program Analyst, Range A",False,False,,68208,85368,,30751,0,0,250,31001,10178,0,0,332,10510,Public Employees Retirement System,https://www.calhr.ca.gov,,08/06/2024,,,True,
2023,State Department,"Civil Rights Department, California",,Fair Employment and Housing Consultant III (Specialist),False,False,,74916,93780,,30924,0,0,0,30924,0,0,0,0,0,,https://www.calhr.ca.gov,,08/06/2024,,,True,
2023,State Department,"Civil Rights Department, California",,"Staff Services Analyst, Range C",False,False,,56712,70992,,27875,0,0,1440,29315,9960,0,0,8861,18822,Public Employees Retirement System,https://www.calhr.ca.gov,,08/06/2024,,,True,
2023,State Department,"Civil Rights Department, California",,"Office Technician (Typing), Range A",False,False,,43308,54216,,26897,0,0,2182,29079,9670,0,0,8747,18417,Public Employees Retirement System,https://www.calhr.ca.gov,,08/06/2024,,,True,
2023,State Department,"Civil Rights Department, California",,"Research Data Specialist II, Range A",False,False,,86412,108156,,29058,0,0,-154,28904,9762,0,0,2846,12608,Public Employees Retirement System,https://www.calhr.ca.gov,,08/06/2024,,,True,
2023,State Department,"Civil Rights Department, California",,"Attorney IV, Range A",False,False,,139728,179448,,28739,0,0,0,28739,0,0,0,0,0,,https://www.calhr.ca.gov,,08/06/2024,,,True,
2023,State Department,"Civil Rights Department, California",,"Associate Governmental Program Analyst, Range A",False,False,,68208,85368,,25389,0,0,1240,26629,9182,0,0,8977,18159,Public Employees Retirement System,https://www.calhr.ca.gov,,08/06/2024,,,True,
2023,State Department,"Civil Rights Department, California",,"Staff Services Analyst, Range C",False,False,,56712,70992,,24791,0,1460,200,26451,8275,0,0,417,8692,Public Employees Retirement System,https://www.calhr.ca.gov,,08/06/2024,,,True,
2023,State Department,"Civil Rights Department, California",,"Information Technology Associate, Range C",False,False,,67068,89892,,21081,0,2667,1190,24938,7293,0,0,2879,10173,Public Employees Retirement System,https://www.calhr.ca.gov,,08/06/2024,,,True,
2023,State Department,"Civil Rights Department, California",,"Associate Governmental Program Analyst, Range A",False,False,,68208,85368,,24302,0,0,250,24552,7854,0,0,602,8457,Public Employees Retirement System,https://www.calhr.ca.gov,,08/06/2024,,,True,
2023,State Department,"Civil Rights Department, California",,"Associate Governmental Program Analyst, Range A",False,False,,68208,85368,,24006,0,0,0,24006,0,0,0,0,0,,https://www.calhr.ca.gov,,08/06/2024,,,True,
2023,State Department,"Civil Rights Department, California",,Staff Services Manager I,False,False,,81120,100776,,22098,0,0,1820,23918,7287,0,0,11668,18955,Public Employees Retirement System,https://www.calhr.ca.gov,,08/06/2024,,,True,
2023,State Department,"Civil Rights Department, California",,"Information Technology Specialist I, Range C",False,False,,88956,119184,,19455,0,3349,930,23734,6909,0,0,5496,12405,Public Employees Retirement System,https://www.calhr.ca.gov,,08/06/2024,,,True,
2023,State Department,"Civil Rights Department, California",,"Legal Analyst, Range A",False,False,,62544,78288,,20462,0,0,86,20548,6932,0,0,2857,9788,Public Employees Retirement System,https://www.calhr.ca.gov,,08/06/2024,,,True,
2023,State Department,"Civil Rights Department, California",,"Legal Secretary, Range A",False,False,,49440,61908,,17810,0,0,250,18060,6164,0,0,3502,9666,Public Employees Retirement System,https://www.calhr.ca.gov,,08/06/2024,,,True,
2023,State Department,"Civil Rights Department, California",,"Staff Services Analyst, Range C",False,False,,56712,70992,,15850,0,0,310,16160,0,0,0,0,0,,https://www.calhr.ca.gov,,08/06/2024,,,True,
2023,State Department,"Civil Rights Department, California",,"Fair Employment and Housing Counsel, Range D",False,False,,101376,130032,,15827,0,0,125,15952,5152,0,0,33,5185,Public Employees Retirement System,https://www.calhr.ca.gov,,08/06/2024,,,True,
2023,State Department,"Civil Rights Department, California",,"Senior Legal Typist, Range A",False,False,,41736,52284,,14900,0,0,173,15073,5033,0,0,3599,8632,Public Employees Retirement System,https://www.calhr.ca.gov,,08/06/2024,,,True,
2023,State Department,"Civil Rights Department, California",,"Staff Services Analyst, Range C",False,False,,56712,70992,,14929,0,0,0,14929,0,0,0,0,0,,https://www.calhr.ca.gov,,08/06/2024,,,True,
2023,State Department,"Civil Rights Department, California",,"Attorney, Range A",False,False,,92844,116760,,13523,0,0,150,13673,4389,0,0,11,4400,Public Employees Retirement System,https://www.calhr.ca.gov,,08/06/2024,,,True,
2023,State Department,"Civil Rights Department, California",,Fair Employment and Housing Consultant III (Specialist),False,False,,74916,93780,,13164,0,0,0,13164,0,0,0,0,0,,https://www.calhr.ca.gov,,08/06/2024,,,True,
2023,State Department,"Civil Rights Department, California",,"Staff Services Analyst, Range C",False,False,,56712,70992,,11777,0,0,-233,11544,4177,0,0,5375,9552,Public Employees Retirement System,https://www.calhr.ca.gov,,08/06/2024,,,True,
2023,State Department,"Civil Rights Department, California",,"Attorney, Range A",False,False,,92844,116760,,11525,0,0,-622,10903,3740,0,0,734,4474,Public Employees Retirement System,https://www.calhr.ca.gov,,08/06/2024,,,True,
2023,State Department,"Civil Rights Department, California",,"Accountant Trainee, Range A",False,False,,50244,59904,,8123,0,0,150,8273,2680,0,0,11,2691,Public Employees Retirement System,https://www.calhr.ca.gov,,08/06/2024,,,True,
2023,State Department,"Civil Rights Department, California",,Staff Services Manager I,False,False,,81120,100776,,7994,0,0,0,7994,0,0,0,0,0,,https://www.calhr.ca.gov,,08/06/2024,,,True,
2023,State Department,"Civil Rights Department, California",,"Senior Personnel Specialist, Range A",False,False,,64056,80268,,7493,0,0,0,7493,0,0,0,0,0,,https://www.calhr.ca.gov,,08/06/2024,,,True,
2023,State Department,"Civil Rights Department, California",,"Associate Governmental Program Analyst, Range A",False,False,,68208,85368,,7082,0,0,100,7182,2398,0,0,4256,6654,Public Employees Retirement System,https://www.calhr.ca.gov,,08/06/2024,,,True,
2023,State Department,"Civil Rights Department, California",,"Associate Governmental Program Analyst, Range A",False,False,,68208,85368,,7268,0,0,-219,7048,2398,0,0,1397,3795,Public Employees Retirement System,https://www.calhr.ca.gov,,08/06/2024,,,True,
2023,State Department,"Civil Rights Department, California",,"Associate Governmental Program Analyst, Range A",False,False,,68208,85368,,6575,0,0,50,6625,0,0,0,0,0,,https://www.calhr.ca.gov,,08/06/2024,,,True,
2023,State Department,"Civil Rights Department, California",,"Associate Governmental Program Analyst, Range A",False,False,,68208,85368,,5690,0,0,0,5690,0,0,0,0,0,,https://www.calhr.ca.gov,,08/06/2024,,,True,
2023,State Department,"Civil Rights Department, California",,"Associate Personnel Analyst, Range A",False,False,,68208,85368,,5417,0,0,0,5417,0,0,0,0,0,,https://www.calhr.ca.gov,,08/06/2024,,,True,
2023,State Department,"Civil Rights Department, California",,"Staff Services Analyst, Range C",False,False,,56712,70992,,5261,0,0,0,5261,0,0,0,0,0,,https://www.calhr.ca.gov,,08/06/2024,,,True,
2023,State Department,"Civil Rights Department, California",,"Information Technology Specialist I, Range C",False,False,,88956,119184,,3922,0,0,0,3922,1294,0,0,0,1294,Public Employees Retirement System,https://www.calhr.ca.gov,,08/06/2024,,,True,
2023,State Department,"Civil Rights Department, California",,Fair Employment and Housing Consultant III (Specialist),False,False,,74916,93780,,2593,0,0,0,2593,0,0,0,0,0,,https://www.calhr.ca.gov,,08/06/2024,,,True,
2023,State Department,"Civil Rights Department, California",,"Information Technology Specialist II, Range A",False,False,,97560,130716,,2227,0,0,250,2477,0,0,0,0,0,,https://www.calhr.ca.gov,,08/06/2024,,,True,
2023,State Department,"Civil Rights Department, California",,"Staff Services Analyst, Range C",False,False,,56712,70992,,1875,0,0,50,1925,619,0,0,0,619,Public Employees Retirement System,https://www.calhr.ca.gov,,08/06/2024,,,True,
2023,State Department,"Civil Rights Department, California",,Staff Services Manager I,False,False,,81120,100776,,1143,0,0,0,1143,0,0,0,0,0,Public Employees Retirement System,https://www.calhr.ca.gov,,08/06/2024,,,True,
2023,State Department,"Civil Rights Department, California",,"Member, Fair Employment and Housing Council",False,False,,25920,25920,,800,0,0,0,800,0,0,0,0,0,Part-Time Seasonal and Temporary (PST) Retirement Plan,https://www.calhr.ca.gov,,08/06/2024,,,True,
2023,State Department,"Civil Rights Department, California",,"Member, Fair Employment and Housing Council",False,False,,25920,25920,,800,0,0,0,800,0,0,0,0,0,Part-Time Seasonal and Temporary (PST) Retirement Plan,https://www.calhr.ca.gov,,08/06/2024,,,True,
2023,State Department,"Civil Rights Department, California",,"Member, Fair Employment and Housing Council",False,False,,25920,25920,,800,0,0,0,800,0,0,0,0,0,Part-Time Seasonal and Temporary (PST) Retirement Plan,https://www.calhr.ca.gov,,08/06/2024,,,True,
2023,State Department,"Civil Rights Department, California",,"Member, Fair Employment and Housing Council",False,False,,25920,25920,,700,0,0,0,700,0,0,0,711,711,Part-Time Seasonal and Temporary (PST) Retirement Plan,https://www.calhr.ca.gov,,08/06/2024,,,True,
2023,State Department,"Civil Rights Department, California",,Senior Fair Employment and Housing Counsel (Specialist),False,False,,122700,157416,,637,0,0,50,687,0,0,0,0,0,,https://www.calhr.ca.gov,,08/06/2024,,,True,
2023,State Department,"Civil Rights Department, California",,"Member, Fair Employment and Housing Council",False,False,,25920,25920,,600,0,0,0,600,0,0,0,0,0,Part-Time Seasonal and Temporary (PST) Retirement Plan,https://www.calhr.ca.gov,,08/06/2024,,,True,
2023,State Department,"Civil Rights Department, California",,"Member, Fair Employment and Housing Council",False,False,,25920,25920,,600,0,0,0,600,0,0,0,0,0,Part-Time Seasonal and Temporary (PST) Retirement Plan,https://www.calhr.ca.gov,,08/06/2024,,,True,
2023,State Department,"Civil Rights Department, California",,"Member, Fair Employment and Housing Council",False,False,,25920,25920,,600,0,0,0,600,0,0,0,0,0,Part-Time Seasonal and Temporary (PST) Retirement Plan,https://www.calhr.ca.gov,,08/06/2024,,,True,
2023,State Department,"Civil Rights Department, California",,"Member, Fair Employment and Housing Council",False,False,,25920,25920,,600,0,0,0,600,0,0,0,0,0,Part-Time Seasonal and Temporary (PST) Retirement Plan,https://www.calhr.ca.gov,,08/06/2024,,,True,
2023,State Department,"Civil Rights Department, California",,"Seasonal Clerk, Range A",False,False,,35820,40380,,455,0,0,0,455,0,0,0,0,0,Part-Time Seasonal and Temporary (PST) Retirement Plan,https://www.calhr.ca.gov,,08/06/2024,,,True,
2023,State Department,"Civil Rights Department, California",,"Member, Fair Employment and Housing Council",False,False,,25920,25920,,400,0,0,0,400,0,0,0,0,0,Part-Time Seasonal and Temporary (PST) Retirement Plan,https://www.calhr.ca.gov,,08/06/2024,,,True,
2023,State Department,"Civil Rights Department, California",,"Seasonal Clerk, Range A",False,False,,35820,40380,,315,0,0,0,315,0,0,0,0,0,Part-Time Seasonal and Temporary (PST) Retirement Plan,https://www.calhr.ca.gov,,08/06/2024,,,True,
2023,State Department,"Civil Rights Department, California",,"Member, Fair Employment and Housing Council",False,False,,25920,25920,,200,0,0,0,200,0,0,0,0,0,Part-Time Seasonal and Temporary (PST) Retirement Plan,https://www.calhr.ca.gov,,08/06/2024,,,True,

